candidate_id,restaurant_id,restaurant_name,candidate_type,display_name,category,price,rating,area,embed_text
item_1,127,Al Rehman Tikka Shop,menu_item,Beef Hara Bhara Kabab,BBQ & Grill,850.0,4.7,Lahore,Beef Hara Bhara Kabab . BBQ & Grill . Single serving . at Al Rehman Tikka Shop . in Lahore
item_2,127,Al Rehman Tikka Shop,menu_item,Beef Kabab,BBQ & Grill,400.0,4.7,Lahore,Beef Kabab . BBQ & Grill . Tender beef chunks marinated in aromatic spices and grilled to perfection over charcoal A single serving of authentic Bar BQ beef kabab served with fresh onions and lemon . at Al Rehman Tikka Shop . in Lahore
item_3,127,Al Rehman Tikka Shop,menu_item,Chicken Cheese Hara Bhara Kabab,BBQ & Grill,900.0,4.7,Lahore,Chicken Cheese Hara Bhara Kabab . BBQ & Grill . Single serving . at Al Rehman Tikka Shop . in Lahore
item_4,127,Al Rehman Tikka Shop,menu_item,Chicken Kabab,BBQ & Grill,400.0,4.7,Lahore,"Chicken Kabab . BBQ & Grill . Single serving. Minced chicken boneless, made into small patty-like shape, crispy & tender . at Al Rehman Tikka Shop . in Lahore"
item_5,127,Al Rehman Tikka Shop,menu_item,Chicken Leg Piece,BBQ & Grill,360.0,4.7,Lahore,Chicken Leg Piece . BBQ & Grill . Single serving . at Al Rehman Tikka Shop . in Lahore
item_6,127,Al Rehman Tikka Shop,menu_item,Chicken Malai Boti,BBQ & Grill,450.0,4.7,Lahore,Chicken Malai Boti . BBQ & Grill . Single serving. Creamy smoky BBQ chicken that will melt in your mouth . at Al Rehman Tikka Shop . in Lahore
item_7,127,Al Rehman Tikka Shop,menu_item,Chicken Tikka Boti,BBQ & Grill,350.0,4.7,Lahore,Chicken Tikka Boti . BBQ & Grill . Single serving. Chicken baked using skewers after marinating in  spices and yogurt . at Al Rehman Tikka Shop . in Lahore
item_8,127,Al Rehman Tikka Shop,menu_item,Nablet,BBQ & Grill,450.0,4.7,Lahore,Nablet . BBQ & Grill . Choose Serving Size . at Al Rehman Tikka Shop . in Lahore
item_9,127,Al Rehman Tikka Shop,menu_item,Coca-Cola Can - 250 ml,Beverages,120.0,4.7,Lahore,Coca-Cola Can - 250 ml . Beverages . The best combination for all food choices. . at Al Rehman Tikka Shop . in Lahore
item_10,127,Al Rehman Tikka Shop,menu_item,Coke Can - 250 Ml,Beverages,125.0,4.7,Lahore,Coke Can - 250 Ml . Beverages . The best combination for all food choices . at Al Rehman Tikka Shop . in Lahore
item_11,127,Al Rehman Tikka Shop,menu_item,Mineral Water 1.5 Litre,Beverages,150.0,4.7,Lahore,"Mineral Water 1.5 Litre . Beverages . Fresh, soothing water to replenish you throughout the day . at Al Rehman Tikka Shop . in Lahore"
item_12,127,Al Rehman Tikka Shop,menu_item,Sprite 1 Liter,Beverages,125.0,4.7,Lahore,Sprite 1 Liter . Beverages . The perfect carbonated experience . at Al Rehman Tikka Shop . in Lahore
item_13,127,Al Rehman Tikka Shop,menu_item,Degi Chargha,BBQ & Grill,499.0,4.7,Lahore,Degi Chargha . BBQ & Grill . Single serving . at Al Rehman Tikka Shop . in Lahore
item_14,127,Al Rehman Tikka Shop,menu_item,Special Offer Deal,Deals & Combos,1445.0,4.7,Lahore,"Special Offer Deal . Deals & Combos . Special mixed platter. Quarter tikka boti, quarter malai boti, 3 chicken kabab, 3 beef kabab, leg piece, 2 roghni naan & 500ml soft drink . at Al Rehman Tikka Shop . in Lahore"
item_15,127,Al Rehman Tikka Shop,menu_item,Two Person Deal,Deals & Combos,1300.5,4.7,Lahore,"Two Person Deal . Deals & Combos . Half Chicken Karahi with 4 roti, raita and drink . at Al Rehman Tikka Shop . in Lahore"
item_16,127,Al Rehman Tikka Shop,menu_item,Chicken Achari Karahi,BBQ & Grill,1000.0,4.7,Lahore,Chicken Achari Karahi . BBQ & Grill . Single serving . at Al Rehman Tikka Shop . in Lahore
item_17,127,Al Rehman Tikka Shop,menu_item,Chicken Black Pepper Karahi,BBQ & Grill,950.0,4.7,Lahore,Chicken Black Pepper Karahi . BBQ & Grill . Single serving . at Al Rehman Tikka Shop . in Lahore
item_18,127,Al Rehman Tikka Shop,menu_item,Chicken Karahi,BBQ & Grill,899.0,4.7,Lahore,Chicken Karahi . BBQ & Grill . Single serving. Homestyle chicken curry with fragrant spices and fresh ginger . at Al Rehman Tikka Shop . in Lahore
item_19,127,Al Rehman Tikka Shop,menu_item,Chicken Makhni Karahi,BBQ & Grill,1000.0,4.7,Lahore,Chicken Makhni Karahi . BBQ & Grill . Single serving . at Al Rehman Tikka Shop . in Lahore
item_20,127,Al Rehman Tikka Shop,menu_item,Chicken Tikka Karahi,BBQ & Grill,1000.0,4.7,Lahore,Chicken Tikka Karahi . BBQ & Grill . Single serving . at Al Rehman Tikka Shop . in Lahore
item_21,127,Al Rehman Tikka Shop,menu_item,Chicken White Karahi,BBQ & Grill,1099.0,4.7,Lahore,Chicken White Karahi . BBQ & Grill . Single serving . at Al Rehman Tikka Shop . in Lahore
item_22,127,Al Rehman Tikka Shop,menu_item,Special Beef Boneless Karahi,BBQ & Grill,1200.0,4.7,Lahore,Special Beef Boneless Karahi . BBQ & Grill . Single serving . at Al Rehman Tikka Shop . in Lahore
item_23,127,Al Rehman Tikka Shop,menu_item,Special Mutton Karahi,BBQ & Grill,1999.0,4.7,Lahore,Special Mutton Karahi . BBQ & Grill . Single serving . at Al Rehman Tikka Shop . in Lahore
item_24,127,Al Rehman Tikka Shop,menu_item,Beef Kabab Masala,Other,900.0,4.7,Lahore,"Beef Kabab Masala . Other . Juicy, spiced beef kebabs cooked with rich masala. . at Al Rehman Tikka Shop . in Lahore"
item_25,127,Al Rehman Tikka Shop,menu_item,Chicken Kabab Masala,Other,1000.0,4.7,Lahore,Chicken Kabab Masala . Other . Flavorful kababs made with a rich masala coating. . at Al Rehman Tikka Shop . in Lahore
item_26,127,Al Rehman Tikka Shop,menu_item,Chicken Tawa Piece,Other,700.0,4.7,Lahore,Chicken Tawa Piece . Other . Tender chicken piece cooked on a traditional tawa with aromatic spices and served hot as a single serving portion . at Al Rehman Tikka Shop . in Lahore
item_27,127,Al Rehman Tikka Shop,menu_item,Khubani Chutney,Sides & Appetizers,40.0,4.7,Lahore,Khubani Chutney . Sides & Appetizers . Single Serving . at Al Rehman Tikka Shop . in Lahore
item_28,127,Al Rehman Tikka Shop,menu_item,Raita,Sides & Appetizers,70.0,4.7,Lahore,Raita . Sides & Appetizers . Yoghurt infused with multiple spices to go with your desi meals . at Al Rehman Tikka Shop . in Lahore
item_29,127,Al Rehman Tikka Shop,menu_item,Salad,Sides & Appetizers,70.0,4.7,Lahore,Salad . Sides & Appetizers . Well-seasoned cut up crunchy vegetables as a refreshing side . at Al Rehman Tikka Shop . in Lahore
item_30,127,Al Rehman Tikka Shop,menu_item,Deal 1 (One-Person BBQ Deal),Deals & Combos,499.2,4.7,Lahore,"Deal 1 (One-Person BBQ Deal) . Deals & Combos . 1x Leg or Chest Piece 
1x Raita 
1x Salad 
2x Roti 
1x Drink . at Al Rehman Tikka Shop . in Lahore"
item_31,127,Al Rehman Tikka Shop,menu_item,Deal 2 (BBQ Kabab Feast),Deals & Combos,599.2,4.7,Lahore,"Deal 2 (BBQ Kabab Feast) . Deals & Combos . 4x Chicken Kabab
1x Afghani Naan 
1x Raita 
1x Salad 
1x Drink . at Al Rehman Tikka Shop . in Lahore"
item_32,127,Al Rehman Tikka Shop,menu_item,Deal 3 (BBQ Tikka Combo),Deals & Combos,499.2,4.7,Lahore,"Deal 3 (BBQ Tikka Combo) . Deals & Combos . 1x Seekh Chicken Tikka Boti 
2x Naan
1x Raita 
1x Drink . at Al Rehman Tikka Shop . in Lahore"
item_33,127,Al Rehman Tikka Shop,menu_item,Deal 4 (BBQ Malai Combo),Deals & Combos,599.2,4.7,Lahore,"Deal 4 (BBQ Malai Combo) . Deals & Combos . 1x Malai Boti 
2x Naan
1x Raita 
1x Salad 
1x Drink . at Al Rehman Tikka Shop . in Lahore"
item_34,127,Al Rehman Tikka Shop,menu_item,Beef Naan,BBQ & Grill,400.0,4.7,Lahore,Beef Naan . BBQ & Grill . Single Serving . at Al Rehman Tikka Shop . in Lahore
item_35,127,Al Rehman Tikka Shop,menu_item,Chicken Naan,BBQ & Grill,400.0,4.7,Lahore,Chicken Naan . BBQ & Grill . Single Serving . at Al Rehman Tikka Shop . in Lahore
item_36,127,Al Rehman Tikka Shop,menu_item,Garlic Naan,BBQ & Grill,90.0,4.7,Lahore,Garlic Naan . BBQ & Grill . Single Serving . at Al Rehman Tikka Shop . in Lahore
item_37,127,Al Rehman Tikka Shop,menu_item,Kulcha Naan,BBQ & Grill,70.0,4.7,Lahore,Kulcha Naan . BBQ & Grill . Single Serving . at Al Rehman Tikka Shop . in Lahore
item_38,127,Al Rehman Tikka Shop,menu_item,Kulwangi Naan,BBQ & Grill,90.0,4.7,Lahore,Kulwangi Naan . BBQ & Grill . Single Serving . at Al Rehman Tikka Shop . in Lahore
item_39,127,Al Rehman Tikka Shop,menu_item,Rohgni Naan,BBQ & Grill,120.0,4.7,Lahore,Rohgni Naan . BBQ & Grill . Flatbread baked in the oven until golden and crisped on the outside . at Al Rehman Tikka Shop . in Lahore
item_40,127,Al Rehman Tikka Shop,menu_item,Sada Naan,BBQ & Grill,50.0,4.7,Lahore,Sada Naan . BBQ & Grill . Straight out of tandoor fresh and fluffy . at Al Rehman Tikka Shop . in Lahore
item_41,127,Al Rehman Tikka Shop,menu_item,Sada Roti,BBQ & Grill,35.0,4.7,Lahore,Sada Roti . BBQ & Grill . The desi way to eat everything desi . at Al Rehman Tikka Shop . in Lahore
item_42,128,BBQ Master - Branch 1,menu_item,Fizz Up Lemon,Add-ons & Condiments,85.0,0.0,Lahore,Fizz Up Lemon . Add-ons & Condiments . A refreshing lemon fizz add-on that brings a zesty citrus burst to your beverage with bright tangy notes and effervescent bubbles . at BBQ Master - Branch 1 . in Lahore
item_43,128,BBQ Master - Branch 1,menu_item,Mint Raita,Add-ons & Condiments,170.0,0.0,Lahore,Mint Raita . Add-ons & Condiments . Traditional South Asian style mint yogurt condiment featuring a refreshing and aromatic flavor. . at BBQ Master - Branch 1 . in Lahore
item_44,128,BBQ Master - Branch 1,menu_item,Next Cola,Add-ons & Condiments,85.0,0.0,Lahore,Next Cola . Add-ons & Condiments . Refreshing Next Cola served ice-cold to complement your meal perfectly . at BBQ Master - Branch 1 . in Lahore
item_45,128,BBQ Master - Branch 1,menu_item,Puri Paratha,Add-ons & Condiments,59.5,0.0,Lahore,Puri Paratha . Add-ons & Condiments . South Asian style pan fried flatbread featuring a flaky texture and comforting savory flavor. . at BBQ Master - Branch 1 . in Lahore
item_46,128,BBQ Master - Branch 1,menu_item,Roghni Naan,Add-ons & Condiments,102.0,0.0,Lahore,Roghni Naan . Add-ons & Condiments . Soft and fluffy naan bread brushed generously with ghee and sesame seeds for a rich buttery flavor and aromatic finish . at BBQ Master - Branch 1 . in Lahore
item_47,128,BBQ Master - Branch 1,menu_item,Sada Naan,Add-ons & Condiments,42.5,0.0,Lahore,Sada Naan . Add-ons & Condiments . Soft and fluffy traditional naan bread freshly baked in a tandoor oven. Perfect complement to any curry or meal with its warm pillowy texture and subtle charred edges . at BBQ Master - Branch 1 . in Lahore
item_48,128,BBQ Master - Branch 1,menu_item,Tandoori Roti,Add-ons & Condiments,34.0,0.0,Lahore,Tandoori Roti . Add-ons & Condiments . Soft and fluffy tandoori roti freshly baked in a traditional clay oven with a light char and smoky flavor. Perfect complement to any curry or main dish. . at BBQ Master - Branch 1 . in Lahore
item_49,128,BBQ Master - Branch 1,menu_item,Chicken Cheese Boti,BBQ & Grill,765.0,0.0,Lahore,Chicken Cheese Boti . BBQ & Grill . Succulent chunks of tender chicken marinated in aromatic spices and grilled to perfection with melted cheese. A smoky delight. . at BBQ Master - Branch 1 . in Lahore
item_50,128,BBQ Master - Branch 1,menu_item,Chicken Gola Kabab,BBQ & Grill,701.25,0.0,Lahore,Chicken Gola Kabab . BBQ & Grill . Tender chicken minced and marinated in traditional aromatic spices and grilled to perfection on skewers. Juicy succulent and infused with traditional flavors. . at BBQ Master - Branch 1 . in Lahore
item_51,128,BBQ Master - Branch 1,menu_item,Chicken Malai Boti,BBQ & Grill,680.0,0.0,Lahore,Chicken Malai Boti . BBQ & Grill . Tender chicken pieces marinated in a rich blend of cream yogurt and aromatic spices then grilled to perfection over charcoal A classic favorite with a smoky flavor and succulent texture . at BBQ Master - Branch 1 . in Lahore
item_52,128,BBQ Master - Branch 1,menu_item,Chicken Reshmi Kabab,BBQ & Grill,701.25,0.0,Lahore,Chicken Reshmi Kabab . BBQ & Grill . Tender and juicy chicken mince blended with aromatic spices and fresh herbs grilled to perfection on skewers. . at BBQ Master - Branch 1 . in Lahore
item_53,128,BBQ Master - Branch 1,menu_item,Chicken Seekh Kabaab,BBQ & Grill,637.5,0.0,Lahore,Chicken Seekh Kabaab . BBQ & Grill . Succulent minced chicken blended with aromatic spices and fresh herbs grilled on skewers until golden and smoky . at BBQ Master - Branch 1 . in Lahore
item_54,128,BBQ Master - Branch 1,menu_item,Chicken Tikka Boti,BBQ & Grill,616.25,0.0,Lahore,Chicken Tikka Boti . BBQ & Grill . Succulent chicken tikka boti marinated in aromatic spices and yogurt then grilled to perfection over charcoal. . at BBQ Master - Branch 1 . in Lahore
item_55,128,BBQ Master - Branch 1,menu_item,Chicken Tikka Breast Piece,BBQ & Grill,552.5,0.0,Lahore,Chicken Tikka Breast Piece . BBQ & Grill . Grilled South Asian style chicken breast featuring a savory and aromatic flavor. . at BBQ Master - Branch 1 . in Lahore
item_56,128,BBQ Master - Branch 1,menu_item,Chicken Tikka Leg Piece,BBQ & Grill,510.0,0.0,Lahore,Chicken Tikka Leg Piece . BBQ & Grill . Grilled South Asian style chicken featuring a savory and aromatic flavor. . at BBQ Master - Branch 1 . in Lahore
item_57,128,BBQ Master - Branch 1,menu_item,Chicken Chutni Roll,Shawarma & Wraps,467.5,0.0,Lahore,Chicken Chutni Roll . Shawarma & Wraps . Tender chicken tikka chunks infused with savory and tangy flavors wrapped in soft pori paratha for an authentic Pakistani experience . at BBQ Master - Branch 1 . in Lahore
item_58,128,BBQ Master - Branch 1,menu_item,Chicken Kabab Roll,Shawarma & Wraps,467.5,0.0,Lahore,Chicken Kabab Roll . Shawarma & Wraps . Tender chicken seekh kabab with savory and aromatic flavors wrapped in crispy pori paratha for an authentic South Asian experience . at BBQ Master - Branch 1 . in Lahore
item_59,128,BBQ Master - Branch 1,menu_item,Chicken Malai Boti Roll,Shawarma & Wraps,488.75,0.0,Lahore,Chicken Malai Boti Roll . Shawarma & Wraps . Tender chicken malai boti pieces charred to perfection with rich aromatic flavors wrapped in soft pori paratha for an authentic South Asian experience . at BBQ Master - Branch 1 . in Lahore
item_60,129,BBQ Master - Branch 2,menu_item,Mint Raita,Add-ons & Condiments,170.0,0.0,Lahore,Mint Raita . Add-ons & Condiments . Traditional South Asian style yogurt condiment featuring a refreshing and aromatic flavor. . at BBQ Master - Branch 2 . in Lahore
item_61,129,BBQ Master - Branch 2,menu_item,Puri Paratha,Add-ons & Condiments,59.5,0.0,Lahore,Puri Paratha . Add-ons & Condiments . Golden fried puri paratha with layers of flaky dough fried until crispy and light Perfect accompaniment to any curry or gravy dish . at BBQ Master - Branch 2 . in Lahore
item_62,129,BBQ Master - Branch 2,menu_item,Sada Naan,Add-ons & Condiments,42.5,0.0,Lahore,Sada Naan . Add-ons & Condiments . Traditional soft and fluffy naan bread baked fresh in a tandoor oven with a light brushing of ghee. Perfect complement to any curry or meal . at BBQ Master - Branch 2 . in Lahore
item_63,129,BBQ Master - Branch 2,menu_item,Tandoori Roti,Add-ons & Condiments,34.0,0.0,Lahore,Tandoori Roti . Add-ons & Condiments . Freshly baked tandoori roti with a smoky charred finish and soft texture. Perfect complement to any curry or main dish . at BBQ Master - Branch 2 . in Lahore
item_64,129,BBQ Master - Branch 2,menu_item,Chicken Malai Boti,BBQ & Grill,680.0,0.0,Lahore,Chicken Malai Boti . BBQ & Grill . Tender chicken pieces marinated in creamy yogurt and aromatic spices then grilled to perfection over charcoal A succulent Bar B Q favorite with a smoky flavor and juicy texture . at BBQ Master - Branch 2 . in Lahore
item_65,129,BBQ Master - Branch 2,menu_item,Chicken Tikka Boti,BBQ & Grill,616.25,0.0,Lahore,Chicken Tikka Boti . BBQ & Grill . Succulent chicken tikka boti marinated in aromatic spices and yogurt then grilled to perfection over charcoal. Tender juicy pieces with a smoky flavor and charred exterior best served with fresh lemon and mint chutney . at BBQ Master - Branch 2 . in Lahore
item_66,129,BBQ Master - Branch 2,menu_item,Chicken Tikka Leg Piece,BBQ & Grill,510.0,0.0,Lahore,Chicken Tikka Leg Piece . BBQ & Grill . Tender chicken leg piece marinated in aromatic spices and then grilled to perfection over charcoal. Tender juicy meat with a smoky char and vibrant flavors that make it an irresistible Bar B Q favorite . at BBQ Master - Branch 2 . in Lahore
item_67,129,BBQ Master - Branch 2,menu_item,Chicken Chutni Roll,Shawarma & Wraps,467.5,0.0,Lahore,Chicken Chutni Roll . Shawarma & Wraps . Tender diced chicken tikka wrapped in a soft Pori Paratha with tangy chutney and fresh vegetables. A flavorful and satisfying roll perfect for any meal . at BBQ Master - Branch 2 . in Lahore
item_68,129,BBQ Master - Branch 2,menu_item,Chicken Malai Boti Roll,Shawarma & Wraps,488.75,0.0,Lahore,Chicken Malai Boti Roll . Shawarma & Wraps . Tender chicken pieces marinated in creamy malai sauce with aromatic spices grilled to perfection and wrapped in soft pori paratha with fresh vegetables and mint chutney . at BBQ Master - Branch 2 . in Lahore
item_69,130,Bamboo Union - DHA,menu_item,Extra Chowmein,Add-ons & Condiments,600.0,4.8,DHA,Extra Chowmein . Add-ons & Condiments . Topping . at Bamboo Union - DHA . in DHA
item_70,130,Bamboo Union - DHA,menu_item,Extra Cracker,Add-ons & Condiments,400.0,4.8,DHA,Extra Cracker . Add-ons & Condiments . Topping . at Bamboo Union - DHA . in DHA
item_71,130,Bamboo Union - DHA,menu_item,Extra Egg,Add-ons & Condiments,250.0,4.8,DHA,Extra Egg . Add-ons & Condiments . Topping . at Bamboo Union - DHA . in DHA
item_72,130,Bamboo Union - DHA,menu_item,Extra Nuts,Add-ons & Condiments,350.0,4.8,DHA,Extra Nuts . Add-ons & Condiments . Topping . at Bamboo Union - DHA . in DHA
item_73,130,Bamboo Union - DHA,menu_item,Extra Sole Fish,Add-ons & Condiments,600.0,4.8,DHA,Extra Sole Fish . Add-ons & Condiments . Topping . at Bamboo Union - DHA . in DHA
item_74,130,Bamboo Union - DHA,menu_item,Extra Tobiko,Add-ons & Condiments,550.0,4.8,DHA,Extra Tobiko . Add-ons & Condiments . Seafood . at Bamboo Union - DHA . in DHA
item_75,130,Bamboo Union - DHA,menu_item,Extra Tofu,Add-ons & Condiments,400.0,4.8,DHA,Extra Tofu . Add-ons & Condiments . Chinese veg . at Bamboo Union - DHA . in DHA
item_76,130,Bamboo Union - DHA,menu_item,Chicken Drumstick,Sides & Appetizers,1270.0,4.8,DHA,Chicken Drumstick . Sides & Appetizers . Minced chicken seasoned in signature sauce to form an In-house chicken drum stick . at Bamboo Union - DHA . in DHA
item_77,130,Bamboo Union - DHA,menu_item,Chicken Nachos,Sides & Appetizers,1320.0,4.8,DHA,"Chicken Nachos . Sides & Appetizers . Serves 1-2. . Crispy nachos with  a blend of flavorful ingredients, for a satisfying and delicious snack. Comes with cheese . at Bamboo Union - DHA . in DHA"
item_78,130,Bamboo Union - DHA,menu_item,Dumplings Chicken,Sides & Appetizers,1470.0,4.8,DHA,"Dumplings Chicken . Sides & Appetizers . Serves 1-2. Tender chicken dumplings served in a light, flavorful style, perfect as a savory and satisfying treat. . at Bamboo Union - DHA . in DHA"
item_79,130,Bamboo Union - DHA,menu_item,Dumplings Prawns,Sides & Appetizers,2200.0,4.8,DHA,"Dumplings Prawns . Sides & Appetizers . Serves 1-2. Soft and tender dumplings filled with succulent prawns, offering a delicate and flavorful bite in every serving. . at Bamboo Union - DHA . in DHA"
item_80,130,Bamboo Union - DHA,menu_item,Fiery Tempura Prawns,Sides & Appetizers,1780.0,4.8,DHA,Fiery Tempura Prawns . Sides & Appetizers . Mild spicy crispy tempura prawns delivering a perfect balance of crunch and heat in every bite. . at Bamboo Union - DHA . in DHA
item_81,130,Bamboo Union - DHA,menu_item,Fire Cracker Prawns,Sides & Appetizers,1760.0,4.8,DHA,"Fire Cracker Prawns . Sides & Appetizers . Serves 1. Mild spicy juicy prawns with a flavorful sauce, delivering a spicy kick and a deliciously satisfying bite every time. . at Bamboo Union - DHA . in DHA"
item_82,130,Bamboo Union - DHA,menu_item,Ginsu Prawns,Sides & Appetizers,2360.0,4.8,DHA,"Ginsu Prawns . Sides & Appetizers . Serves 1-2. Spicy crispy prawns tossed in a bold, flavorful sauce, offering a perfect balance of crunch and zest in every bite. . at Bamboo Union - DHA . in DHA"
item_83,130,Bamboo Union - DHA,menu_item,Gyoza Dumplings,Sides & Appetizers,1720.0,4.8,DHA,"Gyoza Dumplings . Sides & Appetizers . Serves 1-2. Soft and tender dumplings filled with savory ingredients, offering a delicate and satisfying bite in every spoonful. . at Bamboo Union - DHA . in DHA"
item_84,130,Bamboo Union - DHA,menu_item,Nana Chicken,Sides & Appetizers,1470.0,4.8,DHA,"Nana Chicken . Sides & Appetizers . Serves 1-2. Spicy Tender chicken pieces cooked in a flavorful, mildly spiced sauce, offering a delicious and satisfying taste in every bite. . at Bamboo Union - DHA . in DHA"
item_85,130,Bamboo Union - DHA,menu_item,Nana Prawns,Sides & Appetizers,2360.0,4.8,DHA,"Nana Prawns . Sides & Appetizers . Serves 1. Tender prawns cooked in a mildly spiced, flavorful sauce, offering a delicious and satisfying bite every time. . at Bamboo Union - DHA . in DHA"
item_86,130,Bamboo Union - DHA,menu_item,Pan Seared Spicy Dumplings,Sides & Appetizers,1560.0,4.8,DHA,"Pan Seared Spicy Dumplings . Sides & Appetizers . Serves 1-2. Mild spicy crispy pan-seared dumplings with a spicy, flavorful filling, perfect as a savory and satisfying appetizer. . at Bamboo Union - DHA . in DHA"
item_87,130,Bamboo Union - DHA,menu_item,Red Hot Wings,Sides & Appetizers,1490.0,4.8,DHA,"Red Hot Wings . Sides & Appetizers . Serves 1-2. Mild spicy juicy chicken wings tossed in a fiery, flavorful sauce, delivering a bold and satisfying kick in every bite. . at Bamboo Union - DHA . in DHA"
item_88,130,Bamboo Union - DHA,menu_item,Beef Bibimbap,Meat Mains,2190.0,4.8,DHA,"Beef Bibimbap . Meat Mains . Serves 1. A hearty Korean-style bowl with tender beef, rice, and fresh vegetables, served with a flavorful sauce for a satisfying and balanced meal.. Comes with egg . at Bamboo Union - DHA . in DHA"
item_89,130,Bamboo Union - DHA,menu_item,Beef Chilli Dry,Meat Mains,2180.0,4.8,DHA,"Beef Chilli Dry . Meat Mains . Serves 1. Tender beef pieces tossed in a bold and spicy sauce, creating a dry, flavorful, and satisfying dish. . at Bamboo Union - DHA . in DHA"
item_90,130,Bamboo Union - DHA,menu_item,Beef in Black Bean Sauce,Meat Mains,2180.0,4.8,DHA,"Beef in Black Bean Sauce . Meat Mains . Serves 1. Tender beef cooked in a rich and savory black bean sauce, delivering a bold and satisfying flavor in every bite. . at Bamboo Union - DHA . in DHA"
item_91,130,Bamboo Union - DHA,menu_item,Crunchy Honey Beef,Meat Mains,2180.0,4.8,DHA,"Crunchy Honey Beef . Meat Mains . Serves 1. Tender beef coated in a sweet honey glaze with a light crunch, offering a flavorful and satisfying dish. . at Bamboo Union - DHA . in DHA"
item_92,130,Bamboo Union - DHA,menu_item,Dragon Beef,Meat Mains,2190.0,4.8,DHA,Dragon Beef . Meat Mains . Serves 1. Stir-fried mild spicy beef simmered in spicy tangy sauce . at Bamboo Union - DHA . in DHA
item_93,130,Bamboo Union - DHA,menu_item,Lettuce Wraps In Wok-Fried Beef,Meat Mains,1980.0,4.8,DHA,"Lettuce Wraps In Wok-Fried Beef . Meat Mains . Serves 1. Crisp lettuce with tender wok-fried beef and flavorful ingredients, creating a light and satisfying bite.. Comes with nuts . at Bamboo Union - DHA . in DHA"
item_94,130,Bamboo Union - DHA,menu_item,Mongolian Beef,Meat Mains,2160.0,4.8,DHA,"Mongolian Beef . Meat Mains . Serves 1. Tender beef stir-fried in a savory Mongolian-style sauce, delivering a rich, flavorful, and satisfying dish. . at Bamboo Union - DHA . in DHA"
item_95,130,Bamboo Union - DHA,menu_item,Oyster Beef,Meat Mains,2190.0,4.8,DHA,Oyster Beef . Meat Mains . Serves 1. Stir-fried beef with red & green chilies seasoned in signature oyster sauce . at Bamboo Union - DHA . in DHA
item_96,130,Bamboo Union - DHA,menu_item,Shanghai Beef,Meat Mains,2190.0,4.8,DHA,Shanghai Beef . Meat Mains . Serves 1. Tender beef chunks seasoned in a dark mushroom soy sauce with shallots. . at Bamboo Union - DHA . in DHA
item_97,130,Bamboo Union - DHA,menu_item,Spicy Basil Beef,Meat Mains,2190.0,4.8,DHA,"Spicy Basil Beef . Meat Mains . Serves 1. Tender beef stir-fried with aromatic basil and spices, delivering a bold, savory, and satisfying dish . at Bamboo Union - DHA . in DHA"
item_98,130,Bamboo Union - DHA,menu_item,White Sesame Beef Bulgogi,Meat Mains,2190.0,4.8,DHA,"White Sesame Beef Bulgogi . Meat Mains . Serves 1. Tender beef cooked in a savory bulgogi-style sauce with a hint of sesame, offering a rich and flavorful Korean-inspired dish. . at Bamboo Union - DHA . in DHA"
item_99,130,Bamboo Union - DHA,menu_item,Dasani Water - 500 Ml,Beverages,195.0,4.8,DHA,Dasani Water - 500 Ml . Beverages . Bottled hydration . at Bamboo Union - DHA . in DHA
item_100,130,Bamboo Union - DHA,menu_item,Fresh Lime,Beverages,290.0,4.8,DHA,Fresh Lime . Beverages . Serves 1.Sprite Fresh Lime . at Bamboo Union - DHA . in DHA
item_101,130,Bamboo Union - DHA,menu_item,Mint Margarita,Beverages,610.0,4.8,DHA,"Mint Margarita . Beverages . Serves 1. A cool and refreshing drink with fresh mint and lime, perfect to enjoy anytime. . at Bamboo Union - DHA . in DHA"
item_102,130,Bamboo Union - DHA,menu_item,Pina Colada,Beverages,750.0,4.8,DHA,"Pina Colada . Beverages . Single Serving. A sweet and creamy tropical drink with pineapple and coconut, perfect for a refreshing treat. . at Bamboo Union - DHA . in DHA"
item_103,130,Bamboo Union - DHA,menu_item,Almond Chicken,Meat Mains,1970.0,4.8,DHA,"Almond Chicken . Meat Mains . Serves 1. Tender chicken cooked with crunchy almonds in a savory sauce, creating a flavorful and satisfying dish. Comes with nuts . at Bamboo Union - DHA . in DHA"
item_104,130,Bamboo Union - DHA,menu_item,Basil Chicken,Meat Mains,1930.0,4.8,DHA,Basil Chicken . Meat Mains . Serves 1. Minced chicken served in signature spicy basil sauce & topped with fresh basil leave . at Bamboo Union - DHA . in DHA
item_105,130,Bamboo Union - DHA,menu_item,Black Pepper Chicken,Meat Mains,1930.0,4.8,DHA,Black Pepper Chicken . Meat Mains . Serves 1. Stir-fried chicken seasoned with signature black pepper sauce . at Bamboo Union - DHA . in DHA
item_106,130,Bamboo Union - DHA,menu_item,Chicken Chilli Dry,Meat Mains,1960.0,4.8,DHA,"Chicken Chilli Dry . Meat Mains . Serves 1. Tender chicken pieces tossed in a spicy, flavorful sauce, creating a bold and satisfying dry-style dish. . at Bamboo Union - DHA . in DHA"
item_107,130,Bamboo Union - DHA,menu_item,Chicken In Garlic Sauce,Meat Mains,1910.0,4.8,DHA,"Chicken In Garlic Sauce . Meat Mains . Serves 1. Tender chicken cooked in a savory garlic sauce, delivering a flavorful and satisfying dish. . at Bamboo Union - DHA . in DHA"
item_108,130,Bamboo Union - DHA,menu_item,Chicken With Cashew Nuts,Meat Mains,1990.0,4.8,DHA,"Chicken With Cashew Nuts . Meat Mains . Serves 1. Tender chicken stir-fried with crunchy cashew nuts in a flavorful sauce, creating a savory and satisfying dish.. Comes with nuts . at Bamboo Union - DHA . in DHA"
item_109,130,Bamboo Union - DHA,menu_item,Crunchy Honey Chicken,Meat Mains,1960.0,4.8,DHA,Crunchy Honey Chicken . Meat Mains . Serves 1. Crunchy chicken bites seasoned & topped with signature honey sauce . at Bamboo Union - DHA . in DHA
item_110,130,Bamboo Union - DHA,menu_item,Desi Manchurian,Meat Mains,1960.0,4.8,DHA,"Desi Manchurian . Meat Mains . Serves 1. Crispy Manchurian-style chicken tossed in a bold, savory sauce with a local twist, offering a flavorful and satisfying bite. . at Bamboo Union - DHA . in DHA"
item_111,130,Bamboo Union - DHA,menu_item,Dragon Chicken,Meat Mains,1940.0,4.8,DHA,Dragon Chicken . Meat Mains . Serves 1. Stir-fried mild spicy chicken simmered in spicy tangy sauce . at Bamboo Union - DHA . in DHA
item_112,130,Bamboo Union - DHA,menu_item,Extreme Spicy Chicken,Meat Mains,1910.0,4.8,DHA,"Extreme Spicy Chicken . Meat Mains . Serves 1. Tender chicken tossed in a fiery, bold sauce, delivering an intense and flavorful spicy kick in every bite. . at Bamboo Union - DHA . in DHA"
item_113,130,Bamboo Union - DHA,menu_item,Green Curry,Meat Mains,1960.0,4.8,DHA,"Green Curry . Meat Mains . Serves 1. Tender chicken cooked in a rich and mildly spiced green curry sauce, offering a flavorful and satisfying Thai-inspired dish. . at Bamboo Union - DHA . in DHA"
item_114,130,Bamboo Union - DHA,menu_item,Hot & Sour Chicken,Meat Mains,1960.0,4.8,DHA,"Hot & Sour Chicken . Meat Mains . Serves 1. Tender chicken in a bold hot and sour sauce, offering a perfect balance of spice and tang for a flavorful and satisfying dish . at Bamboo Union - DHA . in DHA"
item_115,130,Bamboo Union - DHA,menu_item,Kung Pao Chicken,Meat Mains,1960.0,4.8,DHA,"Kung Pao Chicken . Meat Mains . Serves 1. Tender chicken stir-fried with peanuts and vegetables in a bold, savory sauce, delivering a flavorful and satisfying bite. Comes with nuts . at Bamboo Union - DHA . in DHA"
item_116,130,Bamboo Union - DHA,menu_item,Lettuce Wraps With Wok-Fried Chicken,Meat Mains,1880.0,4.8,DHA,"Lettuce Wraps With Wok-Fried Chicken . Meat Mains . Serves 1. Crisp lettuce filled with tender wok-fried chicken and flavorful ingredients, creating a light and satisfying bite. Comes with nuts . at Bamboo Union - DHA . in DHA"
item_117,130,Bamboo Union - DHA,menu_item,Mapo Tofu,Meat Mains,1940.0,4.8,DHA,Mapo Tofu . Meat Mains . Serves 1. Mild spicy. Spicy tofu served with minced chicken & rice . at Bamboo Union - DHA . in DHA
item_118,130,Bamboo Union - DHA,menu_item,Mongolian Chicken,Meat Mains,1940.0,4.8,DHA,"Mongolian Chicken . Meat Mains . Serves 1. Tender chicken stir-fried in a savory Mongolian-style sauce, offering a rich, flavorful, and satisfying dish. . at Bamboo Union - DHA . in DHA"
item_119,130,Bamboo Union - DHA,menu_item,Orange Chicken,Meat Mains,1950.0,4.8,DHA,Orange Chicken . Meat Mains . Serves 1. Stir-fried chicken in signature sauce and orange chilli sambal . at Bamboo Union - DHA . in DHA
item_120,130,Bamboo Union - DHA,menu_item,Oyster Chicken,Meat Mains,1960.0,4.8,DHA,Oyster Chicken . Meat Mains . Serves 1. Stir-fried chicken with red & green chilies seasoned in signature oyster sauce . at Bamboo Union - DHA . in DHA
item_121,130,Bamboo Union - DHA,menu_item,Penang Curry,Meat Mains,1980.0,4.8,DHA,"Penang Curry . Meat Mains . Serves 1. A flavorful Thai-style Penang curry with a rich, mildly spiced sauce, offering a creamy and satisfying meal. . at Bamboo Union - DHA . in DHA"
item_122,130,Bamboo Union - DHA,menu_item,Red Curry,Meat Mains,1960.0,4.8,DHA,"Red Curry . Meat Mains . Serves 1. A rich and mildly spiced Thai-style red curry, packed with bold flavors for a warm and satisfying meal. . at Bamboo Union - DHA . in DHA"
item_123,130,Bamboo Union - DHA,menu_item,Sesame Chicken,Meat Mains,1960.0,4.8,DHA,Sesame Chicken . Meat Mains . Serves 1. Signature battered-chicken seasoned in signature sweet sesame sauce . at Bamboo Union - DHA . in DHA
item_124,130,Bamboo Union - DHA,menu_item,Spicy Black Bean Chicken,Meat Mains,1960.0,4.8,DHA,"Spicy Black Bean Chicken . Meat Mains . Serves 1. Tender chicken cooked in a bold and spicy black bean sauce, delivering a rich and flavorful dish. . at Bamboo Union - DHA . in DHA"
item_125,130,Bamboo Union - DHA,menu_item,Sweet & Sour Special Manchurian,Meat Mains,1920.0,4.8,DHA,"Sweet & Sour Special Manchurian . Meat Mains . Serves 1. Crispy Manchurian pieces tossed in a tangy sweet and sour sauce, offering a flavorful and satisfying bite. . at Bamboo Union - DHA . in DHA"
item_126,130,Bamboo Union - DHA,menu_item,Sweet & Sour Spicy Chicken,Meat Mains,1920.0,4.8,DHA,"Sweet & Sour Spicy Chicken . Meat Mains . Serves 1. Tender chicken in a tangy sweet and spicy sauce, delivering a flavorful and satisfying bite with every serving. . at Bamboo Union - DHA . in DHA"
item_127,130,Bamboo Union - DHA,menu_item,Szechuan Chicken Gravy,Meat Mains,1920.0,4.8,DHA,"Szechuan Chicken Gravy . Meat Mains . Serves 1. Tender chicken cooked in a bold Szechuan-style gravy, delivering a spicy and flavorful dish perfect for a satisfying meal.. . at Bamboo Union - DHA . in DHA"
item_128,130,Bamboo Union - DHA,menu_item,Szechuan Chilli Dry,Meat Mains,1920.0,4.8,DHA,"Szechuan Chilli Dry . Meat Mains . Serves 1. Tender pieces tossed in a bold Szechuan chili sauce, delivering a dry, spicy, and flavorful dish. . at Bamboo Union - DHA . in DHA"
item_129,130,Bamboo Union - DHA,menu_item,American Chop Suey,Other,1810.0,4.8,DHA,"American Chop Suey . Other . Serves 1. Tender meat and vegetables stir-fried with noodles in a savory sauce, offering a classic and satisfying American-style dish. . at Bamboo Union - DHA . in DHA"
item_130,130,Bamboo Union - DHA,menu_item,Prawn Chop Suey,Other,2180.0,4.8,DHA,"Prawn Chop Suey . Other . Serves 1. Juicy prawns stir-fried with vegetables and noodles in a savory sauce, creating a flavorful and satisfying meal. . at Bamboo Union - DHA . in DHA"
item_131,130,Bamboo Union - DHA,menu_item,Beef Chow Mein,Other,1950.0,4.8,DHA,"Beef Chow Mein . Other . Serves 1. Soft noodles stir-fried with tender beef and vegetables in a savory sauce, delivering a rich and satisfying meal. . at Bamboo Union - DHA . in DHA"
item_132,130,Bamboo Union - DHA,menu_item,Chicken Chow Mein,Other,1610.0,4.8,DHA,"Chicken Chow Mein . Other . Serves 1. Soft noodles stir-fried with tender chicken and vegetables in a savory sauce, delivering a flavorful and satisfying meal. . at Bamboo Union - DHA . in DHA"
item_133,130,Bamboo Union - DHA,menu_item,Prawn Chow Mein,Other,2270.0,4.8,DHA,"Prawn Chow Mein . Other . Serves 1. Soft noodles stir-fried with juicy prawns and vegetables in a savory sauce, creating a flavorful and satisfying meal. . at Bamboo Union - DHA . in DHA"
item_134,130,Bamboo Union - DHA,menu_item,Molten Lava,Desserts,1200.0,4.8,DHA,"Molten Lava . Desserts . Serves 1. A warm chocolate cake with a gooey molten center, offering a rich and indulgent dessert experience. . at Bamboo Union - DHA . in DHA"
item_135,130,Bamboo Union - DHA,menu_item,Red Velvet Cake Slice,Desserts,750.0,4.8,DHA,"Red Velvet Cake Slice . Desserts . Serves 1. A moist and rich red velvet cake slice with a smooth cream cheese frosting, offering a sweet and indulgent treat. . at Bamboo Union - DHA . in DHA"
item_136,130,Bamboo Union - DHA,menu_item,Tiramisu,Desserts,800.0,4.8,DHA,"Tiramisu . Desserts . Serves 1. A classic Italian dessert with layers of coffee-soaked sponge and creamy mascarpone, offering a rich and indulgent treat. . at Bamboo Union - DHA . in DHA"
item_137,130,Bamboo Union - DHA,menu_item,Meal For 1,Deals & Combos,1350.0,4.8,DHA,"Meal For 1 . Deals & Combos . Szechuan Chicken Gravy (Half Serving), Egg Fried Rice (Half Serving), 2 spring rolls & one 350ml Drink . at Bamboo Union - DHA . in DHA"
item_138,130,Bamboo Union - DHA,menu_item,Meal For 2,Deals & Combos,1725.0,4.8,DHA,"Meal For 2 . Deals & Combos . 2pcs Mini Drum Stick, Chicken Chili Onion (Half Serving), Szechuan Chicken Gravy (Half Serving), Chicken Chowmein (Half Serving), Egg Fried Rice & 2 Drinks (350ml) . at Bamboo Union - DHA . in DHA"
item_139,130,Bamboo Union - DHA,menu_item,Meal For 4,Deals & Combos,3500.0,4.8,DHA,"Meal For 4 . Deals & Combos . 8Pcs Honey Wings, Chicken Manchurian (Full serving), Chicken in Garlic Sauce (Full serving), Chicken Chowmein (Full serving),  Egg Fried Rice (Full serving) & 4 350ml Drinks . at Bamboo Union - DHA . in DHA"
item_140,130,Bamboo Union - DHA,menu_item,Assorted Sushi Balls,Japanese,2580.0,4.8,DHA,Assorted Sushi Balls . Japanese . Serves 1 . at Bamboo Union - DHA . in DHA
item_141,130,Bamboo Union - DHA,menu_item,Bamboo Maki,Japanese,3650.0,4.8,DHA,"Bamboo Maki . Japanese . Serves 1. In-house battered prawns topped with seasoned sushi rice & layer of pink salmon served with shogha, wasabi & soy sauce . at Bamboo Union - DHA . in DHA"
item_142,130,Bamboo Union - DHA,menu_item,Batter Fried Tempura Roll,Japanese,2900.0,4.8,DHA,"Batter Fried Tempura Roll . Japanese . Serves 1. Battered-fried spicy prawns topped with in-house crunchy sticky rice served with shogha, wasabi & soy sauce . at Bamboo Union - DHA . in DHA"
item_143,130,Bamboo Union - DHA,menu_item,Beef Tataki,Japanese,3180.0,4.8,DHA,"Beef Tataki . Japanese . Serves 1. Smoked Beef slices marinated in signature sauce, topped with crispy garlic & green onion . at Bamboo Union - DHA . in DHA"
item_144,130,Bamboo Union - DHA,menu_item,Beef Teppanyaki,Japanese,3580.0,4.8,DHA,"Beef Teppanyaki . Japanese . Tender beef strips stir-fried with fresh vegetables in a rich and savory Japanese teppanyaki sauce. Served sizzling hot with aromatic sticky garlic rice, this dish delivers a bold combination of smoky, sweet, and umami flavors in every bite. . at Bamboo Union - DHA . in DHA"
item_145,130,Bamboo Union - DHA,menu_item,California Roll,Japanese,2090.0,4.8,DHA,"California Roll . Japanese . Serves 1-2. Blanched-prawns topped with crab stick, avocado, and pickled cucumber, sticky rice & tobiko orange served with shogha, ginger & soy sauce . at Bamboo Union - DHA . in DHA"
item_146,130,Bamboo Union - DHA,menu_item,Chicken Teppanyaki,Japanese,3180.0,4.8,DHA,Chicken Teppanyaki . Japanese . Serves 1. Slices chicken in signature teppanyaki sauce & veggies in butter & served with sticky garlic rice . at Bamboo Union - DHA . in DHA
item_147,130,Bamboo Union - DHA,menu_item,Crazy Salmon Roll,Japanese,3500.0,4.8,DHA,"Crazy Salmon Roll . Japanese . Salmon roll topped with potato crunch & sesame, stuffed with cheese & served with shogha & soy sauce . at Bamboo Union - DHA . in DHA"
item_148,130,Bamboo Union - DHA,menu_item,Crunchy California Maki,Japanese,3100.0,4.8,DHA,"Crunchy California Maki . Japanese . Serves 1-2. Crunchy combo of prawn & crab stuffed with pickled cucumber, served with shogha, wasabi & soy sauce . at Bamboo Union - DHA . in DHA"
item_149,130,Bamboo Union - DHA,menu_item,Crunchy Maki,Japanese,1990.0,4.8,DHA,"Crunchy Maki . Japanese . Serves 1. Signature battered-prawn topped with in-house crunch & sticky rice served with shogha, wasabi & soy sauce . at Bamboo Union - DHA . in DHA"
item_150,130,Bamboo Union - DHA,menu_item,Dynamite Roll,Japanese,3150.0,4.8,DHA,"Dynamite Roll . Japanese . A delicious combination of sushi prawn, cucumber, and crabstick, topped with a creamy crab and cucumber salad with spicy mayo. Finished with black and white sesame seeds and colorful tobiko. . at Bamboo Union - DHA . in DHA"
item_151,130,Bamboo Union - DHA,menu_item,Edamame,Japanese,1600.0,4.8,DHA,Edamame . Japanese . Japanese beans seasoned salted . at Bamboo Union - DHA . in DHA
item_152,130,Bamboo Union - DHA,menu_item,Explosion Roll,Japanese,3560.0,4.8,DHA,"Explosion Roll . Japanese . A bold and flavorful roll with crispy prawn tempura, topped with fresh salmon, jalapeños, crabstick, cucumber, crunch, and spicy mayo. Finished with diced tuna and a touch of wasabi sauce. . at Bamboo Union - DHA . in DHA"
item_153,130,Bamboo Union - DHA,menu_item,Fish Teppanyaki,Japanese,2890.0,4.8,DHA,Fish Teppanyaki . Japanese . Serves 1. Fish in signature teppanyaki sauce & veggies in butter & served with sticky garlic rice . at Bamboo Union - DHA . in DHA
item_154,130,Bamboo Union - DHA,menu_item,Kappa Maki,Japanese,2150.0,4.8,DHA,Kappa Maki . Japanese . A classic Japanese sushi roll made with crisp cucumber wrapped in seasoned sushi rice and nori seaweed . at Bamboo Union - DHA . in DHA
item_155,130,Bamboo Union - DHA,menu_item,Prawn Nigiri,Japanese,2290.0,4.8,DHA,Prawn Nigiri . Japanese . Nigiri featuring succulent shrimp served over hand-pressed seasoned sushi rice . at Bamboo Union - DHA . in DHA
item_156,130,Bamboo Union - DHA,menu_item,Prawn Teppanyaki,Japanese,3990.0,4.8,DHA,"Prawn Teppanyaki . Japanese . Succulent prawns stir-fried with fresh vegetables in a rich and savory Japanese teppanyaki sauce. Served sizzling hot with aromatic sticky garlic rice, this dish delivers a delicious balance of smoky and umami flavors in every bite. . at Bamboo Union - DHA . in DHA"
item_157,130,Bamboo Union - DHA,menu_item,Rainbow Roll,Japanese,3750.0,4.8,DHA,"Rainbow Roll . Japanese . Serves 1-2. Raw crab stick topped with signature mayo, sticky rice & a further topping of salmon, tuna & avocado. Served with shogha, wasabi & soy sauce . at Bamboo Union - DHA . in DHA"
item_158,130,Bamboo Union - DHA,menu_item,Ramen Beef,Japanese,2080.0,4.8,DHA,Ramen Beef . Japanese . Serves 1. Egg noodles cooked in a special stock with beef . at Bamboo Union - DHA . in DHA
item_159,130,Bamboo Union - DHA,menu_item,Ramen Chicken,Japanese,1950.0,4.8,DHA,Ramen Chicken . Japanese . Serves 1. Egg noodles cooked in a special stock with chicken . at Bamboo Union - DHA . in DHA
item_160,130,Bamboo Union - DHA,menu_item,Salmon California Maki,Japanese,3680.0,4.8,DHA,"Salmon California Maki . Japanese . Serves 1. Pink salmon with sticky rice topped with signature mayo served with shogha, wasabi & soy sauce . at Bamboo Union - DHA . in DHA"
item_161,130,Bamboo Union - DHA,menu_item,Salmon Dragon Maki,Japanese,3880.0,4.8,DHA,"Salmon Dragon Maki . Japanese . Serves 1-2. Battered-fried prawns topped with sticky rice, salmon & signature sauce, served with shogha, wasabi & soy sauce . at Bamboo Union - DHA . in DHA"
item_162,130,Bamboo Union - DHA,menu_item,Salmon Edamame Poke Bowl,Japanese,3280.0,4.8,DHA,"Salmon Edamame Poke Bowl . Japanese . fresh salmon and protein-rich edamame served over sushi rice, accompanied by crisp vegetables, creamy avocado, and flavorful toppings. Finished with our signature poke sauce, this vibrant bowl offers a refreshing and wholesome balance of fresh, savory, and satisfying flavors. . at Bamboo Union - DHA . in DHA"
item_163,130,Bamboo Union - DHA,menu_item,Salmon Edamame Salad,Japanese,2550.0,4.8,DHA,Salmon Edamame Salad . Japanese . Cubes of raw salmon in a mild mayo base with edamame . at Bamboo Union - DHA . in DHA
item_164,130,Bamboo Union - DHA,menu_item,Salmon Fillet Roll 8 Pcs,Japanese,3560.0,4.8,DHA,"Salmon Fillet Roll 8 Pcs . Japanese . Crunchy prawn tempura wrapped in sushi rice and topped with delicate slices of fresh salmon, spicy mayo, and a sprinkle of togarashi spices for a mildly spicy finish. . at Bamboo Union - DHA . in DHA"
item_165,130,Bamboo Union - DHA,menu_item,Salmon Nigiri,Japanese,2650.0,4.8,DHA,"Salmon Nigiri . Japanese . In-house sticky rice topped with finely diced salmon, served with shogha, wasabi & soy sauce . at Bamboo Union - DHA . in DHA"
item_166,130,Bamboo Union - DHA,menu_item,Salmon Poke Bowl,Japanese,2960.0,4.8,DHA,"Salmon Poke Bowl . Japanese . Serves 1. Raw salmon cubes served in a bowl of sticky rice, fresh cucumber, green onion, tomatoes & signature poke sauce . at Bamboo Union - DHA . in DHA"
item_167,130,Bamboo Union - DHA,menu_item,Salmon Sushi Balls,Japanese,2580.0,4.8,DHA,"Salmon Sushi Balls . Japanese . Serves 1. Ball of Japanese sticky rice topped with pink salmon signature sauce, served with shogha, wasabi & soy sauce . at Bamboo Union - DHA . in DHA"
item_168,130,Bamboo Union - DHA,menu_item,Salmon Tataki,Japanese,3950.0,4.8,DHA,"Salmon Tataki . Japanese . Delicate slices of lightly seared salmon served with a refreshing citrus ponzu sauce. Garnished with finely chopped ginger, scallions, and fresh tsuma, this elegant dish offers a perfect balance of zesty, savory, and delicate flavors. . at Bamboo Union - DHA . in DHA"
item_169,130,Bamboo Union - DHA,menu_item,Smoked Spicy Salmon Roll,Japanese,3550.0,4.8,DHA,Smoked Spicy Salmon Roll . Japanese . Serves 1. Raw salmon & spicy mayo hand-rolled with Japanese rice topped with torch-smoked aalmon. . at Bamboo Union - DHA . in DHA
item_170,130,Bamboo Union - DHA,menu_item,Smoked Spicy Tuna Roll,Japanese,3550.0,4.8,DHA,Smoked Spicy Tuna Roll . Japanese . Raw tuna with crushed pickles and spicy mayo hand-called with Japanese rice topped with torch-smoked Tuna . at Bamboo Union - DHA . in DHA
item_171,130,Bamboo Union - DHA,menu_item,Spicy Salmon Maki,Japanese,2190.0,4.8,DHA,"Spicy Salmon Maki . Japanese . Raw salmon rolled in Japanese rice and wrapped with seaweed, served with shogha, wasabi and soy sauce. . at Bamboo Union - DHA . in DHA"
item_172,130,Bamboo Union - DHA,menu_item,Spicy Tempura Maki,Japanese,1850.0,4.8,DHA,"Spicy Tempura Maki . Japanese . Serves 1-2. Battered-fried prawns topped with sticky rice, tongarashi signature chili mayo sauce & extra prawns on top served with shogha, wasabi & soy sauce . at Bamboo Union - DHA . in DHA"
item_173,130,Bamboo Union - DHA,menu_item,Spicy Tuna Maki,Japanese,2190.0,4.8,DHA,"Spicy Tuna Maki . Japanese . Raw tuna rolled in Japanese rice and wrapped with seaweed, served with shogha, wasabi and soy sauce . at Bamboo Union - DHA . in DHA"
item_174,130,Bamboo Union - DHA,menu_item,Sunset Roll,Japanese,3400.0,4.8,DHA,"Sunset Roll . Japanese . Crispy prawn tempura rolled with sushi rice and topped with a creamy cucumber and crabstick salad, crunchy bits, and mayo. Finished with spicy mayo, teriyaki sauce, and black sesame seeds. . at Bamboo Union - DHA . in DHA"
item_175,130,Bamboo Union - DHA,menu_item,Surfer Roll,Japanese,3480.0,4.8,DHA,"Surfer Roll . Japanese . A crispy and flavorful sushi roll filled with crabstick, togarashi, and creamy mayo. Coated with crunchy crab flakes and finished with our signature Surfer Sauce, this roll delivers the perfect balance of crunch, spice, and rich umami flavors. . at Bamboo Union - DHA . in DHA"
item_176,130,Bamboo Union - DHA,menu_item,Truffle Mayo Roll,Japanese,3780.0,4.8,DHA,"Truffle Mayo Roll . Japanese . A luxurious sushi roll featuring crispy prawn tempura, topped with chef’s special sauce and premium truffle mayo. Lightly torched and smoked for a dramatic finish, then garnished with black and green tobiko for an indulgent and aromatic experience. . at Bamboo Union - DHA . in DHA"
item_177,130,Bamboo Union - DHA,menu_item,Tuna Poke Bowl,Japanese,2990.0,4.8,DHA,"Tuna Poke Bowl . Japanese . a vibrant bowl of fresh marinated tuna served over sushi rice and paired with crisp vegetables, creamy avocado, and flavorful toppings. Finished with a savory poke sauce and garnishes, it delivers a refreshing balance of light, healthy, and bold flavors in every bite. . at Bamboo Union - DHA . in DHA"
item_178,130,Bamboo Union - DHA,menu_item,Tuna Tataki,Japanese,3950.0,4.8,DHA,"Tuna Tataki . Japanese . Serves 1-2. Smoked tuna slices marinated in signature sauce, topped with crispy garlic & green onion . at Bamboo Union - DHA . in DHA"
item_179,130,Bamboo Union - DHA,menu_item,Umami Roll 8 Pcs,Japanese,3190.0,4.8,DHA,"Umami Roll 8 Pcs . Japanese . Crispy prawn tempura and creamy cheddar cheese rolled in sushi rice, topped with pickled cucumber, crab sauce, crunchy cashews and pistachios, and finished with a drizzle of teriyaki sauce. . at Bamboo Union - DHA . in DHA"
item_180,130,Bamboo Union - DHA,menu_item,Union Special Platter,Japanese,4870.0,4.8,DHA,"Union Special Platter . Japanese . Serves 1-2. Signature platter served with salmon nigiri, California maki, tempura maki & salmon maki . at Bamboo Union - DHA . in DHA"
item_181,130,Bamboo Union - DHA,menu_item,Chicken Katsu,Other,1350.0,4.8,DHA,"Chicken Katsu . Other . Serves 1. Crispy breaded chicken cutlet, golden-fried to perfection, offering a crunchy and satisfying meal. . at Bamboo Union - DHA . in DHA"
item_182,130,Bamboo Union - DHA,menu_item,Noodle Bowl With Chicken,Other,1150.0,4.8,DHA,"Noodle Bowl With Chicken . Other . Serves 1. A hearty bowl of noodles with tender chicken and flavorful ingredients, offering a warm and satisfying meal. . at Bamboo Union - DHA . in DHA"
item_183,130,Bamboo Union - DHA,menu_item,Rice with Chicken,Other,1090.0,4.8,DHA,"Rice with Chicken . Other . Serves 1. Fluffy rice served with tender chicken, creating a simple, flavorful, and satisfying meal. . at Bamboo Union - DHA . in DHA"
item_184,130,Bamboo Union - DHA,menu_item,Bangkok Curry Noodles,Noodles & Pasta,1850.0,4.8,DHA,"Bangkok Curry Noodles . Noodles & Pasta . Serves 1. Spicy, creamy coconut curry with noodles, vegetables, and aromatic herbs, served hot and flavorful. . at Bamboo Union - DHA . in DHA"
item_185,130,Bamboo Union - DHA,menu_item,Beet Root Beef Noodle,Noodles & Pasta,1900.0,4.8,DHA,Beet Root Beef Noodle . Noodles & Pasta . Serves 1. Minced beef served with In-house egg noodles dipped in beetroot . at Bamboo Union - DHA . in DHA
item_186,130,Bamboo Union - DHA,menu_item,Pad Ki Mao,Noodles & Pasta,1950.0,4.8,DHA,Pad Ki Mao . Noodles & Pasta . Serves 1. Extra spicy beef noodles. Comes with egg . at Bamboo Union - DHA . in DHA
item_187,130,Bamboo Union - DHA,menu_item,Pad Thai With Chicken,Noodles & Pasta,1990.0,4.8,DHA,"Pad Thai With Chicken . Noodles & Pasta . Serves 1. Spicy Pad Thai noodles with tender chicken, served with egg, crunchy nuts, and tofu for a flavorful and satisfying meal. . at Bamboo Union - DHA . in DHA"
item_188,130,Bamboo Union - DHA,menu_item,Pad Thai With Prawns,Noodles & Pasta,2290.0,4.8,DHA,"Pad Thai With Prawns . Noodles & Pasta . Serves 1. Spicy Pad Thai noodles with juicy prawns, served with egg, crunchy nuts, and tofu for a flavorful and satisfying meal. . at Bamboo Union - DHA . in DHA"
item_189,130,Bamboo Union - DHA,menu_item,Red Chili Butter Shrimps Noodles,Noodles & Pasta,2390.0,4.8,DHA,Red Chili Butter Shrimps Noodles . Noodles & Pasta . Serves 1. Stir-fried shrimps served with egg noodles & an in-house red chilli sauce . at Bamboo Union - DHA . in DHA
item_190,130,Bamboo Union - DHA,menu_item,Tokyo Noodles Beef,Noodles & Pasta,1990.0,4.8,DHA,"Tokyo Noodles Beef . Noodles & Pasta . Serves 1. Stir-fried beef with Thai veggies, served with egg noodles and a spicy sauce . at Bamboo Union - DHA . in DHA"
item_191,130,Bamboo Union - DHA,menu_item,Tokyo Noodles Chicken,Noodles & Pasta,1800.0,4.8,DHA,"Tokyo Noodles Chicken . Noodles & Pasta . Serves 1. Stir-fried chicken with Thai veggies, served with egg noodles and a spicy sauce . at Bamboo Union - DHA . in DHA"
item_192,130,Bamboo Union - DHA,menu_item,Union Special Noodles,Noodles & Pasta,2000.0,4.8,DHA,"Union Special Noodles . Noodles & Pasta . Serves 1. A house-style noodle dish with a mix of fresh ingredients, offering a flavorful and satisfying meal. . at Bamboo Union - DHA . in DHA"
item_193,130,Bamboo Union - DHA,menu_item,Egg Fried Rice,Rice & Biryani,1000.0,4.8,DHA,"Egg Fried Rice . Rice & Biryani . Serves 1. Fluffy fried rice tossed with eggs and light seasonings, creating a simple, flavorful, and satisfying dish. Served with egg . at Bamboo Union - DHA . in DHA"
item_194,130,Bamboo Union - DHA,menu_item,Garlic Rice,Rice & Biryani,1050.0,4.8,DHA,"Garlic Rice . Rice & Biryani . Serves 1. Fragrant rice cooked with garlic for a flavorful and aromatic side, perfect to complement any meal. . at Bamboo Union - DHA . in DHA"
item_195,130,Bamboo Union - DHA,menu_item,Nasi Goreng,Rice & Biryani,2290.0,4.8,DHA,Nasi Goreng . Rice & Biryani . Serves 1. Mild spicy rice with chicken & prawns topped with a fried egg. Comes with egg . at Bamboo Union - DHA . in DHA
item_196,130,Bamboo Union - DHA,menu_item,Sticky Garlic Rice,Rice & Biryani,1050.0,4.8,DHA,"Sticky Garlic Rice . Rice & Biryani . Serves 1. Fragrant rice cooked with a sticky garlic glaze, offering a flavorful and satisfying accompaniment to any meal. . at Bamboo Union - DHA . in DHA"
item_197,130,Bamboo Union - DHA,menu_item,Fire Crushed Cucumber Salad,Salads,800.0,4.8,DHA,"Fire Crushed Cucumber Salad . Salads . Serves 1. Crisp cucumber pieces tossed in a fiery, tangy dressing, creating a refreshing and flavorful salad with a spicy kick. . at Bamboo Union - DHA . in DHA"
item_198,130,Bamboo Union - DHA,menu_item,Mango Salad Prawn,Salads,780.0,4.8,DHA,"Mango Salad Prawn . Salads . Serves 1. A refreshing salad with juicy prawns and sweet, tangy mango, tossed with crisp vegetables for a light and flavorful bite. . at Bamboo Union - DHA . in DHA"
item_199,130,Bamboo Union - DHA,menu_item,Thai Beef Salad,Salads,1250.0,4.8,DHA,"Thai Beef Salad . Salads . Serves 1. Tender beef tossed with fresh vegetables and a zesty Thai-style dressing, delivering a light, flavorful, and satisfying salad. . at Bamboo Union - DHA . in DHA"
item_200,130,Bamboo Union - DHA,menu_item,Thai Chicken Salad,Salads,1170.0,4.8,DHA,"Thai Chicken Salad . Salads . Serves 1. Tender chicken mixed with fresh vegetables and a zesty Thai-style dressing, offering a light, flavorful, and satisfying salad. . at Bamboo Union - DHA . in DHA"
item_201,130,Bamboo Union - DHA,menu_item,Thai Seafood Salad,Salads,1400.0,4.8,DHA,"Thai Seafood Salad . Salads . Serves 1. A vibrant Thai-style salad with a mix of fresh seafood and crisp vegetables, tossed in a zesty, flavorful dressing for a light and satisfying bite. . at Bamboo Union - DHA . in DHA"
item_202,130,Bamboo Union - DHA,menu_item,Wok-Fried Broccoli Salad,Salads,900.0,4.8,DHA,"Wok-Fried Broccoli Salad . Salads . Serves 1. Fresh broccoli lightly wok-fried and tossed with a flavorful dressing, creating a crisp, savory, and satisfying salad. . at Bamboo Union - DHA . in DHA"
item_203,130,Bamboo Union - DHA,menu_item,Char-Grill Prawns,Seafood,2890.0,4.8,DHA,Char-Grill Prawns . Seafood . Serves 1-2. Six medium-sized prawns served with spicy Thai sauce . at Bamboo Union - DHA . in DHA
item_204,130,Bamboo Union - DHA,menu_item,Coconut Butter Prawns,Seafood,2890.0,4.8,DHA,Coconut Butter Prawns . Seafood . Serves 1. Stir-fried prawns seasoned in creamy coconut buttery sauce seasoned to be mild . at Bamboo Union - DHA . in DHA
item_205,130,Bamboo Union - DHA,menu_item,Fish Chilli Dry,Seafood,2740.0,4.8,DHA,"Fish Chilli Dry . Seafood . Serves 1. Tender fish pieces tossed in a bold and spicy chili sauce, creating a dry, flavorful, and satisfying dish. . at Bamboo Union - DHA . in DHA"
item_206,130,Bamboo Union - DHA,menu_item,Grilled Fish,Seafood,2470.0,4.8,DHA,"Grilled Fish . Seafood . Serves 1. Fresh fish grilled to perfection, delivering a smoky, tender, and flavorful dish thats both light and satisfying . at Bamboo Union - DHA . in DHA"
item_207,130,Bamboo Union - DHA,menu_item,Kung Pao Fish,Seafood,2690.0,4.8,DHA,"Kung Pao Fish . Seafood . Serves 1. Tender fish stir-fried with a bold Kung Pao sauce, delivering a flavorful and slightly spicy dish. Comes with nuts . at Bamboo Union - DHA . in DHA"
item_208,130,Bamboo Union - DHA,menu_item,Kung Pao Prawns,Seafood,2860.0,4.8,DHA,"Kung Pao Prawns . Seafood . Serves 1. Juicy prawns stir-fried in a bold Kung Pao sauce with a hint of spice, delivering a flavorful and satisfying dish. Comes with nuts . at Bamboo Union - DHA . in DHA"
item_209,130,Bamboo Union - DHA,menu_item,Szechuan Fish Gravy,Seafood,2690.0,4.8,DHA,"Szechuan Fish Gravy . Seafood . Serves 1. Tender fish cooked in a bold Szechuan-style gravy, offering a spicy and flavorful dish perfect for a satisfying meal. . at Bamboo Union - DHA . in DHA"
item_210,130,Bamboo Union - DHA,menu_item,Tamarind Fish,Seafood,2450.0,4.8,DHA,"Tamarind Fish . Seafood . Tender fish cooked in a tangy tamarind sauce, offering a flavorful and satisfying dish with a perfect balance of sweet and sour. . at Bamboo Union - DHA . in DHA"
item_211,130,Bamboo Union - DHA,menu_item,Union Special Fish,Seafood,2450.0,4.8,DHA,"Union Special Fish . Seafood . Serves 1. Fresh fish cooked in a special house-style sauce, delivering a flavorful and satisfying meal. . at Bamboo Union - DHA . in DHA"
item_212,130,Bamboo Union - DHA,menu_item,Union Special Prawns,Seafood,2990.0,4.8,DHA,Union Special Prawns . Seafood . Serves 1. Stir-fried medium prawns seasoned in signature sweet sauce paired with spicy tom yum flavored rice . at Bamboo Union - DHA . in DHA
item_213,130,Bamboo Union - DHA,menu_item,Wok-fried Prawns,Seafood,2850.0,4.8,DHA,"Wok-fried Prawns . Seafood . Serves 1. Juicy prawns wok-fried to perfection, seasoned for a flavorful and satisfying dish. Served with garlic & chillies . at Bamboo Union - DHA . in DHA"
item_214,130,Bamboo Union - DHA,menu_item,Chicken Corn Soup,Soups,945.0,4.8,DHA,"Chicken Corn Soup . Soups . Serves 1. A classic, comforting soup made with tender chicken and sweet corn in a smooth, flavorful broth, perfect for a light and satisfying start. Comes with nuts. . at Bamboo Union - DHA . in DHA"
item_215,130,Bamboo Union - DHA,menu_item,Chicken Noodle Soup,Soups,970.0,4.8,DHA,"Chicken Noodle Soup . Soups . Serves 1. A spicy warm and comforting soup made with tender chicken and noodles in a flavorful broth, perfect for a light yet satisfying meal. . at Bamboo Union - DHA . in DHA"
item_216,130,Bamboo Union - DHA,menu_item,Chinese Treasure Soup,Soups,1100.0,4.8,DHA,"Chinese Treasure Soup . Soups . Serves 1. A spicy hearty and flavorful soup loaded with a mix of meats, seafood, and vegetables, delivering a satisfying and rich Chinese-style taste in every spoonful. Comes with nuts . at Bamboo Union - DHA . in DHA"
item_217,130,Bamboo Union - DHA,menu_item,Dumpling Soup,Soups,970.0,4.8,DHA,"Dumpling Soup . Soups . A light and soothing clear soup served with tender stuffed chicken dumplings, offering a delicate yet satisfying flavor in every bite. . at Bamboo Union - DHA . in DHA"
item_218,130,Bamboo Union - DHA,menu_item,Hot & Sour Soup,Soups,970.0,4.8,DHA,"Hot & Sour Soup . Soups . Serves 1. A bold and comforting soup with a perfect balance of heat and tang, packed with rich flavors for a satisfying and warming bowl. Comes with nuts . at Bamboo Union - DHA . in DHA"
item_219,130,Bamboo Union - DHA,menu_item,Szechuan Soup,Soups,1100.0,4.8,DHA,"Szechuan Soup . Soups . A spicy, rich and flavorful soup inspired by Szechuan-style cooking, offering a bold, slightly spicy profile with a comforting depth of taste. Comes with nuts . at Bamboo Union - DHA . in DHA"
item_220,130,Bamboo Union - DHA,menu_item,Tom Kha Gaye,Soups,1020.0,4.8,DHA,"Tom Kha Gaye . Soups . Serves 1. A creamy Thai-style chicken soup with tender pieces of chicken, lightly spiced and balanced with a rich, mildly tangy flavor for a smooth and comforting bowl. . at Bamboo Union - DHA . in DHA"
item_221,130,Bamboo Union - DHA,menu_item,Tom Kha Goong,Soups,1200.0,4.8,DHA,"Tom Kha Goong . Soups . Serves 1. A creamy Thai-style soup made with tender prawns, gently spiced and balanced with a rich, mildly tangy flavor for a smooth and comforting experience. . at Bamboo Union - DHA . in DHA"
item_222,130,Bamboo Union - DHA,menu_item,Tom Yum Gaye,Soups,970.0,4.8,DHA,"Tom Yum Gaye . Soups . Serves 1. A flavorful Thai-style hot and sour chicken soup, lightly spiced and tangy, perfect for a comforting and satisfying bowl. . at Bamboo Union - DHA . in DHA"
item_223,130,Bamboo Union - DHA,menu_item,Tom Yum Goong,Soups,1150.0,4.8,DHA,"Tom Yum Goong . Soups . Serves 1. An extra spicy comforting Thai-style hot and sour soup with tender prawns, balanced with bold flavors, light spice, and a refreshing tang for a warming and satisfying start. . at Bamboo Union - DHA . in DHA"
item_224,130,Bamboo Union - DHA,menu_item,Wonton Soup,Soups,970.0,4.8,DHA,"Wonton Soup . Soups . Serves 1-2 Person. A light and comforting soup with delicate wontons filled with savory meat, served in a clear, flavorful broth. . at Bamboo Union - DHA . in DHA"
item_225,130,Bamboo Union - DHA,menu_item,Dynamite Poke Bowl,Other,2350.0,4.8,DHA,Dynamite Poke Bowl . Other . Fresh sushi-grade fish cubed and marinated in a bold spicy sauce served over seasoned rice with crisp vegetables edamame and sesame seeds . at Bamboo Union - DHA . in DHA
item_226,130,Bamboo Union - DHA,menu_item,Korean corn cheese,Other,1460.0,4.8,DHA,Korean corn cheese . Other . Sweet corn kernels topped with melted mozzarella cheese and a drizzle of creamy sauce. A popular Korean-style side dish with a perfect blend of savory and sweet flavors . at Bamboo Union - DHA . in DHA
item_227,130,Bamboo Union - DHA,menu_item,Lemon Fire Chicken,Other,1960.0,4.8,DHA,Lemon Fire Chicken . Other . Tender chicken marinated in zesty lemon and fiery spices then grilled to perfection A bold summer favorite with a tangy citrus kick and smoky heat . at Bamboo Union - DHA . in DHA
item_228,130,Bamboo Union - DHA,menu_item,Lemon Grass Honey Prawn,Other,2960.0,4.8,DHA,Lemon Grass Honey Prawn . Other . Succulent prawns infused with aromatic lemongrass and drizzled with golden honey creating a perfect balance of citrus brightness and natural sweetness A delightful summer specialty . at Bamboo Union - DHA . in DHA
item_229,130,Bamboo Union - DHA,menu_item,Salmon Truffle Roll,Other,3850.0,4.8,DHA,Salmon Truffle Roll . Other . Delicate salmon fillet infused with aromatic truffle essence rolled in crispy rice paper and served with a light citrus glaze and fresh garden vegetables . at Bamboo Union - DHA . in DHA
item_230,131,Boomerang - Phase 4 DHA,menu_item,Nova Burger Meal,Other,1090.0,4.9,DHA,"Nova Burger Meal . Other . Chicken Nova Burger 
Select Your Fries 
Select Your Drink . at Boomerang - Phase 4 DHA . in DHA"
item_231,131,Boomerang - Phase 4 DHA,menu_item,Sando Meal,Other,1190.0,4.9,DHA,"Sando Meal . Other . Chicken Nova Sando 
Select Your Fries 
Select Your Drink . at Boomerang - Phase 4 DHA . in DHA"
item_232,131,Boomerang - Phase 4 DHA,menu_item,Tenders Meal,Other,1090.0,4.9,DHA,"Tenders Meal . Other . 3 PCs OR 5 PCs Tender
Select Your Fries 
Select Your Drink . at Boomerang - Phase 4 DHA . in DHA"
item_233,131,Boomerang - Phase 4 DHA,menu_item,Chicken Nova Burger,Burgers,895.0,4.9,DHA,"Chicken Nova Burger . Burgers . Nova Burger comes with a Brioche Bun toasted to perfection with butter and filled with Spicy & Buttery Glazed Mega Chicken Fillet, our Signature Sauce, Iceberg Lettuce & toppings of your choice. . at Boomerang - Phase 4 DHA . in DHA"
item_234,131,Boomerang - Phase 4 DHA,menu_item,Chicken Nova Sando,Burgers,995.0,4.9,DHA,"Chicken Nova Sando . Burgers . Brioche Bread filled with Spicy & Buttery Glazed Mega Chicken Fillet, our Signature Sauce, Iceberg Lettuce & toppings of your choice. . at Boomerang - Phase 4 DHA . in DHA"
item_235,131,Boomerang - Phase 4 DHA,menu_item,Nova Bigg Burger,Burgers,1295.0,4.9,DHA,Nova Bigg Burger . Burgers . A hearty and satisfying burger loaded with premium chicken double patty topped with melted cheese crispy bacon fresh lettuce tomato and special sauce served on a toasted bun . at Boomerang - Phase 4 DHA . in DHA
item_236,131,Boomerang - Phase 4 DHA,menu_item,Astro Dip Sauce - Garlic Herbs,Add-ons & Condiments,125.0,4.9,DHA,"Astro Dip Sauce - Garlic Herbs . Add-ons & Condiments . Creamy, spicy galactic dipping sauce . at Boomerang - Phase 4 DHA . in DHA"
item_237,131,Boomerang - Phase 4 DHA,menu_item,Honey Sauce,Add-ons & Condiments,125.0,4.9,DHA,"Honey Sauce . Add-ons & Condiments . Rich, sweet honey dipping delight . at Boomerang - Phase 4 DHA . in DHA"
item_238,131,Boomerang - Phase 4 DHA,menu_item,Remoulade Sauce - Creamy Tangy,Add-ons & Condiments,125.0,4.9,DHA,"Remoulade Sauce - Creamy Tangy . Add-ons & Condiments . Rich, creamy condiment with tangy herb flavor. . at Boomerang - Phase 4 DHA . in DHA"
item_239,131,Boomerang - Phase 4 DHA,menu_item,Volcanic Sauce - Spicy,Add-ons & Condiments,125.0,4.9,DHA,"Volcanic Sauce - Spicy . Add-ons & Condiments . Smoky, spicy lava in a tangy dip. . at Boomerang - Phase 4 DHA . in DHA"
item_240,131,Boomerang - Phase 4 DHA,menu_item,Bigg Coke,Beverages,180.0,4.9,DHA,Bigg Coke . Beverages . Classic refreshing fizzy cola . at Boomerang - Phase 4 DHA . in DHA
item_241,131,Boomerang - Phase 4 DHA,menu_item,Bigg Sprite,Beverages,180.0,4.9,DHA,Bigg Sprite . Beverages . Refreshingly crisp lemon-lime soda . at Boomerang - Phase 4 DHA . in DHA
item_242,131,Boomerang - Phase 4 DHA,menu_item,Littul Coke,Beverages,150.0,4.9,DHA,Littul Coke . Beverages . Classic refreshing cola . at Boomerang - Phase 4 DHA . in DHA
item_243,131,Boomerang - Phase 4 DHA,menu_item,Water,Beverages,90.0,4.9,DHA,"Water . Beverages . Refreshing, crisp, and clear hydration. . at Boomerang - Phase 4 DHA . in DHA"
item_244,131,Boomerang - Phase 4 DHA,menu_item,Curly Fries,Sides & Appetizers,445.0,4.9,DHA,Curly Fries . Sides & Appetizers . 300 grams of Golden crunchy twisted potato fries . at Boomerang - Phase 4 DHA . in DHA
item_245,131,Boomerang - Phase 4 DHA,menu_item,Littul Curly Fries,Sides & Appetizers,245.0,4.9,DHA,"Littul Curly Fries . Sides & Appetizers . 150 grams of golden, crunchy twisted potato . at Boomerang - Phase 4 DHA . in DHA"
item_246,131,Boomerang - Phase 4 DHA,menu_item,Littul Straight Fries,Sides & Appetizers,195.0,4.9,DHA,"Littul Straight Fries . Sides & Appetizers . 150 grams of golden, crunchy, straight-cut potato . at Boomerang - Phase 4 DHA . in DHA"
item_247,131,Boomerang - Phase 4 DHA,menu_item,Loaded Fries,Sides & Appetizers,995.0,4.9,DHA,Loaded Fries . Sides & Appetizers . Crispy fries smothered in rich saucy goodness . at Boomerang - Phase 4 DHA . in DHA
item_248,131,Boomerang - Phase 4 DHA,menu_item,Saucy Fries,Sides & Appetizers,495.0,4.9,DHA,"Saucy Fries . Sides & Appetizers . Get ready for a flavor explosion! Our signature straight-cut fries, sprinkled with magical Star Dust seasoning, paired with your favourite sauce. . at Boomerang - Phase 4 DHA . in DHA"
item_249,131,Boomerang - Phase 4 DHA,menu_item,Straight Fries,Sides & Appetizers,395.0,4.9,DHA,"Straight Fries . Sides & Appetizers . 300 grams of Golden, crunchy straight cut potato fries . at Boomerang - Phase 4 DHA . in DHA"
item_250,131,Boomerang - Phase 4 DHA,menu_item,Curly Littul Meal,Deals & Combos,345.0,4.9,DHA,Curly Littul Meal . Deals & Combos . Our Golden crunchy twisted potato with refreshing cola . at Boomerang - Phase 4 DHA . in DHA
item_251,131,Boomerang - Phase 4 DHA,menu_item,Straight Littul Meal,Deals & Combos,295.0,4.9,DHA,"Straight Littul Meal . Deals & Combos . Our Golden, crunchy, straight-cut potato with a refreshing drink . at Boomerang - Phase 4 DHA . in DHA"
item_252,131,Boomerang - Phase 4 DHA,menu_item,Chicken Tenders,Other,895.0,4.9,DHA,Chicken Tenders . Other . Crispy juicy chicken strips with golden crunch . at Boomerang - Phase 4 DHA . in DHA
item_253,1,Burger O'Clock,menu_item,Buffalo Wings,Sides & Appetizers,699.0,4.7,DHA,Buffalo Wings . Sides & Appetizers . 6 pcs of wings tossed in buffalo sauce. . at Burger O'Clock . in DHA
item_254,1,Burger O'Clock,menu_item,Crispy Wings,Sides & Appetizers,699.0,4.7,DHA,"Crispy Wings . Sides & Appetizers . 6 pcs chicken wings infused with our unique in-house flavors, served with a delectable sauce. . at Burger O'Clock . in DHA"
item_255,1,Burger O'Clock,menu_item,Honey Mustard Wings,Sides & Appetizers,699.0,4.7,DHA,Honey Mustard Wings . Sides & Appetizers . 6 pcs of wings tossed in honey mustard sauce. . at Burger O'Clock . in DHA
item_256,1,Burger O'Clock,menu_item,Nuggets,Sides & Appetizers,599.0,4.7,DHA,"Nuggets . Sides & Appetizers . 6 pcs nuggets, crispy and golden on the outside, juicy on the inside. . at Burger O'Clock . in DHA"
item_257,1,Burger O'Clock,menu_item,Peri Bites,Sides & Appetizers,899.0,4.7,DHA,"Peri Bites . Sides & Appetizers . 5 pcs spicy chicken filled in a chili, coated in crispy breading, served with a dipping sauce. . at Burger O'Clock . in DHA"
item_258,1,Burger O'Clock,menu_item,Smoky BBQ Wings,Sides & Appetizers,699.0,4.7,DHA,Smoky BBQ Wings . Sides & Appetizers . 6 pcs of wings tossed in smoky BBQ sauce. . at Burger O'Clock . in DHA
item_259,1,Burger O'Clock,menu_item,Tender Chicken,Sides & Appetizers,899.0,4.7,DHA,"Tender Chicken . Sides & Appetizers . 5 pcs of crispy chicken delight, with a juicy surprise inside. . at Burger O'Clock . in DHA"
item_260,1,Burger O'Clock,menu_item,Beef Belt Buster - Four Patty,Burgers,1799.0,4.7,DHA,"Beef Belt Buster - Four Patty . Burgers . 4 juicy smash beef patties, 4 cheese slices and our special BOC secret sauce. . at Burger O'Clock . in DHA"
item_261,1,Burger O'Clock,menu_item,Beef Cheese,Burgers,949.0,4.7,DHA,"Beef Cheese . Burgers . 5 oz. Juicy smash beef patty, BOC secret sauce, cheese slice, mayonnaise, and ketchup. . at Burger O'Clock . in DHA"
item_262,1,Burger O'Clock,menu_item,Beef Mushroom Madness,Burgers,1049.0,4.7,DHA,"Beef Mushroom Madness . Burgers . Smashed beef patty topped with imported mushrooms, perfectly sautéed onions, and melty cheese slice with BOC special mayo sauce. . at Burger O'Clock . in DHA"
item_263,1,Burger O'Clock,menu_item,Beef Old School,Burgers,949.0,4.7,DHA,"Beef Old School . Burgers . Taste the essence of nostalgia with 5 oz. Juicy smash beef patty, BOC secret sauce, cheese slices, tomato slices, onions, pickled cucumber, and iceberg lettuce. . at Burger O'Clock . in DHA"
item_264,1,Burger O'Clock,menu_item,Beef Smoky Tang,Burgers,999.0,4.7,DHA,"Beef Smoky Tang . Burgers . Juicy smash beef patty, BOC secret sauce, cheese slice, beef pepperoni, sautéed onions, BBQ sauce, BBQ mayo sauce, and iceberg lettuce. . at Burger O'Clock . in DHA"
item_265,1,Burger O'Clock,menu_item,Blazin Bird,Burgers,999.0,4.7,DHA,"Blazin Bird . Burgers . Crisp up your meal with a hint of spice! Description: Crispy chicken Breast fillet, chipotle mayo sauce, and iceberg lettuce. . at Burger O'Clock . in DHA"
item_266,1,Burger O'Clock,menu_item,Jalapeno Blast,Burgers,1049.0,4.7,DHA,"Jalapeno Blast . Burgers . Crispy chicken Breast Fillet, BOC secret sauce, jalapenos, jalapeno mayo sauce and, iceberg lettuce. . at Burger O'Clock . in DHA"
item_267,1,Burger O'Clock,menu_item,Smoky Bliss,Burgers,1049.0,4.7,DHA,"Smoky Bliss . Burgers . Crispy chicken Breast Fillet, BOC secret sauce, cheese slice, chicken pepperoni, sautéed onions, BBQ sauce, BBQ mayo sauce, and iceberg lettuce. . at Burger O'Clock . in DHA"
item_268,1,Burger O'Clock,menu_item,The OG Burger,Burgers,999.0,4.7,DHA,"The OG Burger . Burgers . Crispy chicken Breast Fillet, BOC secret sauce, mayonnaise, and iceberg lettuce. . at Burger O'Clock . in DHA"
item_269,1,Burger O'Clock,menu_item,Coca Cola - 350 Ml,Beverages,149.0,4.7,DHA,Coca Cola - 350 Ml . Beverages . Flavored drink to make you happy . at Burger O'Clock . in DHA
item_270,1,Burger O'Clock,menu_item,Coca Zero - 350 Ml,Beverages,149.0,4.7,DHA,Coca Zero - 350 Ml . Beverages . Flavored drink to make you happy . at Burger O'Clock . in DHA
item_271,1,Burger O'Clock,menu_item,FANTA - 500 ML,Beverages,199.0,4.7,DHA,FANTA - 500 ML . Beverages . Flavored drink to make you happy . at Burger O'Clock . in DHA
item_272,1,Burger O'Clock,menu_item,Mineral Water (Dasani),Beverages,89.0,4.7,DHA,Mineral Water (Dasani) . Beverages . Refreshing Bottle of Water . at Burger O'Clock . in DHA
item_273,1,Burger O'Clock,menu_item,Sprite - 350 Ml,Beverages,149.0,4.7,DHA,Sprite - 350 Ml . Beverages . Flavored drink to make you happy . at Burger O'Clock . in DHA
item_274,1,Burger O'Clock,menu_item,Chick N Crisp Jalapeno Spark,Burgers,899.0,4.7,DHA,"Chick N Crisp Jalapeno Spark . Burgers . Crispy chicken patty, BOC secret sauce, jalapenos, jalapeno mayo sauce and, iceberg lettuce. . at Burger O'Clock . in DHA"
item_275,1,Burger O'Clock,menu_item,Chick N Crisp Smoky Tang,Burgers,899.0,4.7,DHA,"Chick N Crisp Smoky Tang . Burgers . Crispy chicken patty, BOC secret sauce, cheese slice, chicken pepperoni, sautéed onions, BBQ sauce, BBQ mayo sauce, and iceberg lettuce.Crispy chicken patty, BOC secret sauce, cheese slice, chicken pepperoni, sautéed onions, BBQ sauce, BBQ mayo sauce, and iceberg lettuce. . at Burger O'Clock . in DHA"
item_276,1,Burger O'Clock,menu_item,Chick n' Crisp Burger,Burgers,849.0,4.7,DHA,"Chick n' Crisp Burger . Burgers . Crispy chicken patty, BOC secret sauce, mayonnaise, and iceberg lettuce. . at Burger O'Clock . in DHA"
item_277,1,Burger O'Clock,menu_item,Fiery Gigantic,Burgers,1149.0,4.7,DHA,"Fiery Gigantic . Burgers . Crispy chicken double patties, cheese slice, chipotle mayo sauce, jalapenos, pickled cucumber, and iceberg lettuce. . at Burger O'Clock . in DHA"
item_278,1,Burger O'Clock,menu_item,Fire Bird Burger,Burgers,849.0,4.7,DHA,"Fire Bird Burger . Burgers . Crisp up your meal with a hint of spice! Crispy chicken patty, chipotle mayo sauce, and iceberg lettuce. . at Burger O'Clock . in DHA"
item_279,1,Burger O'Clock,menu_item,Gigantic Burger,Burgers,1149.0,4.7,DHA,"Gigantic Burger . Burgers . Crispy chicken double patties, cheese slice, mayo and BOC secret sauce, and iceberg lettuce. . at Burger O'Clock . in DHA"
item_280,1,Burger O'Clock,menu_item,Chick n Crisp Burger With 350ml Drink,Deals & Combos,798.4,4.7,DHA,"Chick n Crisp Burger With 350ml Drink . Deals & Combos . Crispy chicken patty, BO’C secret sauce, mayonnaise, and iceberg lettuce. . at Burger O'Clock . in DHA"
item_281,1,Burger O'Clock,menu_item,Fire Bird Burger With 350ml Drink,Deals & Combos,798.4,4.7,DHA,"Fire Bird Burger With 350ml Drink . Deals & Combos . Crisp up your meal with a hint of spice! Crispy chicken patty, chipotle mayo sauce, and iceberg lettuce. . at Burger O'Clock . in DHA"
item_282,1,Burger O'Clock,menu_item,Grill Chicken Jalapeno Spark,Burgers,999.0,4.7,DHA,"Grill Chicken Jalapeno Spark . Burgers . Juicy grilled chicken fillet, BOC secret sauce, cheese slice, jalapenos, jalapeno mayo sauce, and iceberg lettuce. . at Burger O'Clock . in DHA"
item_283,1,Burger O'Clock,menu_item,Grill Chicken Smoky Tang,Burgers,999.0,4.7,DHA,"Grill Chicken Smoky Tang . Burgers . Juicy grilled chicken fillet, BOC secret sauce, cheese slice, chicken pepperoni, sautéed onions, BBQ sauce, BBQ mayo sauce, and iceberg lettuce. . at Burger O'Clock . in DHA"
item_284,1,Burger O'Clock,menu_item,Grilled Chicken,Burgers,949.0,4.7,DHA,"Grilled Chicken . Burgers . Juicy grilled chicken fillet, BOC secret sauce, cheese slice, tomato slices, sautéed onions, chili garlic sauce, pickled cucumber, and iceberg lettuce. . at Burger O'Clock . in DHA"
item_285,1,Burger O'Clock,menu_item,Fries,Sides & Appetizers,349.0,4.7,DHA,"Fries . Sides & Appetizers . Crispy and crunchy perfection, straight from the deep-fried crispy and golden french fries seasoned with salt. . at Burger O'Clock . in DHA"
item_286,1,Burger O'Clock,menu_item,Zesty BBQ Fries,Sides & Appetizers,549.0,4.7,DHA,"Zesty BBQ Fries . Sides & Appetizers . Feel the crunch with a smoky kick, Fries seasoned with black pepper, chicken pepperoni, topped with smoky bbq mayo sauce, and a sprinkle of parsley. . at Burger O'Clock . in DHA"
item_287,1,Burger O'Clock,menu_item,Burger Meal,Other,699.0,4.7,DHA,"Burger Meal . Other . 1 fried chicken burger, 1 fries, 1 flavored milk, and 1 surprise cool toy. . at Burger O'Clock . in DHA"
item_288,1,Burger O'Clock,menu_item,Nuggets Meal,Other,699.0,4.7,DHA,"Nuggets Meal . Other . 4 pcs nuggets, 1 fries, 1 flavored milk, and 1 surprise cool toy. . at Burger O'Clock . in DHA"
item_289,1,Burger O'Clock,menu_item,Cheese Burger Fries,Sides & Appetizers,799.0,4.7,DHA,"Cheese Burger Fries . Sides & Appetizers . The delicious mashup you did not know you needed! Fries topped with beef patty, cheese slice, lettuce, onions, tomato, jalapeno, lines of BOC secret sauce, and a sprinkle of parsley. . at Burger O'Clock . in DHA"
item_290,1,Burger O'Clock,menu_item,Messy Fries,Sides & Appetizers,799.0,4.7,DHA,Messy Fries . Sides & Appetizers . Nacho cheese sauce and beef chili cooked in a tomato based sauce this fries will remind of you texas . at Burger O'Clock . in DHA
item_291,1,Burger O'Clock,menu_item,Sriracha Loaded Fries,Sides & Appetizers,799.0,4.7,DHA,"Sriracha Loaded Fries . Sides & Appetizers . Fries topped with crispy chicken chunks tossed in Sriracha sauce, lines of ranch sauce and Sriracha mayo, with a sprinkle of parsley. . at Burger O'Clock . in DHA"
item_292,1,Burger O'Clock,menu_item,Creamy Wrap,Shawarma & Wraps,799.0,4.7,DHA,"Creamy Wrap . Shawarma & Wraps . Wrap up your cravings with creamy perfection! Crispy chicken tenders wrapped in a soft, warm tortilla, with juicy tomato and crunchy iceberg lettuce. Pro Tip: Add fries inside your wrap to make it more loaded. . at Burger O'Clock . in DHA"
item_293,1,Burger O'Clock,menu_item,Dynamite Wrap,Shawarma & Wraps,799.0,4.7,DHA,"Dynamite Wrap . Shawarma & Wraps . Spice meets creamy in this flavor explosion! Crispy chicken tenders wrapped in a soft, warm tortilla, signature dynamite sauce and crunchy iceberg lettuce. Pro Tip: Add fries inside your wrap for that perfect crunch! . at Burger O'Clock . in DHA"
item_294,1,Burger O'Clock,menu_item,Fiery Wrap,Shawarma & Wraps,799.0,4.7,DHA,"Fiery Wrap . Shawarma & Wraps . Feel the fire in every bite! Crispy chicken tenders wrapped in a soft, warm tortilla, jalapenos, blend of zesty sauce and crunchy iceberg lettuce. Pro Tip: Make it extra loaded by adding fries inside your wrap. 
Crispy chicken chunks wrapped in a soft, warm tortilla, jalapenos, blend of zesty sauce and crunchy iceberg lettuce. . at Burger O'Clock . in DHA"
item_295,1,Burger O'Clock,menu_item,Peri Peri Wrap,Shawarma & Wraps,799.0,4.7,DHA,"Peri Peri Wrap . Shawarma & Wraps . This is no ordinary wrap! Its bold spicy and addictive! Crispy chicken tenders wrapped in a soft warm tortilla, peri peri sauce and crunchy iceberg lettuce. Pro Tip: Give your wrap that extra crunch by adding fries inside. . at Burger O'Clock . in DHA"
item_296,1,Burger O'Clock,menu_item,Smoky Wrap,Shawarma & Wraps,799.0,4.7,DHA,"Smoky Wrap . Shawarma & Wraps . A barbecue lovers dream! Crispy chicken tenders wrapped in a soft, warm tortilla, sautéed onions, chicken pepperoni, hickory smoky BBQ sauce and crunchy iceberg lettuce. Pro Tip: Load it with fries inside for a serious flavor boost. . at Burger O'Clock . in DHA"
item_297,1,Burger O'Clock,menu_item,Crunchos Burger,Burgers,1199.0,4.7,DHA,"Crunchos Burger . Burgers . 5 Oz juicy beef patty / grilled chicken fillet, 2 oz mozzarella cheese patty, cucumber pickles, jalapenos, nachos, chipotle mayo sauce and iceberg lettuce . at Burger O'Clock . in DHA"
item_298,1,Burger O'Clock,menu_item,Messy Meat Burger,Burgers,1199.0,4.7,DHA,"Messy Meat Burger . Burgers . 7 oz. Juicy smash beef patty, warm nacho cheese, chili in a tomato-based sauce, onion rings, jalapenos, pickles, dijon mayo sauce, and iceberg lettuce. . at Burger O'Clock . in DHA"
item_299,1,Burger O'Clock,menu_item,Philly Cheesesteak Burger,Burgers,1499.0,4.7,DHA,"Philly Cheesesteak Burger . Burgers . Philly Cheesesteak Burger! All the Philly feels, stacked in a burger! Smashed juicy beef patty, premium beef strips, sauteed onions, capsicum, pickles, cheese sauce, and a hint of Dijon  the perfect bite awaits! . at Burger O'Clock . in DHA"
item_300,1,Burger O'Clock,menu_item,Share The Goodness 1,Other,3099.0,4.7,DHA,"Share The Goodness 1 . Other . A feast to share! Enjoy any 2 burgers (except premium and breast fillet burger), 1 appetizer, 1 gourmet fries, and 2 soft drinks. - perfect for sharing! . at Burger O'Clock . in DHA"
item_301,1,Burger O'Clock,menu_item,Share The Goodness 2,Other,3699.0,4.7,DHA,"Share The Goodness 2 . Other . Share the love, Share the goodness! Any 2 premium burgers, 1 appetizer, 1 gourmet fries, and 2 soft drinks. . at Burger O'Clock . in DHA"
item_302,1,Burger O'Clock,menu_item,Beef Sliders,Other,2099.0,4.7,DHA,"Beef Sliders . Other . Slide into satisfaction with our beef slider box: Enjoy 4 juicy beef sliders, your choice of gourmet fries (wild or mayo garlic), and 2 soft drinks. . at Burger O'Clock . in DHA"
item_303,1,Burger O'Clock,menu_item,Chicken Sliders,Other,1899.0,4.7,DHA,"Chicken Sliders . Other . Enjoy a feast of flavors with our chicken sliders box: 4 sliders, 1 gourmet fries (wild or mayo garlic), and 2 soft drinks. . at Burger O'Clock . in DHA"
item_304,1,Burger O'Clock,menu_item,Party Box,Other,3599.0,4.7,DHA,"Party Box . Other . Make any gathering a hit with our party box: Enjoy 6 sliders (mix of beef and chicken), your choice of gourmet fries (wild or mayo garlic), 1 appetizer, and 3 soft drinks. Perfect for sharing and enjoying with friends! . at Burger O'Clock . in DHA"
item_305,1,Burger O'Clock,menu_item,Beef Cheese Burger With 350ml Drink,Deals & Combos,878.4,4.7,DHA,"Beef Cheese Burger With 350ml Drink . Deals & Combos . 4 oz. juicy smash beef patty, BOC secret sauce, cheese slice, and burger sauce. . at Burger O'Clock . in DHA"
item_306,1,Burger O'Clock,menu_item,Beef Mushroom Madness With 350ml Drink,Deals & Combos,958.4,4.7,DHA,"Beef Mushroom Madness With 350ml Drink . Deals & Combos . Smashed beef patty topped with imported mushrooms, perfectly sautéed onions, and melty cheese slice with BOC special mayo sauce. . at Burger O'Clock . in DHA"
item_307,1,Burger O'Clock,menu_item,Beef Old School With 350ml Drink,Deals & Combos,878.4,4.7,DHA,"Beef Old School With 350ml Drink . Deals & Combos . Taste the essence of nostalgia with 4 oz. juicy smash beef patty, BOC secret sauce, cheese slices, tomato slices, onions, pickled cucumber, and iceberg lettuce. . at Burger O'Clock . in DHA"
item_308,1,Burger O'Clock,menu_item,Beef Smoky Tang With 350ml Drink,Deals & Combos,918.4,4.7,DHA,"Beef Smoky Tang With 350ml Drink . Deals & Combos . Juicy smash beef patty, BOC secret sauce, cheese slice, beef pepperoni, sautéed onions, BBQ sauce, BBQ mayo sauce, and iceberg lettuce. . at Burger O'Clock . in DHA"
item_309,1,Burger O'Clock,menu_item,Grill Chicken Burger With 350ml Drink,Deals & Combos,878.4,4.7,DHA,"Grill Chicken Burger With 350ml Drink . Deals & Combos . Juicy grilled chicken fillet, BOC secret sauce, cheese slice, tomato slices, sautéed onions, chili garlic sauce, pickled cucumber, and iceberg lettuce. . at Burger O'Clock . in DHA"
item_310,1,Burger O'Clock,menu_item,Grill Chicken Smoky Tang With 350ml Drink,Deals & Combos,918.4,4.7,DHA,"Grill Chicken Smoky Tang With 350ml Drink . Deals & Combos . Juicy grilled chicken fillet, BOC secret sauce, cheese slice, chicken pepperoni, sautéed onions, BBQ sauce, BBQ mayo sauce, and iceberg lettuce. . at Burger O'Clock . in DHA"
item_311,1,Burger O'Clock,menu_item,Mayo Garlic Fries,Deals & Combos,439.2,4.7,DHA,"Mayo Garlic Fries . Deals & Combos . Unleash the garlic mayo magic on your fries seasoned with salt, topped with garlic mayo sauce, and a sprinkle of parsley. . at Burger O'Clock . in DHA"
item_312,1,Burger O'Clock,menu_item,Wild Fries,Deals & Combos,439.2,4.7,DHA,"Wild Fries . Deals & Combos . Take a bite on the wild side with our Fries with chipotle seasoning topped with spicy chipotle sauce, jalapenos, and a sprinkle of parsley. . at Burger O'Clock . in DHA"
item_313,1,Burger O'Clock,menu_item,Oklahoma Beef,Snacks,1299.0,4.7,DHA,"Oklahoma Beef . Snacks . 4 oz. X 2 juicy smash beef patties, 2 cheese slices, lots of onions, mayo sauce and Burger sauce. . at Burger O'Clock . in DHA"
item_314,1,Burger O'Clock,menu_item,The OG Beef,Snacks,1299.0,4.7,DHA,"The OG Beef . Snacks . 4 oz. X 2 juicy smash beef patties, 2 cheese slices, pickles, onions, mayo sauce, mustard sauce, ketchup and our special BOC secret sauce. . at Burger O'Clock . in DHA"
item_315,132,CHOP & GRILL,menu_item,Chicken Drum Sticks 3 PC,Sides & Appetizers,810.0,4.4,DHA,"Chicken Drum Sticks 3 PC . Sides & Appetizers . 🍗 Drum Sticks
Flavorful chicken drumsticks, perfectly seasoned and fried till crispy and delicious. . at CHOP & GRILL . in DHA"
item_316,132,CHOP & GRILL,menu_item,Cripsy Chicken Wings 6PC,Sides & Appetizers,950.0,4.4,DHA,"Cripsy Chicken Wings 6PC . Sides & Appetizers . 🍗 Crispy Wings
Golden fried wings with an irresistible crunch on the outside and juicy tenderness inside. . at CHOP & GRILL . in DHA"
item_317,132,CHOP & GRILL,menu_item,Stuffed Chicken Strips 2 PC,Sides & Appetizers,1190.0,4.4,DHA,"Stuffed Chicken Strips 2 PC . Sides & Appetizers . 🍗 Stuff Chicken Strips
Juicy chicken strips stuffed with rich flavors, coated in a crispy golden crust for the perfect bite. . at CHOP & GRILL . in DHA"
item_318,132,CHOP & GRILL,menu_item,BBQ Mix Platter,BBQ & Grill,2100.0,4.4,DHA,BBQ Mix Platter . BBQ & Grill . A delicious assortment featuring 2 pieces of chicken cheese kabab 2 pieces of chicken kabab half portion of tender malai boti half portion of flavorful tikka boti and 2 gola kabab. A perfect mix of grilled specialties cooked to perfection . at CHOP & GRILL . in DHA
item_319,132,CHOP & GRILL,menu_item,Chicken Boneless Boti 10 pc,BBQ & Grill,1200.0,4.4,DHA,Chicken Boneless Boti 10 pc . BBQ & Grill . Tender boneless chicken pieces marinated in traditional spices and grilled to perfection. Ten succulent pieces of juicy chicken boti with a smoky charred exterior and aromatic flavors ideal for any occasion . at CHOP & GRILL . in DHA
item_320,132,CHOP & GRILL,menu_item,Chicken Breast Piece,BBQ & Grill,600.0,4.4,DHA,Chicken Breast Piece . BBQ & Grill . Tender grilled chicken breast piece marinated in aromatic spices and cooked over charcoal to perfection. Juicy succulent and bursting with smoky flavors served hot with your choice of dipping sauces . at CHOP & GRILL . in DHA
item_321,132,CHOP & GRILL,menu_item,Chicken Cheese Boneless Boti - 12 Pieces,BBQ & Grill,1450.0,4.4,DHA,Chicken Cheese Boneless Boti - 12 Pieces . BBQ & Grill . Tender boneless chicken pieces marinated in aromatic spices and melted cheese grilled to perfection. Twelve succulent boti pieces with a smoky char and juicy interior served hot . at CHOP & GRILL . in DHA
item_322,132,CHOP & GRILL,menu_item,Chicken Cheese Kabab 6 pc,BBQ & Grill,1450.0,4.4,DHA,Chicken Cheese Kabab 6 pc . BBQ & Grill . Six succulent grilled chicken kababs infused with melted cheese creating a delicious smoky flavor. Tender marinated chicken pieces perfectly charred on the outside and juicy within paired with creamy cheese for an irresistible taste. . at CHOP & GRILL . in DHA
item_323,132,CHOP & GRILL,menu_item,Chicken Leg Piece,BBQ & Grill,550.0,4.4,DHA,Chicken Leg Piece . BBQ & Grill . Succulent chicken leg piece marinated in aromatic spices and grilled to perfection with a smoky charred exterior and tender juicy meat inside . at CHOP & GRILL . in DHA
item_324,132,CHOP & GRILL,menu_item,Chicken Malai Boti 10pc,BBQ & Grill,1200.0,4.4,DHA,Chicken Malai Boti 10pc . BBQ & Grill . Tender chicken pieces marinated in creamy malai yogurt and aromatic spices then grilled to perfection over charcoal A succulent Bar B Q favorite with a rich smoky flavor and soft juicy texture . at CHOP & GRILL . in DHA
item_325,132,CHOP & GRILL,menu_item,Chicken Seekh Kabab (6 Pc),BBQ & Grill,1200.0,4.4,DHA,"Chicken Seekh Kabab (6 Pc) . BBQ & Grill . Six succulent pieces of tender chicken marinated in aromatic spices and grilled to perfection over charcoal. Juicy and flavorful with a smoky char, served hot and ready to enjoy. . at CHOP & GRILL . in DHA"
item_326,132,CHOP & GRILL,menu_item,Chicken TWA Leg Piece,BBQ & Grill,800.0,4.4,DHA,Chicken TWA Leg Piece . BBQ & Grill . Tender chicken leg piece marinated in aromatic spices and grilled to perfection with a smoky charred exterior and juicy succulent meat inside . at CHOP & GRILL . in DHA
item_327,132,CHOP & GRILL,menu_item,Chicken Tikka Boti 12 pc,BBQ & Grill,1050.0,4.4,DHA,Chicken Tikka Boti 12 pc . BBQ & Grill . Tender boneless and bone chicken pieces marinated in aromatic spices and yogurt then grilled to perfection over charcoal A succulent Bar B Q specialty with a smoky flavor and juicy texture . at CHOP & GRILL . in DHA
item_328,132,CHOP & GRILL,menu_item,Chicken Twa Breast Pieces,BBQ & Grill,850.0,4.4,DHA,Chicken Twa Breast Pieces . BBQ & Grill . Succulent chicken breast pieces grilled to perfection with aromatic spices and smoky flavors. Tender juicy meat with a charred exterior served hot and ready to enjoy. . at CHOP & GRILL . in DHA
item_329,132,CHOP & GRILL,menu_item,Chicken Petty Burger,Burgers,400.0,4.4,DHA,"Chicken Petty Burger . Burgers . Juicy beef patty cooked to perfection, topped with fresh ingredients and flavorful sauces in a soft bun. . at CHOP & GRILL . in DHA"
item_330,132,CHOP & GRILL,menu_item,Crispy Chicken Burger,Burgers,540.0,4.4,DHA,Crispy Chicken Burger . Burgers . Golden fried crispy chicken fillet with fresh veggies and creamy sauce in a soft toasted bun. . at CHOP & GRILL . in DHA
item_331,132,CHOP & GRILL,menu_item,Double Crunch Burger,Burgers,810.0,4.4,DHA,"Double Crunch Burger . Burgers . Extra crispy double-layered chicken with crunchy texture, cheese, and bold sauces for a powerful bite. . at CHOP & GRILL . in DHA"
item_332,132,CHOP & GRILL,menu_item,Grilled Chicken Burger,Burgers,745.0,4.4,DHA,"Grilled Chicken Burger . Burgers . Perfectly grilled patty with smoky flavor, layered with fresh toppings and our signature sauces. . at CHOP & GRILL . in DHA"
item_333,132,CHOP & GRILL,menu_item,Stuffed Chicken Burger,Burgers,990.0,4.4,DHA,Stuffed Chicken Burger . Burgers . stuffed chicken burger with special cheese etc . at CHOP & GRILL . in DHA
item_334,132,CHOP & GRILL,menu_item,Beef Chowmein,Chinese,880.0,4.4,DHA,"Beef Chowmein . Chinese . 🥩 Beef Chowmein
Flavorful noodles tossed with tender beef and fresh veggies in classic Chinese sauces. . at CHOP & GRILL . in DHA"
item_335,132,CHOP & GRILL,menu_item,Black pepper chicken Half ( with rice),Chinese,740.0,4.4,DHA,"Black pepper chicken Half ( with rice) . Chinese . 🍗 Chicken Black Pepper with rice 
Juicy chicken cooked in a bold black pepper sauce with a rich, spicy aroma. . at CHOP & GRILL . in DHA"
item_336,132,CHOP & GRILL,menu_item,Black pepper chicken Large ( with rice),Chinese,1950.0,4.4,DHA,"Black pepper chicken Large ( with rice) . Chinese . 🍗 Chicken Black Pepper with rice
Juicy chicken cooked in a bold black pepper sauce with a rich, spicy aroma. . at CHOP & GRILL . in DHA"
item_337,132,CHOP & GRILL,menu_item,Cashew Nut Chicken Large (with rice),Chinese,2480.0,4.4,DHA,"Cashew Nut Chicken Large (with rice) . Chinese . Chicken Cashew Nut
Crunchy cashew nuts stir-fried with spices and chili sauce for a unique, rich taste. . at CHOP & GRILL . in DHA"
item_338,132,CHOP & GRILL,menu_item,Cashew Nut chicken Half (with rice),Chinese,960.0,4.4,DHA,"Cashew Nut chicken Half (with rice) . Chinese . Cashew Nut chicken
Crunchy cashew nuts stir-fried with spices and chili sauce for a unique, rich taste. . at CHOP & GRILL . in DHA"
item_339,132,CHOP & GRILL,menu_item,Chicken Chowmein,Chinese,740.0,4.4,DHA,"Chicken Chowmein . Chinese . 🍜 Chicken Chowmein
Stir-fried noodles with tender chicken, fresh vegetables, and savory sauces. . at CHOP & GRILL . in DHA"
item_340,132,CHOP & GRILL,menu_item,Chicken Manchurian Half,Chinese,820.0,4.4,DHA,"Chicken Manchurian Half . Chinese . 🥢 Manchurian
Soft, juicy pieces tossed in a rich, tangy Manchurian sauce with a perfect balance of spices. . at CHOP & GRILL . in DHA"
item_341,132,CHOP & GRILL,menu_item,Chicken Manchurian Large,Chinese,1950.0,4.4,DHA,"Chicken Manchurian Large . Chinese . 🥢 Manchurian
Soft, juicy pieces tossed in a rich, tangy Manchurian sauce with a perfect balance of spices. . at CHOP & GRILL . in DHA"
item_342,132,CHOP & GRILL,menu_item,Chicken Shaslik Half(with Rice),Chinese,820.0,4.4,DHA,"Chicken Shaslik Half(with Rice) . Chinese . Chicken Shashlik 
Tender chicken cubes cooked with onions, capsicum, and rich sauces for a sizzling taste. . at CHOP & GRILL . in DHA"
item_343,132,CHOP & GRILL,menu_item,Chicken Shaslik Large (with Rice),Chinese,1950.0,4.4,DHA,"Chicken Shaslik Large (with Rice) . Chinese . Chicken Shashlik 
Tender Chicken cubes cooked with onions, capsicum, and rich sauces for a sizzling taste. . at CHOP & GRILL . in DHA"
item_344,132,CHOP & GRILL,menu_item,Chicken chili Dry Half with rice,Chinese,890.0,4.4,DHA,"Chicken chili Dry Half with rice . Chinese . 🌶️ Chili Dry with rice
Stir-fried in bold chili sauce with peppers and spices for a spicy, flavorful dry dish. . at CHOP & GRILL . in DHA"
item_345,132,CHOP & GRILL,menu_item,Chicken chili Dry Large with rice,Chinese,2050.0,4.4,DHA,"Chicken chili Dry Large with rice . Chinese . 🌶️ Chili Dry with rice
Stir-fried in bold chili sauce with peppers and spices for a spicy, flavorful dry dish. . at CHOP & GRILL . in DHA"
item_346,132,CHOP & GRILL,menu_item,Masala Rice Half,Chinese,480.0,4.4,DHA,"Masala Rice Half . Chinese . 🍛 Masala Rice
A fusion of spices and rice cooked together for a rich, aromatic, and flavorful dish. . at CHOP & GRILL . in DHA"
item_347,132,CHOP & GRILL,menu_item,Masala Rice Large,Chinese,1280.0,4.4,DHA,"Masala Rice Large . Chinese . 🍛 Masala Rice
A fusion of spices and rice cooked together for a rich, aromatic, and flavorful dish. . at CHOP & GRILL . in DHA"
item_348,132,CHOP & GRILL,menu_item,Vegetable Rice Half,Chinese,390.0,4.4,DHA,"Vegetable Rice Half . Chinese . 🥦 Vegetable Rice
Steamed rice mixed with fresh vegetables and mild seasoning for a healthy option. . at CHOP & GRILL . in DHA"
item_349,132,CHOP & GRILL,menu_item,Vegetable Rice Large,Chinese,1150.0,4.4,DHA,"Vegetable Rice Large . Chinese . 🥦 Vegetable Rice
Steamed rice mixed with fresh vegetables and mild seasoning for a healthy option. . at CHOP & GRILL . in DHA"
item_350,132,CHOP & GRILL,menu_item,🍳 Egg Fried Rice Large,Chinese,1150.0,4.4,DHA,"🍳 Egg Fried Rice Large . Chinese . 🍳 Egg Fried Rice
Fragrant rice stir-fried with eggs, light spices, and classic Chinese flavors. . at CHOP & GRILL . in DHA"
item_351,132,CHOP & GRILL,menu_item,🍳 Egg Fried Rice Small,Chinese,390.0,4.4,DHA,"🍳 Egg Fried Rice Small . Chinese . 🍳 Egg Fried Rice
Fragrant rice stir-fried with eggs, light spices, and classic Chinese flavors. . at CHOP & GRILL . in DHA"
item_352,132,CHOP & GRILL,menu_item,French Fries,Sides & Appetizers,270.0,4.4,DHA,"French Fries . Sides & Appetizers . French Fries – Classic golden fries, perfectly crispy on the outside and soft on the inside. A timeless favorite! . at CHOP & GRILL . in DHA"
item_353,132,CHOP & GRILL,menu_item,Garlic Fries,Sides & Appetizers,410.0,4.4,DHA,"Garlic Fries . Sides & Appetizers . Garlic Fries – Tossed in rich garlic butter and herbs, these fries are aromatic, savory, and totally irresistible. . at CHOP & GRILL . in DHA"
item_354,132,CHOP & GRILL,menu_item,Loaded Fries,Sides & Appetizers,890.0,4.4,DHA,"Loaded Fries . Sides & Appetizers . Loaded Fries – Our golden fries smothered in melted cheese, crispy bacon bits, and drizzled with creamy sauces for an indulgent treat. . at CHOP & GRILL . in DHA"
item_355,132,CHOP & GRILL,menu_item,Masala Fries,Sides & Appetizers,410.0,4.4,DHA,"Masala Fries . Sides & Appetizers . Masala Fries – Spiced to perfection with our signature masala seasoning, giving every bite a flavorful, zesty kick. . at CHOP & GRILL . in DHA"
item_356,132,CHOP & GRILL,menu_item,Chicken Achari Karahi,Pakistani,1250.0,4.4,DHA,"Chicken Achari Karahi . Pakistani . Tender chicken cooked in a traditional karahi with aromatic achari spices, tangy pickles and fresh herbs, creating a rich, spicy and irresistible Pakistani classic . at CHOP & GRILL . in DHA"
item_357,132,CHOP & GRILL,menu_item,Chicken BBQ Karahi,Pakistani,1250.0,4.4,DHA,Chicken BBQ Karahi . Pakistani . Succulent chicken pieces cooked in a traditional karahi with smoky grilled flavors aromatic spices and fresh herbs served piping hot in an iron wok . at CHOP & GRILL . in DHA
item_358,132,CHOP & GRILL,menu_item,Chicken Karahi,Pakistani,1200.0,4.4,DHA,Chicken Karahi . Pakistani . Tender chicken pieces cooked in a traditional karahi with fresh tomatoes ginger garlic and aromatic spices served piping hot with naan bread . at CHOP & GRILL . in DHA
item_359,132,CHOP & GRILL,menu_item,White Chicken Karahi,Pakistani,1250.0,4.4,DHA,White Chicken Karahi . Pakistani . Tender chicken cooked in a creamy rich white gravy with aromatic spices and fresh ingredients. Smooth and delicious in every bite with traditional flavors . at CHOP & GRILL . in DHA
item_360,132,CHOP & GRILL,menu_item,🍝 Fettuccine Alfredo Pasta,Noodles & Pasta,1250.0,4.4,DHA,"🍝 Fettuccine Alfredo Pasta . Noodles & Pasta . 🍝 Fettuccine Alfredo Pasta
Classic fettuccine pasta in a creamy Alfredo sauce, perfectly blended with cheese for a rich and indulgent flavor. . at CHOP & GRILL . in DHA"
item_361,132,CHOP & GRILL,menu_item,🍝 Fettuccine Arrabiata Pasta,Noodles & Pasta,1250.0,4.4,DHA,"🍝 Fettuccine Arrabiata Pasta . Noodles & Pasta . 🍝 Fettuccine Arrabiata Pasta
Flat fettuccine noodles coated in a zesty, spicy tomato sauce for a rich and tangy taste. . at CHOP & GRILL . in DHA"
item_362,132,CHOP & GRILL,menu_item,🍝 Penne Alfredo Pasta,Noodles & Pasta,1380.0,4.4,DHA,"🍝 Penne Alfredo Pasta . Noodles & Pasta . 🍝 Penne Alfredo Pasta
Creamy Alfredo sauce tossed with penne pasta, loaded with rich flavors and a smooth, cheesy finish. . at CHOP & GRILL . in DHA"
item_363,132,CHOP & GRILL,menu_item,🍝 Penne Arrabiata Pasta Red sauce,Noodles & Pasta,1250.0,4.4,DHA,"🍝 Penne Arrabiata Pasta Red sauce . Noodles & Pasta . 🍝 Penne Arrabiata Pasta
Penne pasta cooked in a spicy Arrabiata sauce with bold tomato flavors and a hint of chili heat. . at CHOP & GRILL . in DHA"
item_364,132,CHOP & GRILL,menu_item,BBQ Sandwich,Sandwiches,612.0,4.4,DHA,"BBQ Sandwich . Sandwiches . Juicy, seasoned chicken layered with fresh veggies and creamy sauces in soft toasted bread. . at CHOP & GRILL . in DHA"
item_365,132,CHOP & GRILL,menu_item,Club Sandwich,Sandwiches,666.0,4.4,DHA,"Club Sandwich . Sandwiches . Triple-layered club sandwiches loaded with chicken, eggs, cheese, and fresh crunch. . at CHOP & GRILL . in DHA"
item_366,132,CHOP & GRILL,menu_item,grilled sandwich,Sandwiches,612.0,4.4,DHA,"grilled sandwich . Sandwiches . Golden grilled sandwiches with flavorful fillings, served hot and fresh. . at CHOP & GRILL . in DHA"
item_367,132,CHOP & GRILL,menu_item,Fresh Salad,Sides & Appetizers,80.0,4.4,DHA,Fresh Salad . Sides & Appetizers . Single Serving . at CHOP & GRILL . in DHA
item_368,132,CHOP & GRILL,menu_item,Podina Raita,Sides & Appetizers,80.0,4.4,DHA,Podina Raita . Sides & Appetizers . Single Serving . at CHOP & GRILL . in DHA
item_369,132,CHOP & GRILL,menu_item,Zeera Raita,Sides & Appetizers,100.0,4.4,DHA,Zeera Raita . Sides & Appetizers . Single Serving . at CHOP & GRILL . in DHA
item_370,132,CHOP & GRILL,menu_item,🔥 Chop & Grill Special Smash Burger,Burgers,1080.0,4.4,DHA,"🔥 Chop & Grill Special Smash Burger . Burgers . 🔥 Chop & Grill Special Smash Burger
Our signature smash burger featuring a juicy, perfectly smashed patty with a crispy seared crust, layered with melted cheese, fresh toppings, and our special house sauces in a soft toasted bun for an unforgettable flavor. . at CHOP & GRILL . in DHA"
item_371,132,CHOP & GRILL,menu_item,Chipotle Wrap,Shawarma & Wraps,549.0,4.4,DHA,"Chipotle Wrap . Shawarma & Wraps . Smoky chipotle-flavored chicken wrapped with fresh veggies, and creamy spicy sauce in a soft tortilla. . at CHOP & GRILL . in DHA"
item_372,132,CHOP & GRILL,menu_item,Chop & Grill Special Wrap,Shawarma & Wraps,675.0,4.4,DHA,"Chop & Grill Special Wrap . Shawarma & Wraps . A signature mix of grilled meat, fresh toppings, and our special house sauces, wrapped for a rich and satisfying taste. . at CHOP & GRILL . in DHA"
item_373,132,CHOP & GRILL,menu_item,Crunchy Wrap,Shawarma & Wraps,675.0,4.4,DHA,"Crunchy Wrap . Shawarma & Wraps . Crispy chicken with fresh lettuce, cheese, and creamy sauces, wrapped in a soft tortilla for a perfect crunch in every bite. . at CHOP & GRILL . in DHA"
item_374,133,Crumble - DHA,menu_item,Chocolate Chip Walnut,Desserts,350.0,5.0,DHA,Chocolate Chip Walnut . Desserts . Perfect harmony of chocolate chunks and roasted walnuts for a delightful texture . at Crumble - DHA . in DHA
item_375,133,Crumble - DHA,menu_item,Chocolate Filled Hazelnut,Desserts,390.0,5.0,DHA,"Chocolate Filled Hazelnut . Desserts . Decadent surprise oozing hazelnut filled center within a soft, gooey, chocolate chunk delight . at Crumble - DHA . in DHA"
item_376,133,Crumble - DHA,menu_item,Classic Chocolate Chip,Desserts,350.0,5.0,DHA,"Classic Chocolate Chip . Desserts . Irresistible blend of soft, gooey center and crisp exterior with luscious chocolate chunks . at Crumble - DHA . in DHA"
item_377,133,Crumble - DHA,menu_item,Double Chocolate,Desserts,350.0,5.0,DHA,Double Chocolate . Desserts . Deeply indulgent cookie with rich cocoa and generous chocolate chunks . at Crumble - DHA . in DHA
item_378,133,Crumble - DHA,menu_item,Hannan Staple,Desserts,390.0,5.0,DHA,"Hannan Staple . Desserts . A rich dark chocolate cookie filled with smooth white chocolate, crafted in collaboration with Abdul Hannan. Crisp at the edges, soft at the center, and finished with premium chocolate chunks. . at Crumble - DHA . in DHA"
item_379,133,Crumble - DHA,menu_item,Kunafa Double Chocolate,Desserts,390.0,5.0,DHA,Kunafa Double Chocolate . Desserts . A rich chocolate cookie topped with crispy golden kunafa and filled with a smooth double chocolate center. A perfect blend of crunchy kunafa texture and indulgent chocolate flavor in every bite. . at Crumble - DHA . in DHA
item_380,133,Crumble - DHA,menu_item,Lotus Lava,Desserts,390.0,5.0,DHA,Lotus Lava . Desserts . A rich Lotus-filled cookie featuring a caramel-based dough with white chocolate chunks. . at Crumble - DHA . in DHA
item_381,133,Crumble - DHA,menu_item,Midnight Cookies & Cream,Desserts,350.0,5.0,DHA,"Midnight Cookies & Cream . Desserts . A decadent cookies in cream base, packed with white and dark chocolate chips for the bite. . at Crumble - DHA . in DHA"
item_382,133,Crumble - DHA,menu_item,Peanut Butter Chocolate Chip,Desserts,350.0,5.0,DHA,"Peanut Butter Chocolate Chip . Desserts . Heavenly Combination Of JIFs Peanut Butter, Cocoa infused Dough, Chocolate Chunks, And Roasted peanuts . at Crumble - DHA . in DHA"
item_383,133,Crumble - DHA,menu_item,Red Velvet Cream Cheese,Desserts,390.0,5.0,DHA,Red Velvet Cream Cheese . Desserts . A bold red velvet cookie featuring a cream cheese-filled center and white chocolate chunks. . at Crumble - DHA . in DHA
item_384,133,Crumble - DHA,menu_item,Kiwi Green Apple,Other,550.0,5.0,DHA,"Kiwi Green Apple . Other . Crisp kiwi and green apple come together for a bold, refreshing hit that tastes way too clean to stop at one sip. . at Crumble - DHA . in DHA"
item_385,133,Crumble - DHA,menu_item,Passion Fruit Wild Berry,Other,550.0,5.0,DHA,Passion Fruit Wild Berry . Other . Tangy passion fruit meets wild berries in a dangerously addictive blend that refuses to be shared. . at Crumble - DHA . in DHA
item_386,133,Crumble - DHA,menu_item,Strawberry Watermelon Chiller,Other,550.0,5.0,DHA,"Strawberry Watermelon Chiller . Other . Sweet strawberries, watermelon and pure summer chaos blended into one refreshing sip. . at Crumble - DHA . in DHA"
item_387,133,Crumble - DHA,menu_item,Sukoon and Sunsets,Other,550.0,5.0,DHA,"Sukoon and Sunsets . Other . A vibrant fruit cooler combining peach and passion fruit with zesty lemon, gentle ginger notes, and sparkling soda. . at Crumble - DHA . in DHA"
item_388,133,Crumble - DHA,menu_item,Crumble Pot Classic,Other,2950.0,5.0,DHA,"Crumble Pot Classic . Other . A rich, buttery Classic cookie baked fresh inside a premium metal tin, layered with 2–3 sheets of butter paper for perfect texture and moisture retention. This warm, aromatic dessert is crafted as a premium Ramadan gifting item soft, indulgent, and made to enjoy straight from the pot. Presented in Crumble’s signature packaging for a luxurious experience. . at Crumble - DHA . in DHA"
item_389,133,Crumble - DHA,menu_item,Cookies N Cream Shake,Desserts,570.0,5.0,DHA,"Cookies N Cream Shake . Desserts . Crushed Oreos mixed into vanilla ice cream, topped with chocolate syrup for that perfect cookie-chocolate combo. . at Crumble - DHA . in DHA"
item_390,133,Crumble - DHA,menu_item,Lotus Shake,Desserts,570.0,5.0,DHA,"Lotus Shake . Desserts . Creamy vanilla ice cream blended with Lotus spread, topped with Lotus syrup for a rich, caramelized finish. . at Crumble - DHA . in DHA"
item_391,133,Crumble - DHA,menu_item,Strawberry Shake,Desserts,570.0,5.0,DHA,"Strawberry Shake . Desserts . Fresh strawberry pure blended with ice cream, finished with strawberry syrup for a fruity burst. . at Crumble - DHA . in DHA"
item_392,133,Crumble - DHA,menu_item,Vanilla Shake,Desserts,570.0,5.0,DHA,"Vanilla Shake . Desserts . A classic blend of premium vanilla ice cream, smooth and nostalgic in every sip. . at Crumble - DHA . in DHA"
item_393,134,Daily Deli CO -DHA,menu_item,Fried Chicken Fingers,Sides & Appetizers,650.0,4.8,DHA,Fried Chicken Fingers . Sides & Appetizers . 4 Pieces of long cut crispy fried tender chicken served with salted fries . at Daily Deli CO -DHA . in DHA
item_394,134,Daily Deli CO -DHA,menu_item,Mozzarella Cheese Sticks,Sides & Appetizers,470.0,4.8,DHA,"Mozzarella Cheese Sticks . Sides & Appetizers . 4 Pieces of fried mozzarella cheese sticks, crispy on the outside and stretchy and gooey on the inside . at Daily Deli CO -DHA . in DHA"
item_395,134,Daily Deli CO -DHA,menu_item,Coke,Beverages,135.0,4.8,DHA,"Coke . Beverages . The Bold, Refreshing & STRONG cola! Click to add to your meal. . at Daily Deli CO -DHA . in DHA"
item_396,134,Daily Deli CO -DHA,menu_item,Fanta,Beverages,135.0,4.8,DHA,"Fanta . Beverages . A vibrant, tongue-tingling, and Flavorful Orange refreshment! Click to add to your meal. . at Daily Deli CO -DHA . in DHA"
item_397,134,Daily Deli CO -DHA,menu_item,Peach Iced Tea,Beverages,280.0,4.8,DHA,Peach Iced Tea . Beverages . Chilled Peach Iced Tea . at Daily Deli CO -DHA . in DHA
item_398,134,Daily Deli CO -DHA,menu_item,Sprite,Beverages,135.0,4.8,DHA,Sprite . Beverages . A Light & Refreshing Lemon-lime soda to pair with your food! Click to add to your meal. . at Daily Deli CO -DHA . in DHA
item_399,134,Daily Deli CO -DHA,menu_item,Water,Beverages,100.0,4.8,DHA,Water . Beverages . 500 ml . at Daily Deli CO -DHA . in DHA
item_400,134,Daily Deli CO -DHA,menu_item,GLAZED ON (BEEF),Burgers,770.0,4.8,DHA,"GLAZED ON (BEEF) . Burgers . Buttered Buns, Mayonnaise, Sweetened Glazed Onions . at Daily Deli CO -DHA . in DHA"
item_401,134,Daily Deli CO -DHA,menu_item,SWISS MUSHROOM (BEEF),Burgers,880.0,4.8,DHA,"SWISS MUSHROOM (BEEF) . Burgers . Buttered Buns, Swiss Cheese Slice, Mushroom Sauce & Sauteed Mushrooms . at Daily Deli CO -DHA . in DHA"
item_402,134,Daily Deli CO -DHA,menu_item,THE SIMPLE BURGER (BEEF),Burgers,740.0,4.8,DHA,"THE SIMPLE BURGER (BEEF) . Burgers . Buttered Buns, Patty with Cheese (Served with Spicy Mayo) . at Daily Deli CO -DHA . in DHA"
item_403,134,Daily Deli CO -DHA,menu_item,THE SUNNY ROCKET (BEEF),Burgers,920.0,4.8,DHA,"THE SUNNY ROCKET (BEEF) . Burgers . Buttered Buns, Rocket Leaves, Pickled Onions, Sundried Tomatoes & Chipotle Sauce . at Daily Deli CO -DHA . in DHA"
item_404,134,Daily Deli CO -DHA,menu_item,Curly Fries Large,Sides & Appetizers,470.0,4.8,DHA,Curly Fries Large . Sides & Appetizers . Crispy and Addictive . at Daily Deli CO -DHA . in DHA
item_405,134,Daily Deli CO -DHA,menu_item,Garlic Masala Fries,Sides & Appetizers,420.0,4.8,DHA,Garlic Masala Fries . Sides & Appetizers . The crispiest fries sprinkled with the right combination of garlic masala . at Daily Deli CO -DHA . in DHA
item_406,134,Daily Deli CO -DHA,menu_item,Garlic Mayo Fries,Sides & Appetizers,410.0,4.8,DHA,"Garlic Mayo Fries . Sides & Appetizers . Freshly cut, deep fried and topped with garlic mayo . at Daily Deli CO -DHA . in DHA"
item_407,134,Daily Deli CO -DHA,menu_item,Masala Fries,Sides & Appetizers,330.0,4.8,DHA,Masala Fries . Sides & Appetizers . Masala fries that will be making you come back for more . at Daily Deli CO -DHA . in DHA
item_408,134,Daily Deli CO -DHA,menu_item,Plain Fries,Sides & Appetizers,320.0,4.8,DHA,Plain Fries . Sides & Appetizers . Crinkle cut salted fries . at Daily Deli CO -DHA . in DHA
item_409,134,Daily Deli CO -DHA,menu_item,Waffle Fries Large,Sides & Appetizers,470.0,4.8,DHA,Waffle Fries Large . Sides & Appetizers . Crispy Criss Cut Fries . at Daily Deli CO -DHA . in DHA
item_410,134,Daily Deli CO -DHA,menu_item,Little Meal - Chicken Burger,Other,800.0,4.8,DHA,Little Meal - Chicken Burger . Other . A Tasty chicken burger with crunchy veggies & mayonnaise and surprise toy . at Daily Deli CO -DHA . in DHA
item_411,134,Daily Deli CO -DHA,menu_item,Little Meal - Chicken Nuggets,Other,800.0,4.8,DHA,Little Meal - Chicken Nuggets . Other . 5 Pcs tender chicken nuggets with fries & drink of your choice and surprise toy . at Daily Deli CO -DHA . in DHA
item_412,134,Daily Deli CO -DHA,menu_item,Little Meal - Chicken Strips,Other,800.0,4.8,DHA,"Little Meal - Chicken Strips . Other . 3 pcs of juicy and tender meat covered with a crispy coating and fries, choice of your drink and surprise Toy . at Daily Deli CO -DHA . in DHA"
item_413,134,Daily Deli CO -DHA,menu_item,Cheesy Mushroom Burger,Burgers,800.0,4.8,DHA,"Cheesy Mushroom Burger . Burgers . Patty with cheese, butter sauteed mushrooms and onions . at Daily Deli CO -DHA . in DHA"
item_414,134,Daily Deli CO -DHA,menu_item,DD Classic Burger,Burgers,800.0,4.8,DHA,"DD Classic Burger . Burgers . Lettuce, Tomato, Onions and Mayonnaise with Cheese on a patty . at Daily Deli CO -DHA . in DHA"
item_415,134,Daily Deli CO -DHA,menu_item,DD Signature Burger,Burgers,800.0,4.8,DHA,"DD Signature Burger . Burgers . Original daily deli style juicy burger with a tender patty along with leaf lettuce, tomatoes, mustard, pickled cucumbers and sweet relish . at Daily Deli CO -DHA . in DHA"
item_416,134,Daily Deli CO -DHA,menu_item,DD Smokey House Burger,Burgers,800.0,4.8,DHA,"DD Smokey House Burger . Burgers . Patty with cheese, fried Onion Rings, Bologna slices and Smokehouse sauce . at Daily Deli CO -DHA . in DHA"
item_417,134,Daily Deli CO -DHA,menu_item,Double Cheese with American Sauce,Burgers,1000.0,4.8,DHA,"Double Cheese with American Sauce . Burgers . Our own creation of a classic old school American burger. Pickles, American Sauce and 2 slices of melted cheddar cheese . at Daily Deli CO -DHA . in DHA"
item_418,134,Daily Deli CO -DHA,menu_item,Tangy Jalapeno Burger,Burgers,800.0,4.8,DHA,"Tangy Jalapeno Burger . Burgers . Patty with cheese, Jalapenos, Tomato and Lettuce with Tangy Sauce . at Daily Deli CO -DHA . in DHA"
item_419,134,Daily Deli CO -DHA,menu_item,The BBQ Burger,Burgers,800.0,4.8,DHA,"The BBQ Burger . Burgers . Leaf Lettuce, Tomato, Fried Onion Rings and BBQ Sauce served with Cheese on a patty . at Daily Deli CO -DHA . in DHA"
item_420,134,Daily Deli CO -DHA,menu_item,Chicken Alfredo Pasta,Noodles & Pasta,1280.0,4.8,DHA,Chicken Alfredo Pasta . Noodles & Pasta . Creamy and flavorful white alfredo past with just the perfect balance of spices and herbs . at Daily Deli CO -DHA . in DHA
item_421,134,Daily Deli CO -DHA,menu_item,Molten Lava Burger,Other,1200.0,4.8,DHA,Molten Lava Burger . Other . Our all time Customer favorite. Patty with cheese topped with 3 x mozzarella cheese sticks. You can select the flavor of your choice. . at Daily Deli CO -DHA . in DHA
item_422,134,Daily Deli CO -DHA,menu_item,The Messi,Other,1170.0,4.8,DHA,"The Messi . Other . 2 x 100gms patty with cheese, Jalapenos, Iceberg, Salsa Sauce and Spicy Sauce on buns. . at Daily Deli CO -DHA . in DHA"
item_423,134,Daily Deli CO -DHA,menu_item,Chocolate Banana Shake,Beverages,595.0,4.8,DHA,Chocolate Banana Shake . Beverages . The perfect blend of healthy and sweet . at Daily Deli CO -DHA . in DHA
item_424,134,Daily Deli CO -DHA,menu_item,Chocolate Overdoze Shake,Beverages,595.0,4.8,DHA,Chocolate Overdoze Shake . Beverages . Give yourself a mid-day energy rush with this all time favorite shake . at Daily Deli CO -DHA . in DHA
item_425,134,Daily Deli CO -DHA,menu_item,Cold Coffee Shake,Beverages,595.0,4.8,DHA,"Cold Coffee Shake . Beverages . Freshly brewed coffee, blended with milk . at Daily Deli CO -DHA . in DHA"
item_426,134,Daily Deli CO -DHA,menu_item,Hersheys Chocolate Shake,Beverages,595.0,4.8,DHA,Hersheys Chocolate Shake . Beverages . A milkshake beloved and enjoyed by all ages . at Daily Deli CO -DHA . in DHA
item_427,134,Daily Deli CO -DHA,menu_item,Oreo Shake,Beverages,595.0,4.8,DHA,"Oreo Shake . Beverages . All time favorite duo, cookies and milk, blended together with the perfect balance . at Daily Deli CO -DHA . in DHA"
item_428,134,Daily Deli CO -DHA,menu_item,Strawberry Banana Shake,Beverages,595.0,4.8,DHA,"Strawberry Banana Shake . Beverages . Naturally sweetened by the humble strawberry and banana, this shake is both healthy and tasty . at Daily Deli CO -DHA . in DHA"
item_429,134,Daily Deli CO -DHA,menu_item,Chicken Thunder Fillet,Other,825.0,4.8,DHA,"Chicken Thunder Fillet . Other . Cheese-filled burger with flavorful chicken patty made of minced meat coated in bread crumbs, topped with crunchy veggies . at Daily Deli CO -DHA . in DHA"
item_430,135,Domino's Pizza - DHA H Block,menu_item,Cheesy Garlic Bread,Other,600.0,4.8,DHA,Cheesy Garlic Bread . Other . Freshly-baked garlic bread topped with herbs & cheese . at Domino's Pizza - DHA H Block . in DHA
item_431,135,Domino's Pizza - DHA H Block,menu_item,Garlic Bread Sticks,Other,400.0,4.8,DHA,Garlic Bread Sticks . Other . Freshly baked garlic bread sticks topped with oregano. . at Domino's Pizza - DHA H Block . in DHA
item_432,135,Domino's Pizza - DHA H Block,menu_item,Parmesan Bread Bites,Other,600.0,4.8,DHA,"Parmesan Bread Bites . Other . Freshly baked dough bites with garlic paste, topped with parmesan cheese, and served with marinara dipping sauce . at Domino's Pizza - DHA H Block . in DHA"
item_433,135,Domino's Pizza - DHA H Block,menu_item,12 Pcs Chicken Kickers,Meat Mains,1150.0,4.8,DHA,"12 Pcs Chicken Kickers . Meat Mains . 12 pieces of 100% chicken breast, lightly coated with spicy golden crumbing, served with a dip of your choice . at Domino's Pizza - DHA H Block . in DHA"
item_434,135,Domino's Pizza - DHA H Block,menu_item,12 Pcs Chicken Wings,Meat Mains,1150.0,4.8,DHA,"12 Pcs Chicken Wings . Meat Mains . 12 Pieces of scrumptious oven baked spicy wings available in Mild, BBQ, Hot and Peri Peri flavors . at Domino's Pizza - DHA H Block . in DHA"
item_435,135,Domino's Pizza - DHA H Block,menu_item,4 Pcs Chicken Kickers,Meat Mains,450.0,4.8,DHA,"4 Pcs Chicken Kickers . Meat Mains . 4 pieces of 100% chicken breast, lightly coated with spicy golden crumbing, served with a dip of your choice . at Domino's Pizza - DHA H Block . in DHA"
item_436,135,Domino's Pizza - DHA H Block,menu_item,4 Pcs Chicken Strips,Meat Mains,600.0,4.8,DHA,4 Pcs Chicken Strips . Meat Mains . Enjoy 4 strips of our oven-baked crispy chicken with a dip of your choice . at Domino's Pizza - DHA H Block . in DHA
item_437,135,Domino's Pizza - DHA H Block,menu_item,4 Pcs Chicken Wings,Meat Mains,450.0,4.8,DHA,"4 Pcs Chicken Wings . Meat Mains . Oven baked spicy wings, tossed with sauce of your choice . at Domino's Pizza - DHA H Block . in DHA"
item_438,135,Domino's Pizza - DHA H Block,menu_item,6 Pcs Chicken Kickers,Meat Mains,650.0,4.8,DHA,"6 Pcs Chicken Kickers . Meat Mains . 6 pieces of 100% chicken breast, lightly coated with spicy golden crumbing, served with a dip of your choice . at Domino's Pizza - DHA H Block . in DHA"
item_439,135,Domino's Pizza - DHA H Block,menu_item,6 Pcs Chicken Strips,Meat Mains,750.0,4.8,DHA,6 Pcs Chicken Strips . Meat Mains . Enjoy 6 strips of our oven-baked crispy chicken with a dip of your choice . at Domino's Pizza - DHA H Block . in DHA
item_440,135,Domino's Pizza - DHA H Block,menu_item,6 Pcs Chicken Wings,Meat Mains,650.0,4.8,DHA,"6 Pcs Chicken Wings . Meat Mains . 6 Pieces of scrumptious oven baked spicy wings available in Mild, BBQ, Hot and Peri Peri flavors . at Domino's Pizza - DHA H Block . in DHA"
item_441,135,Domino's Pizza - DHA H Block,menu_item,8 Pcs Chicken Strips,Meat Mains,1150.0,4.8,DHA,8 Pcs Chicken Strips . Meat Mains . Enjoy 8 strips of our oven-baked crispy chicken with two dips of your choice . at Domino's Pizza - DHA H Block . in DHA
item_442,135,Domino's Pizza - DHA H Block,menu_item,Chicken and Chips,Meat Mains,850.0,4.8,DHA,Chicken and Chips . Meat Mains . Enjoy 5 strips of our oven-baked crispy chicken with fries combo. . at Domino's Pizza - DHA H Block . in DHA
item_443,135,Domino's Pizza - DHA H Block,menu_item,Alfredo Pizza,Desserts,650.0,4.8,DHA,"Alfredo Pizza . Desserts . Alfredo sauce, oregano, cheddar cheese, marinated grilled chicken, mushrooms and mozzarella cheese . at Domino's Pizza - DHA H Block . in DHA"
item_444,135,Domino's Pizza - DHA H Block,menu_item,Chicken Fajita,Desserts,650.0,4.8,DHA,"Chicken Fajita . Desserts . Pizza sauce base, mozzarella cheese, spicy chicken chunks, onions, and green peppers. . at Domino's Pizza - DHA H Block . in DHA"
item_445,135,Domino's Pizza - DHA H Block,menu_item,Chicken Tikka,Desserts,650.0,4.8,DHA,"Chicken Tikka . Desserts . Pizza sauce base, mozzarella cheese, chicken tikka chunks and onions. . at Domino's Pizza - DHA H Block . in DHA"
item_446,135,Domino's Pizza - DHA H Block,menu_item,Creamy Tikka,Desserts,650.0,4.8,DHA,"Creamy Tikka . Desserts . Cheese mayo base, mozzarella cheese, chicken tikka chunks, onions and jalapenos. . at Domino's Pizza - DHA H Block . in DHA"
item_447,135,Domino's Pizza - DHA H Block,menu_item,Only Veggie,Desserts,650.0,4.8,DHA,"Only Veggie . Desserts . Pizza sauce base, mozzarella cheese, onions, green peppers, mushrooms and black olives . at Domino's Pizza - DHA H Block . in DHA"
item_448,135,Domino's Pizza - DHA H Block,menu_item,Secret Sauce Boss,Desserts,650.0,4.8,DHA,"Secret Sauce Boss . Desserts . Secret Sauce Base, Mozzarella Cheese, Tex Mex Chicken, Olives, Capsicum, Onions, and topped with our Secret Sauce. . at Domino's Pizza - DHA H Block . in DHA"
item_449,135,Domino's Pizza - DHA H Block,menu_item,Super Cheese,Desserts,650.0,4.8,DHA,Super Cheese . Desserts . Pizza sauce base with cheese and cheese some more cheese. . at Domino's Pizza - DHA H Block . in DHA
item_450,135,Domino's Pizza - DHA H Block,menu_item,Alfredo Pizza Roll + Dip,Shawarma & Wraps,500.0,4.8,DHA,"Alfredo Pizza Roll + Dip . Shawarma & Wraps . Alfredo sauce, oregano, cheddar cheese, mozzarella cheese, marinated grilled chicken and mushrooms wrapped in our oven-baked, always fresh dough. . at Domino's Pizza - DHA H Block . in DHA"
item_451,135,Domino's Pizza - DHA H Block,menu_item,Chicken Seekh Kebab Pizza Roll + Dip,Shawarma & Wraps,500.0,4.8,DHA,"Chicken Seekh Kebab Pizza Roll + Dip . Shawarma & Wraps . Pizza sauce, mozzarella cheese, chicken seekh kebab, green chilies, onions, and ranch sauce wrapped in our oven baked, always fresh dough. . at Domino's Pizza - DHA H Block . in DHA"
item_452,135,Domino's Pizza - DHA H Block,menu_item,Chicken Tikka Pizza Roll + Dip,Shawarma & Wraps,500.0,4.8,DHA,"Chicken Tikka Pizza Roll + Dip . Shawarma & Wraps . Pizza sauce, mozzarella cheese, chicken tikka chunks, onions, and dynamite sauce wrapped in our oven baked, always fresh dough. . at Domino's Pizza - DHA H Block . in DHA"
item_453,135,Domino's Pizza - DHA H Block,menu_item,Only Veggie Pizza Roll + Dip,Shawarma & Wraps,500.0,4.8,DHA,"Only Veggie Pizza Roll + Dip . Shawarma & Wraps . Pizza sauce, mozzarella cheese, onions, green peppers, mushrooms, olives and cheese mayo wrapped in our oven baked always fresh dough. . at Domino's Pizza - DHA H Block . in DHA"
item_454,135,Domino's Pizza - DHA H Block,menu_item,Peri Peri Pizza Roll + Dip,Shawarma & Wraps,500.0,4.8,DHA,"Peri Peri Pizza Roll + Dip . Shawarma & Wraps . Cheese mayo, mozzarella cheese, spicy chicken chunks, onions, green peppers and Peri Peri sauce wrapped in our oven baked, always fresh dough. . at Domino's Pizza - DHA H Block . in DHA"
item_455,135,Domino's Pizza - DHA H Block,menu_item,Secret Sauce Boss Pizza Roll + Dip,Shawarma & Wraps,500.0,4.8,DHA,"Secret Sauce Boss Pizza Roll + Dip . Shawarma & Wraps . Secret sauce, mozzarella cheese, Tex Mex chicken, olives, capsicum, and onions wrapped in our oven baked, always fresh dough. . at Domino's Pizza - DHA H Block . in DHA"
item_456,135,Domino's Pizza - DHA H Block,menu_item,Small Pizza Deal in Rs. 550,Deals & Combos,550.0,4.8,DHA,Small Pizza Deal in Rs. 550 . Deals & Combos . Rs. 100 Rs Off on Small Pizza . at Domino's Pizza - DHA H Block . in DHA
item_457,135,Domino's Pizza - DHA H Block,menu_item,Small Pizzas Special,Deals & Combos,850.0,4.8,DHA,Small Pizzas Special . Deals & Combos . 2 Small Pizzas . at Domino's Pizza - DHA H Block . in DHA
item_458,135,Domino's Pizza - DHA H Block,menu_item,Strong Pepsi Deal,Deals & Combos,550.0,4.8,DHA,Strong Pepsi Deal . Deals & Combos . Meltz + 345ml Drink. . at Domino's Pizza - DHA H Block . in DHA
item_459,135,Domino's Pizza - DHA H Block,menu_item,Too Loaded For Two,Deals & Combos,1350.0,4.8,DHA,Too Loaded For Two . Deals & Combos . 2 Pizza rolls (Any flavor) + 2 drinks + 1 lave cake. . at Domino's Pizza - DHA H Block . in DHA
item_460,135,Domino's Pizza - DHA H Block,menu_item,Choco Bread,Desserts,400.0,4.8,DHA,Choco Bread . Desserts . Freshly-baked bread covered with chocolate & sprinkled with icing sugar . at Domino's Pizza - DHA H Block . in DHA
item_461,135,Domino's Pizza - DHA H Block,menu_item,Choco Bread Twists,Desserts,400.0,4.8,DHA,Choco Bread Twists . Desserts . Freshly baked twisted  soft bread served with Chocolate DIP . at Domino's Pizza - DHA H Block . in DHA
item_462,135,Domino's Pizza - DHA H Block,menu_item,Choco Crunchy Fold,Desserts,600.0,4.8,DHA,"Choco Crunchy Fold . Desserts . A thick layer of chocolate and cream cheese topped with cinnamon, all packed in a crispy crunchy baked bread and served with vanilla icing. . at Domino's Pizza - DHA H Block . in DHA"
item_463,135,Domino's Pizza - DHA H Block,menu_item,Cinna Bites,Desserts,400.0,4.8,DHA,Cinna Bites . Desserts . Bite sized oven baked bread topped with cinnamon & served with vanilla icing. . at Domino's Pizza - DHA H Block . in DHA
item_464,135,Domino's Pizza - DHA H Block,menu_item,Lava Cake - 1 Pc,Desserts,400.0,4.8,DHA,"Lava Cake - 1 Pc . Desserts . Milk chocolate cake with a molten center, dusted with icing sugar . at Domino's Pizza - DHA H Block . in DHA"
item_465,135,Domino's Pizza - DHA H Block,menu_item,Lava Cake - 2 Pcs,Desserts,750.0,4.8,DHA,"Lava Cake - 2 Pcs . Desserts . Milk chocolate cake with a molten center, dusted with icing sugar . at Domino's Pizza - DHA H Block . in DHA"
item_466,135,Domino's Pizza - DHA H Block,menu_item,Lava Cake - 3 Pcs,Desserts,1100.0,4.8,DHA,"Lava Cake - 3 Pcs . Desserts . Milk chocolate cake with a molten center, dusted with icing sugar . at Domino's Pizza - DHA H Block . in DHA"
item_467,135,Domino's Pizza - DHA H Block,menu_item,Pop Dots,Desserts,400.0,4.8,DHA,"Pop Dots . Desserts . Eight chocolate-filled, crunchy treats sprinkled with icing sugar . at Domino's Pizza - DHA H Block . in DHA"
item_468,135,Domino's Pizza - DHA H Block,menu_item,BBQ,Add-ons & Condiments,85.0,4.8,DHA,BBQ . Add-ons & Condiments . BBQ Sauce . at Domino's Pizza - DHA H Block . in DHA
item_469,135,Domino's Pizza - DHA H Block,menu_item,Chili Garlic,Add-ons & Condiments,50.0,4.8,DHA,Chili Garlic . Add-ons & Condiments . Big Dip Chilli garlic . at Domino's Pizza - DHA H Block . in DHA
item_470,135,Domino's Pizza - DHA H Block,menu_item,Condiment Bag,Add-ons & Condiments,25.0,4.8,DHA,"Condiment Bag . Add-ons & Condiments . Ketchup, chili garlic sauce, and chili flakes sachets served. . at Domino's Pizza - DHA H Block . in DHA"
item_471,135,Domino's Pizza - DHA H Block,menu_item,Garlic Mayo,Add-ons & Condiments,85.0,4.8,DHA,Garlic Mayo . Add-ons & Condiments . Garlic Mayo Sauce . at Domino's Pizza - DHA H Block . in DHA
item_472,135,Domino's Pizza - DHA H Block,menu_item,Hot,Add-ons & Condiments,85.0,4.8,DHA,Hot . Add-ons & Condiments . Chili Hot Sauce . at Domino's Pizza - DHA H Block . in DHA
item_473,135,Domino's Pizza - DHA H Block,menu_item,Ketchup,Add-ons & Condiments,50.0,4.8,DHA,Ketchup . Add-ons & Condiments . Big Dip Ketchup . at Domino's Pizza - DHA H Block . in DHA
item_474,135,Domino's Pizza - DHA H Block,menu_item,Marinara,Add-ons & Condiments,85.0,4.8,DHA,Marinara . Add-ons & Condiments . Traditional Marinara Sauce . at Domino's Pizza - DHA H Block . in DHA
item_475,135,Domino's Pizza - DHA H Block,menu_item,Peri Peri,Add-ons & Condiments,85.0,4.8,DHA,Peri Peri . Add-ons & Condiments . Peri Peri Sauce . at Domino's Pizza - DHA H Block . in DHA
item_476,135,Domino's Pizza - DHA H Block,menu_item,Ranch,Add-ons & Condiments,85.0,4.8,DHA,Ranch . Add-ons & Condiments . Classic Ranch Sauce . at Domino's Pizza - DHA H Block . in DHA
item_477,135,Domino's Pizza - DHA H Block,menu_item,7UP,Beverages,130.0,4.8,DHA,7UP . Beverages . 7UP . at Domino's Pizza - DHA H Block . in DHA
item_478,135,Domino's Pizza - DHA H Block,menu_item,7UP MINT LEMONADE,Beverages,130.0,4.8,DHA,7UP MINT LEMONADE . Beverages . MINT LEMONADE . at Domino's Pizza - DHA H Block . in DHA
item_479,135,Domino's Pizza - DHA H Block,menu_item,AQUAFINA,Beverages,50.0,4.8,DHA,AQUAFINA . Beverages . AQUAFINA . at Domino's Pizza - DHA H Block . in DHA
item_480,135,Domino's Pizza - DHA H Block,menu_item,MIRINDA,Beverages,130.0,4.8,DHA,MIRINDA . Beverages . MIRINDA . at Domino's Pizza - DHA H Block . in DHA
item_481,135,Domino's Pizza - DHA H Block,menu_item,MOUNTAIN DEW,Beverages,130.0,4.8,DHA,MOUNTAIN DEW . Beverages . Mountain Dew . at Domino's Pizza - DHA H Block . in DHA
item_482,135,Domino's Pizza - DHA H Block,menu_item,PEPSI,Beverages,130.0,4.8,DHA,PEPSI . Beverages . PEPSI . at Domino's Pizza - DHA H Block . in DHA
item_483,135,Domino's Pizza - DHA H Block,menu_item,PEPSI ZERO,Beverages,130.0,4.8,DHA,PEPSI ZERO . Beverages . Pepsi Zero . at Domino's Pizza - DHA H Block . in DHA
item_484,135,Domino's Pizza - DHA H Block,menu_item,STING,Beverages,150.0,4.8,DHA,STING . Beverages . STING . at Domino's Pizza - DHA H Block . in DHA
item_485,135,Domino's Pizza - DHA H Block,menu_item,Epic Double Large,Deals & Combos,3400.0,4.8,DHA,Epic Double Large . Deals & Combos . 2 Large Classic Pizzas + FREE 1.5 LTR Drink . at Domino's Pizza - DHA H Block . in DHA
item_486,135,Domino's Pizza - DHA H Block,menu_item,Epic Large,Deals & Combos,1800.0,4.8,DHA,Epic Large . Deals & Combos . 1 Large Pizza and 1.5 Ltr Drink. . at Domino's Pizza - DHA H Block . in DHA
item_487,135,Domino's Pizza - DHA H Block,menu_item,Epic Double Medium,Deals & Combos,2500.0,4.8,DHA,Epic Double Medium . Deals & Combos . 2 Medium Classic Pizzas + FREE 1.5 LTR Drink​ . at Domino's Pizza - DHA H Block . in DHA
item_488,135,Domino's Pizza - DHA H Block,menu_item,Epic Medium,Deals & Combos,1350.0,4.8,DHA,Epic Medium . Deals & Combos . 1 Medium Pizza and 2 Small Drinks. . at Domino's Pizza - DHA H Block . in DHA
item_489,135,Domino's Pizza - DHA H Block,menu_item,American BBQ Chicken,Desserts,750.0,4.8,DHA,"American BBQ Chicken . Desserts . BBQ sauce base, mozzarella cheese, spicy chicken chunks and onions. . at Domino's Pizza - DHA H Block . in DHA"
item_490,135,Domino's Pizza - DHA H Block,menu_item,Chicken Seekh Kebab,Desserts,750.0,4.8,DHA,"Chicken Seekh Kebab . Desserts . Pizza sauce base, mozzarella cheese, chicken seekh kebab, green chilies and onions topped with ranch sauce. . at Domino's Pizza - DHA H Block . in DHA"
item_491,135,Domino's Pizza - DHA H Block,menu_item,Creamy Peri Peri,Desserts,750.0,4.8,DHA,"Creamy Peri Peri . Desserts . Cheese mayo base, mozzarella cheese, spicy chicken chunks, green peppers, onions and jalapenos topped with peri peri sauce. . at Domino's Pizza - DHA H Block . in DHA"
item_492,135,Domino's Pizza - DHA H Block,menu_item,Crispy Chicken Cheese Burger,Desserts,750.0,4.8,DHA,"Crispy Chicken Cheese Burger . Desserts . Cheddar sauce base, mozzarella cheese, crispy chicken chunks and pickled cucumbers topped with burger sauce and ranch sauce . at Domino's Pizza - DHA H Block . in DHA"
item_493,135,Domino's Pizza - DHA H Block,menu_item,Flaming Crispy Chicken Cheese Burger,Desserts,750.0,4.8,DHA,"Flaming Crispy Chicken Cheese Burger . Desserts . Cheddar sauce base, mozzarella cheese, crispy chicken chunks, onions and pickled cucumbers topped with burger sauce and peri peri sauce . at Domino's Pizza - DHA H Block . in DHA"
item_494,135,Domino's Pizza - DHA H Block,menu_item,Hawaiian Chicken,Desserts,750.0,4.8,DHA,"Hawaiian Chicken . Desserts . Pizza sauce base, mozzarella cheese, chicken chunks and pineapples. . at Domino's Pizza - DHA H Block . in DHA"
item_495,135,Domino's Pizza - DHA H Block,menu_item,Legend Dynamite,Desserts,750.0,4.8,DHA,"Legend Dynamite . Desserts . Cheddar cheese base, mozzarella cheese, grilled chicken, onions and oregano topped dynamite sauce. . at Domino's Pizza - DHA H Block . in DHA"
item_496,135,Domino's Pizza - DHA H Block,menu_item,Legend Ranch,Desserts,750.0,4.8,DHA,"Legend Ranch . Desserts . Cheddar cheese base, mozzarella cheese, grilled chicken, onions and oregano topped with ranch sauce. . at Domino's Pizza - DHA H Block . in DHA"
item_497,135,Domino's Pizza - DHA H Block,menu_item,Pakistani Hot,Desserts,750.0,4.8,DHA,"Pakistani Hot . Desserts . Pizza sauce base, mozzarella cheese, spicy chicken chunks, onions, green peppers and green chilies. . at Domino's Pizza - DHA H Block . in DHA"
item_498,135,Domino's Pizza - DHA H Block,menu_item,Smoked Sausage,Desserts,750.0,4.8,DHA,"Smoked Sausage . Desserts . Pizza sauce base, mozzarella cheese, smoked chicken sausages and mushrooms topped with BBQ seasoning. . at Domino's Pizza - DHA H Block . in DHA"
item_499,135,Domino's Pizza - DHA H Block,menu_item,Tex-Mex,Desserts,750.0,4.8,DHA,"Tex-Mex . Desserts . Pizza sauce base, mozzarella cheese, Tex-Mex chicken chunks, onions, green peppers, jalapenos, black olives and oregano. . at Domino's Pizza - DHA H Block . in DHA"
item_500,135,Domino's Pizza - DHA H Block,menu_item,American BBQ Chicken Pizza Roll +Dip,Shawarma & Wraps,550.0,4.8,DHA,"American BBQ Chicken Pizza Roll +Dip . Shawarma & Wraps . American BBQ sauce, mozzarella cheese, chicken tikka, onions, and cheese mayo sauce wrapped in our oven baked always fresh dough . at Domino's Pizza - DHA H Block . in DHA"
item_501,135,Domino's Pizza - DHA H Block,menu_item,Chicken Supreme Pizza Roll + Dip,Shawarma & Wraps,550.0,4.8,DHA,"Chicken Supreme Pizza Roll + Dip . Shawarma & Wraps . Pizza sauce, mozzarella cheese, chicken tikka chunks, Tex Mex chicken chunks, chicken sausages, black olives, jalapenos, green chilies, onions, green peppers, and cheese mayo wrapped in our oven baked, always fresh dough. . at Domino's Pizza - DHA H Block . in DHA"
item_502,135,Domino's Pizza - DHA H Block,menu_item,Flaming Chicken Cheese Pizza Roll,Shawarma & Wraps,550.0,4.8,DHA,"Flaming Chicken Cheese Pizza Roll . Shawarma & Wraps . Cheddar Sauce, Peri peri sauce, mozzarella cheese, onions, pickled cucumbers, Kickers and Burger sauce wrapped in our oven baked always fresh dough . at Domino's Pizza - DHA H Block . in DHA"
item_503,135,Domino's Pizza - DHA H Block,menu_item,Mushroom and Pepperoni  Pizza Roll,Shawarma & Wraps,550.0,4.8,DHA,"Mushroom and Pepperoni  Pizza Roll . Shawarma & Wraps . Pizza sauce, mozzarella cheese, pepperoni, and mushrooms wrapped in our oven baked always fresh dough. . at Domino's Pizza - DHA H Block . in DHA"
item_504,135,Domino's Pizza - DHA H Block,menu_item,Smoked Sausage Pizza Roll + Dip,Shawarma & Wraps,550.0,4.8,DHA,"Smoked Sausage Pizza Roll + Dip . Shawarma & Wraps . Pizza sauce, mozzarella cheese, Chicken sausages, Mushrooms, and cheese mayo sauce wrapped in our oven baked always fresh dough . at Domino's Pizza - DHA H Block . in DHA"
item_505,135,Domino's Pizza - DHA H Block,menu_item,Crinkle Oven Baked Fries,Sides & Appetizers,400.0,4.8,DHA,"Crinkle Oven Baked Fries . Sides & Appetizers . Oven-baked, crunchy crinkle-cut chips . at Domino's Pizza - DHA H Block . in DHA"
item_506,135,Domino's Pizza - DHA H Block,menu_item,Potato Wedges,Sides & Appetizers,450.0,4.8,DHA,"Potato Wedges . Sides & Appetizers . Oven-baked, crispy potato chunks with our secret seasoning . at Domino's Pizza - DHA H Block . in DHA"
item_507,135,Domino's Pizza - DHA H Block,menu_item,Gathering For Four,Deals & Combos,3200.0,4.8,DHA,Gathering For Four . Deals & Combos . 2 Medium Classic Pizza’s + 2 Sides + 1.5 LTR Drink. . at Domino's Pizza - DHA H Block . in DHA
item_508,135,Domino's Pizza - DHA H Block,menu_item,Gathering For Six,Deals & Combos,5250.0,4.8,DHA,Gathering For Six . Deals & Combos . 2 Large Classic Pizza’s + 2 Sides + 1.5 LTR Drink. . at Domino's Pizza - DHA H Block . in DHA
item_509,135,Domino's Pizza - DHA H Block,menu_item,Pizza N Wings,Deals & Combos,1700.0,4.8,DHA,Pizza N Wings . Deals & Combos . 1 Medium Classic Pizza’s + 6 pcs Wings + 2 Small Drinks. . at Domino's Pizza - DHA H Block . in DHA
item_510,135,Domino's Pizza - DHA H Block,menu_item,Meltz Alfredo,Other,500.0,4.8,DHA,"Meltz Alfredo . Other . Alfredo sauce, oregano, cheddar cheese, mozzarella cheese, marinated grilled chicken and mushrooms, packed in our signature crunchy thin crust. . at Domino's Pizza - DHA H Block . in DHA"
item_511,135,Domino's Pizza - DHA H Block,menu_item,Meltz Creamy Peri,Other,500.0,4.8,DHA,"Meltz Creamy Peri . Other . Cheese mayo, mozzarella cheese, spicy chicken chunks, green peppers, jalapenos, black olives, and oregano folded & packed with our signature Crunchy Thin crust. . at Domino's Pizza - DHA H Block . in DHA"
item_512,135,Domino's Pizza - DHA H Block,menu_item,Meltz Flaming Cheese Burger,Other,500.0,4.8,DHA,"Meltz Flaming Cheese Burger . Other . Cheddar sauce, mozzarella cheese, crispy chicken chunks, onions, pickled cucumbers and our secret burger sauce folded & packed with our signature Crunchy Thin crust. . at Domino's Pizza - DHA H Block . in DHA"
item_513,135,Domino's Pizza - DHA H Block,menu_item,Meltz Legend Ranch,Other,500.0,4.8,DHA,"Meltz Legend Ranch . Other . Cheddar sauce, mozzarella cheese, grilled chicken, onions, oregano, and ranch sauce folded & packed with our signature Crunchy Thin crust. . at Domino's Pizza - DHA H Block . in DHA"
item_514,135,Domino's Pizza - DHA H Block,menu_item,Meltz Only Veggie,Other,500.0,4.8,DHA,"Meltz Only Veggie . Other . Pizza sauce, mozzarella cheese, onions, green peppers, mushrooms, and black olives folded & packed with our signature Crunchy Thin crust. . at Domino's Pizza - DHA H Block . in DHA"
item_515,135,Domino's Pizza - DHA H Block,menu_item,Meltz Smokey Chicken Tikka,Other,500.0,4.8,DHA,"Meltz Smokey Chicken Tikka . Other . Pizza sauce, mozzarella cheese, chicken tikka chunks, onions, and jalapenos folded & packed with our signature Crunchy Thin crust. . at Domino's Pizza - DHA H Block . in DHA"
item_516,135,Domino's Pizza - DHA H Block,menu_item,Meltz Beef Cheese Burger,Other,550.0,4.8,DHA,"Meltz Beef Cheese Burger . Other . Cheddar sauce mozzarella cheese, beef chunks, pickled cucumbers, and secret burger sauce folded & packed with our signature Crunchy Thin crust. . at Domino's Pizza - DHA H Block . in DHA"
item_517,135,Domino's Pizza - DHA H Block,menu_item,Meltz Chicken Supreme,Other,550.0,4.8,DHA,"Meltz Chicken Supreme . Other . Pizza sauce, mozzarella cheese, chicken tikka chunks, tex-mex chicken chunks, chicken sausages, black olives, jalapenos, green chilies, onions, green peppers folded & packed with our signature Crunchy Thin crust. . at Domino's Pizza - DHA H Block . in DHA"
item_518,135,Domino's Pizza - DHA H Block,menu_item,Meltz Four Cheese,Other,550.0,4.8,DHA,"Meltz Four Cheese . Other . Pizza sauce topped with cheese, cheese and some more cheese folded & packed with our signature Crunchy Thin crust. . at Domino's Pizza - DHA H Block . in DHA"
item_519,135,Domino's Pizza - DHA H Block,menu_item,Meltz Pakistani Hot,Other,550.0,4.8,DHA,"Meltz Pakistani Hot . Other . Pizza sauce, mozzarella cheese, beef pepperoni, jalapenos, and siracha hot sauce folded & packed with our signature Crunchy Thin crust. . at Domino's Pizza - DHA H Block . in DHA"
item_520,135,Domino's Pizza - DHA H Block,menu_item,Meltz Pepperoni,Other,550.0,4.8,DHA,"Meltz Pepperoni . Other . Our signature Thin N Crispy crust, folded & packed with flavor . at Domino's Pizza - DHA H Block . in DHA"
item_521,135,Domino's Pizza - DHA H Block,menu_item,MyBox Meltz + 1 Side + Dip,Other,750.0,4.8,DHA,"MyBox Meltz + 1 Side + Dip . Other . Create your own Combo by selecting from a variety of Meltz, Sides, Desserts, and Chicken. . at Domino's Pizza - DHA H Block . in DHA"
item_522,135,Domino's Pizza - DHA H Block,menu_item,MyBox Meltz + 1 Side + Dip + Drink,Other,850.0,4.8,DHA,"MyBox Meltz + 1 Side + Dip + Drink . Other . Create your own Combo by selecting from a variety of Meltz, Sides, Desserts, Chicken & Drink. . at Domino's Pizza - DHA H Block . in DHA"
item_523,135,Domino's Pizza - DHA H Block,menu_item,MyBox Meltz + 2 Sides + Dip,Other,1050.0,4.8,DHA,"MyBox Meltz + 2 Sides + Dip . Other . Create your own Combo by selecting from a variety of Meltz, Sides, Desserts, Chicken. . at Domino's Pizza - DHA H Block . in DHA"
item_524,135,Domino's Pizza - DHA H Block,menu_item,MyBox Meltz + 2 Sides + Dip + Drink,Other,1150.0,4.8,DHA,"MyBox Meltz + 2 Sides + Dip + Drink . Other . Create your own Combo by selecting from a variety of Meltz, Sides, Desserts, Chicken & Drink. . at Domino's Pizza - DHA H Block . in DHA"
item_525,135,Domino's Pizza - DHA H Block,menu_item,MyBox Pizza + 1 Side,Pizza,750.0,4.8,DHA,"MyBox Pizza + 1 Side . Pizza . Create your own Combo by selecting from a variety of Pizzas, Sides, Desserts, and Chicken. . at Domino's Pizza - DHA H Block . in DHA"
item_526,135,Domino's Pizza - DHA H Block,menu_item,MyBox Pizza + 1 Side + Drink,Pizza,850.0,4.8,DHA,"MyBox Pizza + 1 Side + Drink . Pizza . Create your own Combo by selecting from a variety of Pizzas, Sides, Desserts, Chicken & Drink. . at Domino's Pizza - DHA H Block . in DHA"
item_527,135,Domino's Pizza - DHA H Block,menu_item,MyBox Pizza + 2 Sides,Pizza,1050.0,4.8,DHA,"MyBox Pizza + 2 Sides . Pizza . Create your own Combo by selecting from a variety of Pizzas, Sides, Desserts, Chicken. . at Domino's Pizza - DHA H Block . in DHA"
item_528,135,Domino's Pizza - DHA H Block,menu_item,MyBox Pizza + 2 Sides with Drink,Pizza,1150.0,4.8,DHA,"MyBox Pizza + 2 Sides with Drink . Pizza . Create your own Combo by selecting from a variety of Pizzas, Sides, Desserts, Chicken & Drink. . at Domino's Pizza - DHA H Block . in DHA"
item_529,135,Domino's Pizza - DHA H Block,menu_item,MyBox Loaded Pizza Roll + 1 Side + Dip + Drink,Shawarma & Wraps,850.0,4.8,DHA,"MyBox Loaded Pizza Roll + 1 Side + Dip + Drink . Shawarma & Wraps . Create your own Combo by selecting from a variety of Loaded Pizza Rolls, Sides, Desserts, Chicken & Drink. . at Domino's Pizza - DHA H Block . in DHA"
item_530,135,Domino's Pizza - DHA H Block,menu_item,MyBox Loaded Pizza Roll + 2 Sides + Dip,Shawarma & Wraps,1050.0,4.8,DHA,"MyBox Loaded Pizza Roll + 2 Sides + Dip . Shawarma & Wraps . Create your own Combo by selecting from a variety of Loaded Pizza Rolls, Sides, Desserts, Chicken. . at Domino's Pizza - DHA H Block . in DHA"
item_531,135,Domino's Pizza - DHA H Block,menu_item,MyBox Loaded Pizza Roll + 2 Sides + Dip + Drink,Shawarma & Wraps,1150.0,4.8,DHA,"MyBox Loaded Pizza Roll + 2 Sides + Dip + Drink . Shawarma & Wraps . Create your own Combo by selecting from a variety of Loaded Pizza Rolls, Sides, Desserts, Chicken & Drink. . at Domino's Pizza - DHA H Block . in DHA"
item_532,135,Domino's Pizza - DHA H Block,menu_item,MyBox Loaded Pizza Roll+ 1 Side + Dip,Shawarma & Wraps,750.0,4.8,DHA,"MyBox Loaded Pizza Roll+ 1 Side + Dip . Shawarma & Wraps . Create your own Combo by selecting from a variety of Loaded Pizza Rolls, Sides, Desserts, and Chicken. . at Domino's Pizza - DHA H Block . in DHA"
item_533,135,Domino's Pizza - DHA H Block,menu_item,Cheese Burst Large,Deals & Combos,2300.0,4.8,DHA,Cheese Burst Large . Deals & Combos . 1 Large Cheese Burst Pizza with Large Drink.. . at Domino's Pizza - DHA H Block . in DHA
item_534,135,Domino's Pizza - DHA H Block,menu_item,Creamy Kebab Stuffed Crust,Deals & Combos,2000.0,4.8,DHA,Creamy Kebab Stuffed Crust . Deals & Combos . 1 Creamy Kebab Stuffed Crust Pizza with 1.5 Ltr drink. . at Domino's Pizza - DHA H Block . in DHA
item_535,135,Domino's Pizza - DHA H Block,menu_item,Double Melt Deal Large,Deals & Combos,2900.0,4.8,DHA,Double Melt Deal Large . Deals & Combos . 1 Large Double Melt Pizza with Large Drink. . at Domino's Pizza - DHA H Block . in DHA
item_536,135,Domino's Pizza - DHA H Block,menu_item,Mozzarella Stuffed Crust,Deals & Combos,2000.0,4.8,DHA,Mozzarella Stuffed Crust . Deals & Combos . 1 Mozzarella Stuffed Crust Pizza with 1.5 Ltr drink. . at Domino's Pizza - DHA H Block . in DHA
item_537,135,Domino's Pizza - DHA H Block,menu_item,Super Loaded Large,Deals & Combos,2000.0,4.8,DHA,Super Loaded Large . Deals & Combos . 1 Super Loaded Large Pizza + 1.5 Ltr Drink . at Domino's Pizza - DHA H Block . in DHA
item_538,135,Domino's Pizza - DHA H Block,menu_item,Beef Cheese Burger,Desserts,850.0,4.8,DHA,"Beef Cheese Burger . Desserts . Cheddar sauce base, mozzarella cheese, beef chunks, pickled cucumbers, topped with burger sauce and ketchup. . at Domino's Pizza - DHA H Block . in DHA"
item_539,135,Domino's Pizza - DHA H Block,menu_item,Chicken Supreme,Desserts,850.0,4.8,DHA,"Chicken Supreme . Desserts . Pizza sauce base, mozzarella cheese, chicken tikka chunks, Tex-Mex chicken chunks, chicken sausages, black olives, jalapenos, green chilies, onions and green peppers . at Domino's Pizza - DHA H Block . in DHA"
item_540,135,Domino's Pizza - DHA H Block,menu_item,Extravaganza,Desserts,850.0,4.8,DHA,"Extravaganza . Desserts . Pizza sauce base, mozzarella cheese, beef chunks, beef pepperoni, onions, green peppers, mushrooms and black olives . at Domino's Pizza - DHA H Block . in DHA"
item_541,135,Domino's Pizza - DHA H Block,menu_item,Italiano,Desserts,850.0,4.8,DHA,"Italiano . Desserts . Pepperoni, mushrooms & beef. . at Domino's Pizza - DHA H Block . in DHA"
item_542,135,Domino's Pizza - DHA H Block,menu_item,Mushroom & Pepperoni,Desserts,850.0,4.8,DHA,"Mushroom & Pepperoni . Desserts . Pizza sauce base, mozzarella cheese, fresh mushrooms and beef pepperoni. . at Domino's Pizza - DHA H Block . in DHA"
item_543,135,Domino's Pizza - DHA H Block,menu_item,Pepperoni Hot,Desserts,850.0,4.8,DHA,"Pepperoni Hot . Desserts . Pizza sauce base, mozzarella cheese, pepperoni and jalapenos and topped with sriracha hot sauce . at Domino's Pizza - DHA H Block . in DHA"
item_544,135,Domino's Pizza - DHA H Block,menu_item,Pepperoni Passion,Desserts,850.0,4.8,DHA,"Pepperoni Passion . Desserts . Pizza sauce base, mozzarella cheese and beef pepperoni. . at Domino's Pizza - DHA H Block . in DHA"
item_545,135,Domino's Pizza - DHA H Block,menu_item,Super Loaded Creamy Tikka,Pizza,2000.0,4.8,DHA,Super Loaded Creamy Tikka . Pizza . 50% More Cheese and 50% More Chicken with onions and jalapeños with cheesy mayo base sauce. . at Domino's Pizza - DHA H Block . in DHA
item_546,135,Domino's Pizza - DHA H Block,menu_item,Super Loaded Fajita,Pizza,2000.0,4.8,DHA,"Super Loaded Fajita . Pizza . 50% More Cheese and 50% More Chicken with onions, green peppers, jalapeños, black olives, and oregano. . at Domino's Pizza - DHA H Block . in DHA"
item_547,135,Domino's Pizza - DHA H Block,menu_item,Super Loaded Pepperoni Passion,Pizza,2000.0,4.8,DHA,Super Loaded Pepperoni Passion . Pizza . 50% More Cheese and 50% More Pepperoni with pizza sauce base. . at Domino's Pizza - DHA H Block . in DHA
item_548,135,Domino's Pizza - DHA H Block,menu_item,Super Loaded Peri Peri,Pizza,2000.0,4.8,DHA,"Super Loaded Peri Peri . Pizza . 50% More Cheese and 50% More Chicken with onions, and green peppers topped with Peri Peri Sauce. . at Domino's Pizza - DHA H Block . in DHA"
item_549,135,Domino's Pizza - DHA H Block,menu_item,Super Loaded Seekh Kebab,Pizza,2000.0,4.8,DHA,"Super Loaded Seekh Kebab . Pizza . 50% More Cheese and 50% More Chicken seekh kebab chunks, onions, and green chilies with pizza base sauce topped with ranch sauce. . at Domino's Pizza - DHA H Block . in DHA"
item_550,135,Domino's Pizza - DHA H Block,menu_item,Super Loaded Tex Mex,Pizza,2000.0,4.8,DHA,"Super Loaded Tex Mex . Pizza . 50% More Cheese and 50% More Chicken with onions, green peppers, jalapeños, black olives, and oregano. . at Domino's Pizza - DHA H Block . in DHA"
item_551,136,Double Shot - Lalik Chowk,menu_item,Bagel With Cream Cheese,Breakfast,840.0,4.9,DHA,"Bagel With Cream Cheese . Breakfast . Soft, toasted bagel with rich cream cheese . at Double Shot - Lalik Chowk . in DHA"
item_552,136,Double Shot - Lalik Chowk,menu_item,Berry Blast XXL,Beverages,1040.0,4.9,DHA,Berry Blast XXL . Beverages . Refreshing Berry Blast XXL canned drink bursting with vibrant mixed berry flavors . at Double Shot - Lalik Chowk . in DHA
item_553,136,Double Shot - Lalik Chowk,menu_item,Cold Brew Coffee,Beverages,1250.0,4.9,DHA,Cold Brew Coffee . Beverages . Smooth and refreshing cold brew coffee made from premium roasted beans steeped for hours to deliver a rich bold flavor . at Double Shot - Lalik Chowk . in DHA
item_554,136,Double Shot - Lalik Chowk,menu_item,Spanish Latte XXL,Beverages,1010.0,4.9,DHA,Spanish Latte XXL . Beverages . Triple shot espresso with velvety milk and condensed milk creating a rich creamy indulgent beverage perfect for coffee lovers . at Double Shot - Lalik Chowk . in DHA
item_555,136,Double Shot - Lalik Chowk,menu_item,Dark Chocolate Cortado,Desserts,910.0,4.9,DHA,"Dark Chocolate Cortado . Desserts . Rich espresso blended with smooth dark chocolate for a bold, velvety sip.

Serving: 8oz  -  Calories: 180 . at Double Shot - Lalik Chowk . in DHA"
item_556,136,Double Shot - Lalik Chowk,menu_item,Hot Chocolate Bounty,Desserts,980.0,4.9,DHA,Hot Chocolate Bounty . Desserts . Indulge in rich dark chocolate blended with smooth hot cocoa creating a luxurious and warming beverage perfect for any occasion . at Double Shot - Lalik Chowk . in DHA
item_557,136,Double Shot - Lalik Chowk,menu_item,Hot Chocolate Classic,Desserts,980.0,4.9,DHA,Hot Chocolate Classic . Desserts . Indulge in our classic hot chocolate crafted from premium dark chocolate blended with steamed milk and topped with a velvety foam for a rich and comforting experience . at Double Shot - Lalik Chowk . in DHA
item_558,136,Double Shot - Lalik Chowk,menu_item,Hot Chocolate Mint,Desserts,980.0,4.9,DHA,Hot Chocolate Mint . Desserts . Rich dark chocolate infused with refreshing mint flavors creating a smooth and indulgent hot chocolate experience perfect for any season . at Double Shot - Lalik Chowk . in DHA
item_559,136,Double Shot - Lalik Chowk,menu_item,Hot Chocolate Orange,Desserts,980.0,4.9,DHA,Hot Chocolate Orange . Desserts . Indulge in our Hot Chocolate Orange blend featuring rich dark chocolate infused with bright citrus notes A luxurious warm beverage that combines smooth cocoa with refreshing orange essence perfect for any occasion . at Double Shot - Lalik Chowk . in DHA
item_560,136,Double Shot - Lalik Chowk,menu_item,Iced Chocolate Bounty,Desserts,980.0,4.9,DHA,Iced Chocolate Bounty . Desserts . Chilled chocolate drink with coconut for a bounty twist . at Double Shot - Lalik Chowk . in DHA
item_561,136,Double Shot - Lalik Chowk,menu_item,Iced Chocolate Classic,Desserts,980.0,4.9,DHA,Iced Chocolate Classic . Desserts . Chilled creamy chocolate drink with a rich cocoa flavor . at Double Shot - Lalik Chowk . in DHA
item_562,136,Double Shot - Lalik Chowk,menu_item,Iced Chocolate Mint,Desserts,980.0,4.9,DHA,Iced Chocolate Mint . Desserts . Cool mint meets rich chocolate in this refreshing iced drink . at Double Shot - Lalik Chowk . in DHA
item_563,136,Double Shot - Lalik Chowk,menu_item,Orange Cocoa,Desserts,980.0,4.9,DHA,"Orange Cocoa . Desserts . Rich cocoa blended with a fresh burst of orange for a warm, citrusy twist.

Serving: 8oz  -  Calories: 280 . at Double Shot - Lalik Chowk . in DHA"
item_564,136,Double Shot - Lalik Chowk,menu_item,Americano hot,Beverages,585.0,4.9,DHA,Americano hot . Beverages . Double shot of calibrated espresso combined with hot water for a bold smooth coffee experience with just 5 calories . at Double Shot - Lalik Chowk . in DHA
item_565,136,Double Shot - Lalik Chowk,menu_item,Cappuccino hot,Beverages,720.0,4.9,DHA,Cappuccino hot . Beverages . Rich shot of espresso topped with velvety frothed and steamed milk creating the perfect balance of bold coffee and creamy texture. Approximately 103 calories per serving. . at Double Shot - Lalik Chowk . in DHA
item_566,136,Double Shot - Lalik Chowk,menu_item,Caramel Latte hot,Beverages,785.0,4.9,DHA,Caramel Latte hot . Beverages . Rich and smooth caramel latte crafted with double shot espresso steamed milk and sweet caramel syrup. A delightful coffee experience with approximately 175 calories per serving. . at Double Shot - Lalik Chowk . in DHA
item_567,136,Double Shot - Lalik Chowk,menu_item,Cortado hot,Beverages,615.0,4.9,DHA,Cortado hot . Beverages . A perfectly balanced cortado featuring a double shot of rich espresso combined with velvety steamed milk in a 1:2 ratio served in an 8 oz cup. Approximately 50 calories per serving. . at Double Shot - Lalik Chowk . in DHA
item_568,136,Double Shot - Lalik Chowk,menu_item,Dark Latte Hot,Beverages,870.0,4.9,DHA,"Dark Latte Hot . Beverages . The Dark Latte Hot is a bold blend of espresso, steamed milk, and rich dark chocolate for a smooth, indulgent treat. . at Double Shot - Lalik Chowk . in DHA"
item_569,136,Double Shot - Lalik Chowk,menu_item,Double Shot Espresso hot,Beverages,540.0,4.9,DHA,Double Shot Espresso hot . Beverages . Two rich shots of freshly pulled espresso with a bold intense flavor and velvety crema. A pure concentrated coffee experience with minimal calories. . at Double Shot - Lalik Chowk . in DHA
item_570,136,Double Shot - Lalik Chowk,menu_item,Flat White hot,Beverages,680.0,4.9,DHA,Flat White hot . Beverages . Double shot espresso with velvety steamed milk prepared in ristretto style for a rich concentrated flavor. Approximately 66 calories per serving. . at Double Shot - Lalik Chowk . in DHA
item_571,136,Double Shot - Lalik Chowk,menu_item,Hazelnut Latte hot,Beverages,785.0,4.9,DHA,"Hazelnut Latte hot . Beverages . Calories - 175 (Double Shot Espresso, Steamed/Frothed Milk, Syrup) . at Double Shot - Lalik Chowk . in DHA"
item_572,136,Double Shot - Lalik Chowk,menu_item,Honey Latte hot,Beverages,785.0,4.9,DHA,Honey Latte hot . Beverages . Smooth shot of espresso combined with steamed and frothed milk sweetened with pure honey. A rich and creamy beverage with natural sweetness and bold coffee flavor. Approximately 175 calories per serving. . at Double Shot - Lalik Chowk . in DHA
item_573,136,Double Shot - Lalik Chowk,menu_item,Hot Coconut Latte,Beverages,1650.0,4.9,DHA,"Hot Coconut Latte . Beverages . A smooth coconut milk latte with rich espresso and creamy, dairy-free coconut milk for a lightly sweet, velvety finish.
Calories - 100 . at Double Shot - Lalik Chowk . in DHA"
item_574,136,Double Shot - Lalik Chowk,menu_item,Hot Latte,Beverages,710.0,4.9,DHA,Hot Latte . Beverages . Smooth and creamy latte made with rich espresso combined with steamed and frothed milk. Approximately 121 calories per serving. . at Double Shot - Lalik Chowk . in DHA
item_575,136,Double Shot - Lalik Chowk,menu_item,Mocha 101 Hot latte,Beverages,795.0,4.9,DHA,Mocha 101 Hot latte . Beverages . Rich mocha latte crafted with double shot espresso velvety steamed milk and smooth chocolate syrup topped with creamy froth. Approximately 202 calories per serving . at Double Shot - Lalik Chowk . in DHA
item_576,136,Double Shot - Lalik Chowk,menu_item,Orange Americano Hot,Beverages,650.0,4.9,DHA,Orange Americano Hot . Beverages . Bold Americano with a zesty orange twist . at Double Shot - Lalik Chowk . in DHA
item_577,136,Double Shot - Lalik Chowk,menu_item,Peppermint Mocha hot,Beverages,980.0,4.9,DHA,"Peppermint Mocha hot . Beverages . A rich chocolatey mocha blended with refreshing peppermint, perfectly crafted for a cozy festive treat.

Serving: 8oz  -  Calories: 240 . at Double Shot - Lalik Chowk . in DHA"
item_578,136,Double Shot - Lalik Chowk,menu_item,Salted Caramel Latte Hot,Beverages,910.0,4.9,DHA,Salted Caramel Latte Hot . Beverages . Double shot espresso combined with rich salted caramel puree and velvety frothed steamed milk. Approximately 245 calories per serving. . at Double Shot - Lalik Chowk . in DHA
item_579,136,Double Shot - Lalik Chowk,menu_item,Spanish Latte hot,Beverages,785.0,4.9,DHA,"Spanish Latte hot . Beverages . Calories - 187 (Double Shot Espresso, Steamed/Frothed Milk, Condensed Milk) . at Double Shot - Lalik Chowk . in DHA"
item_580,136,Double Shot - Lalik Chowk,menu_item,Toffee Nut Latte hot,Beverages,785.0,4.9,DHA,Toffee Nut Latte hot . Beverages . Rich shot of espresso blended with velvety steamed milk and smooth toffee nut syrup for a delightful nutty sweetness. Approximately 175 calories per serving. . at Double Shot - Lalik Chowk . in DHA
item_581,136,Double Shot - Lalik Chowk,menu_item,V60 Hot,Beverages,1095.0,4.9,DHA,"V60 Hot . Beverages . Hand-brewed hot coffee with clean, rich flavor. . at Double Shot - Lalik Chowk . in DHA"
item_582,136,Double Shot - Lalik Chowk,menu_item,Vanilla Latte hot,Beverages,785.0,4.9,DHA,Vanilla Latte hot . Beverages . Smooth and creamy vanilla latte made with shot of espresso steamed milk and rich vanilla syrup. Approximately 175 calories per serving. . at Double Shot - Lalik Chowk . in DHA
item_583,136,Double Shot - Lalik Chowk,menu_item,Whipped Latte Hot,Beverages,720.0,4.9,DHA,Whipped Latte Hot . Beverages . Smooth espresso topped with velvety whipped cream and steamed milk creating a rich creamy texture perfect for a warm comforting beverage . at Double Shot - Lalik Chowk . in DHA
item_584,136,Double Shot - Lalik Chowk,menu_item,Caramel Frappuccino,Beverages,880.0,4.9,DHA,"Caramel Frappuccino . Beverages . A rich and creamy iced beverage blending smooth caramel flavors with chilled milk and ice, with over 500 calories. This indulgent drink delivers a sweet caramel taste perfect for warm days . at Double Shot - Lalik Chowk . in DHA"
item_585,136,Double Shot - Lalik Chowk,menu_item,Caramel Iced Latte,Beverages,785.0,4.9,DHA,Caramel Iced Latte . Beverages . Smooth espresso blended with chilled milk and rich caramel syrup served over ice. Approximately 180 calories per serving. . at Double Shot - Lalik Chowk . in DHA
item_586,136,Double Shot - Lalik Chowk,menu_item,Coconut Americano,Beverages,900.0,4.9,DHA,Coconut Americano . Beverages . Double shot espresso with coconut water . at Double Shot - Lalik Chowk . in DHA
item_587,136,Double Shot - Lalik Chowk,menu_item,Dark Iced Latte,Beverages,870.0,4.9,DHA,Dark Iced Latte . Beverages . Dark chocolate with orange puree and espresso shot . at Double Shot - Lalik Chowk . in DHA
item_588,136,Double Shot - Lalik Chowk,menu_item,Espresso Protein Shake,Beverages,980.0,4.9,DHA,"Espresso Protein Shake . Beverages . Calories: 146, protein: 11.6g . at Double Shot - Lalik Chowk . in DHA"
item_589,136,Double Shot - Lalik Chowk,menu_item,Frosted Toffee Super Frappe,Beverages,1220.0,4.9,DHA,Frosted Toffee Super Frappe . Beverages . Double shot of espresso blended with creamy ice cream and chilled milk topped with rich caramel and lotus sauce for an indulgent frozen treat . at Double Shot - Lalik Chowk . in DHA
item_590,136,Double Shot - Lalik Chowk,menu_item,Hazel rush Super frappe,Beverages,1210.0,4.9,DHA,Hazel rush Super frappe . Beverages . espresso shot with hazelnut and peanut butter sauce blended into creamy ice cream for a smooth refreshing iced drink . at Double Shot - Lalik Chowk . in DHA
item_591,136,Double Shot - Lalik Chowk,menu_item,Hazelnut Frappuccino,Beverages,880.0,4.9,DHA,"Hazelnut Frappuccino . Beverages . Smooth and creamy hazelnut frappuccino blended with ice and topped with whipped cream, with over 500 calories. A refreshing iced beverage with rich hazelnut flavor . at Double Shot - Lalik Chowk . in DHA"
item_592,136,Double Shot - Lalik Chowk,menu_item,Hazelnut Iced Latte,Beverages,785.0,4.9,DHA,Hazelnut Iced Latte . Beverages . Smooth espresso blended with cold milk and rich hazelnut flavor served over ice. A refreshing coffee drink with approximately 180 calories per serving . at Double Shot - Lalik Chowk . in DHA
item_593,136,Double Shot - Lalik Chowk,menu_item,Honey Iced Latte,Beverages,785.0,4.9,DHA,"Honey Iced Latte . Beverages . Smooth espresso blended with chilled milk and sweet honey drizzle creating a refreshing iced latte with 180 calories, perfect for any time of day . at Double Shot - Lalik Chowk . in DHA"
item_594,136,Double Shot - Lalik Chowk,menu_item,Iced Americano,Beverages,585.0,4.9,DHA,Iced Americano . Beverages . Refreshing iced Americano with bold espresso shots served over ice and chilled water for a smooth crisp taste with only 5 calories . at Double Shot - Lalik Chowk . in DHA
item_595,136,Double Shot - Lalik Chowk,menu_item,Iced Coconut Latte,Beverages,1650.0,4.9,DHA,Iced Coconut Latte . Beverages . Smooth and refreshing iced latte blended with creamy coconut milk served chilled with ice. A perfect beverage for warm days with approximately 100 calories per serving . at Double Shot - Lalik Chowk . in DHA
item_596,136,Double Shot - Lalik Chowk,menu_item,Iced Cortado,Beverages,615.0,4.9,DHA,Iced Cortado . Beverages . Double shot espresso perfectly balanced with steamed and frothed milk in a 1:2 ratio served over ice in an 8 oz cup. Approximately 50 calories. . at Double Shot - Lalik Chowk . in DHA
item_597,136,Double Shot - Lalik Chowk,menu_item,Iced Latte,Beverages,710.0,4.9,DHA,Iced Latte . Beverages . Smooth and refreshing iced latte made with rich espresso and chilled milk served over ice approximately 121 calories per serving . at Double Shot - Lalik Chowk . in DHA
item_598,136,Double Shot - Lalik Chowk,menu_item,Iced Orange Americano,Beverages,695.0,4.9,DHA,Iced Orange Americano . Beverages . Refreshing Americano over ice with a citrusy orange kick . at Double Shot - Lalik Chowk . in DHA
item_599,136,Double Shot - Lalik Chowk,menu_item,Iced Pistachio Latte,Beverages,995.0,4.9,DHA,Iced Pistachio Latte . Beverages . Refreshing iced latte blended with smooth pistachio flavor creating a delightfully nutty and creamy beverage perfect for warm days . at Double Shot - Lalik Chowk . in DHA
item_600,136,Double Shot - Lalik Chowk,menu_item,Iced Salted Caramel Latte,Beverages,910.0,4.9,DHA,Iced Salted Caramel Latte . Beverages . A refreshing iced latte featuring a double shot of rich espresso combined with smooth salted caramel puree and chilled milk served over ice. Contains approximately 245 calories. . at Double Shot - Lalik Chowk . in DHA
item_601,136,Double Shot - Lalik Chowk,menu_item,Iced Spanish Latte,Beverages,785.0,4.9,DHA,Iced Spanish Latte . Beverages . Calories - 187 . at Double Shot - Lalik Chowk . in DHA
item_602,136,Double Shot - Lalik Chowk,menu_item,Iced V60,Beverages,1095.0,4.9,DHA,Iced V60 . Beverages . Smooth chilled pour-over with bright clean notes A refreshing coffee experience crafted with precision and served ice-cold . at Double Shot - Lalik Chowk . in DHA
item_603,136,Double Shot - Lalik Chowk,menu_item,Iced flat white,Beverages,680.0,4.9,DHA,Iced flat white . Beverages . Double shot espresso combined with velvety steamed milk in ristretto style served over ice cubes. Only 66 calories of pure coffee perfection. . at Double Shot - Lalik Chowk . in DHA
item_604,136,Double Shot - Lalik Chowk,menu_item,Java Chip Chocolate Super Frappe,Beverages,1250.0,4.9,DHA,Java Chip Chocolate Super Frappe . Beverages . Java Chip Frappuccino with double shot of espresso . at Double Shot - Lalik Chowk . in DHA
item_605,136,Double Shot - Lalik Chowk,menu_item,Kunafa Super Frappe,Beverages,1290.0,4.9,DHA,Kunafa Super Frappe . Beverages . Espresso shot with pistachio sauce and chocolate sauce blended in ice cream and milk . at Double Shot - Lalik Chowk . in DHA
item_606,136,Double Shot - Lalik Chowk,menu_item,Mocha 101 Iced,Beverages,795.0,4.9,DHA,Mocha 101 Iced . Beverages . A refreshing blend of chilled espresso and creamy milk with rich chocolate flavors served over ice. Perfect for a cool pick me up with approximately 202 calories per serving . at Double Shot - Lalik Chowk . in DHA
item_607,136,Double Shot - Lalik Chowk,menu_item,Mocha Frappuccino,Beverages,880.0,4.9,DHA,"Mocha Frappuccino . Beverages . Indulgent iced mocha blending rich espresso with creamy milk and chocolate flavors served cold and refreshing, with over 500 calories . at Double Shot - Lalik Chowk . in DHA"
item_608,136,Double Shot - Lalik Chowk,menu_item,Toffee Nut Frappuccino,Beverages,880.0,4.9,DHA,Toffee Nut Frappuccino . Beverages . Indulgent iced beverage blending creamy milk with rich toffee and nutty flavors topped with whipped cream and caramel drizzle with 500 plus calories . at Double Shot - Lalik Chowk . in DHA
item_609,136,Double Shot - Lalik Chowk,menu_item,Toffee Nut Iced Latte,Beverages,785.0,4.9,DHA,Toffee Nut Iced Latte . Beverages . Smooth espresso blended with creamy milk and rich toffee nut flavoring served over ice. Approximately 180 calories per serving. . at Double Shot - Lalik Chowk . in DHA
item_610,136,Double Shot - Lalik Chowk,menu_item,Vanilla Frappuccino,Beverages,880.0,4.9,DHA,"Vanilla Frappuccino . Beverages . Creamy vanilla frappuccino blended with ice and topped with whipped cream. A refreshing iced beverage with smooth vanilla flavor perfect for warm days, with over 500 calories . at Double Shot - Lalik Chowk . in DHA"
item_611,136,Double Shot - Lalik Chowk,menu_item,Vanilla Iced Latte,Beverages,785.0,4.9,DHA,Vanilla Iced Latte . Beverages . Smooth espresso blended with chilled milk and vanilla flavoring served over ice. A refreshing coffee drink perfect for warm days with approximately 180 calories per serving . at Double Shot - Lalik Chowk . in DHA
item_612,136,Double Shot - Lalik Chowk,menu_item,Whipped Latte Cool,Beverages,720.0,4.9,DHA,Whipped Latte Cool . Beverages . Smooth whipped latte served over ice with a rich espresso base and velvety milk foam creating a refreshing cold coffee experience . at Double Shot - Lalik Chowk . in DHA
item_613,136,Double Shot - Lalik Chowk,menu_item,Elderflower Iced Matcha,Desserts,840.0,4.9,DHA,Elderflower Iced Matcha . Desserts . A delicate blend of premium matcha powder infused with floral elderflower notes creating a smooth refreshing beverage with subtle sweetness and vibrant green color . at Double Shot - Lalik Chowk . in DHA
item_614,136,Double Shot - Lalik Chowk,menu_item,Hot Matcha,Desserts,840.0,4.9,DHA,Hot Matcha . Desserts . Aromatic hot matcha blended with creamy steamed and frothed milk sweetened with honey. A soothing and energizing beverage approximately 166 calories per serving . at Double Shot - Lalik Chowk . in DHA
item_615,136,Double Shot - Lalik Chowk,menu_item,Iced Blueberry Matcha,Desserts,1040.0,4.9,DHA,Iced Blueberry Matcha . Desserts . Refreshing iced matcha blended with sweet blueberry flavors creating a vibrant and energizing beverage perfect for any time of day. Contains 166 calories . at Double Shot - Lalik Chowk . in DHA
item_616,136,Double Shot - Lalik Chowk,menu_item,Iced Citrus Earl Matcha,Desserts,1040.0,4.9,DHA,Iced Citrus Earl Matcha . Desserts . A refreshing iced matcha blend featuring premium matcha powder condensed milk and signature puree layered over a smooth Earl Grey tea base with 170 calories per serving . at Double Shot - Lalik Chowk . in DHA
item_617,136,Double Shot - Lalik Chowk,menu_item,Iced Coconut Matcha,Desserts,1040.0,4.9,DHA,Iced Coconut Matcha . Desserts . Refreshing iced matcha blended with creamy coconut milk and smooth coconut puree for a tropical twist. Approximately 245 calories per serving. . at Double Shot - Lalik Chowk . in DHA
item_618,136,Double Shot - Lalik Chowk,menu_item,Iced Matcha,Desserts,840.0,4.9,DHA,Iced Matcha . Desserts . Refreshing iced matcha blended with creamy milk and sweet honey approximately 166 calories per serving A smooth energizing beverage perfect for any time of day . at Double Shot - Lalik Chowk . in DHA
item_619,136,Double Shot - Lalik Chowk,menu_item,Iced Strawberry Matcha,Desserts,1040.0,4.9,DHA,"Iced Strawberry Matcha . Desserts . Refreshing iced strawberry matcha blend combining vibrant green matcha powder with sweet strawberry flavor served chilled over ice, with app 122 calories. . at Double Shot - Lalik Chowk . in DHA"
item_620,136,Double Shot - Lalik Chowk,menu_item,Iced Toasted Banana Matcha,Desserts,1040.0,4.9,DHA,Iced Toasted Banana Matcha . Desserts . Refreshing iced matcha blended with creamy banana milk and rich toffee nut syrup for a smooth indulgent treat at 270 calories . at Double Shot - Lalik Chowk . in DHA
item_621,136,Double Shot - Lalik Chowk,menu_item,Iced Vanilla Matcha,Desserts,1040.0,4.9,DHA,Iced Vanilla Matcha . Desserts . Smooth and refreshing iced vanilla matcha blending vibrant green tea with creamy vanilla notes. A perfect chilled beverage with approximately 100 calories per serving . at Double Shot - Lalik Chowk . in DHA
item_622,136,Double Shot - Lalik Chowk,menu_item,Mango Matcha,Desserts,1040.0,4.9,DHA,Mango Matcha . Desserts . Vibrant matcha blended with sweet tropical mango . at Double Shot - Lalik Chowk . in DHA
item_623,136,Double Shot - Lalik Chowk,menu_item,Matcha Frappuccino,Desserts,1040.0,4.9,DHA,Matcha Frappuccino . Desserts . Refreshing matcha frappuccino blended with creamy milk and ice creating a smooth vibrant green beverage with a delicate earthy flavor and natural energy boost with over 450 calories . at Double Shot - Lalik Chowk . in DHA
item_624,136,Double Shot - Lalik Chowk,menu_item,Berry Smoothie,Beverages,840.0,4.9,DHA,"Berry Smoothie . Beverages . Creamy blend of mixed berries, chilled and refreshing. . at Double Shot - Lalik Chowk . in DHA"
item_625,136,Double Shot - Lalik Chowk,menu_item,Berry Smoothie Upsize,Beverages,1190.0,4.9,DHA,"Berry Smoothie Upsize . Beverages . Creamy blend of mixed berries, chilled and refreshing. . at Double Shot - Lalik Chowk . in DHA"
item_626,136,Double Shot - Lalik Chowk,menu_item,Chai Latte,Beverages,650.0,4.9,DHA,Chai Latte . Beverages . Aromatic chai blended with steamed milk and topped with a layer of creamy foam. A warm comforting beverage with traditional chai spices. Approximately 220 calories per serving . at Double Shot - Lalik Chowk . in DHA
item_627,136,Double Shot - Lalik Chowk,menu_item,Mango Drift Smoothie,Beverages,840.0,4.9,DHA,Mango Drift Smoothie . Beverages . Our in-house recipe blending smooth mango puree with creamy yogurt and skim milk for a refreshing tropical smoothie . at Double Shot - Lalik Chowk . in DHA
item_628,136,Double Shot - Lalik Chowk,menu_item,Mango Drift Smoothie Upsize,Beverages,1190.0,4.9,DHA,Mango Drift Smoothie Upsize . Beverages . Mango puree with skim milk and yogurt smoothie . at Double Shot - Lalik Chowk . in DHA
item_629,136,Double Shot - Lalik Chowk,menu_item,Peanut Butter Date Smoothie,Beverages,840.0,4.9,DHA,"Peanut Butter Date Smoothie . Beverages . A rich and creamy smoothie made with banana milk, peanut butter, yogurt, and sweet date purée. . at Double Shot - Lalik Chowk . in DHA"
item_630,136,Double Shot - Lalik Chowk,menu_item,Pistachio Frappe,Beverages,1220.0,4.9,DHA,Pistachio Frappe . Beverages . Creamy nutty pistachio blend served ice-cold . at Double Shot - Lalik Chowk . in DHA
item_631,136,Double Shot - Lalik Chowk,menu_item,Pistachio Frappe Upsize,Beverages,1570.0,4.9,DHA,Pistachio Frappe Upsize . Beverages . Creamy nutty pistachio blend served ice-cold in an upsize portion for the perfect refreshing treat . at Double Shot - Lalik Chowk . in DHA
item_632,136,Double Shot - Lalik Chowk,menu_item,Bacon Cheese,Snacks,1260.0,4.9,DHA,Bacon Cheese . Snacks . Delicious sandwich featuring crispy bacon and melted cheese on toasted bread. A savory delight perfect for any meal. . at Double Shot - Lalik Chowk . in DHA
item_633,136,Double Shot - Lalik Chowk,menu_item,Beef Brisket,Snacks,1260.0,4.9,DHA,Beef Brisket . Snacks . Tender slow-cooked beef brisket served between soft bread with caramelized onions and savory gravy for a hearty satisfying meal . at Double Shot - Lalik Chowk . in DHA
item_634,136,Double Shot - Lalik Chowk,menu_item,Chicken & Mushroom Tart,Snacks,1070.0,4.9,DHA,Chicken & Mushroom Tart . Snacks . Savoury chicken and mushroom puff pastry delight with tender poultry and earthy mushrooms baked in golden crispy pastry . at Double Shot - Lalik Chowk . in DHA
item_635,136,Double Shot - Lalik Chowk,menu_item,Chicken Caesar Pesto on Parmesan,Snacks,1320.0,4.9,DHA,"Chicken Caesar Pesto on Parmesan . Snacks . Grilled chicken with Caesar and pesto on a Parmesan base, rich, savoury, and satisfying. . at Double Shot - Lalik Chowk . in DHA"
item_636,136,Double Shot - Lalik Chowk,menu_item,Jalapeno French Cheese,Snacks,1260.0,4.9,DHA,Jalapeno French Cheese . Snacks . Spicy jalapeno and rich French cheese fusion. A delightful combination of fiery heat and creamy indulgence perfect for those seeking bold flavors . at Double Shot - Lalik Chowk . in DHA
item_637,136,Double Shot - Lalik Chowk,menu_item,Korean beef baguette,Snacks,1260.0,4.9,DHA,"Korean beef baguette . Snacks . Build in flavour, with a Korean kick finished in a baguette. . at Double Shot - Lalik Chowk . in DHA"
item_638,136,Double Shot - Lalik Chowk,menu_item,Roast Chicken,Snacks,1260.0,4.9,DHA,Roast Chicken . Snacks . Tender slow-roasted chicken layered on toasted sourdough bread . at Double Shot - Lalik Chowk . in DHA
item_639,136,Double Shot - Lalik Chowk,menu_item,Smoked Zucchini Vegan Sandwich,Snacks,1260.0,4.9,DHA,Smoked Zucchini Vegan Sandwich . Snacks . Fresh veggies and plant-based fillings in a hearty sandwich . at Double Shot - Lalik Chowk . in DHA
item_640,136,Double Shot - Lalik Chowk,menu_item,Spiced Chicken Sesame,Snacks,1320.0,4.9,DHA,Spiced Chicken Sesame . Snacks . A flavorful spiced chicken sandwich layered with toasted sesame goodness . at Double Shot - Lalik Chowk . in DHA
item_641,136,Double Shot - Lalik Chowk,menu_item,Tuscan Chicken tart,Snacks,1130.0,4.9,DHA,"Tuscan Chicken tart . Snacks . Buttery puff pastry filled with creamy Tuscan chicken, herbs, and melted cheese. . at Double Shot - Lalik Chowk . in DHA"
item_642,136,Double Shot - Lalik Chowk,menu_item,Banana Bread,Desserts,685.0,4.9,DHA,Banana Bread . Desserts . Moist banana bread infused with warm cinnamon swirls and a hint of vanilla. A delightful sweet treat perfect for breakfast or tea time. . at Double Shot - Lalik Chowk . in DHA
item_643,136,Double Shot - Lalik Chowk,menu_item,Brownie,Desserts,755.0,4.9,DHA,Brownie . Desserts . Rich fudgy decadent chocolate brownie squares with a moist interior and crispy edges perfect for chocolate lovers . at Double Shot - Lalik Chowk . in DHA
item_644,136,Double Shot - Lalik Chowk,menu_item,Carrot Cake,Desserts,995.0,4.9,DHA,Carrot Cake . Desserts . Moist carrot cake with sweet spices and nuts and cream cheese frosting . at Double Shot - Lalik Chowk . in DHA
item_645,136,Double Shot - Lalik Chowk,menu_item,Cheese Cake,Desserts,1260.0,4.9,DHA,Cheese Cake . Desserts . Creamy velvety cheesecake with a buttery biscuit base . at Double Shot - Lalik Chowk . in DHA
item_646,136,Double Shot - Lalik Chowk,menu_item,Chocolate Cake,Desserts,1175.0,4.9,DHA,Chocolate Cake . Desserts . A decadent slice of moist chocolate cake layered with creamy chocolate frosting . at Double Shot - Lalik Chowk . in DHA
item_647,136,Double Shot - Lalik Chowk,menu_item,Chocolate Chip Cookie,Desserts,755.0,4.9,DHA,Chocolate Chip Cookie . Desserts . Soft-baked chocolate chip cookie loaded with premium chocolate chips and baked to golden perfection for a delightful treat . at Double Shot - Lalik Chowk . in DHA
item_648,136,Double Shot - Lalik Chowk,menu_item,Cinnamon Babka Bun,Desserts,745.0,4.9,DHA,Cinnamon Babka Bun . Desserts . Soft golden pastry swirled with sweet cinnamon goodness. A delightful treat with layers of buttery dough and aromatic cinnamon filling perfect for any time of day . at Double Shot - Lalik Chowk . in DHA
item_649,136,Double Shot - Lalik Chowk,menu_item,Classic Coffee Muffin,Desserts,780.0,4.9,DHA,Classic Coffee Muffin . Desserts . A delightful muffin infused with rich coffee flavor . at Double Shot - Lalik Chowk . in DHA
item_650,136,Double Shot - Lalik Chowk,menu_item,Oatmeal Cookie,Desserts,755.0,4.9,DHA,Oatmeal Cookie . Desserts . Soft-baked oatmeal with sweet cinnamon crunch. . at Double Shot - Lalik Chowk . in DHA
item_651,136,Double Shot - Lalik Chowk,menu_item,Oreo coffee cheesecake,Desserts,1320.0,4.9,DHA,Oreo coffee cheesecake . Desserts . Decadent Oreo coffee cheesecake featuring a crumbly Oreo biscuit base topped with creamy coffee infused cheese layer and finished with rich chocolate ganache . at Double Shot - Lalik Chowk . in DHA
item_652,136,Double Shot - Lalik Chowk,menu_item,Silk Tart,Desserts,875.0,4.9,DHA,"Silk Tart . Desserts . A rich chocolate silk tart with a crunchy biscuit base, topped with a smooth layer of dark chocolate. . at Double Shot - Lalik Chowk . in DHA"
item_653,136,Double Shot - Lalik Chowk,menu_item,Caramel Frappuccino Upsize,Beverages,1230.0,4.9,DHA,Caramel Frappuccino Upsize . Beverages . Rich velvety coffee with a sweet caramel swirl blended to creamy perfection and served in an upsize portion for ultimate indulgence . at Double Shot - Lalik Chowk . in DHA
item_654,136,Double Shot - Lalik Chowk,menu_item,Caramel Iced Latte Upsize,Beverages,1135.0,4.9,DHA,Caramel Iced Latte Upsize . Beverages . Rich velvety latte with smooth caramel undertones served ice cold in an upsize portion . at Double Shot - Lalik Chowk . in DHA
item_655,136,Double Shot - Lalik Chowk,menu_item,Coconut Americano Upsize,Beverages,1250.0,4.9,DHA,Coconut Americano Upsize . Beverages . espresso shot with coconut water . at Double Shot - Lalik Chowk . in DHA
item_656,136,Double Shot - Lalik Chowk,menu_item,Dark latte Iced upsize,Beverages,1220.0,4.9,DHA,Dark latte Iced upsize . Beverages . Dark chocolate with espresso shot . at Double Shot - Lalik Chowk . in DHA
item_657,136,Double Shot - Lalik Chowk,menu_item,Espresso Protein Shake Upsize,Beverages,1270.0,4.9,DHA,Espresso Protein Shake Upsize . Beverages . A blend of double shot espresso with protein and natural sweetness . at Double Shot - Lalik Chowk . in DHA
item_658,136,Double Shot - Lalik Chowk,menu_item,Frosted Toffee Upsize frappe,Beverages,1520.0,4.9,DHA,Frosted Toffee Upsize frappe . Beverages . Caramel syrup and lotus sauce frappe with double shot of espresso . at Double Shot - Lalik Chowk . in DHA
item_659,136,Double Shot - Lalik Chowk,menu_item,Hazel Rush Upsize frappe,Beverages,1510.0,4.9,DHA,Hazel Rush Upsize frappe . Beverages . Hazelnut syrup and peanut butter frappe with double shot of espresso . at Double Shot - Lalik Chowk . in DHA
item_660,136,Double Shot - Lalik Chowk,menu_item,Hazelnut Frappuccino Upsize,Beverages,1230.0,4.9,DHA,Hazelnut Frappuccino Upsize . Beverages . Rich hazelnut coffee in a smooth velvety blend served ice cold for the ultimate refreshing experience . at Double Shot - Lalik Chowk . in DHA
item_661,136,Double Shot - Lalik Chowk,menu_item,Hazelnut Iced Latte Upsize,Beverages,1135.0,4.9,DHA,Hazelnut Iced Latte Upsize . Beverages . Rich hazelnut flavor in every velvety latte sip. . at Double Shot - Lalik Chowk . in DHA
item_662,136,Double Shot - Lalik Chowk,menu_item,Honey Iced Latte Upsize,Beverages,1135.0,4.9,DHA,Honey Iced Latte Upsize . Beverages . Velvety espresso with a drizzle of pure honey blended with creamy milk and ice for a smooth refreshing iced latte . at Double Shot - Lalik Chowk . in DHA
item_663,136,Double Shot - Lalik Chowk,menu_item,Iced Americano Upsize,Beverages,935.0,4.9,DHA,Iced Americano Upsize . Beverages . Bold and refreshing triple shot espresso served over ice with crisp cold water for a smooth invigorating iced americano experience . at Double Shot - Lalik Chowk . in DHA
item_664,136,Double Shot - Lalik Chowk,menu_item,Iced Coconut Latte Upsize,Beverages,2000.0,4.9,DHA,"Iced Coconut Latte Upsize . Beverages . Smooth iced latte infused with creamy coconut flavor, perfectly chilled and upsized for a refreshing treat that delights with every sip . at Double Shot - Lalik Chowk . in DHA"
item_665,136,Double Shot - Lalik Chowk,menu_item,Iced Honey Americano Upsize,Beverages,1040.0,4.9,DHA,Iced Honey Americano Upsize . Beverages . Smooth cold brew espresso blended with rich smoky honey and chilled water for the perfect americano experience. Served upsize over ice for maximum refreshment. . at Double Shot - Lalik Chowk . in DHA
item_666,136,Double Shot - Lalik Chowk,menu_item,Iced Latte Upsize,Beverages,1060.0,4.9,DHA,Iced Latte Upsize . Beverages . Rich velvety espresso meets icy cold milk in this refreshing upsize iced latte perfect for any time of day . at Double Shot - Lalik Chowk . in DHA
item_667,136,Double Shot - Lalik Chowk,menu_item,Iced Mocha 101 Upsize,Beverages,1145.0,4.9,DHA,Iced Mocha 101 Upsize . Beverages . Rich chilled mocha with a velvety cream topping served in an upsize portion for maximum indulgence . at Double Shot - Lalik Chowk . in DHA
item_668,136,Double Shot - Lalik Chowk,menu_item,Iced Orange Americano Upsize,Beverages,1045.0,4.9,DHA,Iced Orange Americano Upsize . Beverages . Refreshing Americano over ice with a citrusy orange kick . at Double Shot - Lalik Chowk . in DHA
item_669,136,Double Shot - Lalik Chowk,menu_item,Iced Salted Caramel Latte Upsize,Beverages,1260.0,4.9,DHA,Iced Salted Caramel Latte Upsize . Beverages . Iced salted caramel latte with espresso shot and rich caramel purée . at Double Shot - Lalik Chowk . in DHA
item_670,136,Double Shot - Lalik Chowk,menu_item,Iced Spanish Latte Upsize,Beverages,1135.0,4.9,DHA,"Iced Spanish Latte Upsize . Beverages . Rich, velvety spanish latte over ice, upsized. . at Double Shot - Lalik Chowk . in DHA"
item_671,136,Double Shot - Lalik Chowk,menu_item,Java chip chocolate Upsize frappe,Beverages,1550.0,4.9,DHA,Java chip chocolate Upsize frappe . Beverages . Java chip chocolate frappe with triple shot of espresso . at Double Shot - Lalik Chowk . in DHA
item_672,136,Double Shot - Lalik Chowk,menu_item,Kunafa Upsize Frappe,Beverages,1590.0,4.9,DHA,Kunafa Upsize Frappe . Beverages . Pistachio sauce and chocolate frappe with triple shot of espresso . at Double Shot - Lalik Chowk . in DHA
item_673,136,Double Shot - Lalik Chowk,menu_item,Mocha Frappuccino Upsize,Beverages,1230.0,4.9,DHA,Mocha Frappuccino Upsize . Beverages . Rich frosty coffee blended with decadent chocolate in an upsize serving for maximum indulgence . at Double Shot - Lalik Chowk . in DHA
item_674,136,Double Shot - Lalik Chowk,menu_item,Pistachio latte Iced Upsize,Beverages,1345.0,4.9,DHA,"Pistachio latte Iced Upsize . Beverages . A refreshing iced latte with triple espresso and rich pistachio purée for a smooth, nutty flavor. . at Double Shot - Lalik Chowk . in DHA"
item_675,136,Double Shot - Lalik Chowk,menu_item,Toffee Nut Frappuccino Upsize,Beverages,1230.0,4.9,DHA,Toffee Nut Frappuccino Upsize . Beverages . Rich aromatic coffee blended with toffee and nuts creating a smooth creamy frappuccino perfect for any time of day . at Double Shot - Lalik Chowk . in DHA
item_676,136,Double Shot - Lalik Chowk,menu_item,Toffee Nut Iced Latte Upsize,Beverages,1135.0,4.9,DHA,Toffee Nut Iced Latte Upsize . Beverages . Rich smooth latte infused with nutty toffee flavor notes Creamy espresso blended with velvety steamed milk and sweet toffee syrup for an indulgent cold beverage . at Double Shot - Lalik Chowk . in DHA
item_677,136,Double Shot - Lalik Chowk,menu_item,Vanilla Frappuccino Upsize,Beverages,1230.0,4.9,DHA,Vanilla Frappuccino Upsize . Beverages . Rich velvety vanilla coffee blended with ice and topped with whipped cream for a refreshing indulgence . at Double Shot - Lalik Chowk . in DHA
item_678,136,Double Shot - Lalik Chowk,menu_item,Vanilla Iced Latte Upsize,Beverages,1135.0,4.9,DHA,"Vanilla Iced Latte Upsize . Beverages . Creamy vanilla, rich espresso, icy perfection . at Double Shot - Lalik Chowk . in DHA"
item_679,136,Double Shot - Lalik Chowk,menu_item,Elderflower Iced Matcha Upsize,Desserts,1190.0,4.9,DHA,Elderflower Iced Matcha Upsize . Desserts . Refreshing iced matcha blended with delicate elderflower notes for a smooth and invigorating beverage. This upsize portion delivers a perfect balance of earthy matcha and floral sweetness ideal for a revitalizing treat . at Double Shot - Lalik Chowk . in DHA
item_680,136,Double Shot - Lalik Chowk,menu_item,Iced Citrus Earl Matcha Upsize,Desserts,1390.0,4.9,DHA,Iced Citrus Earl Matcha Upsize . Desserts . A refreshing blend of premium matcha whisked with condensed milk and signature citrus puree over an Earl Grey tea base topped with cold milk and ice for a smooth creamy experience . at Double Shot - Lalik Chowk . in DHA
item_681,136,Double Shot - Lalik Chowk,menu_item,Iced Coconut Matcha Upsize,Desserts,1390.0,4.9,DHA,Iced Coconut Matcha Upsize . Desserts . Refreshing iced matcha blended with smooth coconut puree and creamy coconut milk over ice for a tropical twist on this classic green tea beverage . at Double Shot - Lalik Chowk . in DHA
item_682,136,Double Shot - Lalik Chowk,menu_item,Iced Honey Matcha Upsize,Desserts,1190.0,4.9,DHA,Iced Honey Matcha Upsize . Desserts . Refreshing vibrant green matcha tea served ice cold with a smooth velvety texture and delicate earthy flavor perfect for any season . at Double Shot - Lalik Chowk . in DHA
item_683,136,Double Shot - Lalik Chowk,menu_item,Iced Toasted Banana Matcha Upsize,Desserts,1390.0,4.9,DHA,Iced Toasted Banana Matcha Upsize . Desserts . Refreshing iced matcha blended with smooth banana milk and rich Toffee Nut Syrup over ice. A delightful upsize serving that combines earthy matcha with creamy sweetness. . at Double Shot - Lalik Chowk . in DHA
item_684,136,Double Shot - Lalik Chowk,menu_item,Mango Matcha Upsize,Desserts,1390.0,4.9,DHA,Mango Matcha Upsize . Desserts . Vibrant matcha blended with sweet tropical mango for a refreshing and energizing beverage . at Double Shot - Lalik Chowk . in DHA
item_685,136,Double Shot - Lalik Chowk,menu_item,Matcha Blueberry Upsize,Desserts,1390.0,4.9,DHA,Matcha Blueberry Upsize . Desserts . Vibrant green matcha tea blended with sweet blueberry notes creating a refreshing and antioxidant-rich beverage with a delightful fruity twist . at Double Shot - Lalik Chowk . in DHA
item_686,136,Double Shot - Lalik Chowk,menu_item,Matcha Frappuccino Upsize,Desserts,1390.0,4.9,DHA,Matcha Frappuccino Upsize . Desserts . Rich green tea blended icy refresher with smooth matcha powder creating a vibrant and invigorating beverage perfect for any time . at Double Shot - Lalik Chowk . in DHA
item_687,136,Double Shot - Lalik Chowk,menu_item,Matcha Strawberry Upsize,Desserts,1390.0,4.9,DHA,Matcha Strawberry Upsize . Desserts . Vibrant green matcha tea blended with luscious strawberry creating a delightful fusion of earthy and fruity flavors in an upsize serving . at Double Shot - Lalik Chowk . in DHA
item_688,136,Double Shot - Lalik Chowk,menu_item,Matcha Vanilla Bean Upsize,Desserts,1390.0,4.9,DHA,Matcha Vanilla Bean Upsize . Desserts . Grassy matcha meets sweet vanilla bean bliss in this perfectly balanced upsize beverage. Smooth earthy matcha powder blends harmoniously with rich vanilla bean notes creating a delightful and refreshing drink . at Double Shot - Lalik Chowk . in DHA
item_689,136,Double Shot - Lalik Chowk,menu_item,Berry Blast Spritz,Other,670.0,4.9,DHA,Berry Blast Spritz . Other . Fruity berry blend sparkling summer refresher . at Double Shot - Lalik Chowk . in DHA
item_690,136,Double Shot - Lalik Chowk,menu_item,Coconut Lemon Spritz,Other,700.0,4.9,DHA,Coconut Lemon Spritz . Other . Refreshing coconut and zesty lemon beverage . at Double Shot - Lalik Chowk . in DHA
item_691,136,Double Shot - Lalik Chowk,menu_item,Elderflower Iced Tea Upsize,Other,1020.0,4.9,DHA,Elderflower Iced Tea Upsize . Other . Delicate elderflower tea served ice-cold with a subtle sweetness and crisp refreshing taste. Perfect for warm days and light moments. . at Double Shot - Lalik Chowk . in DHA
item_692,136,Double Shot - Lalik Chowk,menu_item,Elderflower Iced tea,Other,670.0,4.9,DHA,Elderflower Iced tea . Other . A delightfully refreshing Elderflower Iced Tea with subtle floral sweetness and cooling notes Perfect for warm days and gatherings . at Double Shot - Lalik Chowk . in DHA
item_693,136,Double Shot - Lalik Chowk,menu_item,Honey Lemon Spritz,Other,700.0,4.9,DHA,Honey Lemon Spritz . Other . Zesty lemon and sweet honey in a sparkling spritz. . at Double Shot - Lalik Chowk . in DHA
item_694,136,Double Shot - Lalik Chowk,menu_item,Honey Lemon Spritz Upsize,Other,1050.0,4.9,DHA,Honey Lemon Spritz Upsize . Other . Zesty lemon and sweet honey in a sparkling spritz. . at Double Shot - Lalik Chowk . in DHA
item_695,136,Double Shot - Lalik Chowk,menu_item,Peach Iced Tea,Other,670.0,4.9,DHA,"Peach Iced Tea . Other . Refreshing peach iced tea with a smooth fruity flavor and light sweetness. Only 50 calories per serving, perfect for a guilt-free refreshment. . at Double Shot - Lalik Chowk . in DHA"
item_696,136,Double Shot - Lalik Chowk,menu_item,Peach Iced Tea Upsize,Other,1020.0,4.9,DHA,Peach Iced Tea Upsize . Other . Cool iced tea with a tangy pomegranate twist. . at Double Shot - Lalik Chowk . in DHA
item_697,136,Double Shot - Lalik Chowk,menu_item,Pomegranate Iced Tea,Other,670.0,4.9,DHA,Pomegranate Iced Tea . Other . Cool iced tea with a tangy pomegranate twist. . at Double Shot - Lalik Chowk . in DHA
item_698,136,Double Shot - Lalik Chowk,menu_item,Pomegranate Iced Tea Upsize,Other,1020.0,4.9,DHA,Pomegranate Iced Tea Upsize . Other . Refreshing iced tea infused with bold pomegranate flavor. . at Double Shot - Lalik Chowk . in DHA
item_699,137,Frute - Askari 11,menu_item,Americano,Beverages,850.0,0.0,Lahore,Americano . Beverages . American style espresso beverage featuring a rich and comforting flavor. . at Frute - Askari 11 . in Lahore
item_700,137,Frute - Askari 11,menu_item,Cappuccino,Beverages,850.0,0.0,Lahore,Cappuccino . Beverages . Italian style espresso coffee beverage with a rich and comforting flavor. . at Frute - Askari 11 . in Lahore
item_701,137,Frute - Askari 11,menu_item,Expresso Shake,Beverages,1100.0,0.0,Lahore,Expresso Shake . Beverages . Blended style espresso beverage featuring a refreshing and mildly sweet flavor. . at Frute - Askari 11 . in Lahore
item_702,137,Frute - Askari 11,menu_item,Latte,Beverages,850.0,0.0,Lahore,Latte . Beverages . Chilled espresso beverage with milk featuring a refreshing flavor. . at Frute - Askari 11 . in Lahore
item_703,137,Frute - Askari 11,menu_item,Butterscotch,Desserts,950.0,0.0,Lahore,Butterscotch . Desserts . Café style espresso beverage featuring a rich and mildly sweet flavor. . at Frute - Askari 11 . in Lahore
item_704,137,Frute - Askari 11,menu_item,French Vanilla,Desserts,950.0,0.0,Lahore,French Vanilla . Desserts . Espresso style milk and coffee beverage with a comforting flavor. . at Frute - Askari 11 . in Lahore
item_705,137,Frute - Askari 11,menu_item,Hazelnut,Desserts,950.0,0.0,Lahore,Hazelnut . Desserts . Café style espresso coffee beverage with a rich and mildly sweet flavor. . at Frute - Askari 11 . in Lahore
item_706,137,Frute - Askari 11,menu_item,Popcorn,Desserts,950.0,0.0,Lahore,Popcorn . Desserts . Air popped style corn kernels featuring a savory flavor. . at Frute - Askari 11 . in Lahore
item_707,137,Frute - Askari 11,menu_item,Roasted Hazelnut,Desserts,950.0,0.0,Lahore,Roasted Hazelnut . Desserts . Roasted style coffee beverage with a rich and mildly sweet flavor. . at Frute - Askari 11 . in Lahore
item_708,137,Frute - Askari 11,menu_item,Spanish,Desserts,1000.0,0.0,Lahore,Spanish . Desserts . Spanish style brewed espresso beverage featuring a rich and mildly sweet flavor. . at Frute - Askari 11 . in Lahore
item_709,137,Frute - Askari 11,menu_item,ABC,Beverages,800.0,0.0,Lahore,"ABC . Beverages . Apple, beetroot & carrot . at Frute - Askari 11 . in Lahore"
item_710,137,Frute - Askari 11,menu_item,All Clear,Beverages,800.0,0.0,Lahore,"All Clear . Beverages . Apple, lemon & ginger . at Frute - Askari 11 . in Lahore"
item_711,137,Frute - Askari 11,menu_item,DR. Cleanse,Beverages,900.0,0.0,Lahore,"DR. Cleanse . Beverages . Apple, beetroot, spinach & lemon . at Frute - Askari 11 . in Lahore"
item_712,137,Frute - Askari 11,menu_item,High Metabolism,Beverages,900.0,0.0,Lahore,"High Metabolism . Beverages . Beetroot, apple, orange grapes, cucumber, mint & ginger . at Frute - Askari 11 . in Lahore"
item_713,137,Frute - Askari 11,menu_item,Immuno Kick,Beverages,900.0,0.0,Lahore,"Immuno Kick . Beverages . Apple, carrot, grapes & orange . at Frute - Askari 11 . in Lahore"
item_714,137,Frute - Askari 11,menu_item,Liver Cleanser,Beverages,900.0,0.0,Lahore,"Liver Cleanser . Beverages . Beetroot, grapes, orange, apple, carrot & celery . at Frute - Askari 11 . in Lahore"
item_715,137,Frute - Askari 11,menu_item,Mighty Charger,Beverages,900.0,0.0,Lahore,"Mighty Charger . Beverages . Apple, orange, lemon, pomegranate & carrot . at Frute - Askari 11 . in Lahore"
item_716,137,Frute - Askari 11,menu_item,Peach N Plum,Beverages,900.0,0.0,Lahore,"Peach N Plum . Beverages . Peach, plum, grapes & apple . at Frute - Askari 11 . in Lahore"
item_717,137,Frute - Askari 11,menu_item,Plumy Morning,Beverages,900.0,0.0,Lahore,"Plumy Morning . Beverages . Plum, peach, orange & ginger . at Frute - Askari 11 . in Lahore"
item_718,137,Frute - Askari 11,menu_item,Power House,Beverages,900.0,0.0,Lahore,"Power House . Beverages . Grapes, orange, apple, carrot & beetroot . at Frute - Askari 11 . in Lahore"
item_719,137,Frute - Askari 11,menu_item,Red Retreat,Beverages,900.0,0.0,Lahore,"Red Retreat . Beverages . Apple, beetroot, carrot, celery, orange & ginger . at Frute - Askari 11 . in Lahore"
item_720,137,Frute - Askari 11,menu_item,Reviver,Beverages,900.0,0.0,Lahore,"Reviver . Beverages . Apple, lemon & mint . at Frute - Askari 11 . in Lahore"
item_721,137,Frute - Askari 11,menu_item,Super Green,Beverages,900.0,0.0,Lahore,"Super Green . Beverages . Apple, celery, parsley, cucumber, spinach, lemon & ginger . at Frute - Askari 11 . in Lahore"
item_722,137,Frute - Askari 11,menu_item,Vital Clinic,Beverages,900.0,0.0,Lahore,"Vital Clinic . Beverages . Apple, beetroot, gropes, lemon, celery, ginger, orange & grapefruit . at Frute - Askari 11 . in Lahore"
item_723,137,Frute - Askari 11,menu_item,Blueberry,Beverages,1000.0,0.0,Lahore,Blueberry . Beverages . Chilled style berry beverage with a refreshing and mildly sweet flavor. . at Frute - Askari 11 . in Lahore
item_724,137,Frute - Askari 11,menu_item,Green Apple Iced Tea,Beverages,1000.0,0.0,Lahore,Green Apple Iced Tea . Beverages . Chilled style green apple beverage with a refreshing flavor. . at Frute - Askari 11 . in Lahore
item_725,137,Frute - Askari 11,menu_item,Lemon,Beverages,1000.0,0.0,Lahore,Lemon . Beverages . Chilled brew style lemon beverage with a refreshing flavor. . at Frute - Askari 11 . in Lahore
item_726,137,Frute - Askari 11,menu_item,Peach,Beverages,1000.0,0.0,Lahore,Peach . Beverages . Chilled style black tea with peach featuring a refreshing and mildly sweet flavor. . at Frute - Askari 11 . in Lahore
item_727,137,Frute - Askari 11,menu_item,Pomegrante,Beverages,1000.0,0.0,Lahore,Pomegrante . Beverages . Chilled style pomegranate beverage with a refreshing and mildly sweet flavor. . at Frute - Askari 11 . in Lahore
item_728,137,Frute - Askari 11,menu_item,Raspberry,Beverages,1000.0,0.0,Lahore,Raspberry . Beverages . Fruity style brewed raspberry beverage with a refreshing and mildly sweet flavor. . at Frute - Askari 11 . in Lahore
item_729,137,Frute - Askari 11,menu_item,Apple Juice,Beverages,750.0,0.0,Lahore,Apple Juice . Beverages . Freshly blended apple beverage featuring a refreshing flavor. . at Frute - Askari 11 . in Lahore
item_730,137,Frute - Askari 11,menu_item,Carrot Juice,Beverages,600.0,0.0,Lahore,Carrot Juice . Beverages . Freshly squeezed style carrot juice with a refreshing flavor. . at Frute - Askari 11 . in Lahore
item_731,137,Frute - Askari 11,menu_item,Lemon Iced Tea,Beverages,1000.0,0.0,Lahore,Lemon Iced Tea . Beverages . Chilled style tea beverage featuring a refreshing and tangy flavor. . at Frute - Askari 11 . in Lahore
item_732,137,Frute - Askari 11,menu_item,Lemonade,Beverages,700.0,0.0,Lahore,Lemonade . Beverages . Classic style lemon beverage with a refreshing and tangy flavor. . at Frute - Askari 11 . in Lahore
item_733,137,Frute - Askari 11,menu_item,Orange Juice,Beverages,700.0,0.0,Lahore,Orange Juice . Beverages . Freshly squeezed style orange beverage with a refreshing flavor. . at Frute - Askari 11 . in Lahore
item_734,137,Frute - Askari 11,menu_item,Peach Iced Tea,Beverages,1000.0,0.0,Lahore,Peach Iced Tea . Beverages . Cold brewed style black tea with a refreshing and mildly sweet flavor. . at Frute - Askari 11 . in Lahore
item_735,137,Frute - Askari 11,menu_item,Peach Juice,Beverages,900.0,0.0,Lahore,Peach Juice . Beverages . Blended peach beverage featuring a refreshing and mildly sweet flavor. . at Frute - Askari 11 . in Lahore
item_736,137,Frute - Askari 11,menu_item,Phalsa Juice,Beverages,700.0,0.0,Lahore,Phalsa Juice . Beverages . South Asian style blended phalsa berries beverage with a refreshing flavor. . at Frute - Askari 11 . in Lahore
item_737,137,Frute - Askari 11,menu_item,Rasberry Iced Tea,Beverages,1000.0,0.0,Lahore,Rasberry Iced Tea . Beverages . Brewed style black tea and raspberry beverage with a refreshing and mildly sweet flavor. . at Frute - Askari 11 . in Lahore
item_738,137,Frute - Askari 11,menu_item,Soda,Beverages,800.0,0.0,Lahore,Soda . Beverages . Carbonated beverage with a refreshing flavor. . at Frute - Askari 11 . in Lahore
item_739,137,Frute - Askari 11,menu_item,Sugar Cane,Beverages,700.0,0.0,Lahore,Sugar Cane . Beverages . Fresh pressed sugarcane beverage with a refreshing and mildly sweet flavor. . at Frute - Askari 11 . in Lahore
item_740,137,Frute - Askari 11,menu_item,Sweet Lemonade,Beverages,900.0,0.0,Lahore,Sweet Lemonade . Beverages . Chilled style lemon beverage with a refreshing and mildly sweet flavor. . at Frute - Askari 11 . in Lahore
item_741,137,Frute - Askari 11,menu_item,Watermelon Juice,Beverages,850.0,0.0,Lahore,Watermelon Juice . Beverages . Freshly blended watermelon beverage with a refreshing flavor. . at Frute - Askari 11 . in Lahore
item_742,137,Frute - Askari 11,menu_item,Banana Shake,Beverages,800.0,0.0,Lahore,"Banana Shake . Beverages . Milk, banana, fresh cream & honey . at Frute - Askari 11 . in Lahore"
item_743,137,Frute - Askari 11,menu_item,Chocolate Shake,Beverages,900.0,0.0,Lahore,Chocolate Shake . Beverages . Miik & chocolate ice cream . at Frute - Askari 11 . in Lahore
item_744,137,Frute - Askari 11,menu_item,Mango the Day,Beverages,950.0,0.0,Lahore,"Mango the Day . Beverages . Milk, mango, fresh cream & honey . at Frute - Askari 11 . in Lahore"
item_745,137,Frute - Askari 11,menu_item,Oreo Shake,Beverages,900.0,0.0,Lahore,"Oreo Shake . Beverages . Milk, Oreo ice cream & honey . at Frute - Askari 11 . in Lahore"
item_746,137,Frute - Askari 11,menu_item,Peach Shake,Beverages,900.0,0.0,Lahore,"Peach Shake . Beverages . Milk, peaches, fresh cream & honey . at Frute - Askari 11 . in Lahore"
item_747,137,Frute - Askari 11,menu_item,Power Shake,Beverages,1000.0,0.0,Lahore,"Power Shake . Beverages . Almond, dates, banana, milk & honey . at Frute - Askari 11 . in Lahore"
item_748,137,Frute - Askari 11,menu_item,Strawberry Shake,Beverages,900.0,0.0,Lahore,"Strawberry Shake . Beverages . Milk, strawberry, fresh cream & honey . at Frute - Askari 11 . in Lahore"
item_749,137,Frute - Askari 11,menu_item,Berry Bloom,Beverages,1300.0,0.0,Lahore,"Berry Bloom . Beverages . Apple juice, banana, strawberry, blueberry, blackberry, raspberry & honey . at Frute - Askari 11 . in Lahore"
item_750,137,Frute - Askari 11,menu_item,Berry Refreshing,Beverages,1000.0,0.0,Lahore,"Berry Refreshing . Beverages . Apple juice, strawberry, banana, yogurt & honey . at Frute - Askari 11 . in Lahore"
item_751,137,Frute - Askari 11,menu_item,Blueberry Bloom,Beverages,1250.0,0.0,Lahore,"Blueberry Bloom . Beverages . Blueberry, banana, yogurt, milk & almond . at Frute - Askari 11 . in Lahore"
item_752,137,Frute - Askari 11,menu_item,Chocolate Peanut Magic,Beverages,1100.0,0.0,Lahore,"Chocolate Peanut Magic . Beverages . Milk, banana, peanut butter, chocolate ice cream & cocoa powder . at Frute - Askari 11 . in Lahore"
item_753,137,Frute - Askari 11,menu_item,Coco Naughty,Beverages,1000.0,0.0,Lahore,"Coco Naughty . Beverages . Milk, banana, almond, dates, yogurt & honey . at Frute - Askari 11 . in Lahore"
item_754,137,Frute - Askari 11,menu_item,Dream Date,Beverages,1000.0,0.0,Lahore,"Dream Date . Beverages . Milk, banana, dates, ice cream & fresh cream . at Frute - Askari 11 . in Lahore"
item_755,137,Frute - Askari 11,menu_item,Fit for A King,Beverages,1000.0,0.0,Lahore,"Fit for A King . Beverages . Apple juice, banana, strawberry, guava, yogurt & honey . at Frute - Askari 11 . in Lahore"
item_756,137,Frute - Askari 11,menu_item,I Love Myself,Beverages,1000.0,0.0,Lahore,"I Love Myself . Beverages . Strawberry, banana, milk, yogurt, fresh cream & vanilia ice cream . at Frute - Askari 11 . in Lahore"
item_757,137,Frute - Askari 11,menu_item,Nutty Energy,Beverages,1200.0,0.0,Lahore,"Nutty Energy . Beverages . Milk, banana, almond, pistachio, walnuts, dates, yogurt & honey . at Frute - Askari 11 . in Lahore"
item_758,137,Frute - Askari 11,menu_item,Pinky Promise,Beverages,1000.0,0.0,Lahore,"Pinky Promise . Beverages . Strawberry, yogurt, honey, dates, banana & milk . at Frute - Askari 11 . in Lahore"
item_759,137,Frute - Askari 11,menu_item,Smooth Criminal,Beverages,1200.0,0.0,Lahore,"Smooth Criminal . Beverages . Milk, banana, almond, pistachio & wolunt . at Frute - Askari 11 . in Lahore"
item_760,137,Frute - Askari 11,menu_item,Smooth Sunrise,Beverages,1000.0,0.0,Lahore,"Smooth Sunrise . Beverages . Apple juice, banana, strawberry & honey . at Frute - Askari 11 . in Lahore"
item_761,137,Frute - Askari 11,menu_item,Wake up Like This,Beverages,1000.0,0.0,Lahore,"Wake up Like This . Beverages . Milk, banana, fresh cream, peanut butter, honey & ice cream . at Frute - Askari 11 . in Lahore"
item_762,137,Frute - Askari 11,menu_item,Berry,Beverages,700.0,0.0,Lahore,Berry . Beverages . Carbonated berry beverage with a refreshing and mildly sweet flavor. . at Frute - Askari 11 . in Lahore
item_763,137,Frute - Askari 11,menu_item,Green Apple,Beverages,700.0,0.0,Lahore,Green Apple . Beverages . Carbonated style apple beverage with a refreshing and mildly sweet flavor. . at Frute - Askari 11 . in Lahore
item_764,137,Frute - Askari 11,menu_item,Lemon Soda,Beverages,800.0,0.0,Lahore,Lemon Soda . Beverages . Refreshing carbonated beverage with a tangy flavor. . at Frute - Askari 11 . in Lahore
item_765,137,Frute - Askari 11,menu_item,Lemonde,Beverages,700.0,0.0,Lahore,Lemonde . Beverages . Refreshing carbonated beverage with a mildly sweet flavor. . at Frute - Askari 11 . in Lahore
item_766,137,Frute - Askari 11,menu_item,Mint Lemonade,Beverages,900.0,0.0,Lahore,Mint Lemonade . Beverages . Blended mint and lemon beverage with a refreshing flavor. . at Frute - Askari 11 . in Lahore
item_767,137,Frute - Askari 11,menu_item,Passion Fruit,Beverages,700.0,0.0,Lahore,Passion Fruit . Beverages . Tropical style carbonated beverage with a mildly sweet flavor. . at Frute - Askari 11 . in Lahore
item_768,137,Frute - Askari 11,menu_item,Pomegranate,Beverages,700.0,0.0,Lahore,Pomegranate . Beverages . Carbonated style pomegranate beverage featuring a refreshing and mildly sweet flavor. . at Frute - Askari 11 . in Lahore
item_769,137,Frute - Askari 11,menu_item,Sweet Lemonade Soda,Beverages,900.0,0.0,Lahore,Sweet Lemonade Soda . Beverages . Carbonated style lemon beverage with a refreshing flavor. . at Frute - Askari 11 . in Lahore
item_770,79,Go Sushi - DHA Phase 6,menu_item,Crunch,Add-ons & Condiments,60.0,3.9,DHA,Crunch . Add-ons & Condiments . Single Serving . at Go Sushi - DHA Phase 6 . in DHA
item_771,79,Go Sushi - DHA Phase 6,menu_item,Dynamite Sauce,Add-ons & Condiments,60.0,3.9,DHA,Dynamite Sauce . Add-ons & Condiments . Single Serving . at Go Sushi - DHA Phase 6 . in DHA
item_772,79,Go Sushi - DHA Phase 6,menu_item,Soy Sauce,Add-ons & Condiments,60.0,3.9,DHA,Soy Sauce . Add-ons & Condiments . Single Serving . at Go Sushi - DHA Phase 6 . in DHA
item_773,79,Go Sushi - DHA Phase 6,menu_item,Spicy Mayo,Add-ons & Condiments,60.0,3.9,DHA,Spicy Mayo . Add-ons & Condiments . Single Serving . at Go Sushi - DHA Phase 6 . in DHA
item_774,79,Go Sushi - DHA Phase 6,menu_item,Umami Sauce,Add-ons & Condiments,60.0,3.9,DHA,Umami Sauce . Add-ons & Condiments . Single Serving . at Go Sushi - DHA Phase 6 . in DHA
item_775,79,Go Sushi - DHA Phase 6,menu_item,Azadi Deal,Deals & Combos,960.0,3.9,DHA,Azadi Deal . Deals & Combos . 4 Pcs of Classic Sushi & 250ml drink . at Go Sushi - DHA Phase 6 . in DHA
item_776,79,Go Sushi - DHA Phase 6,menu_item,7up Can - 250 ml,Beverages,230.0,3.9,DHA,7up Can - 250 ml . Beverages . A Light & Refreshing Lemon-lime soda to pair with your food! Click to add to your meal. . at Go Sushi - DHA Phase 6 . in DHA
item_777,79,Go Sushi - DHA Phase 6,menu_item,Diet Pepsi Can - 250 ml,Beverages,230.0,3.9,DHA,Diet Pepsi Can - 250 ml . Beverages . Pepsi Zero Sugar is the only soda with Zero Calories & Maximum Pepsi taste! Click to add to your meal. . at Go Sushi - DHA Phase 6 . in DHA
item_778,79,Go Sushi - DHA Phase 6,menu_item,Iced Tea,Beverages,550.0,3.9,DHA,Iced Tea . Beverages . Serves 1-2 persons. . at Go Sushi - DHA Phase 6 . in DHA
item_779,79,Go Sushi - DHA Phase 6,menu_item,Mint Margarita,Beverages,550.0,3.9,DHA,Mint Margarita . Beverages . Serves 1-2 persons. . at Go Sushi - DHA Phase 6 . in DHA
item_780,79,Go Sushi - DHA Phase 6,menu_item,Pepsi Can - 250 ml,Beverages,230.0,3.9,DHA,"Pepsi Can - 250 ml . Beverages . The Bold, Refreshing & STRONG cola! Click to add to your meal. . at Go Sushi - DHA Phase 6 . in DHA"
item_781,79,Go Sushi - DHA Phase 6,menu_item,Chicken Cashewnut With Rice,Other,1750.0,3.9,DHA,Chicken Cashewnut With Rice . Other . Serves 1-2 persons. . at Go Sushi - DHA Phase 6 . in DHA
item_782,79,Go Sushi - DHA Phase 6,menu_item,Chicken Kyoto,Other,1750.0,3.9,DHA,Chicken Kyoto . Other . Curry with rice . at Go Sushi - DHA Phase 6 . in DHA
item_783,79,Go Sushi - DHA Phase 6,menu_item,Katsu Chicken Noodles,Other,1750.0,3.9,DHA,Katsu Chicken Noodles . Other . Serves 1-2 persons. . at Go Sushi - DHA Phase 6 . in DHA
item_784,79,Go Sushi - DHA Phase 6,menu_item,chicken katsu with rice,Other,1750.0,3.9,DHA,chicken katsu with rice . Other . Curry with rice . at Go Sushi - DHA Phase 6 . in DHA
item_785,79,Go Sushi - DHA Phase 6,menu_item,spicy chicken ramen,Other,1750.0,3.9,DHA,spicy chicken ramen . Other . new dish . at Go Sushi - DHA Phase 6 . in DHA
item_786,79,Go Sushi - DHA Phase 6,menu_item,Crunchy Maki,Deals & Combos,1599.0,3.9,DHA,Crunchy Maki . Deals & Combos . Serving for 2 to 3 persons. 8 Pieces . at Go Sushi - DHA Phase 6 . in DHA
item_787,79,Go Sushi - DHA Phase 6,menu_item,Dynamite Roll,Deals & Combos,1599.0,3.9,DHA,"Dynamite Roll . Deals & Combos . Served with soy sauce, wasabi & gari . at Go Sushi - DHA Phase 6 . in DHA"
item_788,79,Go Sushi - DHA Phase 6,menu_item,Honey Mustard Roll,Deals & Combos,1599.0,3.9,DHA,"Honey Mustard Roll . Deals & Combos . Served with soy sauce, wasabi & gari . at Go Sushi - DHA Phase 6 . in DHA"
item_789,79,Go Sushi - DHA Phase 6,menu_item,Hot Cheetos Roll,Deals & Combos,1599.0,3.9,DHA,"Hot Cheetos Roll . Deals & Combos . Served with soy sauce, wasabi & gari . at Go Sushi - DHA Phase 6 . in DHA"
item_790,79,Go Sushi - DHA Phase 6,menu_item,Katsu Chicken Roll,Deals & Combos,1599.0,3.9,DHA,"Katsu Chicken Roll . Deals & Combos . Served with soy sauce, wasabi & gari . at Go Sushi - DHA Phase 6 . in DHA"
item_791,79,Go Sushi - DHA Phase 6,menu_item,Spicy California Rolls,Deals & Combos,1599.0,3.9,DHA,"Spicy California Rolls . Deals & Combos . Served with soy sauce, wasabi & gari . at Go Sushi - DHA Phase 6 . in DHA"
item_792,79,Go Sushi - DHA Phase 6,menu_item,Spicy Crunchy Makki,Deals & Combos,1599.0,3.9,DHA,Spicy Crunchy Makki . Deals & Combos . 8 pcs roll . at Go Sushi - DHA Phase 6 . in DHA
item_793,79,Go Sushi - DHA Phase 6,menu_item,Teriyaki Roll,Deals & Combos,1599.0,3.9,DHA,Teriyaki Roll . Deals & Combos . Serving for 2 to 3 persons. 8 Pieces . at Go Sushi - DHA Phase 6 . in DHA
item_794,79,Go Sushi - DHA Phase 6,menu_item,BYOB-Premium,Deals & Combos,2199.0,3.9,DHA,BYOB-Premium . Deals & Combos . Choose any Two Flavors From Options 1 to 7 . at Go Sushi - DHA Phase 6 . in DHA
item_795,79,Go Sushi - DHA Phase 6,menu_item,Dynamite Chicken,Other,1650.0,3.9,DHA,Dynamite Chicken . Other . Tender chicken prepared with a fiery spiced glaze delivering bold flavors and perfect heat A signature omakase selection that serves 1-2 . at Go Sushi - DHA Phase 6 . in DHA
item_796,79,Go Sushi - DHA Phase 6,menu_item,Dynamite Prawns,Other,1750.0,3.9,DHA,Dynamite Prawns . Other . Served with Dynamite & Tempura Sauce . at Go Sushi - DHA Phase 6 . in DHA
item_797,79,Go Sushi - DHA Phase 6,menu_item,Nana chicken,Other,1450.0,3.9,DHA,Nana chicken . Other . Nana chicken Go sushi . at Go Sushi - DHA Phase 6 . in DHA
item_798,79,Go Sushi - DHA Phase 6,menu_item,Prawns Tempura 5pcs,Other,2050.0,3.9,DHA,Prawns Tempura 5pcs . Other . Single Serving . at Go Sushi - DHA Phase 6 . in DHA
item_799,79,Go Sushi - DHA Phase 6,menu_item,Soup Of The Day,Other,750.0,3.9,DHA,Soup Of The Day . Other . Single serving . at Go Sushi - DHA Phase 6 . in DHA
item_800,79,Go Sushi - DHA Phase 6,menu_item,BYOB-Classic,Other,1599.0,3.9,DHA,BYOB-Classic . Other . Choose any Two Flavours From Our Classic Menu Only . at Go Sushi - DHA Phase 6 . in DHA
item_801,79,Go Sushi - DHA Phase 6,menu_item,Sushi Dream,Other,3399.0,3.9,DHA,Sushi Dream . Other . 1x Box Crunchy Makki and 1x Box Hot Cheeto Roll . at Go Sushi - DHA Phase 6 . in DHA
item_802,79,Go Sushi - DHA Phase 6,menu_item,Winter Wonders,Other,3399.0,3.9,DHA,Winter Wonders . Other . 1 Classic Box and 1 Pan Asian . at Go Sushi - DHA Phase 6 . in DHA
item_803,79,Go Sushi - DHA Phase 6,menu_item,Crispy Tempura roll,Deals & Combos,2199.0,3.9,DHA,Crispy Tempura roll . Deals & Combos . Prawns Tempura phildiphia cheese  jalapino . at Go Sushi - DHA Phase 6 . in DHA
item_804,79,Go Sushi - DHA Phase 6,menu_item,Crunchzilla Roll,Deals & Combos,2199.0,3.9,DHA,Crunchzilla Roll . Deals & Combos . prawns tempura wrapped in sushi rice topped with golden patato flakes . at Go Sushi - DHA Phase 6 . in DHA
item_805,79,Go Sushi - DHA Phase 6,menu_item,Double Crunch Roll,Deals & Combos,2199.0,3.9,DHA,Double Crunch Roll . Deals & Combos . Prawn Tempura Dynamite Sauce And Prawns topping with crunch . at Go Sushi - DHA Phase 6 . in DHA
item_806,79,Go Sushi - DHA Phase 6,menu_item,Dragon Roll,Deals & Combos,2199.0,3.9,DHA,Dragon Roll . Deals & Combos . Serving for 2 to 3 persons. 8 Pieces . at Go Sushi - DHA Phase 6 . in DHA
item_807,79,Go Sushi - DHA Phase 6,menu_item,Dynamite California Roll,Deals & Combos,2199.0,3.9,DHA,"Dynamite California Roll . Deals & Combos . Served with soy sauce, wasabi & garlic . at Go Sushi - DHA Phase 6 . in DHA"
item_808,79,Go Sushi - DHA Phase 6,menu_item,Firecracker Roll,Deals & Combos,2199.0,3.9,DHA,Firecracker Roll . Deals & Combos . prwans tempura crabsticks . at Go Sushi - DHA Phase 6 . in DHA
item_809,79,Go Sushi - DHA Phase 6,menu_item,GO Roll,Deals & Combos,2599.0,3.9,DHA,GO Roll . Deals & Combos . Our signature roll tempura prawn topped with salmon & crunch with tobikos & mix of our sauces . at Go Sushi - DHA Phase 6 . in DHA
item_810,79,Go Sushi - DHA Phase 6,menu_item,Philadelphia Roll,Deals & Combos,2599.0,3.9,DHA,Philadelphia Roll . Deals & Combos . Serving for 2 to 3 persons. 8 Pieces . at Go Sushi - DHA Phase 6 . in DHA
item_811,79,Go Sushi - DHA Phase 6,menu_item,Rainbow Roll,Deals & Combos,2599.0,3.9,DHA,Rainbow Roll . Deals & Combos . Serving for 2 to 3 persons. 8 Pieces . at Go Sushi - DHA Phase 6 . in DHA
item_812,79,Go Sushi - DHA Phase 6,menu_item,Spicy Salmon Roll,Deals & Combos,2199.0,3.9,DHA,Spicy Salmon Roll . Deals & Combos . Serving for 2 to 3 persons. 8 Pieces . at Go Sushi - DHA Phase 6 . in DHA
item_813,79,Go Sushi - DHA Phase 6,menu_item,The OG Roll,Deals & Combos,2199.0,3.9,DHA,The OG Roll . Deals & Combos . The OG GoSushi Roll . at Go Sushi - DHA Phase 6 . in DHA
item_814,79,Go Sushi - DHA Phase 6,menu_item,Volcano Maki,Deals & Combos,2199.0,3.9,DHA,Volcano Maki . Deals & Combos . Serving for 2 to 3 persons. 8 Pieces . at Go Sushi - DHA Phase 6 . in DHA
item_815,79,Go Sushi - DHA Phase 6,menu_item,Crab Kanikama Nigiri 5Pcs,Other,2999.0,3.9,DHA,Crab Kanikama Nigiri 5Pcs . Other . Crabstick with rice & nori band. . at Go Sushi - DHA Phase 6 . in DHA
item_816,79,Go Sushi - DHA Phase 6,menu_item,Salmon Nigiri 5Pcs,Other,2999.0,3.9,DHA,Salmon Nigiri 5Pcs . Other . Fresh hand cut salmon on sushi rice . at Go Sushi - DHA Phase 6 . in DHA
item_817,79,Go Sushi - DHA Phase 6,menu_item,Salmon Sashimi 5Pcs,Other,2999.0,3.9,DHA,Salmon Sashimi 5Pcs . Other . Fresh cuts of thick sliced salmon with cucumber & lemon. . at Go Sushi - DHA Phase 6 . in DHA
item_818,79,Go Sushi - DHA Phase 6,menu_item,SIX PERSON DEAL,Japanese,6749.25,3.9,DHA,SIX PERSON DEAL . Japanese . SERVE FOR 6 PERSOSN . at Go Sushi - DHA Phase 6 . in DHA
item_819,138,Hardee's - Lalik Chowk,menu_item,Angus Philly Cheesesteak,Burgers,2030.0,4.5,DHA,"Angus Philly Cheesesteak . Burgers . Packed with flavor, our Angus Philly Cheesesteak features premium, juicy Angus beef layered with melted cheese. . at Hardee's - Lalik Chowk . in DHA"
item_820,138,Hardee's - Lalik Chowk,menu_item,Angus Steak Loader,Burgers,1890.0,4.5,DHA,"Angus Steak Loader . Burgers . Angus Steak Loader stacked high with tender, juicy 100% Angus beef, smothered in layers of melted cheese, and loaded with rich, savory goodness. . at Hardee's - Lalik Chowk . in DHA"
item_821,138,Hardee's - Lalik Chowk,menu_item,Classic Angus Thick Burger,Burgers,1590.0,4.5,DHA,"Classic Angus Thick Burger . Burgers . All in juicy 100% Angus beef, chargrilled over an open flame, topped with two slices of delicious Swiss cheese, signature black pepper mayo and fresh vegetables on our toasted brioche style bun. . at Hardee's - Lalik Chowk . in DHA"
item_822,138,Hardee's - Lalik Chowk,menu_item,Jalapeno Angus Thick Burger,Burgers,1740.0,4.5,DHA,"Jalapeno Angus Thick Burger . Burgers . All in juicy 100% Angus beef, chargrilled over open flames, topped with Jalapenos coins covered with two slices of melted Swiss cheese, signature Santa Fe sauce and fresh vegetables, all in our toasted brioche style bun. . at Hardee's - Lalik Chowk . in DHA"
item_823,138,Hardee's - Lalik Chowk,menu_item,Mushroom & Swiss Angus Thick Burger,Burgers,1890.0,4.5,DHA,"Mushroom & Swiss Angus Thick Burger . Burgers . All in juicy 100% Angus beef, chargrilled over an open flame, covered in our unique Mushroom sauce, topped with two slices of melted Swiss cheese and signature black pepper mayo on our toasted brioche style bun. . at Hardee's - Lalik Chowk . in DHA"
item_824,138,Hardee's - Lalik Chowk,menu_item,Delicious Deal,Deals & Combos,550.0,4.5,DHA,Delicious Deal . Deals & Combos . A satisfying combo featuring a crispy golden chicken fillet sandwich paired with a refreshing 350ml beverage bottle. Perfect for a quick meal on the go. . at Hardee's - Lalik Chowk . in DHA
item_825,138,Hardee's - Lalik Chowk,menu_item,Coca Cola,Beverages,180.0,4.5,DHA,Coca Cola . Beverages . A sizzling cold beverage to quench your thirst. . at Hardee's - Lalik Chowk . in DHA
item_826,138,Hardee's - Lalik Chowk,menu_item,Coca Cola Zero,Beverages,180.0,4.5,DHA,Coca Cola Zero . Beverages . A sizzling cold beverage to quench your thirst. . at Hardee's - Lalik Chowk . in DHA
item_827,138,Hardee's - Lalik Chowk,menu_item,Coffee,Beverages,250.0,4.5,DHA,Coffee . Beverages . Enjoy a strong coffee brew to start your day! . at Hardee's - Lalik Chowk . in DHA
item_828,138,Hardee's - Lalik Chowk,menu_item,Fanta,Beverages,180.0,4.5,DHA,Fanta . Beverages . A sizzling cold beverage to quench your thirst. . at Hardee's - Lalik Chowk . in DHA
item_829,138,Hardee's - Lalik Chowk,menu_item,Iced Tea,Beverages,250.0,4.5,DHA,Iced Tea . Beverages . A refreshing blend of premium ingredients for a perfect sip. . at Hardee's - Lalik Chowk . in DHA
item_830,138,Hardee's - Lalik Chowk,menu_item,Mineral Water,Beverages,90.0,4.5,DHA,Mineral Water . Beverages . A sizzling cold beverage to quench your thirst. . at Hardee's - Lalik Chowk . in DHA
item_831,138,Hardee's - Lalik Chowk,menu_item,Sprite,Beverages,180.0,4.5,DHA,Sprite . Beverages . A sizzling cold beverage to quench your thirst. . at Hardee's - Lalik Chowk . in DHA
item_832,138,Hardee's - Lalik Chowk,menu_item,Tea,Beverages,250.0,4.5,DHA,Tea . Beverages . Your favorite cup of Karak chai . at Hardee's - Lalik Chowk . in DHA
item_833,138,Hardee's - Lalik Chowk,menu_item,Big Burger,Burgers,940.0,4.5,DHA,"Big Burger . Burgers . 100% All-beef chargrilled patty, topped with a slice of melted American cheese, mustard, ketchup, dill pickles and onions in our special Hardees sesame bun. . at Hardee's - Lalik Chowk . in DHA"
item_834,138,Hardee's - Lalik Chowk,menu_item,Cheese Steak Burger,Burgers,1490.0,4.5,DHA,"Cheese Steak Burger . Burgers . Cheese Steak Burger juicy, cheesy, chargrilled beef perfection, layered with fresh ingredients for an unforgettable bite with our special Hardees sesame bun. . at Hardee's - Lalik Chowk . in DHA"
item_835,138,Hardee's - Lalik Chowk,menu_item,Famous Star Burger,Burgers,1090.0,4.5,DHA,"Famous Star Burger . Burgers . 100% All-beef chargrilled patty, topped with a slice of melted American cheese, covered with unique Special sauce, mayo, dill pickles, fresh tomatoes, onions and crunchy lettuce, all in our special Hardees sesame bun. . at Hardee's - Lalik Chowk . in DHA"
item_836,138,Hardee's - Lalik Chowk,menu_item,Jalapeno Burger,Burgers,1190.0,4.5,DHA,"Jalapeno Burger . Burgers . 100% All-beef chargrilled patty topped with jalapenos coins and a slice of melted Swiss cheese, covered in signature Santa Fe sauce and fresh vegetables in our special Hardees sesame bun. . at Hardee's - Lalik Chowk . in DHA"
item_837,138,Hardee's - Lalik Chowk,menu_item,Mushroom & Swiss Burger,Burgers,1330.0,4.5,DHA,Mushroom & Swiss Burger . Burgers . 100% All-beef chargrilled patty covered with two slices of melted Swiss cheese and our unique Mushroom sauce in our special Hardees sesame bun. . at Hardee's - Lalik Chowk . in DHA
item_838,138,Hardee's - Lalik Chowk,menu_item,Steak Loader,Burgers,1430.0,4.5,DHA,"Steak Loader . Burgers . Premium Philly cheesesteak featuring thinly-Sliced steak, Grilled Onion, Green Paper, on top of 100% beef patty, chargrilled over open flame, topped with Swiss and American Cheese, Special signature Black paper mayo wrapped in toasted tortilla bread. . at Hardee's - Lalik Chowk . in DHA"
item_839,138,Hardee's - Lalik Chowk,menu_item,Super Star Burger,Burgers,1590.0,4.5,DHA,"Super Star Burger . Burgers . Two chargrilled 100% all-beef patties, topped with two slices of melted American cheese, covered in unique Special sauce, mayo, dill pickles, fresh tomatoes, onions and crunchy lettuce, all in our special Hardees sesame bun. . at Hardee's - Lalik Chowk . in DHA"
item_840,138,Hardee's - Lalik Chowk,menu_item,Chicken Fillet Sandwich,Sandwiches,690.0,4.5,DHA,Chicken Fillet Sandwich . Sandwiches . 100% whole muscle chicken fillet on a layer of lettuce and mayonnaise on our special Hardees sesame bun. . at Hardee's - Lalik Chowk . in DHA
item_841,138,Hardee's - Lalik Chowk,menu_item,Crispy Chicken Sandwich,Sandwiches,590.0,4.5,DHA,"Crispy Chicken Sandwich . Sandwiches . 100% real chicken meat, hand-breaded and fried to golden brown on a layer of crunchy lettuce and mayonnaise, inside our special toasted bun. . at Hardee's - Lalik Chowk . in DHA"
item_842,138,Hardee's - Lalik Chowk,menu_item,Grilled Chicken Jr Sandwich,Sandwiches,490.0,4.5,DHA,"Grilled Chicken Jr Sandwich . Sandwiches . Grilled chicken Fillet along with lettuce, tomatoes, mayonnaise served with our plain bun. . at Hardee's - Lalik Chowk . in DHA"
item_843,138,Hardee's - Lalik Chowk,menu_item,Grilled Chicken Sandwich,Sandwiches,760.0,4.5,DHA,"Grilled Chicken Sandwich . Sandwiches . 100% all-white meat chicken fillet, marinated in lemon herb seasoning, chargrilled to perfection, topped with mayo, fresh tomatoes and crunchy lettuce on our special Hardees sesame bun. . at Hardee's - Lalik Chowk . in DHA"
item_844,138,Hardee's - Lalik Chowk,menu_item,Jalapeno Chicken Sandwich,Sandwiches,990.0,4.5,DHA,"Jalapeno Chicken Sandwich . Sandwiches . 100% whole muscle chicken fillet topped with melted Swiss cheese, Jalapeno coins, covered with signature Santa fe sauce on a layer of fresh tomatoes and crunchy lettuce on our special Hardees sesame bun. . at Hardee's - Lalik Chowk . in DHA"
item_845,138,Hardee's - Lalik Chowk,menu_item,Jalapeno Crispy Chicken,Sandwiches,790.0,4.5,DHA,"Jalapeno Crispy Chicken . Sandwiches . 100% real chicken meat, hand-breaded and fried to golden brown topped with melted Swiss cheese, Jalapeno coins, covered with signature Santa fe sauce on a layer of fresh tomatoes and crunchy lettuce on our special toasted bun. . at Hardee's - Lalik Chowk . in DHA"
item_846,138,Hardee's - Lalik Chowk,menu_item,Mushroom n Swiss Chicken Sandwich,Sandwiches,1030.0,4.5,DHA,Mushroom n Swiss Chicken Sandwich . Sandwiches . 100% whole muscle chicken fillet covered with two slices of melted Swiss cheese and our unique Mushroom sauce on our special Hardees sesame bun. . at Hardee's - Lalik Chowk . in DHA
item_847,138,Hardee's - Lalik Chowk,menu_item,Super Star Chicken Sandwich,Sandwiches,1290.0,4.5,DHA,"Super Star Chicken Sandwich . Sandwiches . Two, 100% whole muscle chicken fillets, topped with two slices of melted Swiss cheese, covered in signature Santa fe sauce, fresh tomatoes and crunchy lettuce, all in our special Hardees sesame bun. . at Hardee's - Lalik Chowk . in DHA"
item_848,138,Hardee's - Lalik Chowk,menu_item,3 Pieces Hand Breaded Chicken Tenders,Meat Mains,690.0,4.5,DHA,"3 Pieces Hand Breaded Chicken Tenders . Meat Mains . Three pieces of 100% whole muscle Chicken tenders, breaded with our special spices and fried to golden brown. Served with a sauce of your choice. . at Hardee's - Lalik Chowk . in DHA"
item_849,138,Hardee's - Lalik Chowk,menu_item,Chicken Tenders 5 Pieces,Meat Mains,990.0,4.5,DHA,"Chicken Tenders 5 Pieces . Meat Mains . Five pieces of 100% whole muscle Chicken tenders, breaded with our special spices and fried to golden brown. Served with a sauce of your choice. . at Hardee's - Lalik Chowk . in DHA"
item_850,138,Hardee's - Lalik Chowk,menu_item,Golden Chicken Bites - 9 Pieces,Meat Mains,690.0,4.5,DHA,Golden Chicken Bites - 9 Pieces . Meat Mains . Premium all white chicken meat for the ultimate crunch of bite-sized chicken . at Hardee's - Lalik Chowk . in DHA
item_851,138,Hardee's - Lalik Chowk,menu_item,Chocolate Chip Cookie,Desserts,250.0,4.5,DHA,Chocolate Chip Cookie . Desserts . Delicious chocolate chip cookie . at Hardee's - Lalik Chowk . in DHA
item_852,138,Hardee's - Lalik Chowk,menu_item,Churros,Desserts,599.0,4.5,DHA,"Churros . Desserts . A sweet treat of five churros, seasoned with cinnamon and paired with warm chocolate syrup. . at Hardee's - Lalik Chowk . in DHA"
item_853,138,Hardee's - Lalik Chowk,menu_item,Deal for 3,Deals & Combos,1599.0,4.5,DHA,Deal for 3 . Deals & Combos . 2 Crispy Chicken Sandwiches 1 Value Chicken 1 Medium Fries and 3 regular drinks . at Hardee's - Lalik Chowk . in DHA
item_854,138,Hardee's - Lalik Chowk,menu_item,Deal for 4,Deals & Combos,2099.0,4.5,DHA,Deal for 4 . Deals & Combos . 4 Crispy Chicken Sandwiches 4 drinks and 1 Large fries . at Hardee's - Lalik Chowk . in DHA
item_855,138,Hardee's - Lalik Chowk,menu_item,Double Feast,Deals & Combos,1199.0,4.5,DHA,Double Feast . Deals & Combos . 1 Chicken Fillet 1 Crispy Chicken Sandwich 1 regular fries 2 regular drinks . at Hardee's - Lalik Chowk . in DHA
item_856,138,Hardee's - Lalik Chowk,menu_item,Hand Scooped Coconut Ice Cream Shake,Desserts,1100.0,4.5,DHA,Hand Scooped Coconut Ice Cream Shake . Desserts . A smooth and refreshing shake made with hand-scooped coconut ice cream for the perfect tropical treat . at Hardee's - Lalik Chowk . in DHA
item_857,138,Hardee's - Lalik Chowk,menu_item,Hand Scooped Ice Cream Matcha Shake,Desserts,990.0,4.5,DHA,Hand Scooped Ice Cream Matcha Shake . Desserts . Hand scooped ice cream matcha shake from the heart of Japan Creamy and smooth with authentic matcha flavor blended to perfection . at Hardee's - Lalik Chowk . in DHA
item_858,138,Hardee's - Lalik Chowk,menu_item,Hand Scooped Ice Cream Shake,Desserts,790.0,4.5,DHA,"Hand Scooped Ice Cream Shake . Desserts . CREAMY, HAND-SCOOPED DAIRY ICE CREAM BLENDED WITH REAL MILK AND TOPPED WITH WHIPPED TOPPING. AVAILABLE IN CHOCOLATE, VANILLA, COFFEE, STRAWBERRY AND LOTUS BISCOFF . at Hardee's - Lalik Chowk . in DHA"
item_859,138,Hardee's - Lalik Chowk,menu_item,Lotus Shake,Desserts,1100.0,4.5,DHA,"Lotus Shake . Desserts . Nutty caramel, silky cream cheese and cookie crumble served in a glass! Enjoy your favorite cake as our signature milkshake! . at Hardee's - Lalik Chowk . in DHA"
item_860,138,Hardee's - Lalik Chowk,menu_item,Chicken Tender Sandwich Combo,Other,590.0,4.5,DHA,"Chicken Tender Sandwich Combo . Other . 1 Chicken Tender Sandwich, 1 Regular Fries, 1 Drink (Drink can be replaced With Milo) (Toy can be added seperately) . at Hardee's - Lalik Chowk . in DHA"
item_861,138,Hardee's - Lalik Chowk,menu_item,Chicken Tender Wrap Combo,Other,590.0,4.5,DHA,"Chicken Tender Wrap Combo . Other . 1 Chicken Tender wrap, 1 Regular Fries, 1 Drink (Drink can be replaced With Milo) (Toy can be added seperately) . at Hardee's - Lalik Chowk . in DHA"
item_862,138,Hardee's - Lalik Chowk,menu_item,Grilled Chicken Jr. Combo,Other,590.0,4.5,DHA,"Grilled Chicken Jr. Combo . Other . 1 Grilled chicken JR. Sandwich, 1 Regular Fries, 1 Drink (Drink can be replaced With Milo) (Toy can be added seperately) . at Hardee's - Lalik Chowk . in DHA"
item_863,138,Hardee's - Lalik Chowk,menu_item,Hand-Breaded Chicken Tenders Combo,Other,590.0,4.5,DHA,"Hand-Breaded Chicken Tenders Combo . Other . 2 Pieces Hand-Breaded chicken tenders, 1 Regular Fries, 1
Drink (Drink can be replaced With Milo) (Toy can be added seperately) . at Hardee's - Lalik Chowk . in DHA"
item_864,138,Hardee's - Lalik Chowk,menu_item,Low Carb Wrap,Shawarma & Wraps,1530.0,4.5,DHA,"Low Carb Wrap . Shawarma & Wraps . All in juicy 100% Angus beef, chargrilled over an open flame, topped with a slice of melted American cheese, ketchup, mayo, mustard, crunchy lettuce, fresh tomatoes, onions and dill pickles, all wrapped in iceberg lettuce leaves. . at Hardee's - Lalik Chowk . in DHA"
item_865,138,Hardee's - Lalik Chowk,menu_item,Famous Star Paratha Wrap,Shawarma & Wraps,1050.0,4.5,DHA,"Famous Star Paratha Wrap . Shawarma & Wraps . Enjoy the perfect fusion of smoky and savory with a chargrilled beef patty, fresh onion, tomato slices, crisp lettuce,  pickles, cheese slice ,creamy mayonnaise, and our special sauce, wrapped in a soft, flaky paratha. . at Hardee's - Lalik Chowk . in DHA"
item_866,138,Hardee's - Lalik Chowk,menu_item,Jalapeño Crispy Paratha Wrap,Shawarma & Wraps,850.0,4.5,DHA,Jalapeño Crispy Paratha Wrap . Shawarma & Wraps . Bold flavors wrapped to perfection  A crispy chicken patty fresh lettuce cheese slice  spicy jalapeños  and signature Santa Fe sauce all tucked inside a warm flaky paratha for a satisfying bite every time . at Hardee's - Lalik Chowk . in DHA
item_867,138,Hardee's - Lalik Chowk,menu_item,BBQ Sauce,Add-ons & Condiments,100.0,4.5,DHA,BBQ Sauce . Add-ons & Condiments . A flavorful condiment to enhance your meal. . at Hardee's - Lalik Chowk . in DHA
item_868,138,Hardee's - Lalik Chowk,menu_item,Honey Mustard Sauce,Add-ons & Condiments,100.0,4.5,DHA,Honey Mustard Sauce . Add-ons & Condiments . A flavorful condiment to enhance your meal. . at Hardee's - Lalik Chowk . in DHA
item_869,138,Hardee's - Lalik Chowk,menu_item,Mustard Sauce,Add-ons & Condiments,100.0,4.5,DHA,Mustard Sauce . Add-ons & Condiments . A flavorful condiment to enhance your meal. . at Hardee's - Lalik Chowk . in DHA
item_870,138,Hardee's - Lalik Chowk,menu_item,Ranch Dressing Sauce,Add-ons & Condiments,100.0,4.5,DHA,Ranch Dressing Sauce . Add-ons & Condiments . A flavorful condiment to enhance your meal. . at Hardee's - Lalik Chowk . in DHA
item_871,138,Hardee's - Lalik Chowk,menu_item,Santafe Sauce,Add-ons & Condiments,100.0,4.5,DHA,Santafe Sauce . Add-ons & Condiments . A flavorful condiment to enhance your meal. . at Hardee's - Lalik Chowk . in DHA
item_872,138,Hardee's - Lalik Chowk,menu_item,Crispy Curls,Sides & Appetizers,750.0,4.5,DHA,"Crispy Curls . Sides & Appetizers . Premium quality skin on, seasoned crispy curly fries . at Hardee's - Lalik Chowk . in DHA"
item_873,138,Hardee's - Lalik Chowk,menu_item,Loaded Fries,Sides & Appetizers,1050.0,4.5,DHA,"Loaded Fries . Sides & Appetizers . Natural cut french fries loaded with cheese, santa fe sauce and jalapeno coins . at Hardee's - Lalik Chowk . in DHA"
item_874,138,Hardee's - Lalik Chowk,menu_item,Natural Cut Fries,Sides & Appetizers,290.0,4.5,DHA,"Natural Cut Fries . Sides & Appetizers . Premium quality skin on, natural cut french fries . at Hardee's - Lalik Chowk . in DHA"
item_875,138,Hardee's - Lalik Chowk,menu_item,6 Pieces Chicken Golden Bites,Other,350.0,4.5,DHA,6 Pieces Chicken Golden Bites . Other . Crispy breaded chicken bites cooked to a golden crisp. . at Hardee's - Lalik Chowk . in DHA
item_876,138,Hardee's - Lalik Chowk,menu_item,Hand Breaded One Tender Wrap,Other,199.0,4.5,DHA,Hand Breaded One Tender Wrap . Other . Crunchy hand-breaded chicken tender rolled in a warm wrap for classic flavor . at Hardee's - Lalik Chowk . in DHA
item_877,138,Hardee's - Lalik Chowk,menu_item,Hand-Breaded Chicken Tender Sandwich,Other,350.0,4.5,DHA,"Hand-Breaded Chicken Tender Sandwich . Other . Two pieces of 100% all-white chicken tenders, hand-breaded and fried to golden brown, on a layer of crunchy lettuce and topped with mayonnaise in our special toasted bun. . at Hardee's - Lalik Chowk . in DHA"
item_878,138,Hardee's - Lalik Chowk,menu_item,Santa Fe Curly Chicken Sandwich,Other,450.0,4.5,DHA,Santa Fe Curly Chicken Sandwich . Other . Crispy chicken tender paired with crispy Curls and a creamy Santa Fe sauce in a soft bun. . at Hardee's - Lalik Chowk . in DHA
item_879,138,Hardee's - Lalik Chowk,menu_item,Chicken Loader,Shawarma & Wraps,990.0,4.5,DHA,"Chicken Loader . Shawarma & Wraps . Fully loaded with premium Philly chicken steak on 100% chargrilled chicken patty, topped with American and Swiss cheese, sautéed onions and special black pepper mayo in a unique boxed shape tortilla bread toasted to perfection. . at Hardee's - Lalik Chowk . in DHA"
item_880,138,Hardee's - Lalik Chowk,menu_item,Grilled Wraptor,Shawarma & Wraps,690.0,4.5,DHA,Grilled Wraptor . Shawarma & Wraps . Get your favorite grilled wraptor . at Hardee's - Lalik Chowk . in DHA
item_881,138,Hardee's - Lalik Chowk,menu_item,Honey Mustard Wraptor,Shawarma & Wraps,539.0,4.5,DHA,"Honey Mustard Wraptor . Shawarma & Wraps . Two pieces of 100% whole muscle Chicken tenders wrapped in toasted tortilla bread, combined with fresh lettuce, diced tomatoes, and our signature Honey Mustard sauce. Bold, zesty, and delicious! . at Hardee's - Lalik Chowk . in DHA"
item_882,138,Hardee's - Lalik Chowk,menu_item,Sante Fe Wraptor,Shawarma & Wraps,539.0,4.5,DHA,"Sante Fe Wraptor . Shawarma & Wraps . Two pieces of 100% whole muscle Chicken tenders wrapped in toasted tortilla bread, combined with fresh lettuce, diced tomatoes, and our signature Santa Fe sauce. Bold, zesty, and delicious! . at Hardee's - Lalik Chowk . in DHA"
item_883,139,Jalal Sons - DHA Phase 5,menu_item,7up - 345 ml,Beverages,140.0,4.8,DHA,7up - 345 ml . Beverages . Refreshing 7up in a convenient 345 ml bottle. Crisp lemon lime flavored carbonated beverage perfect for quenching your thirst anytime . at Jalal Sons - DHA Phase 5 . in DHA
item_884,139,Jalal Sons - DHA Phase 5,menu_item,Coca Cola - 350 ml,Beverages,140.0,4.8,DHA,Coca Cola - 350 ml . Beverages . Coca Cola (350 Ml) . at Jalal Sons - DHA Phase 5 . in DHA
item_885,139,Jalal Sons - DHA Phase 5,menu_item,Coca Cola Zero - 350 ml,Beverages,140.0,4.8,DHA,Coca Cola Zero - 350 ml . Beverages . Coca Cola Zero Sugar . at Jalal Sons - DHA Phase 5 . in DHA
item_886,139,Jalal Sons - DHA Phase 5,menu_item,Fanta - 500 ml,Beverages,198.0,4.8,DHA,"Fanta - 500 ml . Beverages . A vibrant, tongue-tingling, and Flavorful Orange refreshment! Click to add to your meal. . at Jalal Sons - DHA Phase 5 . in DHA"
item_887,139,Jalal Sons - DHA Phase 5,menu_item,Fanta Anaar 500 ml,Beverages,198.0,4.8,DHA,Fanta Anaar 500 ml . Beverages . Refreshing pomegranate flavored carbonated beverage in a convenient 500ml bottle perfect for quenching your thirst with a burst of natural fruity taste . at Jalal Sons - DHA Phase 5 . in DHA
item_888,139,Jalal Sons - DHA Phase 5,menu_item,Mineral Water 1.5ltr,Beverages,140.0,4.8,DHA,Mineral Water 1.5ltr . Beverages . Refreshing mineral water in a convenient 1.5 liter bottle. Perfect for daily consumption. . at Jalal Sons - DHA Phase 5 . in DHA
item_889,139,Jalal Sons - DHA Phase 5,menu_item,Mineral Water 500 ml,Beverages,85.0,4.8,DHA,Mineral Water 500 ml . Beverages . Refreshing mineral water in a convenient 500 ml bottle Perfect for staying hydrated throughout the day . at Jalal Sons - DHA Phase 5 . in DHA
item_890,139,Jalal Sons - DHA Phase 5,menu_item,Pepsi - 345 ml,Beverages,140.0,4.8,DHA,Pepsi - 345 ml . Beverages . Refreshing Pepsi in a convenient 345 ml bottle. Crisp carbonated cola with a bold taste perfect for any occasion . at Jalal Sons - DHA Phase 5 . in DHA
item_891,139,Jalal Sons - DHA Phase 5,menu_item,Pepsi Zero Sugar - 345 ml,Beverages,140.0,4.8,DHA,Pepsi Zero Sugar - 345 ml . Beverages . Refreshing Pepsi Zero Sugar in a convenient 345ml bottle. Enjoy the bold taste of Pepsi with zero sugar and zero calories. Perfect for those seeking great flavor without the guilt. . at Jalal Sons - DHA Phase 5 . in DHA
item_892,139,Jalal Sons - DHA Phase 5,menu_item,Sprite  - 350 ml,Beverages,140.0,4.8,DHA,Sprite  - 350 ml . Beverages . A Light & Refreshing Lemon-lime soda to pair with your food! Click to add to your meal. . at Jalal Sons - DHA Phase 5 . in DHA
item_893,139,Jalal Sons - DHA Phase 5,menu_item,Sprite Mint - 350 ml,Beverages,140.0,4.8,DHA,"Sprite Mint - 350 ml . Beverages . The Bold, Refreshing & STRONG cola! Click to add to your meal. . at Jalal Sons - DHA Phase 5 . in DHA"
item_894,139,Jalal Sons - DHA Phase 5,menu_item,Almond Biscuit,Snacks,649.0,4.8,DHA,Almond Biscuit . Snacks . Crispy almond biscuit crafted with roasted almonds and premium ingredients. A delightful treat with a perfect blend of nutty flavor and satisfying crunch ideal for tea time or any occasion . at Jalal Sons - DHA Phase 5 . in DHA
item_895,139,Jalal Sons - DHA Phase 5,menu_item,Almond Jam Biscuit,Snacks,649.0,4.8,DHA,Almond Jam Biscuit . Snacks . Delightful almond jam biscuits with a buttery crunch and sweet fruity filling. These crispy cookies feature roasted almonds and smooth jam that melts in your mouth with every bite. . at Jalal Sons - DHA Phase 5 . in DHA
item_896,139,Jalal Sons - DHA Phase 5,menu_item,Black Pepper Spicy Cookies,Snacks,649.0,4.8,DHA,Black Pepper Spicy Cookies . Snacks . Crispy cookies infused with bold black pepper and warming spices delivering a delightful kick of heat with every bite Perfect for those who love savory spiced treats . at Jalal Sons - DHA Phase 5 . in DHA
item_897,139,Jalal Sons - DHA Phase 5,menu_item,Blackcurrant Cookies,Snacks,649.0,4.8,DHA,"Blackcurrant Cookies . Snacks . Delicious black currant cookies with a perfect blend of sweet and tart flavors. Crispy on the outside and soft inside, these treats are ideal for tea time or anytime snacking. . at Jalal Sons - DHA Phase 5 . in DHA"
item_898,139,Jalal Sons - DHA Phase 5,menu_item,Choco Checks Biscuit,Snacks,649.0,4.8,DHA,"Choco Checks Biscuit . Snacks . Delicious chocolate biscuit with a perfect blend of crispy texture and rich cocoa flavor. Each bite delivers a satisfying crunch followed by smooth chocolate goodness, making it an ideal snack for any time of day. . at Jalal Sons - DHA Phase 5 . in DHA"
item_899,139,Jalal Sons - DHA Phase 5,menu_item,Chocolate Almond Biscuit,Snacks,698.0,4.8,DHA,Chocolate Almond Biscuit . Snacks . Delightful chocolate almond biscuit combining rich cocoa with crunchy roasted almonds. A perfect treat for tea time with a satisfying blend of flavors and textures. . at Jalal Sons - DHA Phase 5 . in DHA
item_900,139,Jalal Sons - DHA Phase 5,menu_item,Chocolate Crush Biscuit,Snacks,649.0,4.8,DHA,Chocolate Crush Biscuit . Snacks . Delightful chocolate biscuit with a satisfying crunch and rich cocoa flavor. Perfect for tea time or as a sweet snack throughout the day . at Jalal Sons - DHA Phase 5 . in DHA
item_901,139,Jalal Sons - DHA Phase 5,menu_item,Chocolate Star Cookies,Snacks,649.0,4.8,DHA,Chocolate Star Cookies . Snacks . Delightful star-shaped chocolate cookies with a rich cocoa flavor and crispy texture. Perfect for tea time or as a sweet treat for any occasion. . at Jalal Sons - DHA Phase 5 . in DHA
item_902,139,Jalal Sons - DHA Phase 5,menu_item,Coconut Biscuit,Snacks,649.0,4.8,DHA,Coconut Biscuit . Snacks . Delightful coconut biscuit with a golden crispy texture and rich coconut flavor. A perfect treat for tea time or any occasion. . at Jalal Sons - DHA Phase 5 . in DHA
item_903,139,Jalal Sons - DHA Phase 5,menu_item,Coffee Icing Cookies,Snacks,649.0,4.8,DHA,Coffee Icing Cookies . Snacks . Delightful cookies with smooth coffee icing that delivers a rich aromatic flavor. Each bite combines buttery cookie texture with creamy coffee topping for a perfect treat. . at Jalal Sons - DHA Phase 5 . in DHA
item_904,139,Jalal Sons - DHA Phase 5,menu_item,Corn Flakes Cookies,Snacks,649.0,4.8,DHA,Corn Flakes Cookies . Snacks . Delightful crispy cookies made with golden corn flakes offering a light crunchy texture and wholesome taste. Perfect for tea time snacking or as a sweet treat for the whole family. . at Jalal Sons - DHA Phase 5 . in DHA
item_905,139,Jalal Sons - DHA Phase 5,menu_item,Diet Chana Biscuit,Snacks,649.0,4.8,DHA,Diet Chana Biscuit . Snacks . Wholesome diet chana biscuit crafted with nutritious chickpea flour offering a light crispy texture and delightful taste Perfect for health conscious snacking . at Jalal Sons - DHA Phase 5 . in DHA
item_906,139,Jalal Sons - DHA Phase 5,menu_item,Ginger Biscuit,Snacks,649.0,4.8,DHA,Ginger Biscuit . Snacks . Crispy ginger biscuits infused with warm spices and fresh ginger root offering a delightful blend of sweet and spicy flavors Perfect for tea time or as a satisfying snack . at Jalal Sons - DHA Phase 5 . in DHA
item_907,139,Jalal Sons - DHA Phase 5,menu_item,Kalvanji Biscuit,Snacks,649.0,4.8,DHA,Kalvanji Biscuit . Snacks . Traditional Kalvanji biscuit with aromatic nigella seeds offering a delightful crunch and distinctive flavor. Perfect for tea time or as a wholesome snack enjoyed across the region. . at Jalal Sons - DHA Phase 5 . in DHA
item_908,139,Jalal Sons - DHA Phase 5,menu_item,Lemon Biscuit,Snacks,649.0,4.8,DHA,"Lemon Biscuit . Snacks . Crispy and golden lemon biscuits bursting with bright citrus flavor. Perfect with tea or coffee, these delightful treats offer a refreshing tangy sweetness in every bite. . at Jalal Sons - DHA Phase 5 . in DHA"
item_909,139,Jalal Sons - DHA Phase 5,menu_item,Marble Chocolate Biscuit,Snacks,649.0,4.8,DHA,"Marble Chocolate Biscuit . Snacks . Delightful marble chocolate biscuit featuring swirled patterns of rich dark and creamy white chocolate. Crispy on the outside with a tender center, perfect for tea time or as a sweet treat any time of day. . at Jalal Sons - DHA Phase 5 . in DHA"
item_910,139,Jalal Sons - DHA Phase 5,menu_item,Mix Fruit Cookies,Snacks,649.0,4.8,DHA,Mix Fruit Cookies . Snacks . Delightful cookies bursting with a medley of dried fruits including raisins cranberries and apricots. Each bite offers a perfect balance of sweetness and chewy texture making them an ideal treat for any occasion. . at Jalal Sons - DHA Phase 5 . in DHA
item_911,139,Jalal Sons - DHA Phase 5,menu_item,Orange Marmalade Cookies,Snacks,649.0,4.8,DHA,"Orange Marmalade Cookies . Snacks . Delightful cookies infused with tangy orange marmalade offering a perfect balance of sweet and citrus flavors. These buttery biscuits feature a tender crumb with bursts of zesty orange jam throughout, ideal for tea time enjoyment. . at Jalal Sons - DHA Phase 5 . in DHA"
item_912,139,Jalal Sons - DHA Phase 5,menu_item,Peanut Honey Cookies,Snacks,649.0,4.8,DHA,"Peanut Honey Cookies . Snacks . Delicious peanut honey cookies with a perfect blend of roasted peanuts and golden honey. Crispy on the outside with a soft chewy center, these biscuits are ideal for tea time or as a wholesome snack . at Jalal Sons - DHA Phase 5 . in DHA"
item_913,139,Jalal Sons - DHA Phase 5,menu_item,Peanut Vanilla Cookies,Snacks,649.0,4.8,DHA,"Peanut Vanilla Cookies . Snacks . Delightful peanut vanilla cookies with a perfect blend of roasted peanuts and smooth vanilla flavors. Crispy on the outside and soft inside, these treats are ideal for tea time or as a sweet snack anytime. . at Jalal Sons - DHA Phase 5 . in DHA"
item_914,139,Jalal Sons - DHA Phase 5,menu_item,Sesame Biscuit,Snacks,649.0,4.8,DHA,Sesame Biscuit . Snacks . Crispy and golden sesame biscuits with a delightful nutty flavor. These traditional treats are perfectly baked and ideal for tea time or as a wholesome snack. . at Jalal Sons - DHA Phase 5 . in DHA
item_915,139,Jalal Sons - DHA Phase 5,menu_item,Sweet Candy Biscuits,Snacks,649.0,4.8,DHA,Sweet Candy Biscuits . Snacks . Delightful sweet candy biscuits with a crispy texture and delicious flavor. Perfect for tea time or as a tasty snack any time of day . at Jalal Sons - DHA Phase 5 . in DHA
item_916,139,Jalal Sons - DHA Phase 5,menu_item,Zeera Biscuit,Snacks,649.0,4.8,DHA,Zeera Biscuit . Snacks . Crispy and aromatic zeera biscuit infused with cumin seeds offering a savory and authentic taste perfect for tea time snacking . at Jalal Sons - DHA Phase 5 . in DHA
item_917,139,Jalal Sons - DHA Phase 5,menu_item,Brownie Chocolate Chip,Other,298.0,4.8,DHA,Brownie Chocolate Chip . Other . Made with cocoa powder and chocolate chips . at Jalal Sons - DHA Phase 5 . in DHA
item_918,139,Jalal Sons - DHA Phase 5,menu_item,Cadbury Dairy Milk Brownie,Other,298.0,4.8,DHA,Cadbury Dairy Milk Brownie . Other . Rich and fudgy brownie infused with creamy Cadbury Dairy Milk chocolate delivering intense cocoa flavor in every bite A decadent treat perfect for chocolate lovers . at Jalal Sons - DHA Phase 5 . in DHA
item_919,139,Jalal Sons - DHA Phase 5,menu_item,Nutella Brownie,Other,298.0,4.8,DHA,Nutella Brownie . Other . Thick fudgy brownies swirled with huge ribbons of nutella . at Jalal Sons - DHA Phase 5 . in DHA
item_920,139,Jalal Sons - DHA Phase 5,menu_item,Nutella Caramel Brownie,Other,298.0,4.8,DHA,"Nutella Caramel Brownie . Other . Fudgy, crinkly espresso brownies, baked, then layered with sweet Nutella and chunks of homemade salted caramel . at Jalal Sons - DHA Phase 5 . in DHA"
item_921,139,Jalal Sons - DHA Phase 5,menu_item,Oreo Brownie,Other,298.0,4.8,DHA,"Oreo Brownie . Other . Tall, thick and fudgy and packed with Oreos . at Jalal Sons - DHA Phase 5 . in DHA"
item_922,139,Jalal Sons - DHA Phase 5,menu_item,Tripple Choc Brownie,Other,298.0,4.8,DHA,"Tripple Choc Brownie . Other . Fudgy, as gooey as you want, and very, very chocolatey . at Jalal Sons - DHA Phase 5 . in DHA"
item_923,139,Jalal Sons - DHA Phase 5,menu_item,Walnut Chocolate Brownie,Other,298.0,4.8,DHA,Walnut Chocolate Brownie . Other . Jalal Sons Walnut Chocolate Brownie . at Jalal Sons - DHA Phase 5 . in DHA
item_924,139,Jalal Sons - DHA Phase 5,menu_item,Beef Cheese Burger,Burgers,798.0,4.8,DHA,Beef Cheese Burger . Burgers . Juicy beef patty topped with melted special cheese thousand island sauce and crispy fried onions served on a soft toasted bun . at Jalal Sons - DHA Phase 5 . in DHA
item_925,139,Jalal Sons - DHA Phase 5,menu_item,Chicken Cheese Burger,Burgers,798.0,4.8,DHA,Chicken Cheese Burger . Burgers . Juicy grilled chicken patty topped with melted special cheese crisp lettuce and fresh onions finished with a delicious sweet and sour sauce . at Jalal Sons - DHA Phase 5 . in DHA
item_926,139,Jalal Sons - DHA Phase 5,menu_item,Crispy Chicken Burger,Burgers,598.0,4.8,DHA,Crispy Chicken Burger . Burgers . Crispy golden fried chicken breast topped with fresh crisp lettuce and creamy mayo served on a soft toasted bun . at Jalal Sons - DHA Phase 5 . in DHA
item_927,139,Jalal Sons - DHA Phase 5,menu_item,Double Beef Cheese Burger,Burgers,898.0,4.8,DHA,"Double Beef Cheese Burger . Burgers . Two juicy beef patties stacked high with double special sauce, tangy thousand island dressing and crispy fried onions for an unforgettable burger experience . at Jalal Sons - DHA Phase 5 . in DHA"
item_928,139,Jalal Sons - DHA Phase 5,menu_item,Golden Baked Burger,Burgers,798.0,4.8,DHA,Golden Baked Burger . Burgers . JS Golden Baked Burger . at Jalal Sons - DHA Phase 5 . in DHA
item_929,139,Jalal Sons - DHA Phase 5,menu_item,Hot Chick Burger,Burgers,598.0,4.8,DHA,"Hot Chick Burger . Burgers . Spicy chicken patty topped with fresh lettuce, tomato, and creamy sauce on a toasted bun. . at Jalal Sons - DHA Phase 5 . in DHA"
item_930,139,Jalal Sons - DHA Phase 5,menu_item,Peri Peri Chicken Burger,Burgers,798.0,4.8,DHA,"Peri Peri Chicken Burger . Burgers . Peri peri chicken, Mayo, onions and tomatoes . at Jalal Sons - DHA Phase 5 . in DHA"
item_931,139,Jalal Sons - DHA Phase 5,menu_item,Grill Chicken Burrito,Other,695.0,4.8,DHA,Grill Chicken Burrito . Other . These Grilled Chicken Burritos are one of our favorite quick and easy meals . at Jalal Sons - DHA Phase 5 . in DHA
item_932,139,Jalal Sons - DHA Phase 5,menu_item,Pulled Chicken Burrito,Other,695.0,4.8,DHA,"Pulled Chicken Burrito . Other . A juicy seasoned chicken filling, refried beans, corn, cheese . at Jalal Sons - DHA Phase 5 . in DHA"
item_933,139,Jalal Sons - DHA Phase 5,menu_item,Mango Milk Cake,Desserts,2198.0,4.8,DHA,Mango Milk Cake . Desserts . Delicious Fresh Mango Milk Cake featuring layers of soft sponge cake infused with creamy milk and topped with fresh mango puree. A perfect blend of tropical flavors and smooth texture that melts in your mouth. . at Jalal Sons - DHA Phase 5 . in DHA
item_934,139,Jalal Sons - DHA Phase 5,menu_item,Almond Nan Khatai 250Gm,Desserts,998.0,4.8,DHA,Almond Nan Khatai 250Gm . Desserts . Jalal Sons Almond Nan Khatai 250Gm . at Jalal Sons - DHA Phase 5 . in DHA
item_935,139,Jalal Sons - DHA Phase 5,menu_item,Bran Cake Rusk - 450g,Desserts,998.0,4.8,DHA,"Bran Cake Rusk - 450g . Desserts . Crisp, twice-baked slices of cake made with bran, providing a crunchy texture and a nutty, slightly sweet flavor. Ideal for a wholesome snack or dipping in beverages . at Jalal Sons - DHA Phase 5 . in DHA"
item_936,139,Jalal Sons - DHA Phase 5,menu_item,Milky Cake Rusk - 450g,Desserts,998.0,4.8,DHA,"Milky Cake Rusk - 450g . Desserts . Crispy, twice-baked slices of cake with a milky flavor, offering a crunchy texture and subtly sweet taste, ideal for dipping in tea or coffee . at Jalal Sons - DHA Phase 5 . in DHA"
item_937,139,Jalal Sons - DHA Phase 5,menu_item,Premium Butter Cake Rusk - 450g,Desserts,1498.0,4.8,DHA,"Premium Butter Cake Rusk - 450g . Desserts . Crisp, twice-baked slices of cake made with high-quality butter, delivering a rich, buttery flavor and a satisfying crunch, perfect for pairing with tea or coffee. . at Jalal Sons - DHA Phase 5 . in DHA"
item_938,139,Jalal Sons - DHA Phase 5,menu_item,Sugar Free Cake Rusk - 450g,Desserts,998.0,4.8,DHA,"Sugar Free Cake Rusk - 450g . Desserts . Crisp, twice-baked slices of cake made without added sugar, offering a crunchy texture and a mild, natural sweetness from alternative sweeteners or ingredients, perfect for a healthier snack or dipping in tea . at Jalal Sons - DHA Phase 5 . in DHA"
item_939,139,Jalal Sons - DHA Phase 5,menu_item,Tea Cake Rusk - 450g,Desserts,998.0,4.8,DHA,"Tea Cake Rusk - 450g . Desserts . Crisp, twice-baked slices of lightly sweet tea cake, perfect for dipping in tea or coffee, offering a crunchy texture and a subtle, buttery flavor . at Jalal Sons - DHA Phase 5 . in DHA"
item_940,139,Jalal Sons - DHA Phase 5,menu_item,Chocolate Happiness Cake,Desserts,2198.0,4.8,DHA,Chocolate Happiness Cake . Desserts . Decadent chocolate cake layered with rich cocoa frosting and smooth ganache. Each bite delivers pure indulgence with moist crumb and intense chocolate flavor. Perfect for celebrations and special moments. . at Jalal Sons - DHA Phase 5 . in DHA
item_941,139,Jalal Sons - DHA Phase 5,menu_item,Coconut Almond Milk Cake,Desserts,2498.0,4.8,DHA,Coconut Almond Milk Cake . Desserts . A delightful cake featuring tender coconut and roasted almonds blended with creamy milk creating a moist and flavorful dessert Perfect for any occasion . at Jalal Sons - DHA Phase 5 . in DHA
item_942,139,Jalal Sons - DHA Phase 5,menu_item,Cookies & Cream Milk Cake,Desserts,498.0,4.8,DHA,Cookies & Cream Milk Cake . Desserts . Experience the perfect crunch of cookie crumbles meeting our signature velvety milk cake base. A delightful Cookies and Cream Milk Cake that combines rich creamy flavors with delicious cookie texture in every bite. . at Jalal Sons - DHA Phase 5 . in DHA
item_943,139,Jalal Sons - DHA Phase 5,menu_item,Lotus Biscoff Milk Cake,Desserts,498.0,4.8,DHA,Lotus Biscoff Milk Cake . Desserts . The wait is over. Meet our newest obsession: the Lotus Biscoff Milk Cake. We have combined our signature creamy milk cake with the irresistible spiced caramel crunch of Biscoff. . at Jalal Sons - DHA Phase 5 . in DHA
item_944,139,Jalal Sons - DHA Phase 5,menu_item,Pistachio Paradise Milk Cake,Desserts,498.0,4.8,DHA,"Pistachio Paradise Milk Cake . Desserts . Nutty, creamy, and undeniably luxurious. Our new Pistachio Paradise Milk Cake has officially arrived at Jalal Sons. Experience the perfect harmony in every bite. . at Jalal Sons - DHA Phase 5 . in DHA"
item_945,139,Jalal Sons - DHA Phase 5,menu_item,Premium Cadbury Cake,Desserts,2998.0,4.8,DHA,Premium Cadbury Cake . Desserts . JS Red Lable Cake . at Jalal Sons - DHA Phase 5 . in DHA
item_946,139,Jalal Sons - DHA Phase 5,menu_item,Premium Kitkat Chocolate Cake,Desserts,2398.0,4.8,DHA,Premium Kitkat Chocolate Cake . Desserts . Kitkat Chocolate Cake . at Jalal Sons - DHA Phase 5 . in DHA
item_947,139,Jalal Sons - DHA Phase 5,menu_item,Premium Lotus Cake,Desserts,2598.0,4.8,DHA,Premium Lotus Cake . Desserts . Imported Lotus Flavored  Cake with Lotus biscoff spread and crushed lotus biscuit. . at Jalal Sons - DHA Phase 5 . in DHA
item_948,139,Jalal Sons - DHA Phase 5,menu_item,Premium Nutella Cake,Desserts,2498.0,4.8,DHA,Premium Nutella Cake . Desserts . Nutella Cake . at Jalal Sons - DHA Phase 5 . in DHA
item_949,139,Jalal Sons - DHA Phase 5,menu_item,Premium Red Velvet Cake,Desserts,2398.0,4.8,DHA,Premium Red Velvet Cake . Desserts . Red Velvet Cake . at Jalal Sons - DHA Phase 5 . in DHA
item_950,139,Jalal Sons - DHA Phase 5,menu_item,Premium Three Milk Cake,Desserts,2398.0,4.8,DHA,"Premium Three Milk Cake . Desserts . Savor the magic of Jalal Sons Premium Three Milk Cake—a masterpiece of indulgence! Imagine layers of ultra-moist sponge cake luxuriously soaked in a trio of creamy milks, topped with a cloud-like whipped cream frosting. Every bite is a celebration of rich, velvety textures and irresistible sweetness. Perfect for elevating any occasion or treating yourself to pure bliss. Because you deserve nothing less than extraordinary . at Jalal Sons - DHA Phase 5 . in DHA"
item_951,139,Jalal Sons - DHA Phase 5,menu_item,Raffaello Milk Cake,Desserts,498.0,4.8,DHA,Raffaello Milk Cake . Desserts . Experience pure bliss with our latest arrival the Raffaello Milk Cake Creamy delicate and undeniably decadent its the perfect treat you have been waiting for . at Jalal Sons - DHA Phase 5 . in DHA
item_952,139,Jalal Sons - DHA Phase 5,menu_item,Crispy Chicken Burger with Drink - 345ml,Deals & Combos,663.04,4.8,DHA,Crispy Chicken Burger with Drink - 345ml . Deals & Combos . Crispy burger with Drink . at Jalal Sons - DHA Phase 5 . in DHA
item_953,139,Jalal Sons - DHA Phase 5,menu_item,Mix Mini Cookies Tin,Deals & Combos,2014.208,4.8,DHA,Mix Mini Cookies Tin . Deals & Combos . A delightful assortment of mini cookies in a premium tin featuring an irresistible variety of flavors and textures perfect for gifting or personal enjoyment . at Jalal Sons - DHA Phase 5 . in DHA
item_954,139,Jalal Sons - DHA Phase 5,menu_item,Pizza Deal - Small Pizza with 345ml Drink,Deals & Combos,877.184,4.8,DHA,Pizza Deal - Small Pizza with 345ml Drink . Deals & Combos . 1 Small pizza with 345ml drink . at Jalal Sons - DHA Phase 5 . in DHA
item_955,139,Jalal Sons - DHA Phase 5,menu_item,Sandwich With Drink,Deals & Combos,775.04,4.8,DHA,Sandwich With Drink . Deals & Combos . Sandwich With 345ml drink . at Jalal Sons - DHA Phase 5 . in DHA
item_956,139,Jalal Sons - DHA Phase 5,menu_item,Chicken Chowmein,Other,1198.0,4.8,DHA,Chicken Chowmein . Other . Thick noodles with chicken cuts and assorted vegetables . at Jalal Sons - DHA Phase 5 . in DHA
item_957,139,Jalal Sons - DHA Phase 5,menu_item,Dragon Chowmein,Other,1198.0,4.8,DHA,Dragon Chowmein . Other . Thick noodles with sliced beef and assorted vegetables . at Jalal Sons - DHA Phase 5 . in DHA
item_958,139,Jalal Sons - DHA Phase 5,menu_item,Medium Pizza Saver,Deals & Combos,1198.0,4.8,DHA,Medium Pizza Saver . Deals & Combos . Enjoy one delicious medium pizza with your choice of toppings at a great value price. Perfect for a quick and satisfying meal. . at Jalal Sons - DHA Phase 5 . in DHA
item_959,139,Jalal Sons - DHA Phase 5,menu_item,Family Combo,Deals & Combos,3198.0,4.8,DHA,Family Combo . Deals & Combos . Get 9pcs baked chicken with large pizza . at Jalal Sons - DHA Phase 5 . in DHA
item_960,139,Jalal Sons - DHA Phase 5,menu_item,Crisparatha,Wings & Fried,498.0,4.8,DHA,Crisparatha . Wings & Fried . Don't miss eating the most flaky and crispy parathas in town! . at Jalal Sons - DHA Phase 5 . in DHA
item_961,139,Jalal Sons - DHA Phase 5,menu_item,Crispy Chicken Pieces,Wings & Fried,598.0,4.8,DHA,Crispy Chicken Pieces . Wings & Fried . Succulent chicken with a crisp layer of goodness . at Jalal Sons - DHA Phase 5 . in DHA
item_962,139,Jalal Sons - DHA Phase 5,menu_item,Hot Wings,Wings & Fried,398.0,4.8,DHA,Hot Wings . Wings & Fried . Crispy deep fried hot wings with chili and tomato sauce . at Jalal Sons - DHA Phase 5 . in DHA
item_963,139,Jalal Sons - DHA Phase 5,menu_item,JS Baked Chicken 9 pcs,Other,1998.0,4.8,DHA,JS Baked Chicken 9 pcs . Other . Baked Chicken 9 pcs . at Jalal Sons - DHA Phase 5 . in DHA
item_964,139,Jalal Sons - DHA Phase 5,menu_item,JS Baked Drumsticks 9 Pcs,Other,1998.0,4.8,DHA,JS Baked Drumsticks 9 Pcs . Other . Drumsticks 9 Pcs . at Jalal Sons - DHA Phase 5 . in DHA
item_965,139,Jalal Sons - DHA Phase 5,menu_item,JS Chicken Baked Wings 6 Pcs,Other,395.0,4.8,DHA,"JS Chicken Baked Wings 6 Pcs . Other . Crispy, golden-baked wings with tender, flavorful perfection! . at Jalal Sons - DHA Phase 5 . in DHA"
item_966,139,Jalal Sons - DHA Phase 5,menu_item,JS Peri Peri Baked Wings 6 Pcs,Other,495.0,4.8,DHA,"JS Peri Peri Baked Wings 6 Pcs . Other . Juicy wings in fiery Peri Peri sauce, bursting with smoky, zesty flavor! . at Jalal Sons - DHA Phase 5 . in DHA"
item_967,139,Jalal Sons - DHA Phase 5,menu_item,JS Chicken Lasagna,Other,698.0,4.8,DHA,"JS Chicken Lasagna . Other . Chicken lasagna with chicken, cheese and capsicum . at Jalal Sons - DHA Phase 5 . in DHA"
item_968,139,Jalal Sons - DHA Phase 5,menu_item,Mac & Cheese,Other,998.0,4.8,DHA,Mac & Cheese . Other . Mac & cheese With Chicken and special sauce . at Jalal Sons - DHA Phase 5 . in DHA
item_969,139,Jalal Sons - DHA Phase 5,menu_item,Mac & Cheese Cheetos,Other,998.0,4.8,DHA,"Mac & Cheese Cheetos . Other . Mac & Cheese with Chicken, special sauce and Cheetos . at Jalal Sons - DHA Phase 5 . in DHA"
item_970,139,Jalal Sons - DHA Phase 5,menu_item,Galaxy Chocolate Can Cake,Snacks,598.0,4.8,DHA,Galaxy Chocolate Can Cake . Snacks . Layers of rich chocolate crumb and smooth cream combined with distinctively velvety chocolate taste in a modern pull-can design. A premium dessert experience ready whenever you are. . at Jalal Sons - DHA Phase 5 . in DHA
item_971,139,Jalal Sons - DHA Phase 5,menu_item,Lotus Can Cake,Snacks,798.0,4.8,DHA,"Lotus Can Cake . Snacks . The Lotus Can Cake
Sealed for freshness every spoonful delivers a perfect symphony of textures featuring distinct gorgeous layers of rich Lotus spread velvety cream and a satisfyingly crunchy biscuit base. Grab yours today and dig into pure bliss . at Jalal Sons - DHA Phase 5 . in DHA"
item_972,139,Jalal Sons - DHA Phase 5,menu_item,Milo Malt Can Cake,Snacks,598.0,4.8,DHA,"Milo Malt Can Cake . Snacks . Discover the perfect fusion of rich chocolate and distinct malted flavours with the Jalal Sons Milo Malt Can Cake. Savor layers of moist chocolate sponge and creamy, malt-infused frosting, this decadent creation delivers a refined taste profile in every spoonful. . at Jalal Sons - DHA Phase 5 . in DHA"
item_973,139,Jalal Sons - DHA Phase 5,menu_item,Salted Caramel Can Cake,Snacks,598.0,4.8,DHA,"Salted Caramel Can Cake . Snacks . Delight in the exquisite balance of sweet and savory notes with the Jalal Sons Salted Caramel Can Cake. Meticulous layers of moist sponge, velvety cream, and golden salted caramel, this decadent treat brings together rich flavors in a clean, modern presentation. . at Jalal Sons - DHA Phase 5 . in DHA"
item_974,139,Jalal Sons - DHA Phase 5,menu_item,Strawberry Can Cake,Snacks,598.0,4.8,DHA,"Strawberry Can Cake . Snacks . Experience the vibrant harmony of sweet fruit and delicate sponge with the Jalal Sons Strawberry Can Cake. Crafted to deliver a refined and refreshing taste profile, this dessert offers a sophisticated balance of flavours in every bite . at Jalal Sons - DHA Phase 5 . in DHA"
item_975,139,Jalal Sons - DHA Phase 5,menu_item,JS Chatkhara Mix 200g,Sides & Appetizers,498.0,4.8,DHA,JS Chatkhara Mix 200g . Sides & Appetizers . JS Chatkhara Mix Nimco 200g . at Jalal Sons - DHA Phase 5 . in DHA
item_976,139,Jalal Sons - DHA Phase 5,menu_item,JS Masala Chips 150g,Sides & Appetizers,298.0,4.8,DHA,JS Masala Chips 150g . Sides & Appetizers . Jalal Sons Masala Chips 150g . at Jalal Sons - DHA Phase 5 . in DHA
item_977,139,Jalal Sons - DHA Phase 5,menu_item,JS Plain Chips 150g,Sides & Appetizers,298.0,4.8,DHA,JS Plain Chips 150g . Sides & Appetizers . Jalal Sons Plain Chips 150g . at Jalal Sons - DHA Phase 5 . in DHA
item_978,139,Jalal Sons - DHA Phase 5,menu_item,JS Shahi Mix 200g,Sides & Appetizers,498.0,4.8,DHA,JS Shahi Mix 200g . Sides & Appetizers . JS Shahi Mix Nimco 200g . at Jalal Sons - DHA Phase 5 . in DHA
item_979,139,Jalal Sons - DHA Phase 5,menu_item,JS Spicy Crunch 200g,Sides & Appetizers,498.0,4.8,DHA,JS Spicy Crunch 200g . Sides & Appetizers . JS Spicy Crunch Nimco 200g . at Jalal Sons - DHA Phase 5 . in DHA
item_980,139,Jalal Sons - DHA Phase 5,menu_item,Js Daal Moth 200g,Sides & Appetizers,498.0,4.8,DHA,Js Daal Moth 200g . Sides & Appetizers . Js Daal Moth Nimco 200g . at Jalal Sons - DHA Phase 5 . in DHA
item_981,139,Jalal Sons - DHA Phase 5,menu_item,js daal mong 200g,Sides & Appetizers,498.0,4.8,DHA,"js daal mong 200g . Sides & Appetizers . Rich, earthy whole lentil traditional Indian stew . at Jalal Sons - DHA Phase 5 . in DHA"
item_982,139,Jalal Sons - DHA Phase 5,menu_item,Black Pepper Chicken,Other,1198.0,4.8,DHA,"Black Pepper Chicken . Other . Chicken cubes with crushed peppers, onions and green chilies . at Jalal Sons - DHA Phase 5 . in DHA"
item_983,139,Jalal Sons - DHA Phase 5,menu_item,Chicken Manchurian,Other,1198.0,4.8,DHA,Chicken Manchurian . Other . Chicken cubes in spicy tomato chili sauce . at Jalal Sons - DHA Phase 5 . in DHA
item_984,139,Jalal Sons - DHA Phase 5,menu_item,Kung Pao Chicken,Other,1198.0,4.8,DHA,"Kung Pao Chicken . Other . Chicken cubes with peanuts, dried red chilies and scallions . at Jalal Sons - DHA Phase 5 . in DHA"
item_985,139,Jalal Sons - DHA Phase 5,menu_item,Szechuan Chicken,Other,1198.0,4.8,DHA,Szechuan Chicken . Other . Chicken cubes and shallots in szechuan sauce . at Jalal Sons - DHA Phase 5 . in DHA
item_986,139,Jalal Sons - DHA Phase 5,menu_item,Thai Crispy Sweet & Sour Chicken,Other,1198.0,4.8,DHA,"Thai Crispy Sweet & Sour Chicken . Other . Stir fried sweet and sour chicken with bell pepper, onion and sesame seeds . at Jalal Sons - DHA Phase 5 . in DHA"
item_987,139,Jalal Sons - DHA Phase 5,menu_item,Almonds Chicken,Other,1798.0,4.8,DHA,Almonds Chicken . Other . Mildly spiced chicken with vegetables and roasted almonds . at Jalal Sons - DHA Phase 5 . in DHA
item_988,139,Jalal Sons - DHA Phase 5,menu_item,Beef Chilli Dry,Other,1498.0,4.8,DHA,"Beef Chilli Dry . Other . Pieces of sliced and marinated beef stir-fried with chinese spices, chilies, and soy sauce for a spicy beef dish . at Jalal Sons - DHA Phase 5 . in DHA"
item_989,139,Jalal Sons - DHA Phase 5,menu_item,Beef Chilli Onion,Other,1498.0,4.8,DHA,Beef Chilli Onion . Other . Juicy pieces of beef stir fried with chillies and onions cooked in special peppery sauce . at Jalal Sons - DHA Phase 5 . in DHA
item_990,139,Jalal Sons - DHA Phase 5,menu_item,Chicken Chili Dry,Other,1498.0,4.8,DHA,Chicken Chili Dry . Other . Sliced chicken with green chilies in dark soya sauce . at Jalal Sons - DHA Phase 5 . in DHA
item_991,139,Jalal Sons - DHA Phase 5,menu_item,JS Special Beef,Other,1798.0,4.8,DHA,JS Special Beef . Other . Tender sliced beef cooked in secret spices and veggies to make a spicy treat for your taste buds! . at Jalal Sons - DHA Phase 5 . in DHA
item_992,139,Jalal Sons - DHA Phase 5,menu_item,Thai Cashew Nuts Chicken,Other,1798.0,4.8,DHA,"Thai Cashew Nuts Chicken . Other . Chicken cubes with cashew nuts, shitake mushrooms and vegetables in oyster sauce . at Jalal Sons - DHA Phase 5 . in DHA"
item_993,139,Jalal Sons - DHA Phase 5,menu_item,Bite Size,Desserts,998.0,4.8,DHA,Bite Size . Desserts . Treat to tastebuds . at Jalal Sons - DHA Phase 5 . in DHA
item_994,139,Jalal Sons - DHA Phase 5,menu_item,Coffee Pastry,Desserts,258.0,4.8,DHA,Coffee Pastry . Desserts . Creamy & Delicious . at Jalal Sons - DHA Phase 5 . in DHA
item_995,139,Jalal Sons - DHA Phase 5,menu_item,Dairy Milk Pastry,Desserts,258.0,4.8,DHA,Dairy Milk Pastry . Desserts . Delicious Dairy Milk pastry featuring layers of soft flaky pastry filled with rich creamy chocolate and smooth milk flavors. A perfect treat for chocolate lovers. . at Jalal Sons - DHA Phase 5 . in DHA
item_996,139,Jalal Sons - DHA Phase 5,menu_item,Fudge Pastry,Desserts,258.0,4.8,DHA,"Fudge Pastry . Desserts . Made with sugar, milk or cream, butter and chocolate or other flavorings . at Jalal Sons - DHA Phase 5 . in DHA"
item_997,139,Jalal Sons - DHA Phase 5,menu_item,JS Boston Cream Donut,Desserts,258.0,4.8,DHA,"JS Boston Cream Donut . Desserts . Pastry cream made with eggs,cream,sugar butter & cornstarch . at Jalal Sons - DHA Phase 5 . in DHA"
item_998,139,Jalal Sons - DHA Phase 5,menu_item,JS Double Chocolate Donut,Desserts,258.0,4.8,DHA,JS Double Chocolate Donut . Desserts . Powdered sugar with a bit of liquid and coco powder or melted chocolate . at Jalal Sons - DHA Phase 5 . in DHA
item_999,139,Jalal Sons - DHA Phase 5,menu_item,JS Lemon Tart Pastry,Desserts,258.0,4.8,DHA,JS Lemon Tart Pastry . Desserts . Lemon Tart . at Jalal Sons - DHA Phase 5 . in DHA
item_1000,139,Jalal Sons - DHA Phase 5,menu_item,JS Lotus Donut,Desserts,258.0,4.8,DHA,"JS Lotus Donut . Desserts . Fried and deepfrozen yeast raised dough, donut filled with Lotus Biscoff Spread . at Jalal Sons - DHA Phase 5 . in DHA"
item_1001,139,Jalal Sons - DHA Phase 5,menu_item,JS Nutella Donut,Desserts,258.0,4.8,DHA,"JS Nutella Donut . Desserts . These Nutella donuts are the softest, puffiest yeast donuts ever . at Jalal Sons - DHA Phase 5 . in DHA"
item_1002,139,Jalal Sons - DHA Phase 5,menu_item,JS Plain Glaze Donut,Desserts,258.0,4.8,DHA,JS Plain Glaze Donut . Desserts . Light and fluffy . at Jalal Sons - DHA Phase 5 . in DHA
item_1003,139,Jalal Sons - DHA Phase 5,menu_item,JS Sprinkle Donut,Desserts,258.0,4.8,DHA,"JS Sprinkle Donut . Desserts . Soft, fluffy birthday confetti donuts . at Jalal Sons - DHA Phase 5 . in DHA"
item_1004,139,Jalal Sons - DHA Phase 5,menu_item,Js Ferrero Chocolate Donut,Desserts,258.0,4.8,DHA,Js Ferrero Chocolate Donut . Desserts . Chocolate hazelnut gelato sandwiched inside a powdered donut . at Jalal Sons - DHA Phase 5 . in DHA
item_1005,139,Jalal Sons - DHA Phase 5,menu_item,Lemon Pastry,Desserts,258.0,4.8,DHA,Lemon Pastry . Desserts . Delicate lemon pastry with a light flaky crust and bright citrus filling. A perfect balance of sweet and tangy flavors with a smooth creamy center and zesty lemon notes throughout. . at Jalal Sons - DHA Phase 5 . in DHA
item_1006,139,Jalal Sons - DHA Phase 5,menu_item,Mud Chocolate Pastry,Desserts,258.0,4.8,DHA,Mud Chocolate Pastry . Desserts . Decadent mud chocolate pastry with layers of rich dark chocolate and velvety ganache filling. A heavenly treat for chocolate lovers with a delicate crispy exterior and smooth creamy center. . at Jalal Sons - DHA Phase 5 . in DHA
item_1007,139,Jalal Sons - DHA Phase 5,menu_item,Nutella Chocolate Pastry,Desserts,258.0,4.8,DHA,Nutella Chocolate Pastry . Desserts . Decadent pastry layered with smooth creamy Nutella chocolate spread creating a delightful combination of crispy exterior and rich indulgent filling Perfect for chocolate lovers . at Jalal Sons - DHA Phase 5 . in DHA
item_1008,139,Jalal Sons - DHA Phase 5,menu_item,Pineapple Pastry,Desserts,258.0,4.8,DHA,Pineapple Pastry . Desserts . Delicious pineapple pastry with a flaky golden crust filled with sweet tropical pineapple chunks and creamy custard. A perfect treat for any time of day. . at Jalal Sons - DHA Phase 5 . in DHA
item_1009,139,Jalal Sons - DHA Phase 5,menu_item,Chicken Breast Fillet,Meat Mains,598.0,4.8,DHA,Chicken Breast Fillet . Meat Mains . Peri peri chicken breast fillet served with rice . at Jalal Sons - DHA Phase 5 . in DHA
item_1010,139,Jalal Sons - DHA Phase 5,menu_item,Extra Peri Peri Rice,Meat Mains,120.0,4.8,DHA,Extra Peri Peri Rice . Meat Mains . Peri peri rice for extra serving . at Jalal Sons - DHA Phase 5 . in DHA
item_1011,139,Jalal Sons - DHA Phase 5,menu_item,Peri Peri Chicken,Meat Mains,998.0,4.8,DHA,Peri Peri Chicken . Meat Mains . Peri peri chicken Served with rice . at Jalal Sons - DHA Phase 5 . in DHA
item_1012,139,Jalal Sons - DHA Phase 5,menu_item,Tender Chicken Strips & Spicy Rice,Meat Mains,598.0,4.8,DHA,Tender Chicken Strips & Spicy Rice . Meat Mains . Tender chicken strips served with spicy rice . at Jalal Sons - DHA Phase 5 . in DHA
item_1013,139,Jalal Sons - DHA Phase 5,menu_item,Chicken Fajita,Pizza,798.0,4.8,DHA,"Chicken Fajita . Pizza . Chicken fajita, cheese, capsicum, mushrooms and onions . at Jalal Sons - DHA Phase 5 . in DHA"
item_1014,139,Jalal Sons - DHA Phase 5,menu_item,Chicken Supreme,Pizza,798.0,4.8,DHA,"Chicken Supreme . Pizza . Chicken tikka, chicken sausages, cheese, black olives, capsicum, mushrooms, onions and tomatoes . at Jalal Sons - DHA Phase 5 . in DHA"
item_1015,139,Jalal Sons - DHA Phase 5,menu_item,Chicken Tikka,Pizza,798.0,4.8,DHA,"Chicken Tikka . Pizza . Chicken tikka, cheese and onions . at Jalal Sons - DHA Phase 5 . in DHA"
item_1016,139,Jalal Sons - DHA Phase 5,menu_item,Crown Crust Square Pizza,Pizza,2498.0,4.8,DHA,"Crown Crust Square Pizza . Pizza . Experience the ultimate pizza ! With Jalal sons Crown Crust Cheesefull Pizza. Enjoy a unique blend of grilled chicken, olives, onion, capsicum, and special sauce, all baked to perfection on a signature crown crust for an unforgettable taste. . at Jalal Sons - DHA Phase 5 . in DHA"
item_1017,139,Jalal Sons - DHA Phase 5,menu_item,Kabab Crust Pizza,Pizza,2498.0,4.8,DHA,"Kabab Crust Pizza . Pizza . Experience pizza perfection with Jalal Sons! Our Kabab Chees Pizza features a mouthwatering blend of grilled chicken kabab, juicy olives, crisp onions, vibrant capsicum, and our signature special sauce. All this flavor is expertly baked on a unique kabab chees crust, creating an unforgettable explosion of taste. . at Jalal Sons - DHA Phase 5 . in DHA"
item_1018,139,Jalal Sons - DHA Phase 5,menu_item,Mexican Pizza,Pizza,798.0,4.8,DHA,"Mexican Pizza . Pizza . Chicken, Mexican Sauce, cheese, black olives, capsicum, mushrooms, onions and tomatoes . at Jalal Sons - DHA Phase 5 . in DHA"
item_1019,139,Jalal Sons - DHA Phase 5,menu_item,Newyork Style Margherita,Pizza,798.0,4.8,DHA,Newyork Style Margherita . Pizza . Special pizza sauce and cheese . at Jalal Sons - DHA Phase 5 . in DHA
item_1020,139,Jalal Sons - DHA Phase 5,menu_item,Peri Peri Pizza,Pizza,798.0,4.8,DHA,"Peri Peri Pizza . Pizza . Breast fillet, special peri peri sauce, cheese and onion . at Jalal Sons - DHA Phase 5 . in DHA"
item_1021,139,Jalal Sons - DHA Phase 5,menu_item,Smoked Chicken,Pizza,798.0,4.8,DHA,"Smoked Chicken . Pizza . Smoked chicken, cheese, mushrooms and onions . at Jalal Sons - DHA Phase 5 . in DHA"
item_1022,139,Jalal Sons - DHA Phase 5,menu_item,Super Supreme Beef,Pizza,798.0,4.8,DHA,"Super Supreme Beef . Pizza . Beef, pepperoni, black olives, cheese, capsicum, mushrooms, onions and tomatoes . at Jalal Sons - DHA Phase 5 . in DHA"
item_1023,139,Jalal Sons - DHA Phase 5,menu_item,Vegetarian pizza,Pizza,798.0,4.8,DHA,"Vegetarian pizza . Pizza . Black olives, capsicum, cheese, mushrooms, onions and tomatoes . at Jalal Sons - DHA Phase 5 . in DHA"
item_1024,139,Jalal Sons - DHA Phase 5,menu_item,Premium Butter French Hearts 250G,Other,799.0,4.8,DHA,"Premium Butter French Hearts 250G . Other . Delicate, heart-shaped cookies made with rich butter, offering a crisp, light texture and a subtly sweet flavor, perfect for a refined snack or dessert . at Jalal Sons - DHA Phase 5 . in DHA"
item_1025,139,Jalal Sons - DHA Phase 5,menu_item,Chicken BBQ Sandwich,Sandwiches,698.0,4.8,DHA,"Chicken BBQ Sandwich . Sandwiches . BBQ chicken, jalapeno, lettuce, BBQ sauce and mayo . at Jalal Sons - DHA Phase 5 . in DHA"
item_1026,139,Jalal Sons - DHA Phase 5,menu_item,Chicken Club Sandwich,Sandwiches,798.0,4.8,DHA,"Chicken Club Sandwich . Sandwiches . Chicken, egg, cucumber, tomatoes, chilli sauce, lettuce, ketchup and mayo . at Jalal Sons - DHA Phase 5 . in DHA"
item_1027,139,Jalal Sons - DHA Phase 5,menu_item,Chicken Fajita Sandwich,Sandwiches,698.0,4.8,DHA,"Chicken Fajita Sandwich . Sandwiches . Chicken Fajita, Olive, onion, lettuce, ketchup and mayo . at Jalal Sons - DHA Phase 5 . in DHA"
item_1028,139,Jalal Sons - DHA Phase 5,menu_item,Chicken Tikka Sandwich,Sandwiches,698.0,4.8,DHA,"Chicken Tikka Sandwich . Sandwiches . Chicken tikka, onion, lettuce, ketchup and mayo . at Jalal Sons - DHA Phase 5 . in DHA"
item_1029,139,Jalal Sons - DHA Phase 5,menu_item,Peri Peri Sandwich,Sandwiches,698.0,4.8,DHA,"Peri Peri Sandwich . Sandwiches . Peri peri chicken, Black olives, tomato, onion & mayo . at Jalal Sons - DHA Phase 5 . in DHA"
item_1030,139,Jalal Sons - DHA Phase 5,menu_item,Smoked Chicken Sandwich,Sandwiches,698.0,4.8,DHA,"Smoked Chicken Sandwich . Sandwiches . Smoked chicken, black olives. ketchup, lettuce and mayo . at Jalal Sons - DHA Phase 5 . in DHA"
item_1031,139,Jalal Sons - DHA Phase 5,menu_item,Fries,Sides & Appetizers,298.0,4.8,DHA,Fries . Sides & Appetizers . Fried chips . at Jalal Sons - DHA Phase 5 . in DHA
item_1032,139,Jalal Sons - DHA Phase 5,menu_item,Chocolate Chip Cookie,Desserts,398.0,4.8,DHA,Chocolate Chip Cookie . Desserts . Handcrafted golden cookie generously loaded with rich melty chocolate chips . at Jalal Sons - DHA Phase 5 . in DHA
item_1033,139,Jalal Sons - DHA Phase 5,menu_item,Nutella Cookie,Desserts,398.0,4.8,DHA,Nutella Cookie . Desserts . Handcrafted Nutella cookie filled with smooth hazelnut chocolate delivering creamy indulgence in every bite . at Jalal Sons - DHA Phase 5 . in DHA
item_1034,139,Jalal Sons - DHA Phase 5,menu_item,Pistachio Cookie,Desserts,398.0,4.8,DHA,"Pistachio Cookie . Desserts . Handcrafted with premium pistachios, giving a delicate nutty flavor and smooth finish. . at Jalal Sons - DHA Phase 5 . in DHA"
item_1035,139,Jalal Sons - DHA Phase 5,menu_item,Chicken Corn Soup,Sides & Appetizers,498.0,4.8,DHA,Chicken Corn Soup . Sides & Appetizers . Well-seasoned egg drop soup incorporated with creamed corn and chicken . at Jalal Sons - DHA Phase 5 . in DHA
item_1036,139,Jalal Sons - DHA Phase 5,menu_item,Honey Wings,Sides & Appetizers,498.0,4.8,DHA,"Honey Wings . Sides & Appetizers . Crispy and golden on the outside, juicy and sweet on the inside. . at Jalal Sons - DHA Phase 5 . in DHA"
item_1037,139,Jalal Sons - DHA Phase 5,menu_item,Hot & Sour Soup,Sides & Appetizers,498.0,4.8,DHA,Hot & Sour Soup . Sides & Appetizers . Thai chicken soup with tofu and shredded vegetables . at Jalal Sons - DHA Phase 5 . in DHA
item_1038,139,Jalal Sons - DHA Phase 5,menu_item,Szechuan Soup,Sides & Appetizers,498.0,4.8,DHA,Szechuan Soup . Sides & Appetizers . Spicy chicken soup with prawns and black mushrooms . at Jalal Sons - DHA Phase 5 . in DHA
item_1039,139,Jalal Sons - DHA Phase 5,menu_item,The Famous 19B Soup,Sides & Appetizers,498.0,4.8,DHA,"The Famous 19B Soup . Sides & Appetizers . One of the healthiest soups that also hits your palate with a burst of taste. Contains chicken, prawns, spring onions, mushrooms, and carrots. . at Jalal Sons - DHA Phase 5 . in DHA"
item_1040,139,Jalal Sons - DHA Phase 5,menu_item,Almond Barfi,Desserts,498.0,4.8,DHA,Almond Barfi . Desserts . Delicious almond barfi crafted with premium almonds and pure ghee. This traditional sweet features a rich creamy texture with a delightful nutty flavor. Perfect for celebrations and special occasions. . at Jalal Sons - DHA Phase 5 . in DHA
item_1041,139,Jalal Sons - DHA Phase 5,menu_item,Amrati,Desserts,498.0,4.8,DHA,Amrati . Desserts . Traditional Amrati sweet delicacy crafted with fine ingredients and authentic flavors. A delightful treat perfect for celebrations and special occasions. . at Jalal Sons - DHA Phase 5 . in DHA
item_1042,139,Jalal Sons - DHA Phase 5,menu_item,Balo Shahi,Desserts,498.0,4.8,DHA,Balo Shahi . Desserts . Delicate round sweet made with refined flour and ghee fried until golden and soaked in light sugar syrup A traditional Pakistani delicacy with a crispy exterior and soft tender center . at Jalal Sons - DHA Phase 5 . in DHA
item_1043,139,Jalal Sons - DHA Phase 5,menu_item,Bangali Cham Cham,Desserts,498.0,4.8,DHA,Bangali Cham Cham . Desserts . Traditional Bengali sweet delicacy with a soft spongy texture coated in sugar syrup and rolled in desiccated coconut. A delightful treat perfect for any celebration. . at Jalal Sons - DHA Phase 5 . in DHA
item_1044,139,Jalal Sons - DHA Phase 5,menu_item,Basen Ladoo,Desserts,498.0,4.8,DHA,Basen Ladoo . Desserts . Traditional Basen Ladoo made with roasted chickpea flour ghee and aromatic cardamom. These golden spheres are studded with dry fruits and nuts offering a rich nutty flavor and delightful crumbly texture perfect for any celebration . at Jalal Sons - DHA Phase 5 . in DHA
item_1045,139,Jalal Sons - DHA Phase 5,menu_item,Besan Patisa,Desserts,498.0,4.8,DHA,Besan Patisa . Desserts . Delicate Besan Patisa crafted from finely ground chickpea flour blended with ghee and cardamom A traditional sweet treat with a melt in your mouth texture perfect for celebrations and special occasions . at Jalal Sons - DHA Phase 5 . in DHA
item_1046,139,Jalal Sons - DHA Phase 5,menu_item,Black Gulab Jaman,Desserts,499.0,4.8,DHA,"Black Gulab Jaman . Desserts . Classic Indian sweet made with milk solids, sugar, rose water & cardamom powder . at Jalal Sons - DHA Phase 5 . in DHA"
item_1047,139,Jalal Sons - DHA Phase 5,menu_item,Chana Patisa,Desserts,498.0,4.8,DHA,"Chana Patisa . Desserts . Traditional sweet delicacy made from chickpea flour and ghee, crafted into delicate diamond-shaped pieces. Golden in color with a rich nutty flavor, this beloved confection melts in your mouth and is perfect for celebrations and special occasions. . at Jalal Sons - DHA Phase 5 . in DHA"
item_1048,139,Jalal Sons - DHA Phase 5,menu_item,Chocolate Barfi,Desserts,498.0,4.8,DHA,"Chocolate Barfi . Desserts . Rich and fudgy chocolate barfi with a smooth melt-in-mouth texture. This traditional sweet treat is made with premium cocoa and condensed milk, topped with chopped nuts for added crunch and flavor. . at Jalal Sons - DHA Phase 5 . in DHA"
item_1049,139,Jalal Sons - DHA Phase 5,menu_item,Chocolate Patisa,Desserts,498.0,4.8,DHA,Chocolate Patisa . Desserts . Delicate chocolate patisa with layers of crispy flaky pastry filled with rich chocolate and topped with crushed nuts. A traditional sweet treat perfect for any occasion. . at Jalal Sons - DHA Phase 5 . in DHA
item_1050,139,Jalal Sons - DHA Phase 5,menu_item,Coconut Barfi,Desserts,498.0,4.8,DHA,"Coconut Barfi . Desserts . Delightful coconut barfi made with fresh grated coconut and condensed milk, cut into soft squares and coated with desiccated coconut. A traditional sweet treat perfect for any celebration. . at Jalal Sons - DHA Phase 5 . in DHA"
item_1051,139,Jalal Sons - DHA Phase 5,menu_item,Coconut Halwa,Desserts,498.0,4.8,DHA,Coconut Halwa . Desserts . Traditional coconut halwa made with fresh grated coconut ghee and condensed milk cooked to a rich golden texture and garnished with dry fruits and nuts . at Jalal Sons - DHA Phase 5 . in DHA
item_1052,139,Jalal Sons - DHA Phase 5,menu_item,Coconut Pink Cham Cham,Desserts,499.0,4.8,DHA,Coconut Pink Cham Cham . Desserts . Traditional Bengali sweet . at Jalal Sons - DHA Phase 5 . in DHA
item_1053,139,Jalal Sons - DHA Phase 5,menu_item,Crunchy Patisa,Desserts,498.0,4.8,DHA,Crunchy Patisa . Desserts . Crunch Patisa is a delightful traditional sweet treat featuring layers of crispy flaked pastry combined with fine semolina and aromatic spices. This golden confection offers a satisfying crunch with every bite and is perfect for celebrations and special occasions. . at Jalal Sons - DHA Phase 5 . in DHA
item_1054,139,Jalal Sons - DHA Phase 5,menu_item,Daal Pinian,Desserts,498.0,4.8,DHA,Daal Pinian . Desserts . Traditional sweet delicacy made with roasted moong daal and ghee enriched with dry fruits and aromatic spices. A beloved dessert that melts in your mouth with every bite. . at Jalal Sons - DHA Phase 5 . in DHA
item_1055,139,Jalal Sons - DHA Phase 5,menu_item,Kaju Halwa,Desserts,498.0,4.8,DHA,Kaju Halwa . Desserts . Rich and creamy Kaju Halwa made from premium cashews roasted to golden perfection and blended into a smooth velvety texture. This traditional sweet delicacy is infused with ghee cardamom and topped with dry fruits for an indulgent treat. . at Jalal Sons - DHA Phase 5 . in DHA
item_1056,139,Jalal Sons - DHA Phase 5,menu_item,Milky Ladoo,Desserts,498.0,4.8,DHA,Milky Ladoo . Desserts . Delicious round sweet made with condensed milk and milk powder rolled into perfect spheres. Rich creamy texture with a melt-in-mouth taste that brings joy to every bite. A traditional favorite perfect for celebrations and gatherings. . at Jalal Sons - DHA Phase 5 . in DHA
item_1057,139,Jalal Sons - DHA Phase 5,menu_item,Milky Patisa Roll,Desserts,498.0,4.8,DHA,Milky Patisa Roll . Desserts . Delicious Milky Patisa Roll featuring a soft and creamy milk-based filling wrapped in a thin golden pastry shell. A traditional sweet treat with a delightful blend of flavors and textures perfect for any occasion. . at Jalal Sons - DHA Phase 5 . in DHA
item_1058,139,Jalal Sons - DHA Phase 5,menu_item,Multani Halwa,Desserts,498.0,4.8,DHA,Multani Halwa . Desserts . Traditional Multani Halwa made with pure Multani ghee and condensed milk creating a smooth creamy texture Rich with the warmth of cardamom and topped with dry fruits for an authentic taste of heritage . at Jalal Sons - DHA Phase 5 . in DHA
item_1059,139,Jalal Sons - DHA Phase 5,menu_item,Peanut Crunch,Desserts,498.0,4.8,DHA,Peanut Crunch . Desserts . Delightful peanut crunch candy featuring roasted peanuts coated in crispy caramelized sugar A satisfying treat with a perfect blend of nutty flavor and crunchy texture ideal for any occasion . at Jalal Sons - DHA Phase 5 . in DHA
item_1060,139,Jalal Sons - DHA Phase 5,menu_item,Plain Barfi,Desserts,498.0,4.8,DHA,Plain Barfi . Desserts . Traditional plain barfi with a smooth dense texture made from condensed milk and ghee. This classic sweet treat melts in your mouth and is perfect for any celebration or as a delightful everyday indulgence . at Jalal Sons - DHA Phase 5 . in DHA
item_1061,139,Jalal Sons - DHA Phase 5,menu_item,Premium Sweet Mix 1kg,Desserts,1698.0,4.8,DHA,Premium Sweet Mix 1kg . Desserts . A delightful assortment of premium sweets carefully selected and packaged in a convenient 1kg size. This premium mix features a variety of traditional and modern confections with rich flavors and authentic taste perfect for celebrations and gatherings . at Jalal Sons - DHA Phase 5 . in DHA
item_1062,139,Jalal Sons - DHA Phase 5,menu_item,Royal Moti Choor,Desserts,498.0,4.8,DHA,Royal Moti Choor . Desserts . Delicate Royal Moti Choor is a traditional sweet delicacy made from fine gram flour pearls soaked in sugar syrup and garnished with dry fruits. This melt-in-mouth treat offers a perfect blend of sweetness and texture. . at Jalal Sons - DHA Phase 5 . in DHA
item_1063,139,Jalal Sons - DHA Phase 5,menu_item,Sohn Halwa,Desserts,498.0,4.8,DHA,Sohn Halwa . Desserts . Traditional Sohn Halwa is a rich and creamy sweet delicacy made with ghee and condensed milk garnished with dry fruits and nuts for an authentic taste . at Jalal Sons - DHA Phase 5 . in DHA
item_1064,139,Jalal Sons - DHA Phase 5,menu_item,Walnut Halwa,Desserts,498.0,4.8,DHA,Walnut Halwa . Desserts . Rich and decadent walnut halwa made with roasted walnuts ghee and aromatic spices. This traditional sweet treat features a smooth creamy texture with the delightful crunch of walnut pieces throughout. A perfect indulgence for special occasions and celebrations. . at Jalal Sons - DHA Phase 5 . in DHA
item_1065,139,Jalal Sons - DHA Phase 5,menu_item,Walnut Patisa Roll,Desserts,498.0,4.8,DHA,Walnut Patisa Roll . Desserts . Delicate Walnut Patisa Roll featuring layers of flaky pastry filled with finely ground walnuts and traditional sweet spices. A beloved confection perfect for special occasions and celebrations. . at Jalal Sons - DHA Phase 5 . in DHA
item_1066,139,Jalal Sons - DHA Phase 5,menu_item,White Cham Cham,Desserts,499.0,4.8,DHA,White Cham Cham . Desserts . Traditional Bengali sweet . at Jalal Sons - DHA Phase 5 . in DHA
item_1067,139,Jalal Sons - DHA Phase 5,menu_item,White Patisa,Desserts,498.0,4.8,DHA,White Patisa . Desserts . Delicate white patisa crafted with refined sugar and ghee creating a light melt in your mouth texture This traditional sweet treat offers a delightful crunch with every bite Perfect for celebrations and special occasions . at Jalal Sons - DHA Phase 5 . in DHA
item_1068,139,Jalal Sons - DHA Phase 5,menu_item,Yellow Cham Cham,Desserts,499.0,4.8,DHA,Yellow Cham Cham . Desserts . Traditional Bengali sweet . at Jalal Sons - DHA Phase 5 . in DHA
item_1069,3,Johnny & Jugnu - Phase 4,menu_item,CHICKEN FILLET,Burgers,890.0,4.4,DHA,"CHICKEN FILLET . Burgers . Fried, breaded, chicken burger. juicy to the core, unlike anything else . at Johnny & Jugnu - Phase 4 . in DHA"
item_1070,3,Johnny & Jugnu - Phase 4,menu_item,WEHSHI,Burgers,890.0,4.4,DHA,WEHSHI . Burgers . Crispy & crunchy chicken burger to help you channel your wehshi side . at Johnny & Jugnu - Phase 4 . in DHA
item_1071,3,Johnny & Jugnu - Phase 4,menu_item,COKE,Beverages,200.0,4.4,DHA,COKE . Beverages . Coke-500ml . at Johnny & Jugnu - Phase 4 . in DHA
item_1072,3,Johnny & Jugnu - Phase 4,menu_item,SPRITE,Beverages,200.0,4.4,DHA,SPRITE . Beverages . Sprite-500ml . at Johnny & Jugnu - Phase 4 . in DHA
item_1073,3,Johnny & Jugnu - Phase 4,menu_item,WATER,Beverages,60.0,4.4,DHA,WATER . Beverages . Water-500ml . at Johnny & Jugnu - Phase 4 . in DHA
item_1074,3,Johnny & Jugnu - Phase 4,menu_item,ATOMIC DIP,Add-ons & Condiments,200.0,4.4,DHA,ATOMIC DIP . Add-ons & Condiments . Wehshi combination of green & red chillies . at Johnny & Jugnu - Phase 4 . in DHA
item_1075,3,Johnny & Jugnu - Phase 4,menu_item,CHIPOTLE DIP,Add-ons & Condiments,200.0,4.4,DHA,CHIPOTLE DIP . Add-ons & Condiments . Do you like red chillies. do we have a thing for you. wink . at Johnny & Jugnu - Phase 4 . in DHA
item_1076,3,Johnny & Jugnu - Phase 4,menu_item,GREEK DIP,Add-ons & Condiments,200.0,4.4,DHA,GREEK DIP . Add-ons & Condiments . Want something sweet and creamy. . at Johnny & Jugnu - Phase 4 . in DHA
item_1077,3,Johnny & Jugnu - Phase 4,menu_item,JALAPENO DIP,Add-ons & Condiments,200.0,4.4,DHA,JALAPENO DIP . Add-ons & Condiments . Love a spicy kick ! This Jalapeño Sauce will tingle you in all the right places . at Johnny & Jugnu - Phase 4 . in DHA
item_1078,3,Johnny & Jugnu - Phase 4,menu_item,MUSHROOM DIP,Add-ons & Condiments,200.0,4.4,DHA,"MUSHROOM DIP . Add-ons & Condiments . Cream based sauce, made by using fresh mushrooms . at Johnny & Jugnu - Phase 4 . in DHA"
item_1079,3,Johnny & Jugnu - Phase 4,menu_item,Tanji Dip,Add-ons & Condiments,200.0,4.4,DHA,"Tanji Dip . Add-ons & Condiments . Creamy dynamite-style sauce with a balance of sweet, savory and tang. . at Johnny & Jugnu - Phase 4 . in DHA"
item_1080,3,Johnny & Jugnu - Phase 4,menu_item,REGULAR FRIES,Sides & Appetizers,200.0,4.4,DHA,"REGULAR FRIES . Sides & Appetizers . Crinkle cut, yummy chunky fries that are fluffy in the middle and crispy from the outside . at Johnny & Jugnu - Phase 4 . in DHA"
item_1081,3,Johnny & Jugnu - Phase 4,menu_item,Pulpulade,Beverages,400.0,4.4,DHA,Pulpulade . Beverages . Punch of Black Berry and Peach with classic lemonade. . at Johnny & Jugnu - Phase 4 . in DHA
item_1082,3,Johnny & Jugnu - Phase 4,menu_item,Slurp,Beverages,400.0,4.4,DHA,"Slurp . Beverages . Punch of Lychee and Pineapple, with classic lemonade. . at Johnny & Jugnu - Phase 4 . in DHA"
item_1083,3,Johnny & Jugnu - Phase 4,menu_item,Sunset,Beverages,400.0,4.4,DHA,Sunset . Beverages . Sweet strawberries mixed with classic lemonade. . at Johnny & Jugnu - Phase 4 . in DHA
item_1084,3,Johnny & Jugnu - Phase 4,menu_item,Thirst Aid,Beverages,200.0,4.4,DHA,Thirst Aid . Beverages . Sweet and tangy. . at Johnny & Jugnu - Phase 4 . in DHA
item_1085,3,Johnny & Jugnu - Phase 4,menu_item,Thirst Aid mint,Beverages,200.0,4.4,DHA,"Thirst Aid mint . Beverages . Refreshing, sweet and tangy. . at Johnny & Jugnu - Phase 4 . in DHA"
item_1086,3,Johnny & Jugnu - Phase 4,menu_item,Wildberry,Beverages,400.0,4.4,DHA,Wildberry . Beverages . Punch of berries with classic lemonade. . at Johnny & Jugnu - Phase 4 . in DHA
item_1087,3,Johnny & Jugnu - Phase 4,menu_item,LARGE NUGG WRAP,Shawarma & Wraps,1100.0,4.4,DHA,"LARGE NUGG WRAP . Shawarma & Wraps . Six crispy chicken nuggets, fries and lettuce wrapped in a Tortilla . at Johnny & Jugnu - Phase 4 . in DHA"
item_1088,3,Johnny & Jugnu - Phase 4,menu_item,SMOL NUGG WRAP,Shawarma & Wraps,790.0,4.4,DHA,SMOL NUGG WRAP . Shawarma & Wraps . Nuggets In a Wrap Exactly 4 whole muscle chicken nuggets in a wrap . at Johnny & Jugnu - Phase 4 . in DHA
item_1089,3,Johnny & Jugnu - Phase 4,menu_item,SMOL WRAP,Shawarma & Wraps,790.0,4.4,DHA,SMOL WRAP . Shawarma & Wraps . Al Mashhoor wrap (but small) with 2 chicken tenderloin strips wrapped to perfection . at Johnny & Jugnu - Phase 4 . in DHA
item_1090,3,Johnny & Jugnu - Phase 4,menu_item,TORTILLA WRAP,Shawarma & Wraps,1100.0,4.4,DHA,TORTILLA WRAP . Shawarma & Wraps . Al Mashhoor wrap. 4 chicken tenderloin strips wrapped to perfection . at Johnny & Jugnu - Phase 4 . in DHA
item_1091,3,Johnny & Jugnu - Phase 4,menu_item,Crispy Wings,Wings & Fried,780.0,4.4,DHA,Crispy Wings . Wings & Fried . Coated in a secret batter transforming ordinary wings into golden masterpieces- but heres the real showstopper- the CRUNCH. . at Johnny & Jugnu - Phase 4 . in DHA
item_1092,3,Johnny & Jugnu - Phase 4,menu_item,Gochu Wings,Wings & Fried,810.0,4.4,DHA,Gochu Wings . Wings & Fried . SWEET MEETS HEAT! Crispy wings coated in a sweet and spicy gucogeng glaze! . at Johnny & Jugnu - Phase 4 . in DHA
item_1093,3,Johnny & Jugnu - Phase 4,menu_item,Tanji Wings,Wings & Fried,810.0,4.4,DHA,"Tanji Wings . Wings & Fried . Crispy wings baptized in Dynamite Sauce ! Built to awaken the worst in you. Hunger without restraint, pleasure without pause. . at Johnny & Jugnu - Phase 4 . in DHA"
item_1094,140,KFC - DHA U Block,menu_item,Cheetos Strips,Deals & Combos,1090.0,4.9,DHA,"Cheetos Strips . Deals & Combos . KFCs Strips coated in crispy Cheetos Mix. Flamin Hot Masala sprinkled on top, served with a Cheetos Dip and Regular Fries. . at KFC - DHA U Block . in DHA"
item_1095,140,KFC - DHA U Block,menu_item,Snack Box,Deals & Combos,1050.0,4.9,DHA,"Snack Box . Deals & Combos . 4 Strips, 6 Hot Wings with Fries & 2 Dips (Smoke Show & Creamy Ranch) . at KFC - DHA U Block . in DHA"
item_1096,140,KFC - DHA U Block,menu_item,7up - 1.5 Litre,Beverages,250.0,4.9,DHA,7up - 1.5 Litre . Beverages . A sizzling cold beverage to quench your thirst. . at KFC - DHA U Block . in DHA
item_1097,140,KFC - DHA U Block,menu_item,7up - 345 ml,Beverages,180.0,4.9,DHA,7up - 345 ml . Beverages . A Light & Refreshing Lemon-lime soda to pair with your food! Click to add to your meal. . at KFC - DHA U Block . in DHA
item_1098,140,KFC - DHA U Block,menu_item,Pepsi - 1.5 Litre,Beverages,250.0,4.9,DHA,"Pepsi - 1.5 Litre . Beverages . The Bold, Refreshing & STRONG cola! Click to add to your meal. . at KFC - DHA U Block . in DHA"
item_1099,140,KFC - DHA U Block,menu_item,Pepsi - 345 ml,Beverages,180.0,4.9,DHA,"Pepsi - 345 ml . Beverages . The Bold, Refreshing & STRONG cola! Click to add to your meal. . at KFC - DHA U Block . in DHA"
item_1100,140,KFC - DHA U Block,menu_item,Chicky Meal 1,Other,550.0,4.9,DHA,"Chicky Meal 1 . Other . Krunch burger, chicky fries, and regular soft drink or slice juice. . at KFC - DHA U Block . in DHA"
item_1101,140,KFC - DHA U Block,menu_item,Chicky Meal 2,Other,550.0,4.9,DHA,"Chicky Meal 2 . Other . 4 Pieces of nuggets, chicky fries and regular soft drink or slice juice. . at KFC - DHA U Block . in DHA"
item_1102,140,KFC - DHA U Block,menu_item,BBQ Sauce,Add-ons & Condiments,75.0,4.9,DHA,BBQ Sauce . Add-ons & Condiments . Bring on the smoky flavour! BBQ Sauce with sweet and tangy kick that makes every bite unforgettable. . at KFC - DHA U Block . in DHA
item_1103,140,KFC - DHA U Block,menu_item,Black Pepper Mayo,Add-ons & Condiments,75.0,4.9,DHA,Black Pepper Mayo . Add-ons & Condiments . bold kick to every bite with our rich and zesty black pepper mayo. . at KFC - DHA U Block . in DHA
item_1104,140,KFC - DHA U Block,menu_item,Buffalo Sauce,Add-ons & Condiments,75.0,4.9,DHA,"Buffalo Sauce . Add-ons & Condiments . Turn up the heat with our Buffalo Sauce. A fiery, tangy kick that makes our fried chicken, burgers, and fries extra bold. . at KFC - DHA U Block . in DHA"
item_1105,140,KFC - DHA U Block,menu_item,Cheese Mayo,Add-ons & Condiments,75.0,4.9,DHA,"Cheese Mayo . Add-ons & Condiments . Creamy, indulgent blend of rich melted cheese and smooth mayonnaise. . at KFC - DHA U Block . in DHA"
item_1106,140,KFC - DHA U Block,menu_item,Chipotle Sauce,Add-ons & Condiments,75.0,4.9,DHA,Chipotle Sauce . Add-ons & Condiments . A taste of Mexico in every dip - smoky chipotle with a hint of spice. . at KFC - DHA U Block . in DHA
item_1107,140,KFC - DHA U Block,menu_item,Colonels Secret Sauce,Add-ons & Condiments,190.0,4.9,DHA,"Colonels Secret Sauce . Add-ons & Condiments . Our signature dipping sauce, creamy, tangy with a peppery hint, perfect for dunking every KFC favourite . at KFC - DHA U Block . in DHA"
item_1108,140,KFC - DHA U Block,menu_item,Creamy Ranch Dip,Add-ons & Condiments,75.0,4.9,DHA,"Creamy Ranch Dip . Add-ons & Condiments . Rich and herby ranch sauce for a cool, tangy kick. . at KFC - DHA U Block . in DHA"
item_1109,140,KFC - DHA U Block,menu_item,Garlic Mayo Dip,Add-ons & Condiments,75.0,4.9,DHA,Garlic Mayo Dip . Add-ons & Condiments . Creamy mayo with a hint of garlic for that extra zing. . at KFC - DHA U Block . in DHA
item_1110,140,KFC - DHA U Block,menu_item,Real Mayo Dip,Add-ons & Condiments,75.0,4.9,DHA,"Real Mayo Dip . Add-ons & Condiments . Smooth, creamy classic mayo that pairs perfectly with everything. . at KFC - DHA U Block . in DHA"
item_1111,140,KFC - DHA U Block,menu_item,Salsa Dip,Add-ons & Condiments,100.0,4.9,DHA,"Salsa Dip . Add-ons & Condiments . Zesty and spicy Mexican dip with a blend of tomatoes, jalapeños, onions, and peppers. . at KFC - DHA U Block . in DHA"
item_1112,140,KFC - DHA U Block,menu_item,Smoke Show Dip,Add-ons & Condiments,75.0,4.9,DHA,Smoke Show Dip . Add-ons & Condiments . Smoky bold and flavorful the perfect dip for a fiery bite . at KFC - DHA U Block . in DHA
item_1113,140,KFC - DHA U Block,menu_item,Spicy Mayo Dip,Add-ons & Condiments,100.0,4.9,DHA,Spicy Mayo Dip . Add-ons & Condiments . Creamy mayo blended with fiery spice for bold flavor lovers. . at KFC - DHA U Block . in DHA
item_1114,140,KFC - DHA U Block,menu_item,Thai Sweet Chilli Sauce,Add-ons & Condiments,75.0,4.9,DHA,"Thai Sweet Chilli Sauce . Add-ons & Condiments . A perfect harmony of sweet and spicy, our Thai Sweet Chili sauce to add a zesty kick. . at KFC - DHA U Block . in DHA"
item_1115,140,KFC - DHA U Block,menu_item,Vietnamese Dip,Add-ons & Condiments,75.0,4.9,DHA,Vietnamese Dip . Add-ons & Condiments . A tangy sweet and savory sauce with a Vietnamese twist perfect for dipping and enhancing your favorite dishes . at KFC - DHA U Block . in DHA
item_1116,140,KFC - DHA U Block,menu_item,3 Pieces Chicken,Deals & Combos,720.0,4.9,DHA,3 Pieces Chicken . Deals & Combos . 3 Pieces of Hot and Crispy fried chicken . at KFC - DHA U Block . in DHA
item_1117,140,KFC - DHA U Block,menu_item,Chicken And Chips,Deals & Combos,650.0,4.9,DHA,"Chicken And Chips . Deals & Combos . 2 Pieces hot and crispy chicken, dinner roll, fries and dip sauce . at KFC - DHA U Block . in DHA"
item_1118,140,KFC - DHA U Block,menu_item,Krunch Burger,Deals & Combos,310.0,4.9,DHA,Krunch Burger . Deals & Combos . Enjoy the crispy chicken fillet in a soft bun with our signature sauce with fresh lettuce. . at KFC - DHA U Block . in DHA
item_1119,140,KFC - DHA U Block,menu_item,Krunch Burger with Drink,Deals & Combos,410.0,4.9,DHA,"Krunch Burger with Drink . Deals & Combos . Enjoy a crispy crunchy chicken fillet on a bed of lettuce with a soft bun, topped with the signature sauce. Served with a drink . at KFC - DHA U Block . in DHA"
item_1120,140,KFC - DHA U Block,menu_item,Krunch Chicken Combo,Deals & Combos,620.0,4.9,DHA,Krunch Chicken Combo . Deals & Combos . Krunch Burger with Hot & Crispy Chicken Piece & 345ml Drink. . at KFC - DHA U Block . in DHA
item_1121,140,KFC - DHA U Block,menu_item,Krunch Combo,Deals & Combos,590.0,4.9,DHA,"Krunch Combo . Deals & Combos . Enjoy a crispy crunchy chicken fillet on a bed of lettuce with a soft bun, topped with the signature sauce. Served with fries and drink. . at KFC - DHA U Block . in DHA"
item_1122,140,KFC - DHA U Block,menu_item,Rice & Spice,Deals & Combos,420.0,4.9,DHA,Rice & Spice . Deals & Combos . Add some spice to your rice with Rice and Spice. Tender pieces of chicken combined with spiced rice create a delicious and satisfying meal . at KFC - DHA U Block . in DHA
item_1123,140,KFC - DHA U Block,menu_item,Zingeratha,Deals & Combos,390.0,4.9,DHA,Zingeratha . Deals & Combos . Crispy zinger strips rolled into a golden paratha with a fusion of Imli ki chutney and Mint Mayo with fresh onions . at KFC - DHA U Block . in DHA
item_1124,140,KFC - DHA U Block,menu_item,Family Festival 1,Deals & Combos,2190.0,4.9,DHA,"Family Festival 1 . Deals & Combos . 4 Krunch burger, 4 pieces chicken, 2 dinner roll and 1.5 litre drink. . at KFC - DHA U Block . in DHA"
item_1125,140,KFC - DHA U Block,menu_item,Family Festival 2,Deals & Combos,2390.0,4.9,DHA,"Family Festival 2 . Deals & Combos . 2 Zinger burgers, 2 krunch burgers, 4 pieces chicken, 2 dinner roll and 1.5 litre soft drink. . at KFC - DHA U Block . in DHA"
item_1126,140,KFC - DHA U Block,menu_item,Family Festival 3,Deals & Combos,2590.0,4.9,DHA,"Family Festival 3 . Deals & Combos . 4 Zinger burgers, 4 pieces chicken, 2 dinner roll and 1.5 litre soft drink. . at KFC - DHA U Block . in DHA"
item_1127,140,KFC - DHA U Block,menu_item,Value Bucket,Deals & Combos,2090.0,4.9,DHA,Value Bucket . Deals & Combos . 9 Pieces hot and crispy chicken . at KFC - DHA U Block . in DHA
item_1128,140,KFC - DHA U Block,menu_item,Mexango Wings,Other,690.0,4.9,DHA,Mexango Wings . Other . 8 pcs of crispy wings coated with Hot Mango Mexican sauce served with Salsa dip. . at KFC - DHA U Block . in DHA
item_1129,140,KFC - DHA U Block,menu_item,Mexinger Burger,Other,660.0,4.9,DHA,"Mexinger Burger . Other . Bring the taste of Mexico with every bite. Layered with spicy and tangy salsa, melty cheese slice, jalapeños, and smoky chipotle mayo. . at KFC - DHA U Block . in DHA"
item_1130,140,KFC - DHA U Block,menu_item,Mexinger Combo,Other,950.0,4.9,DHA,Mexinger Combo . Other . 1 Mexinger Burger with 1 Regular Fries & 1 Regular Drink . at KFC - DHA U Block . in DHA
item_1131,140,KFC - DHA U Block,menu_item,Kentucky Burger,Deals & Combos,660.0,4.9,DHA,"Kentucky Burger . Deals & Combos . Crispy zinger fillet with a beef pepperoni, cheese, crispy onions and KFC's signature BBQ sauce. . at KFC - DHA U Block . in DHA"
item_1132,140,KFC - DHA U Block,menu_item,Kentucky Combo,Deals & Combos,950.0,4.9,DHA,"Kentucky Combo . Deals & Combos . Kentucky Burger, Regular Fries and drink . at KFC - DHA U Block . in DHA"
item_1133,140,KFC - DHA U Block,menu_item,Mighty Zinger Burger,Deals & Combos,770.0,4.9,DHA,"Mighty Zinger Burger . Deals & Combos . 2 whole muscle zingers with cheese and fresh lettuce, all bundled in a Mighty bun. . at KFC - DHA U Block . in DHA"
item_1134,140,KFC - DHA U Block,menu_item,Mighty Zinger Burger Combo,Deals & Combos,1050.0,4.9,DHA,"Mighty Zinger Burger Combo . Deals & Combos . Mighty zinger burger, fries and soft drink . at KFC - DHA U Block . in DHA"
item_1135,140,KFC - DHA U Block,menu_item,Twister,Deals & Combos,440.0,4.9,DHA,"Twister . Deals & Combos . 2 zinger strips drizzled with KFC signature pepper mayo, tomatoes and fresh lettuce, all wrapped in a lightly toasted tortilla. . at KFC - DHA U Block . in DHA"
item_1136,140,KFC - DHA U Block,menu_item,Twister Combo,Deals & Combos,710.0,4.9,DHA,"Twister Combo . Deals & Combos . Twister, Regular Fries and drink . at KFC - DHA U Block . in DHA"
item_1137,140,KFC - DHA U Block,menu_item,Zinger Burger,Deals & Combos,600.0,4.9,DHA,Zinger Burger . Deals & Combos . Scrumptious whole muscle zinger with KFC's signature dressing with fresh lettuce bundled together in a sesame seeded bun. . at KFC - DHA U Block . in DHA
item_1138,140,KFC - DHA U Block,menu_item,Zinger Burger Combo,Deals & Combos,910.0,4.9,DHA,"Zinger Burger Combo . Deals & Combos . Zinger burger, fries and soft drink . at KFC - DHA U Block . in DHA"
item_1139,140,KFC - DHA U Block,menu_item,Zinger Stacker Burger,Deals & Combos,660.0,4.9,DHA,"Zinger Stacker Burger . Deals & Combos . 2 krunch fillets with Vietnamese sauce, cheese and jalapenos, all bundled together in a corn meal bun. . at KFC - DHA U Block . in DHA"
item_1140,140,KFC - DHA U Block,menu_item,Zinger Stacker Burger Combo,Deals & Combos,950.0,4.9,DHA,"Zinger Stacker Burger Combo . Deals & Combos . Zinger stacker, fries and soft drink. . at KFC - DHA U Block . in DHA"
item_1141,140,KFC - DHA U Block,menu_item,Crispy Box,Other,750.0,4.9,DHA,"Crispy Box . Other . 2 Pieces hot and crispy chicken, regular fries, coleslaw and regular drink . at KFC - DHA U Block . in DHA"
item_1142,140,KFC - DHA U Block,menu_item,Crispy Duo Box,Other,1390.0,4.9,DHA,"Crispy Duo Box . Other . 5 Chicken pieces, large fries and 2 regular soft drinks . at KFC - DHA U Block . in DHA"
item_1143,140,KFC - DHA U Block,menu_item,Strips Chips N Dips,Other,750.0,4.9,DHA,"Strips Chips N Dips . Other . 4 Boneless Strips, Regular Fries, 2 Dips (Smoke show and Ranch) with a drink . at KFC - DHA U Block . in DHA"
item_1144,140,KFC - DHA U Block,menu_item,WOW Box,Other,1050.0,4.9,DHA,"WOW Box . Other . Zinger burger, hot and crispy piece, regular fries, coleslaw and regular soft drink. . at KFC - DHA U Block . in DHA"
item_1145,140,KFC - DHA U Block,menu_item,Xtreme Duo Box,Other,1560.0,4.9,DHA,"Xtreme Duo Box . Other . 2 Zinger burgers, 2 chicken pieces, large fries and 2 regular soft drinks. . at KFC - DHA U Block . in DHA"
item_1146,140,KFC - DHA U Block,menu_item,Bucket of Fries with Mayo,Sides & Appetizers,470.0,4.9,DHA,Bucket of Fries with Mayo . Sides & Appetizers . Enjoy our amazing bucket of fries with mayo sauce . at KFC - DHA U Block . in DHA
item_1147,140,KFC - DHA U Block,menu_item,Buffalo Saucy Wings,Sides & Appetizers,640.0,4.9,DHA,"Buffalo Saucy Wings . Sides & Appetizers . 8 Pieces - Our wings just got even more exciting! Enjoy our buffalo saucy wings, only at KFC! . at KFC - DHA U Block . in DHA"
item_1148,140,KFC - DHA U Block,menu_item,Cheesy Chicken Loaded Fries,Sides & Appetizers,650.0,4.9,DHA,"Cheesy Chicken Loaded Fries . Sides & Appetizers . Enjoy our Cheesy Chicken Loaded Fries - topped with crispy hot shots, cheese sauce and spicy jalapeños—it's the ultimate flavor-packed treat! . at KFC - DHA U Block . in DHA"
item_1149,140,KFC - DHA U Block,menu_item,Chicken Piece,Sides & Appetizers,320.0,4.9,DHA,Chicken Piece . Sides & Appetizers . Single piece of crispy golden fried chicken that is perfect for a quick satisfying snack. Enjoy delicious tender meat with a savory seasoned coating at an unbeatable price . at KFC - DHA U Block . in DHA
item_1150,140,KFC - DHA U Block,menu_item,Coleslaw,Sides & Appetizers,150.0,4.9,DHA,"Coleslaw . Sides & Appetizers . It is made from fresh vegetables, Cabbage, and Carrots, all blended with a delicious and creamy dressing . at KFC - DHA U Block . in DHA"
item_1151,140,KFC - DHA U Block,menu_item,Corn On The Cob,Sides & Appetizers,290.0,4.9,DHA,"Corn On The Cob . Sides & Appetizers . This delicious, sweet yellow corn is so ripe it falls right off the cob and into a bowl which makes it a perfect side to any meal . at KFC - DHA U Block . in DHA"
item_1152,140,KFC - DHA U Block,menu_item,Dinner Roll,Sides & Appetizers,50.0,4.9,DHA,Dinner Roll . Sides & Appetizers . KFC’s moist dinner roll is a great side to any meal! . at KFC - DHA U Block . in DHA
item_1153,140,KFC - DHA U Block,menu_item,French Fries,Sides & Appetizers,340.0,4.9,DHA,French Fries . Sides & Appetizers . The perfect accompaniment to your KFC meal! Enjoy our golden fries with your favorite meal . at KFC - DHA U Block . in DHA
item_1154,140,KFC - DHA U Block,menu_item,Hot Shot Shakers,Sides & Appetizers,550.0,4.9,DHA,"Hot Shot Shakers . Sides & Appetizers . 10 crispy Hotshots, paired with chipotle sauce & ranch dip - made to be shaken, coated and dunked your way. . at KFC - DHA U Block . in DHA"
item_1155,140,KFC - DHA U Block,menu_item,Hot Shots,Sides & Appetizers,480.0,4.9,DHA,Hot Shots . Sides & Appetizers . Delicious 9 pcs of hot shots . at KFC - DHA U Block . in DHA
item_1156,140,KFC - DHA U Block,menu_item,Hot Wings,Sides & Appetizers,670.0,4.9,DHA,"Hot Wings . Sides & Appetizers . 10 Pieces Spicy and Fiery hot, get ready for a ride of flavor and spice with KFC Hot Wings. . at KFC - DHA U Block . in DHA"
item_1157,140,KFC - DHA U Block,menu_item,Large Masala Fries,Sides & Appetizers,430.0,4.9,DHA,Large Masala Fries . Sides & Appetizers . Masala Crispy and Golden Fries . at KFC - DHA U Block . in DHA
item_1158,140,KFC - DHA U Block,menu_item,Masala Fries Bucket,Sides & Appetizers,490.0,4.9,DHA,Masala Fries Bucket . Sides & Appetizers . Masala Crispy and Golden Fries . at KFC - DHA U Block . in DHA
item_1159,140,KFC - DHA U Block,menu_item,Nuggets,Sides & Appetizers,580.0,4.9,DHA,Nuggets . Sides & Appetizers . You won’t be able to resist our hot and flavorsome Chicken Nuggets which will keep you coming back for more! . at KFC - DHA U Block . in DHA
item_1160,140,KFC - DHA U Block,menu_item,Regular Masala Fries,Sides & Appetizers,360.0,4.9,DHA,Regular Masala Fries . Sides & Appetizers . Masala Crispy and Golden Fries . at KFC - DHA U Block . in DHA
item_1161,140,KFC - DHA U Block,menu_item,Salsa Sprinkled Wings,Sides & Appetizers,640.0,4.9,DHA,Salsa Sprinkled Wings . Sides & Appetizers . 8 Pieces - The crispiest amigo in town tossed in tangy and spicy salsa sprinkles . at KFC - DHA U Block . in DHA
item_1162,140,KFC - DHA U Block,menu_item,Tangy Masala Wings,Sides & Appetizers,640.0,4.9,DHA,"Tangy Masala Wings . Sides & Appetizers . 8 Pieces - Packing a sweet and tangy kick with spicy masala, these wings truly satisfy your desi cravings! . at KFC - DHA U Block . in DHA"
item_1163,140,KFC - DHA U Block,menu_item,Thai Sweet Chili Saucy Wings,Sides & Appetizers,640.0,4.9,DHA,"Thai Sweet Chili Saucy Wings . Sides & Appetizers . 8 Pieces - Our wings just got even more exciting! Enjoy our sweet Thai chili flavor wings, only at KFC! . at KFC - DHA U Block . in DHA"
item_1164,140,KFC - DHA U Block,menu_item,Pepsi Deal,Deals & Combos,620.0,4.9,DHA,Pepsi Deal . Deals & Combos . Krunch burger with hot & crispy chicken piece & soft drink - 345 ml . at KFC - DHA U Block . in DHA
item_1165,141,KUNGFU PANDA THAI & CHINESE,menu_item,Beeef Kungpao with Fries,Meat Mains,806.65,4.7,Lahore,Beeef Kungpao with Fries . Meat Mains . Chinese style stir fried beef and fries featuring a savory and spicy flavor. . at KUNGFU PANDA THAI & CHINESE . in Lahore
item_1166,141,KUNGFU PANDA THAI & CHINESE,menu_item,Beef Chili Dry Onion,Meat Mains,806.65,4.7,Lahore,Beef Chili Dry Onion . Meat Mains . Chinese style stir fried beef featuring a savory flavor and tender texture. . at KUNGFU PANDA THAI & CHINESE . in Lahore
item_1167,141,KUNGFU PANDA THAI & CHINESE,menu_item,Beef Chili Dry with Fries,Meat Mains,764.15,4.7,Lahore,Beef Chili Dry with Fries . Meat Mains . Chinese style stir fried tender beef with fries delivers a savory and spicy flavor. . at KUNGFU PANDA THAI & CHINESE . in Lahore
item_1168,141,KUNGFU PANDA THAI & CHINESE,menu_item,Beef Chilli Vegetables with Fries,Meat Mains,764.15,4.7,Lahore,Beef Chilli Vegetables with Fries . Meat Mains . Chinese style stir fried beef and vegetables featuring a savory and spicy flavor. . at KUNGFU PANDA THAI & CHINESE . in Lahore
item_1169,141,KUNGFU PANDA THAI & CHINESE,menu_item,Beef Honey Crispy with Fries,Meat Mains,806.65,4.7,Lahore,Beef Honey Crispy with Fries . Meat Mains . Chinese style crispy fried beef and potatoes featuring a mildly sweet and savory flavor. . at KUNGFU PANDA THAI & CHINESE . in Lahore
item_1170,141,KUNGFU PANDA THAI & CHINESE,menu_item,Beef Hot Garlic with Fries,Meat Mains,764.15,4.7,Lahore,Beef Hot Garlic with Fries . Meat Mains . Chinese style stir fried beef and fries featuring a savory and spicy flavor. . at KUNGFU PANDA THAI & CHINESE . in Lahore
item_1171,141,KUNGFU PANDA THAI & CHINESE,menu_item,Mongolian Beef with Fries,Meat Mains,764.15,4.7,Lahore,Mongolian Beef with Fries . Meat Mains . Chinese style stir fried tender beef and crispy potato fries offer a savory flavor. . at KUNGFU PANDA THAI & CHINESE . in Lahore
item_1172,141,KUNGFU PANDA THAI & CHINESE,menu_item,Szechuan Beef with Fries,Meat Mains,764.15,4.7,Lahore,Szechuan Beef with Fries . Meat Mains . Chinese stir fried beef and potatoes featuring savory and spicy flavors with a tender texture. . at KUNGFU PANDA THAI & CHINESE . in Lahore
item_1173,141,KUNGFU PANDA THAI & CHINESE,menu_item,Chicken Black Paper with Fries,Meat Mains,636.65,4.7,Lahore,Chicken Black Paper with Fries . Meat Mains . Chinese style stir fried chicken and potatoes featuring savory and aromatic flavors. . at KUNGFU PANDA THAI & CHINESE . in Lahore
item_1174,141,KUNGFU PANDA THAI & CHINESE,menu_item,Chicken Chili Dry with Fries,Meat Mains,721.65,4.7,Lahore,Chicken Chili Dry with Fries . Meat Mains . Chinese style stir fried chicken and crispy fries featuring a savory and spicy flavor. . at KUNGFU PANDA THAI & CHINESE . in Lahore
item_1175,141,KUNGFU PANDA THAI & CHINESE,menu_item,Chicken Chili Onion,Meat Mains,721.65,4.7,Lahore,Chicken Chili Onion . Meat Mains . Chinese style stir fried chicken and onion featuring a savory flavor and tender texture. . at KUNGFU PANDA THAI & CHINESE . in Lahore
item_1176,141,KUNGFU PANDA THAI & CHINESE,menu_item,Chicken Chilli Vegetables with Fries,Meat Mains,636.65,4.7,Lahore,Chicken Chilli Vegetables with Fries . Meat Mains . Chinese style stir fried chicken and vegetables featuring a savory and spicy flavor. . at KUNGFU PANDA THAI & CHINESE . in Lahore
item_1177,141,KUNGFU PANDA THAI & CHINESE,menu_item,Chicken Honey Crispy with Fries,Meat Mains,721.65,4.7,Lahore,Chicken Honey Crispy with Fries . Meat Mains . Chinese style fried chicken and potato featuring a savory and mildly sweet flavor. . at KUNGFU PANDA THAI & CHINESE . in Lahore
item_1178,141,KUNGFU PANDA THAI & CHINESE,menu_item,Chicken Hot Garlic with Fries,Meat Mains,636.65,4.7,Lahore,Chicken Hot Garlic with Fries . Meat Mains . Chinese style stir fried chicken featuring a savory and spicy flavor with tender texture. . at KUNGFU PANDA THAI & CHINESE . in Lahore
item_1179,141,KUNGFU PANDA THAI & CHINESE,menu_item,Chicken Kungpao with Fries,Meat Mains,721.65,4.7,Lahore,Chicken Kungpao with Fries . Meat Mains . Sichuan style stir fried chicken and crispy fries featuring a savory and spicy flavor. . at KUNGFU PANDA THAI & CHINESE . in Lahore
item_1180,141,KUNGFU PANDA THAI & CHINESE,menu_item,Chicken Manchurian with Fries,Meat Mains,636.65,4.7,Lahore,Chicken Manchurian with Fries . Meat Mains . Chinese style stir fried chicken and potato featuring a savory flavor and tender texture. . at KUNGFU PANDA THAI & CHINESE . in Lahore
item_1181,141,KUNGFU PANDA THAI & CHINESE,menu_item,Chicken Roased Almond with Fries,Meat Mains,721.65,4.7,Lahore,Chicken Roased Almond with Fries . Meat Mains . Chinese style stir fried chicken with almonds and crispy fries delivers a savory flavor. . at KUNGFU PANDA THAI & CHINESE . in Lahore
item_1182,141,KUNGFU PANDA THAI & CHINESE,menu_item,Mongolian Chicken with Fries,Meat Mains,636.65,4.7,Lahore,Mongolian Chicken with Fries . Meat Mains . Mongolian style stir fried chicken with fries featuring a savory flavor and tender texture. . at KUNGFU PANDA THAI & CHINESE . in Lahore
item_1183,141,KUNGFU PANDA THAI & CHINESE,menu_item,Szechuan Chicken with Fries,Meat Mains,636.65,4.7,Lahore,Szechuan Chicken with Fries . Meat Mains . Chinese style stir fried chicken and potatoes featuring savory and spicy flavors. . at KUNGFU PANDA THAI & CHINESE . in Lahore
item_1184,141,KUNGFU PANDA THAI & CHINESE,menu_item,Fish Chili Dry with Fries,Meat Mains,934.15,4.7,Lahore,Fish Chili Dry with Fries . Meat Mains . Chinese style stir fried fish and potatoes featuring savory and spicy flavors. . at KUNGFU PANDA THAI & CHINESE . in Lahore
item_1185,141,KUNGFU PANDA THAI & CHINESE,menu_item,Fish Chili Onion with Fries,Meat Mains,934.15,4.7,Lahore,Fish Chili Onion with Fries . Meat Mains . Chinese style stir fried fish and crispy fries featuring a savory and spicy flavor. . at KUNGFU PANDA THAI & CHINESE . in Lahore
item_1186,141,KUNGFU PANDA THAI & CHINESE,menu_item,Fish Chilli Vegetables with Fries,Meat Mains,934.15,4.7,Lahore,Fish Chilli Vegetables with Fries . Meat Mains . Chinese style stir fried fish and vegetables served with crispy potato fries featuring savory and spicy flavors. . at KUNGFU PANDA THAI & CHINESE . in Lahore
item_1187,141,KUNGFU PANDA THAI & CHINESE,menu_item,Fish Hot Garlic with Fries,Meat Mains,934.15,4.7,Lahore,Fish Hot Garlic with Fries . Meat Mains . Chinese style stir fried fish and crispy fries offering a savory and spicy flavor. . at KUNGFU PANDA THAI & CHINESE . in Lahore
item_1188,141,KUNGFU PANDA THAI & CHINESE,menu_item,Fish Kungpao with Fries,Meat Mains,934.15,4.7,Lahore,Fish Kungpao with Fries . Meat Mains . Sichuan style stir fried fish and potato featuring a savory and spicy flavor. . at KUNGFU PANDA THAI & CHINESE . in Lahore
item_1189,141,KUNGFU PANDA THAI & CHINESE,menu_item,Fish Manchurian with Fries,Meat Mains,934.15,4.7,Lahore,Fish Manchurian with Fries . Meat Mains . Chinese style tender fish featuring a savory and aromatic flavor with thick gravy. . at KUNGFU PANDA THAI & CHINESE . in Lahore
item_1190,141,KUNGFU PANDA THAI & CHINESE,menu_item,Mongolian Fish with Fries,Meat Mains,934.15,4.7,Lahore,Mongolian Fish with Fries . Meat Mains . Chinese style stir fried fish and crispy fries featuring a savory thick gravy. . at KUNGFU PANDA THAI & CHINESE . in Lahore
item_1191,141,KUNGFU PANDA THAI & CHINESE,menu_item,Szechuan Fish with Fries,Meat Mains,934.15,4.7,Lahore,Szechuan Fish with Fries . Meat Mains . Sichuan style stir fried fish and crispy potatoes delivers a savory and spicy flavor. . at KUNGFU PANDA THAI & CHINESE . in Lahore
item_1192,141,KUNGFU PANDA THAI & CHINESE,menu_item,Mongolian Prawn with Fries,Seafood,934.15,4.7,Lahore,Mongolian Prawn with Fries . Seafood . Chinese stir fried prawns and crispy potatoes featuring a savory flavor profile. . at KUNGFU PANDA THAI & CHINESE . in Lahore
item_1193,141,KUNGFU PANDA THAI & CHINESE,menu_item,Prawn Chili Onion with Fries,Seafood,934.15,4.7,Lahore,Prawn Chili Onion with Fries . Seafood . Chinese style stir fried prawns and crispy potatoes featuring a savory and spicy flavor profile. . at KUNGFU PANDA THAI & CHINESE . in Lahore
item_1194,141,KUNGFU PANDA THAI & CHINESE,menu_item,Prawn Chilli Vegetables with Fries,Seafood,934.15,4.7,Lahore,Prawn Chilli Vegetables with Fries . Seafood . Chinese style stir fried prawns and vegetables featuring a savory and spicy flavor. . at KUNGFU PANDA THAI & CHINESE . in Lahore
item_1195,141,KUNGFU PANDA THAI & CHINESE,menu_item,Prawn Hot Garlic with Fries,Seafood,934.15,4.7,Lahore,Prawn Hot Garlic with Fries . Seafood . Chinese style stir fried prawns and fries featuring a savory and spicy flavor. . at KUNGFU PANDA THAI & CHINESE . in Lahore
item_1196,141,KUNGFU PANDA THAI & CHINESE,menu_item,Prawn Kungpao with Fries,Seafood,934.15,4.7,Lahore,Prawn Kungpao with Fries . Seafood . Chinese style stir fried prawns and fries featuring a savory and spicy flavor. . at KUNGFU PANDA THAI & CHINESE . in Lahore
item_1197,141,KUNGFU PANDA THAI & CHINESE,menu_item,Szechuan Prawn with Fries,Seafood,934.15,4.7,Lahore,Szechuan Prawn with Fries . Seafood . Szechuan style stir fried prawns and potatoes featuring a savory and spicy flavor. . at KUNGFU PANDA THAI & CHINESE . in Lahore
item_1198,142,Kababjees Fried Chicken - Dha Phase 5 Lahore,menu_item,Premium Drinking Water 500 Ml,Beverages,120.0,4.7,DHA,"Premium Drinking Water 500 Ml . Beverages . Experience pure refreshment in every sip. Our premium 500 ml bottle is crafted for those who value quality and elegance. Sourced from carefully selected and purified water, it goes through advanced multi-stage filtration to ensure exceptional clarity, balanced minerals, and a crisp, refreshing taste. The sleek, compact bottle is perfect for events, meetings, or on-the-go hydration combining convenience with a touch of sophistication. . at Kababjees Fried Chicken - Dha Phase 5 Lahore . in DHA"
item_1199,142,Kababjees Fried Chicken - Dha Phase 5 Lahore,menu_item,Regular Drink,Beverages,150.0,4.7,DHA,Regular Drink . Beverages . PET Bottle . at Kababjees Fried Chicken - Dha Phase 5 Lahore . in DHA
item_1200,142,Kababjees Fried Chicken - Dha Phase 5 Lahore,menu_item,Chick N Crunch Burger,Deals & Combos,310.0,4.7,DHA,"Chick N Crunch Burger . Deals & Combos . Crispy goodness, ,made of chest chicken meat. . at Kababjees Fried Chicken - Dha Phase 5 Lahore . in DHA"
item_1201,142,Kababjees Fried Chicken - Dha Phase 5 Lahore,menu_item,Chick N Crunch Burger & Regular Drink,Deals & Combos,410.0,4.7,DHA,"Chick N Crunch Burger & Regular Drink . Deals & Combos . Chick N Crunch Burger & Regular Drink
(Can or 345ml Drink) . at Kababjees Fried Chicken - Dha Phase 5 Lahore . in DHA"
item_1202,142,Kababjees Fried Chicken - Dha Phase 5 Lahore,menu_item,Chick N Crunch Burger Regular Fries  & Regular Drink,Deals & Combos,590.0,4.7,DHA,"Chick N Crunch Burger Regular Fries  & Regular Drink . Deals & Combos . Chick N Crunch Burger, Regular Fries  & Regular Drink . at Kababjees Fried Chicken - Dha Phase 5 Lahore . in DHA"
item_1203,142,Kababjees Fried Chicken - Dha Phase 5 Lahore,menu_item,Majesty Combo,Deals & Combos,1050.0,4.7,DHA,"Majesty Combo . Deals & Combos . Majesty Burger, 1 Regular fries, & Regular Drink 
(Can or 345ml Drink) . at Kababjees Fried Chicken - Dha Phase 5 Lahore . in DHA"
item_1204,142,Kababjees Fried Chicken - Dha Phase 5 Lahore,menu_item,Siracha Burger,Deals & Combos,450.0,4.7,DHA,"Siracha Burger . Deals & Combos . Our spicy take on value burger made from crunchy chicken fillet (chest pc), Spicy sauce, & lettuce. . at Kababjees Fried Chicken - Dha Phase 5 Lahore . in DHA"
item_1205,142,Kababjees Fried Chicken - Dha Phase 5 Lahore,menu_item,Siracha Burger With Fries,Deals & Combos,550.0,4.7,DHA,Siracha Burger With Fries . Deals & Combos . Siracha Burger along with regular fries . at Kababjees Fried Chicken - Dha Phase 5 Lahore . in DHA
item_1206,142,Kababjees Fried Chicken - Dha Phase 5 Lahore,menu_item,Siracha Burger With Fries & Regular Drink,Deals & Combos,600.0,4.7,DHA,Siracha Burger With Fries & Regular Drink . Deals & Combos . Siracha burger along with crispy regular fries & Regular Drink . at Kababjees Fried Chicken - Dha Phase 5 Lahore . in DHA
item_1207,142,Kababjees Fried Chicken - Dha Phase 5 Lahore,menu_item,StripZilla,Deals & Combos,390.0,4.7,DHA,"StripZilla . Deals & Combos . A soft, cornmeal-dusted bun stuffed with two crispy, crunchy chicken strips and a golden-fried chicken tender. Finished with fresh lettuce and a bold, spicy sauce for that perfect kick in every bite. . at Kababjees Fried Chicken - Dha Phase 5 Lahore . in DHA"
item_1208,142,Kababjees Fried Chicken - Dha Phase 5 Lahore,menu_item,The Majesty Burger,Deals & Combos,770.0,4.7,DHA,"The Majesty Burger . Deals & Combos . Double crispy chicken patty with double goodness, along with a tinge of spicy goodness stuffed in a a burger. A huge burger to satisfy your hunger. . at Kababjees Fried Chicken - Dha Phase 5 Lahore . in DHA"
item_1209,142,Kababjees Fried Chicken - Dha Phase 5 Lahore,menu_item,Zenga Burger,Deals & Combos,600.0,4.7,DHA,"Zenga Burger . Deals & Combos . Crispy, juicy scrumptious chicken patty (Thigh pc) along with lettuce and albaik sauce enclosed in hot airy buns. . at Kababjees Fried Chicken - Dha Phase 5 Lahore . in DHA"
item_1210,142,Kababjees Fried Chicken - Dha Phase 5 Lahore,menu_item,Zenger Burger Regular Fries & Regular Drink,Deals & Combos,910.0,4.7,DHA,"Zenger Burger Regular Fries & Regular Drink . Deals & Combos . Zenger Burger, Regular Fries & Regular Drink
(Can or 345ml Drink) . at Kababjees Fried Chicken - Dha Phase 5 Lahore . in DHA"
item_1211,142,Kababjees Fried Chicken - Dha Phase 5 Lahore,menu_item,Siracha Wrap,Shawarma & Wraps,450.0,4.7,DHA,"Siracha Wrap . Shawarma & Wraps . Savor the delicious fusion of flavors with our mouthwatering wrap. A crispy chicken filling, drizzled with Spicy sauce, is encased in a warm tortilla for an irresistible spicy delight. . at Kababjees Fried Chicken - Dha Phase 5 Lahore . in DHA"
item_1212,142,Kababjees Fried Chicken - Dha Phase 5 Lahore,menu_item,Spicy Gigantic Burrito,Shawarma & Wraps,690.0,4.7,DHA,"Spicy Gigantic Burrito . Shawarma & Wraps . A warm tortilla wrapped around a mouthwatering medley of crispy chicken, golden fries, fresh lettuce, and fiery jalapeños, all generously topped with a bold blend of salsa powder, creamy mayonnaise, cheese and spicy sriracha. Every bite bursts with flavor, a perfect fusion of crunch, heat, and indulgence, making it an irresistible treat for anyone craving a truly satisfying feast. . at Kababjees Fried Chicken - Dha Phase 5 Lahore . in DHA"
item_1213,142,Kababjees Fried Chicken - Dha Phase 5 Lahore,menu_item,3 Stripzilla & 3 Drinks Deal,Deals & Combos,1190.0,4.7,DHA,3 Stripzilla & 3 Drinks Deal . Deals & Combos . Enjoy an incredible celebration deal featuring three delicious Stripzilla paired with three refreshing drinks all for just 1190 PKR Perfect for sharing with friends and family . at Kababjees Fried Chicken - Dha Phase 5 Lahore . in DHA
item_1214,142,Kababjees Fried Chicken - Dha Phase 5 Lahore,menu_item,Celebration Deal,Deals & Combos,620.0,4.7,DHA,"Celebration Deal . Deals & Combos . Chick N Crunch, Crispy Chicken Piece & Regular Drink 
(Selecting Chicken part is not Applicable on promotion Set) . at Kababjees Fried Chicken - Dha Phase 5 Lahore . in DHA"
item_1215,142,Kababjees Fried Chicken - Dha Phase 5 Lahore,menu_item,Crunch & Munch,Deals & Combos,1040.0,4.7,DHA,"Crunch & Munch . Deals & Combos . 6 Chicken Strips, fries, 2 dips, and 2 330ml drink . at Kababjees Fried Chicken - Dha Phase 5 Lahore . in DHA"
item_1216,142,Kababjees Fried Chicken - Dha Phase 5 Lahore,menu_item,Buffalo Spicy Chicken Bites,Meat Mains,490.0,4.7,DHA,"Buffalo Spicy Chicken Bites . Meat Mains . 9 Pcs. Crisp to perfection chicken bites, topped with tangy spicy buffalo sauce. . at Kababjees Fried Chicken - Dha Phase 5 Lahore . in DHA"
item_1217,142,Kababjees Fried Chicken - Dha Phase 5 Lahore,menu_item,Honey Mustard Chicken Bites,Meat Mains,490.0,4.7,DHA,"Honey Mustard Chicken Bites . Meat Mains . 9 Pcs. Crisp to perfection chicken bites, tossed in sweet yet delicious honey mustard sauce. . at Kababjees Fried Chicken - Dha Phase 5 Lahore . in DHA"
item_1218,142,Kababjees Fried Chicken - Dha Phase 5 Lahore,menu_item,Plain Crispy Chicken Bites,Meat Mains,490.0,4.7,DHA,"Plain Crispy Chicken Bites . Meat Mains . 9 Pcs. Crisp to perfection, our crispy yet juicy bucket of chicken bites. Perfect choice for kids. . at Kababjees Fried Chicken - Dha Phase 5 Lahore . in DHA"
item_1219,142,Kababjees Fried Chicken - Dha Phase 5 Lahore,menu_item,Sizzling Salsa Chicken Bites,Meat Mains,490.0,4.7,DHA,"Sizzling Salsa Chicken Bites . Meat Mains . 9 Pcs. Crisp to perfection chicken bites, dusted with our special sizzling salsa seasoning. . at Kababjees Fried Chicken - Dha Phase 5 Lahore . in DHA"
item_1220,142,Kababjees Fried Chicken - Dha Phase 5 Lahore,menu_item,Thai Sweet Chilli Chicken Bites,Meat Mains,490.0,4.7,DHA,"Thai Sweet Chilli Chicken Bites . Meat Mains . 9 Pcs. Crisp to perfection chicken bites, tossed in sweet yet spicy chili sauce for a succlent experience. . at Kababjees Fried Chicken - Dha Phase 5 Lahore . in DHA"
item_1221,142,Kababjees Fried Chicken - Dha Phase 5 Lahore,menu_item,Crispy Hot Fries,Sides & Appetizers,340.0,4.7,DHA,Crispy Hot Fries . Sides & Appetizers . Soft Potato Wedges With A Crispy Exterior That Will Make Your Day . at Kababjees Fried Chicken - Dha Phase 5 Lahore . in DHA
item_1222,142,Kababjees Fried Chicken - Dha Phase 5 Lahore,menu_item,Crispy Hot Masala Fries,Sides & Appetizers,360.0,4.7,DHA,Crispy Hot Masala Fries . Sides & Appetizers . Soft Potato Wedges With A Crispy Exterior Tossed with our in house spices. . at Kababjees Fried Chicken - Dha Phase 5 Lahore . in DHA
item_1223,142,Kababjees Fried Chicken - Dha Phase 5 Lahore,menu_item,Fries Bucket With Al Baik Sauce,Sides & Appetizers,490.0,4.7,DHA,Fries Bucket With Al Baik Sauce . Sides & Appetizers . Crisp to tooth french fries along with our delicious garlic sauce. . at Kababjees Fried Chicken - Dha Phase 5 Lahore . in DHA
item_1224,142,Kababjees Fried Chicken - Dha Phase 5 Lahore,menu_item,Family Combo 1,Other,2250.0,4.7,DHA,"Family Combo 1 . Other . 4 Chick N Crunch Burger, 4 Crispy Chicken Piece, 2 Dinner Roll &  4PC 330ML Litre Drink
 (Selecting Chicken part is not Applicable on promotion Set) . at Kababjees Fried Chicken - Dha Phase 5 Lahore . in DHA"
item_1225,142,Kababjees Fried Chicken - Dha Phase 5 Lahore,menu_item,Family Combo 2,Other,2450.0,4.7,DHA,"Family Combo 2 . Other . 2 Zenga Burger, 2 Chick N Crunch Burger, 4 Crispy Chicken Piece, 2 Dinner Roll & 4 pc 330 ml Drink (Selecting Chicken part is not Applicable on promotion Set) . at Kababjees Fried Chicken - Dha Phase 5 Lahore . in DHA"
item_1226,142,Kababjees Fried Chicken - Dha Phase 5 Lahore,menu_item,Family Combo 3,Other,2650.0,4.7,DHA,"Family Combo 3 . Other . 4 Zenga Burger, 4 Chicken Piece, 2 Dinner Roll &  4pc 330ml Drink 
 (Selecting Chicken part is not Applicable on promotion Set) . at Kababjees Fried Chicken - Dha Phase 5 Lahore . in DHA"
item_1227,142,Kababjees Fried Chicken - Dha Phase 5 Lahore,menu_item,Mega Snack Box,Other,2090.0,4.7,DHA,Mega Snack Box . Other . 9 Pcs Crispy Fried Chicken (Selecting Chicken part is not Applicable on promotion Set) . at Kababjees Fried Chicken - Dha Phase 5 Lahore . in DHA
item_1228,142,Kababjees Fried Chicken - Dha Phase 5 Lahore,menu_item,Chocolate Ice Cream Shake,Desserts,530.0,4.7,DHA,"Chocolate Ice Cream Shake . Desserts . Indulge in a heavenly blend of velvety chocolate ice cream, rich cocoa, and creamy milk whipped to perfection for that irresistibly thick and smooth texture. . at Kababjees Fried Chicken - Dha Phase 5 Lahore . in DHA"
item_1229,142,Kababjees Fried Chicken - Dha Phase 5 Lahore,menu_item,Cookies and Cream Shake,Desserts,530.0,4.7,DHA,Cookies and Cream Shake . Desserts . A classic favorite done right  our Oreo Ice Cream Shake blends creamy vanilla ice cream with crunchy Oreo cookies and chilled milk for the perfect cookies-and-cream experience . at Kababjees Fried Chicken - Dha Phase 5 Lahore . in DHA
item_1230,142,Kababjees Fried Chicken - Dha Phase 5 Lahore,menu_item,Mango Ice Cream Shake,Desserts,530.0,4.7,DHA,"Mango Ice Cream Shake . Desserts . Escape into tropical bliss with our Mango Ice Cream Shake a luscious blend of rich mango ice cream and chilled milk, whipped to creamy perfection. . at Kababjees Fried Chicken - Dha Phase 5 Lahore . in DHA"
item_1231,142,Kababjees Fried Chicken - Dha Phase 5 Lahore,menu_item,Pistachio Ice Cream Shake,Desserts,530.0,4.7,DHA,"Pistachio Ice Cream Shake . Desserts . A creamy fusion of roasted pistachios and silky ice cream  our Pistachio Ice Cream Shake is smooth, nutty, and irresistibly luxurious. . at Kababjees Fried Chicken - Dha Phase 5 Lahore . in DHA"
item_1232,142,Kababjees Fried Chicken - Dha Phase 5 Lahore,menu_item,Strawberry Ice Cream Shake,Desserts,530.0,4.7,DHA,"Strawberry Ice Cream Shake . Desserts . Bursting with berrylicious flavor, our Strawberry Ice Cream Shake blends creamy strawberry ice cream with chilled milk for a thick, smooth delight. . at Kababjees Fried Chicken - Dha Phase 5 Lahore . in DHA"
item_1233,142,Kababjees Fried Chicken - Dha Phase 5 Lahore,menu_item,Vanilla Ice Cream Shake,Desserts,530.0,4.7,DHA,"Vanilla Ice Cream Shake . Desserts . Smooth, creamy, and irresistibly classic our Vanilla Ice Cream Shake is a dreamy blend of rich vanilla ice cream and chilled milk, whipped into a silky, frothy perfection. . at Kababjees Fried Chicken - Dha Phase 5 Lahore . in DHA"
item_1234,142,Kababjees Fried Chicken - Dha Phase 5 Lahore,menu_item,Kiddie Meal 3,Other,550.0,4.7,DHA,"Kiddie Meal 3 . Other . Chick n Crunch Burger, Small Fries, Drink or Water
[Can/345ml Drink] . at Kababjees Fried Chicken - Dha Phase 5 Lahore . in DHA"
item_1235,142,Kababjees Fried Chicken - Dha Phase 5 Lahore,menu_item,Zing Chicken Strips (4Pcs),Other,500.0,4.7,DHA,"Zing Chicken Strips (4Pcs) . Other . Crunchy chicken strips, a must for kids. . at Kababjees Fried Chicken - Dha Phase 5 Lahore . in DHA"
item_1236,142,Kababjees Fried Chicken - Dha Phase 5 Lahore,menu_item,1 Golden Crunch Lacha  Paratha & 1 Beef Smash Single Patty Along With 2 Drinks,Deals & Combos,1340.0,4.7,DHA,1 Golden Crunch Lacha  Paratha & 1 Beef Smash Single Patty Along With 2 Drinks . Deals & Combos . 1 Golden Crunch Lacha  Paratha & 1 Beef Smash Single Patty along with 2 Drinks in just 1340 Pkr . at Kababjees Fried Chicken - Dha Phase 5 Lahore . in DHA
item_1237,142,Kababjees Fried Chicken - Dha Phase 5 Lahore,menu_item,2 Saucy Chatkara Lacha Paratha with 2 Drinks,Deals & Combos,1320.0,4.7,DHA,2 Saucy Chatkara Lacha Paratha with 2 Drinks . Deals & Combos . Indulge in two delicious saucy Chatkara Lacha Parathas layered to perfection with a savory filling and served with two refreshing drinks of your choice in just 1320pkr . at Kababjees Fried Chicken - Dha Phase 5 Lahore . in DHA
item_1238,142,Kababjees Fried Chicken - Dha Phase 5 Lahore,menu_item,2 Signature Golden Crunch Lacha Paratha with 2 Drinks,Deals & Combos,1320.0,4.7,DHA,2 Signature Golden Crunch Lacha Paratha with 2 Drinks . Deals & Combos . Enjoy 2 Signature Golden Crunch Lacha Parathas paired with 2 refreshing drinks all for just 1320. A perfect meal deal combining crispy layered parathas with your choice of beverages . at Kababjees Fried Chicken - Dha Phase 5 Lahore . in DHA
item_1239,142,Kababjees Fried Chicken - Dha Phase 5 Lahore,menu_item,Buy 1 Saucy Chatkara Lacha Paratha  1 Beef Smash Single Patty Lacha  Paratha Along With 2 Drinks,Deals & Combos,1340.0,4.7,DHA,Buy 1 Saucy Chatkara Lacha Paratha  1 Beef Smash Single Patty Lacha  Paratha Along With 2 Drinks . Deals & Combos . Buy 1 Saucy Chatkara Lacha Paratha  1 Beef Smash Single patty Lacha  Paratha along with 2 Drinks in just 1340 PKR . at Kababjees Fried Chicken - Dha Phase 5 Lahore . in DHA
item_1240,142,Kababjees Fried Chicken - Dha Phase 5 Lahore,menu_item,Buy 1 Saucy Chatkara Lacha Paratha & 1 Golden Crunch Lacha  Paratha Along With 2 Drinks,Deals & Combos,1320.0,4.7,DHA,Buy 1 Saucy Chatkara Lacha Paratha & 1 Golden Crunch Lacha  Paratha Along With 2 Drinks . Deals & Combos . 1 Saucy Chatkara Lacha Paratha & 1 Golden Crunch Lacha  Paratha along with 2 Drinks in just 1320 Pkr . at Kababjees Fried Chicken - Dha Phase 5 Lahore . in DHA
item_1241,142,Kababjees Fried Chicken - Dha Phase 5 Lahore,menu_item,Beef Smash Lacha Paratha,Burgers,890.0,4.7,DHA,"Beef Smash Lacha Paratha . Burgers . We bring you our Original Smash Lacha Paratha Burger.Crispy lacha paratha stuffed with a juicy beef patty, melting cheese, and sweet caramelized onions. . at Kababjees Fried Chicken - Dha Phase 5 Lahore . in DHA"
item_1242,142,Kababjees Fried Chicken - Dha Phase 5 Lahore,menu_item,Saucy Chatkara Lacha Paratha,Burgers,780.0,4.7,DHA,"Saucy Chatkara Lacha Paratha . Burgers . Keeping that spirit alive, we bring you our Saucy Chatkara Lacha Paratha Crispy lacha paratha stuffed with crunchy fried chicken tossed in our special spicy Chatkara sauce, topped with creamy mayo and crisp lettuce for the perfect flavorful bite! . at Kababjees Fried Chicken - Dha Phase 5 Lahore . in DHA"
item_1243,142,Kababjees Fried Chicken - Dha Phase 5 Lahore,menu_item,Signature Golden Crunch Lacha Paratha,Burgers,780.0,4.7,DHA,"Signature Golden Crunch Lacha Paratha . Burgers . We bring you crispy lacha paratha stuffed with a crispy chicken patty, fresh lettuce, and creamy mayo.The ultimate crunch fusion. . at Kababjees Fried Chicken - Dha Phase 5 Lahore . in DHA"
item_1244,142,Kababjees Fried Chicken - Dha Phase 5 Lahore,menu_item,Classic Mayo Loaded Fries,Rice & Biryani,690.0,4.7,DHA,"Classic Mayo Loaded Fries . Rice & Biryani . Golden, crispy fries topped with tender, crunchy chicken chunks, drizzled with a smooth mayo-garlic sauce, velvety cheese sauce, and finished with a kick of zesty jalapeños and crushed chilies for a bold, flavor-packed experience. . at Kababjees Fried Chicken - Dha Phase 5 Lahore . in DHA"
item_1245,142,Kababjees Fried Chicken - Dha Phase 5 Lahore,menu_item,Crunchy Cheesey Overloaded Fries,Rice & Biryani,720.0,4.7,DHA,"Crunchy Cheesey Overloaded Fries . Rice & Biryani . A mountain of crispy fries loaded with crunchy chicken bites, smothered in creamy cheese sauce and finished with a hint of bold spices. Topped off with extra crunchy finger chips for the ultimate overloaded cheesy crunch experience. . at Kababjees Fried Chicken - Dha Phase 5 Lahore . in DHA"
item_1246,142,Kababjees Fried Chicken - Dha Phase 5 Lahore,menu_item,Crunchy Cheesey Overloaded Rice,Rice & Biryani,450.0,4.7,DHA,"Crunchy Cheesey Overloaded Rice . Rice & Biryani . A hearty bed of rice topped with crispy, golden chicken bites, drizzled with rich, creamy cheese sauce and a hint of bold spices. Paired with crunchy finger chips for a fully loaded, crave-worthy experience bursting with flavor and texture . at Kababjees Fried Chicken - Dha Phase 5 Lahore . in DHA"
item_1247,142,Kababjees Fried Chicken - Dha Phase 5 Lahore,menu_item,Rice N Spice,Rice & Biryani,420.0,4.7,DHA,"Rice N Spice . Rice & Biryani . Savory spiced rice infused with buttery richness, perfectly paired with crispy Hot Shots, all crowned with our signature Vietnamese sauce a harmonious blend of bold, tangy, and irresistible flavors. . at Kababjees Fried Chicken - Dha Phase 5 Lahore . in DHA"
item_1248,142,Kababjees Fried Chicken - Dha Phase 5 Lahore,menu_item,Spicy Salsa Cheesy Loaded Fries,Rice & Biryani,720.0,4.7,DHA,"Spicy Salsa Cheesy Loaded Fries . Rice & Biryani . Crispy chips coated in flavorful salsa powder, generously topped with a rich, creamy cheese sauce, and finished with zesty jalapeños and a sprinkle of crushed chilies for an irresistible kick. . at Kababjees Fried Chicken - Dha Phase 5 Lahore . in DHA"
item_1249,142,Kababjees Fried Chicken - Dha Phase 5 Lahore,menu_item,2 Pc Meal Deal,Deals & Combos,750.0,4.7,DHA,"2 Pc Meal Deal . Deals & Combos . 2 Crispy Chicken Pc, Regular Fries, Coleslaw, & Regular Drink 
(Selecting Chicken part is not Applicable on promotion Set) . at Kababjees Fried Chicken - Dha Phase 5 Lahore . in DHA"
item_1250,142,Kababjees Fried Chicken - Dha Phase 5 Lahore,menu_item,2PC Combo,Deals & Combos,650.0,4.7,DHA,"2PC Combo . Deals & Combos . 2 Pc Chicken, Fries, Dinner Roll, Al-Baik Sauce (Selecting Chicken part is not Applicable on promotion Set) . at Kababjees Fried Chicken - Dha Phase 5 Lahore . in DHA"
item_1251,142,Kababjees Fried Chicken - Dha Phase 5 Lahore,menu_item,3 Pc Crispy Chicken,Deals & Combos,720.0,4.7,DHA,"3 Pc Crispy Chicken . Deals & Combos . Crunchy, chicken pieces dipped in batter and packed with flavor. (Selecting Chicken part is not Applicable on promotion Set) . at Kababjees Fried Chicken - Dha Phase 5 Lahore . in DHA"
item_1252,142,Kababjees Fried Chicken - Dha Phase 5 Lahore,menu_item,Flavor Craver,Deals & Combos,1050.0,4.7,DHA,"Flavor Craver . Deals & Combos . Zenga Burger, 1 Pc Chicken, Regular Fries, Coleslaw & 1 Regular Drink 
 (Selecting Chicken part is not Applicable on promotion Set) . at Kababjees Fried Chicken - Dha Phase 5 Lahore . in DHA"
item_1253,142,Kababjees Fried Chicken - Dha Phase 5 Lahore,menu_item,Ultimate Crunch Feast,Deals & Combos,1560.0,4.7,DHA,"Ultimate Crunch Feast . Deals & Combos . 2 Zenga Burger, 2 Crispy Chicken Piece, Large Fries, & 2 Regular Drinks  (Selecting Chicken part is not Applicable on promotion Set) . at Kababjees Fried Chicken - Dha Phase 5 Lahore . in DHA"
item_1254,142,Kababjees Fried Chicken - Dha Phase 5 Lahore,menu_item,Ultimate Feast Box,Deals & Combos,1390.0,4.7,DHA,"Ultimate Feast Box . Deals & Combos . 5 Piece Crispy Chicken, Large Fries & 2 Regular Drinks 
(Selecting Chicken part is not Applicable on promotion Set) . at Kababjees Fried Chicken - Dha Phase 5 Lahore . in DHA"
item_1255,142,Kababjees Fried Chicken - Dha Phase 5 Lahore,menu_item,Chicken Crispy Roll,Shawarma & Wraps,450.0,4.7,DHA,"Chicken Crispy Roll . Shawarma & Wraps . Golden crispy paratha paired with crispy chicken strips, smooth mayo, and a spicy chilli garlic kick. . at Kababjees Fried Chicken - Dha Phase 5 Lahore . in DHA"
item_1256,142,Kababjees Fried Chicken - Dha Phase 5 Lahore,menu_item,Beef Smash Burger,Burgers,920.0,4.7,DHA,"Beef Smash Burger . Burgers . A pillowy soft potato bun stacked with juicy beef patties, layered with melted cheese, and finished with sweet, slow-caramelized onions. A rich, stacked delight. . at Kababjees Fried Chicken - Dha Phase 5 Lahore . in DHA"
item_1257,142,Kababjees Fried Chicken - Dha Phase 5 Lahore,menu_item,Herb & Mint Chicken Sando,Other,690.0,4.7,DHA,"Herb & Mint Chicken Sando . Other . A crispy chicken fillet infused with refreshing herbs and mint, layered with creamy sauce and fresh toppings in a soft toasted bun. Light, flavorful, and irresistibly satisfying. . at Kababjees Fried Chicken - Dha Phase 5 Lahore . in DHA"
item_1258,142,Kababjees Fried Chicken - Dha Phase 5 Lahore,menu_item,Al Baik Sauce,Sides & Appetizers,80.0,4.7,DHA,"Al Baik Sauce . Sides & Appetizers . Blended with mayonnaise and mustard, seasoned with salt, sugar and vinegar oil. . at Kababjees Fried Chicken - Dha Phase 5 Lahore . in DHA"
item_1259,142,Kababjees Fried Chicken - Dha Phase 5 Lahore,menu_item,Cheese Slice,Sides & Appetizers,80.0,4.7,DHA,"Cheese Slice . Sides & Appetizers . Creamy, rich slice of premium cheese. . at Kababjees Fried Chicken - Dha Phase 5 Lahore . in DHA"
item_1260,142,Kababjees Fried Chicken - Dha Phase 5 Lahore,menu_item,Chicken Piece,Sides & Appetizers,320.0,4.7,DHA,"Chicken Piece . Sides & Appetizers . Amplify your chicken experience by indulging yourself to try ours.

Mention on Special Request: Chest, Wings, Leg, Thigh, Rib, or Keel . at Kababjees Fried Chicken - Dha Phase 5 Lahore . in DHA"
item_1261,142,Kababjees Fried Chicken - Dha Phase 5 Lahore,menu_item,Coleslaw,Sides & Appetizers,150.0,4.7,DHA,Coleslaw . Sides & Appetizers . Mixture of Mayo plus veggies. . at Kababjees Fried Chicken - Dha Phase 5 Lahore . in DHA
item_1262,142,Kababjees Fried Chicken - Dha Phase 5 Lahore,menu_item,Dinner Roll,Sides & Appetizers,50.0,4.7,DHA,Dinner Roll . Sides & Appetizers . A small individual loaf of bread. . at Kababjees Fried Chicken - Dha Phase 5 Lahore . in DHA
item_1263,142,Kababjees Fried Chicken - Dha Phase 5 Lahore,menu_item,Honey Mustard Sauce,Sides & Appetizers,80.0,4.7,DHA,Honey Mustard Sauce . Sides & Appetizers . Sweet and tangy sauce perfect for dipping or drizzling on various snacks. . at Kababjees Fried Chicken - Dha Phase 5 Lahore . in DHA
item_1264,142,Kababjees Fried Chicken - Dha Phase 5 Lahore,menu_item,Siracha Sauce,Sides & Appetizers,80.0,4.7,DHA,"Siracha Sauce . Sides & Appetizers . Turn up the flavor with our signature Sriracha sauce a spicy, garlicky blend that adds the perfect kick to burgers, fries, and everything in between. . at Kababjees Fried Chicken - Dha Phase 5 Lahore . in DHA"
item_1265,142,Kababjees Fried Chicken - Dha Phase 5 Lahore,menu_item,CHOCO-HEAVEN CAKE IN A CAN PER PC,Desserts,420.0,4.7,DHA,"CHOCO-HEAVEN CAKE IN A CAN PER PC . Desserts . Layers of moist chocolate sponge, rich chocolate ganache, and decadent fudge, all packed into one convenient, crave worthy can. Its the ultimate chocolate lovers dream, anytime, anywhere! . at Kababjees Fried Chicken - Dha Phase 5 Lahore . in DHA"
item_1266,142,Kababjees Fried Chicken - Dha Phase 5 Lahore,menu_item,RED VELVET CAKE IN A CAN PER PC,Desserts,420.0,4.7,DHA,"RED VELVET CAKE IN A CAN PER PC . Desserts . Layers of classic red velvet sponge cake paired with smooth, cream cheese frosting an elegant and satisfying dessert, perfect for ending any meal on a sweet note. . at Kababjees Fried Chicken - Dha Phase 5 Lahore . in DHA"
item_1267,142,Kababjees Fried Chicken - Dha Phase 5 Lahore,menu_item,Original Korean Burger,Other,720.0,4.7,DHA,"Original Korean Burger . Other . Soft, handcrafted red buns that embrace a succulent Zenga patty Drenched in our signature savory, spicy Korean sauce and complemented by a rich mayo, this burger delivers a mouthwatering, flavor packed experience like no other. . at Kababjees Fried Chicken - Dha Phase 5 Lahore . in DHA"
item_1268,142,Kababjees Fried Chicken - Dha Phase 5 Lahore,menu_item,Original Korean Chicky Bites 9Pc,Other,600.0,4.7,DHA,"Original Korean Chicky Bites 9Pc . Other . Bite sized crispy chicken coated in our mouthwatering Korean sauce offering a crunch thats both satisfying and full of flavor. A perfect snack for anyone craving a spicy, savory treat. . at Kababjees Fried Chicken - Dha Phase 5 Lahore . in DHA"
item_1269,142,Kababjees Fried Chicken - Dha Phase 5 Lahore,menu_item,Original Korean Hot Wings 8 Pc,Other,750.0,4.7,DHA,"Original Korean Hot Wings 8 Pc . Other . Savor the perfect blend of heat and flavor with our crispy, golden wings, tossed in a bold, savory-spicy Korean sauce. These wings are a fiery delight that will keep you coming back for more! . at Kababjees Fried Chicken - Dha Phase 5 Lahore . in DHA"
item_1270,142,Kababjees Fried Chicken - Dha Phase 5 Lahore,menu_item,Original Korean Loaded Fries,Other,790.0,4.7,DHA,"Original Korean Loaded Fries . Other . Crispy fries tossed in a tantalizing salsa powder, topped with our irresistible Original Korean sauce. Garnished with zesty jalapenos and a sprinkle of crushed chilies, these fries pack an explosive flavor punch thats sure to satisfy your cravings. . at Kababjees Fried Chicken - Dha Phase 5 Lahore . in DHA"
item_1271,142,Kababjees Fried Chicken - Dha Phase 5 Lahore,menu_item,Original Korean Rice,Other,590.0,4.7,DHA,"Original Korean Rice . Other . Fragrant rice, infused with a buttery richness, served with crispy Hot Shots drenched in our signature Korean sauce. This dish delivers the perfect balance of savory, spicy, and rich flavors in every bite. . at Kababjees Fried Chicken - Dha Phase 5 Lahore . in DHA"
item_1272,142,Kababjees Fried Chicken - Dha Phase 5 Lahore,menu_item,Buffalo Spicy Wings,Other,640.0,4.7,DHA,Buffalo Spicy Wings . Other . 8 pcs. Our crispy take on wings topped with tangy spicy buffalo sauce. . at Kababjees Fried Chicken - Dha Phase 5 Lahore . in DHA
item_1273,142,Kababjees Fried Chicken - Dha Phase 5 Lahore,menu_item,Honey Mustard Wings,Other,640.0,4.7,DHA,"Honey Mustard Wings . Other . 8 Pcs. Crispy fried wings, tossed in sweet yet delicious honey mustard sauce. . at Kababjees Fried Chicken - Dha Phase 5 Lahore . in DHA"
item_1274,142,Kababjees Fried Chicken - Dha Phase 5 Lahore,menu_item,Plain Crispy Wings,Other,640.0,4.7,DHA,"Plain Crispy Wings . Other . 8 Pcs. Crisp to perfection, our crispy yet juicy bucket of wings. . at Kababjees Fried Chicken - Dha Phase 5 Lahore . in DHA"
item_1275,142,Kababjees Fried Chicken - Dha Phase 5 Lahore,menu_item,Sizzling Salsa Wings,Other,640.0,4.7,DHA,"Sizzling Salsa Wings . Other . 8 Pcs. Spices to perfection, dusted with our special sizzling salsa seasoning. . at Kababjees Fried Chicken - Dha Phase 5 Lahore . in DHA"
item_1276,142,Kababjees Fried Chicken - Dha Phase 5 Lahore,menu_item,Thai Sweet Chilli Wings,Other,640.0,4.7,DHA,"Thai Sweet Chilli Wings . Other . 8 pcs. Crispy Fried wings, tossed in sweet yet spicy chili sauce for a succlent experience. . at Kababjees Fried Chicken - Dha Phase 5 Lahore . in DHA"
item_1277,143,Kababjees Restaurant Lahore,menu_item,Afghani Boti,Other,1680.0,4.8,Lahore,Afghani Boti . Other . Mild aromatic juicy boti melt in mouth . at Kababjees Restaurant Lahore . in Lahore
item_1278,143,Kababjees Restaurant Lahore,menu_item,Chicken Madabee,Other,2153.0,4.8,Lahore,Chicken Madabee . Other . Grilled chicken served on a bed of flavored mandi rice and sauces . at Kababjees Restaurant Lahore . in Lahore
item_1279,143,Kababjees Restaurant Lahore,menu_item,Chicken Mandi,Other,2153.0,4.8,Lahore,Chicken Mandi . Other . Arabic style rice tender meat & mixture of spices accommodate with sauces . at Kababjees Restaurant Lahore . in Lahore
item_1280,143,Kababjees Restaurant Lahore,menu_item,Mix Kabab Mandi,Other,4505.0,4.8,Lahore,"Mix Kabab Mandi . Other . A tantalizing combination of succulent beef, chicken and mutton kababs, expertly grilled to perfection, served on a bed of fragrant, spiced rice. This hearty platter offers a symphony of flavors, making it the ultimate indulgence for rice enthusiasts . at Kababjees Restaurant Lahore . in Lahore"
item_1281,143,Kababjees Restaurant Lahore,menu_item,Mutton Madbee,Other,3665.0,4.8,Lahore,Mutton Madbee . Other . Spicy charcoal grilled meat served on a bed of flavored mandi rice and sauces . at Kababjees Restaurant Lahore . in Lahore
item_1282,143,Kababjees Restaurant Lahore,menu_item,Mutton Mandi,Other,3665.0,4.8,Lahore,Mutton Mandi . Other . Arabic style rice tender meat & mixture of spices accommodate with sauces . at Kababjees Restaurant Lahore . in Lahore
item_1283,143,Kababjees Restaurant Lahore,menu_item,Beef Bihari Boti,BBQ & Grill,1670.0,4.8,Lahore,Beef Bihari Boti . BBQ & Grill . Melt in mouth pieces of Beef marinated in spices and barbecued to perfection on charcoal grill. . at Kababjees Restaurant Lahore . in Lahore
item_1284,143,Kababjees Restaurant Lahore,menu_item,Chicken Afghani Boti,BBQ & Grill,1460.0,4.8,Lahore,Chicken Afghani Boti . BBQ & Grill . Succulent pieces of chicken marinated in special spices and roasted to perfection . at Kababjees Restaurant Lahore . in Lahore
item_1285,143,Kababjees Restaurant Lahore,menu_item,Chicken Bihari Boti,BBQ & Grill,1628.0,4.8,Lahore,Chicken Bihari Boti . BBQ & Grill . Melt in mouth pieces of chicken marinated in spices and barbecued to perfection on charcoal grill. . at Kababjees Restaurant Lahore . in Lahore
item_1286,143,Kababjees Restaurant Lahore,menu_item,Chicken Chargha B.B.Q Full,BBQ & Grill,2690.0,4.8,Lahore,"Chicken Chargha B.B.Q Full . BBQ & Grill . Speicality of lahore, full chicken covered with great amount of spices to give a flavoful punch, barbecued to perfection on charcoal grill. . at Kababjees Restaurant Lahore . in Lahore"
item_1287,143,Kababjees Restaurant Lahore,menu_item,Chicken Tikka,BBQ & Grill,788.0,4.8,Lahore,"Chicken Tikka . BBQ & Grill . Quarter chicken, marinated in ginger, garlic, red chilies and more, served with our special BBQ sauce. . at Kababjees Restaurant Lahore . in Lahore"
item_1288,143,Kababjees Restaurant Lahore,menu_item,Fish Tikka,BBQ & Grill,1670.0,4.8,Lahore,"Fish Tikka . BBQ & Grill . Fish cut in cubes marinated in Kababjees special tikka masala, cooked over charcoal. . at Kababjees Restaurant Lahore . in Lahore"
item_1289,143,Kababjees Restaurant Lahore,menu_item,Grilled BBQ Fish,BBQ & Grill,3938.0,4.8,Lahore,"Grilled BBQ Fish . BBQ & Grill . Pungush fish, marinated in special kababjees spices, grilled to perfection. . at Kababjees Restaurant Lahore . in Lahore"
item_1290,143,Kababjees Restaurant Lahore,menu_item,Karachi Chicken Malai Boti,BBQ & Grill,1628.0,4.8,Lahore,"Karachi Chicken Malai Boti . BBQ & Grill . Boneless Chicken piece marinated in a creamy based marination, cooked to perfection that it melts in your mouth. . at Kababjees Restaurant Lahore . in Lahore"
item_1291,143,Kababjees Restaurant Lahore,menu_item,Lahori Chicken Malai Boti,BBQ & Grill,1628.0,4.8,Lahore,"Lahori Chicken Malai Boti . BBQ & Grill . Boneless Chicken piece marinated in a creamy based marination, cooked to perfection that it melts in your mouth. . at Kababjees Restaurant Lahore . in Lahore"
item_1292,143,Kababjees Restaurant Lahore,menu_item,Mutton Afghani Boti,BBQ & Grill,2834.0,4.8,Lahore,"Mutton Afghani Boti . BBQ & Grill . Delicately tender BBQ mutton boti, seasoned simply with the hint of salt to let the rich, natural flavors shine through. . at Kababjees Restaurant Lahore . in Lahore"
item_1293,143,Kababjees Restaurant Lahore,menu_item,Mutton Chops Masala,BBQ & Grill,2930.0,4.8,Lahore,"Mutton Chops Masala . BBQ & Grill . For absoulate mutton lover, marinated with flavoful spices and cooked to perfection. . at Kababjees Restaurant Lahore . in Lahore"
item_1294,143,Kababjees Restaurant Lahore,menu_item,Mutton Chops Namkeen,BBQ & Grill,2930.0,4.8,Lahore,"Mutton Chops Namkeen . BBQ & Grill . Tender chops, with juicy and salty flavor to it grilled over charcoal. . at Kababjees Restaurant Lahore . in Lahore"
item_1295,143,Kababjees Restaurant Lahore,menu_item,Mutton Ribs,BBQ & Grill,3140.0,4.8,Lahore,"Mutton Ribs . BBQ & Grill . Tender flavorful rack of mutton, marinated in rich spices and grilled to perfection. . at Kababjees Restaurant Lahore . in Lahore"
item_1296,143,Kababjees Restaurant Lahore,menu_item,Tandoori Chicken Boti,BBQ & Grill,1565.0,4.8,Lahore,"Tandoori Chicken Boti . BBQ & Grill . A must choice for spice lovers boned chicken marinated in ginger, garlic, red chilies and more, served with our special BBq sauce. . at Kababjees Restaurant Lahore . in Lahore"
item_1297,143,Kababjees Restaurant Lahore,menu_item,1 Meter Rango Kabab,BBQ & Grill,4095.0,4.8,Lahore,"1 Meter Rango Kabab . BBQ & Grill . A Specialty of ours, presented in a unique attractive way to fulfil your eyes and tummy at the same time. . at Kababjees Restaurant Lahore . in Lahore"
item_1298,143,Kababjees Restaurant Lahore,menu_item,Beef Seekh Kabab,BBQ & Grill,1565.0,4.8,Lahore,"Beef Seekh Kabab . BBQ & Grill . Minced Beef kababs marinated in green chilies, onion and coriander, cooked over live charcoals. . at Kababjees Restaurant Lahore . in Lahore"
item_1299,143,Kababjees Restaurant Lahore,menu_item,Chicken Cheese Kabab,BBQ & Grill,1523.0,4.8,Lahore,Chicken Cheese Kabab . BBQ & Grill . Succulent pieces of chicken marinated in special spices and roasted to perfection . at Kababjees Restaurant Lahore . in Lahore
item_1300,143,Kababjees Restaurant Lahore,menu_item,Chicken Reshmi Kabab,BBQ & Grill,1523.0,4.8,Lahore,"Chicken Reshmi Kabab . BBQ & Grill . Minced chicken kababs marinated in green chilies, onion and coriander, cooked over live charcoals. . at Kababjees Restaurant Lahore . in Lahore"
item_1301,143,Kababjees Restaurant Lahore,menu_item,Chicken Spicy Kabab,BBQ & Grill,1523.0,4.8,Lahore,"Chicken Spicy Kabab . BBQ & Grill . Minced chicken kababs, marinated in Kababjees special spices. . at Kababjees Restaurant Lahore . in Lahore"
item_1302,143,Kababjees Restaurant Lahore,menu_item,Chicken Turkish Kabab,BBQ & Grill,1523.0,4.8,Lahore,Chicken Turkish Kabab . BBQ & Grill . Full of flavors but consist of mild spices. Juicy packed with Turkish spices for an authetic twist. . at Kababjees Restaurant Lahore . in Lahore
item_1303,143,Kababjees Restaurant Lahore,menu_item,Chullu Kabab Beef,BBQ & Grill,1775.0,4.8,Lahore,"Chullu Kabab Beef . BBQ & Grill . A delicacy from Iran, with delicate flavors, served on bed of rice along with French fries, roasted tomatoes and butter. . at Kababjees Restaurant Lahore . in Lahore"
item_1304,143,Kababjees Restaurant Lahore,menu_item,Dhaga Kabab (Beef),BBQ & Grill,1565.0,4.8,Lahore,"Dhaga Kabab (Beef) . BBQ & Grill . Moist minced meat, marinated with green coriander, and poppy seeds melt in mouth kebabs . at Kababjees Restaurant Lahore . in Lahore"
item_1305,143,Kababjees Restaurant Lahore,menu_item,Mutton Cheese Kabab,BBQ & Grill,1880.0,4.8,Lahore,"Mutton Cheese Kabab . BBQ & Grill . Delicious and juicy mutton ribs, grilled to the right temperature and texture . at Kababjees Restaurant Lahore . in Lahore"
item_1306,143,Kababjees Restaurant Lahore,menu_item,Mutton Rango Kabab,BBQ & Grill,1828.0,4.8,Lahore,"Mutton Rango Kabab . BBQ & Grill . Juicy marinated melt in mouth kababs, served with our delicious barbeque chutney. . at Kababjees Restaurant Lahore . in Lahore"
item_1307,143,Kababjees Restaurant Lahore,menu_item,7UP CAN,Beverages,190.0,4.8,Lahore,7UP CAN . Beverages . The famous soda pop everyone wants. . at Kababjees Restaurant Lahore . in Lahore
item_1308,143,Kababjees Restaurant Lahore,menu_item,Fresh Lime,Beverages,290.0,4.8,Lahore,Fresh Lime . Beverages . Juiced style lime beverage offering a tangy and refreshing flavor. . at Kababjees Restaurant Lahore . in Lahore
item_1309,143,Kababjees Restaurant Lahore,menu_item,Mineral Water Large,Beverages,180.0,4.8,Lahore,Mineral Water Large . Beverages . The drink you need to keep up with the world . at Kababjees Restaurant Lahore . in Lahore
item_1310,143,Kababjees Restaurant Lahore,menu_item,Mineral Water Small,Beverages,120.0,4.8,Lahore,Mineral Water Small . Beverages . What you need to stay pumped up for the day . at Kababjees Restaurant Lahore . in Lahore
item_1311,143,Kababjees Restaurant Lahore,menu_item,PEPSI CAN,Beverages,190.0,4.8,Lahore,PEPSI CAN . Beverages . The perfect carbonated experience. . at Kababjees Restaurant Lahore . in Lahore
item_1312,143,Kababjees Restaurant Lahore,menu_item,Beef Burger,Burgers,999.0,4.8,Lahore,"Beef Burger . Burgers . Juicy flavor packed minced beef combined with lettuce and mayo, served with fries and coleslaw. . at Kababjees Restaurant Lahore . in Lahore"
item_1313,143,Kababjees Restaurant Lahore,menu_item,Chicken Bbq Burger,Burgers,999.0,4.8,Lahore,"Chicken Bbq Burger . Burgers . Slow cooked chicken, with a hint of mayo and fresh vegetables. . at Kababjees Restaurant Lahore . in Lahore"
item_1314,143,Kababjees Restaurant Lahore,menu_item,Chicken Burger,Burgers,999.0,4.8,Lahore,"Chicken Burger . Burgers . Juicy flavor packed minced chicken combined with lettuce and mayo, served with fries and coleslaw. . at Kababjees Restaurant Lahore . in Lahore"
item_1315,143,Kababjees Restaurant Lahore,menu_item,Club Sandwich,Burgers,1670.0,4.8,Lahore,"Club Sandwich . Burgers . Sandwich bread stuffed with julienne cut chicken, along with egg, cheese, lettuce, cucumber, tomatoes and more goodness. . at Kababjees Restaurant Lahore . in Lahore"
item_1316,143,Kababjees Restaurant Lahore,menu_item,Grilled Chicken Sandwich,Burgers,1670.0,4.8,Lahore,Grilled Chicken Sandwich . Burgers . Perfect golden toasted bread with seasoned grilled chicken along with gooey cheese and vegetables. . at Kababjees Restaurant Lahore . in Lahore
item_1317,143,Kababjees Restaurant Lahore,menu_item,Zinger Burger,Burgers,999.0,4.8,Lahore,"Zinger Burger . Burgers . 100% breast fillet chicken coated in Zinger flavoring combined with lettuce and mayo for those seeking a full on hot and spicy flavor hit. Served with fries, and coleslaw. . at Kababjees Restaurant Lahore . in Lahore"
item_1318,143,Kababjees Restaurant Lahore,menu_item,Basil Chicken With Fried Rice,Chinese,1985.0,4.8,Lahore,"Basil Chicken With Fried Rice . Chinese . Slice chicken fresh basil tai red chilli toast with basil sauce, served with stir fried rice . at Kababjees Restaurant Lahore . in Lahore"
item_1319,143,Kababjees Restaurant Lahore,menu_item,Basil Prawn With Fried Rice,Chinese,2300.0,4.8,Lahore,"Basil Prawn With Fried Rice . Chinese . Fried Prawn served with basil sauce vegetable thai red chilli capsicum fresh basil leave, served with stir fried rice . at Kababjees Restaurant Lahore . in Lahore"
item_1320,143,Kababjees Restaurant Lahore,menu_item,Black Chicken Pepper With Fried Rice,Chinese,1985.0,4.8,Lahore,Black Chicken Pepper With Fried Rice . Chinese . Slice chicken with multiple capsicum and black pepper sauce served with stir fried rice . at Kababjees Restaurant Lahore . in Lahore
item_1321,143,Kababjees Restaurant Lahore,menu_item,Cashewnut Chicken With Fried Rice,Chinese,1985.0,4.8,Lahore,"Cashewnut Chicken With Fried Rice . Chinese . Sweet spicy and tangy flavour fried nuts and seasonal vegetable, served with stir fried rice . at Kababjees Restaurant Lahore . in Lahore"
item_1322,143,Kababjees Restaurant Lahore,menu_item,Chicken Chili Dry with Fried Rice,Chinese,1985.0,4.8,Lahore,"Chicken Chili Dry with Fried Rice . Chinese . Sliced chicken along with green chilies, served dry along with stir fried vegetable rice. . at Kababjees Restaurant Lahore . in Lahore"
item_1323,143,Kababjees Restaurant Lahore,menu_item,Chicken Chowmein,Chinese,1565.0,4.8,Lahore,Chicken Chowmein . Chinese . Our hand made stir fried noodles with chunks of chicken and vegetables seasoned with soya sauce and other flavorful sauces. . at Kababjees Restaurant Lahore . in Lahore
item_1324,143,Kababjees Restaurant Lahore,menu_item,Chicken Manchurian With Fried Rice,Chinese,1985.0,4.8,Lahore,"Chicken Manchurian With Fried Rice . Chinese . Cube chicken tossed in a sweet tangy but balance flavored sauce, served with stir fried rice. . at Kababjees Restaurant Lahore . in Lahore"
item_1325,143,Kababjees Restaurant Lahore,menu_item,Chicken Shashlik With fried rice,Chinese,1985.0,4.8,Lahore,"Chicken Shashlik With fried rice . Chinese . Cubes of chicken, onion, capsicum, tomatoes made in a shashlik style, served with stir fried rice. . at Kababjees Restaurant Lahore . in Lahore"
item_1326,143,Kababjees Restaurant Lahore,menu_item,Honey Chicken With Fried Rice,Chinese,1985.0,4.8,Lahore,"Honey Chicken With Fried Rice . Chinese . Fried chicken glazed with honey sauce top with sesame seeds, served with stir fried rice . at Kababjees Restaurant Lahore . in Lahore"
item_1327,143,Kababjees Restaurant Lahore,menu_item,Korean Red Sauce With Fried Rice,Chinese,1985.0,4.8,Lahore,"Korean Red Sauce With Fried Rice . Chinese . Base of red sauce spicy, fried breading chicken toasted with korean chicken, served with stir fried rice . at Kababjees Restaurant Lahore . in Lahore"
item_1328,143,Kababjees Restaurant Lahore,menu_item,Korean Spicy Chicken With Fried Rice,Chinese,1985.0,4.8,Lahore,"Korean Spicy Chicken With Fried Rice . Chinese . Julian chicken tai red chilly, seasonal vegetable and spicy homemade sauce, served with stir fried rice . at Kababjees Restaurant Lahore . in Lahore"
item_1329,143,Kababjees Restaurant Lahore,menu_item,Kung Pao Chicken With Fried Rice,Chinese,1985.0,4.8,Lahore,Kung Pao Chicken With Fried Rice . Chinese . Cubed chicken with generous amount of peanuts & fried chillies button to give it a kick served with stir fried vegetables . at Kababjees Restaurant Lahore . in Lahore
item_1330,143,Kababjees Restaurant Lahore,menu_item,KungPao Prawn With Fried Rice,Chinese,2300.0,4.8,Lahore,"KungPao Prawn With Fried Rice . Chinese . Prawns with generous amount of peanuts with fried button chilies to give a kick, Served with Stir Fried Rice . at Kababjees Restaurant Lahore . in Lahore"
item_1331,143,Kababjees Restaurant Lahore,menu_item,Prawn Chili Dry With Fried Rice,Chinese,2300.0,4.8,Lahore,"Prawn Chili Dry With Fried Rice . Chinese . Prawns along with green chilies, served along with stir fried vegetable Rice . at Kababjees Restaurant Lahore . in Lahore"
item_1332,143,Kababjees Restaurant Lahore,menu_item,Prawn Chilli Dry With Fried Rice,Chinese,2300.0,4.8,Lahore,"Prawn Chilli Dry With Fried Rice . Chinese . Prawns along with green chillies, served dry along with stir fried vegetable rice. . at Kababjees Restaurant Lahore . in Lahore"
item_1333,143,Kababjees Restaurant Lahore,menu_item,Schezwan Chicken with Fried Rice,Chinese,1985.0,4.8,Lahore,Schezwan Chicken with Fried Rice . Chinese . Sliced stir fried chicken made in special in house szechuan sauce along with carrot &  red chilies served with stir fried vegetable rice . at Kababjees Restaurant Lahore . in Lahore
item_1334,143,Kababjees Restaurant Lahore,menu_item,Sizzling Chicken With Fried Rice,Chinese,1985.0,4.8,Lahore,Sizzling Chicken With Fried Rice . Chinese . Slice chicken with seasonal vegetable in slice cutting spice with oyster and seasoning served with stir fried rice . at Kababjees Restaurant Lahore . in Lahore
item_1335,143,Kababjees Restaurant Lahore,menu_item,Special Chowmein,Chinese,1670.0,4.8,Lahore,Special Chowmein . Chinese . One of the most popular stir fried noodles everyone goes crazy for! . at Kababjees Restaurant Lahore . in Lahore
item_1336,143,Kababjees Restaurant Lahore,menu_item,Spicy Garlic Chicken With Fried Rice,Chinese,1985.0,4.8,Lahore,Spicy Garlic Chicken With Fried Rice . Chinese . Chicken slices along with green onion and sautéed garlic. Served with stir fried vegetable rice. . at Kababjees Restaurant Lahore . in Lahore
item_1337,143,Kababjees Restaurant Lahore,menu_item,Spicy Szechwan Chowmein,Chinese,1670.0,4.8,Lahore,"Spicy Szechwan Chowmein . Chinese . Our Hand made stir fried noodles with variety of julian chicken, with mushroom and spicy szechwan sauce . at Kababjees Restaurant Lahore . in Lahore"
item_1338,143,Kababjees Restaurant Lahore,menu_item,Thai Spicy Prawns With Fried Rice,Chinese,2300.0,4.8,Lahore,"Thai Spicy Prawns With Fried Rice . Chinese . Fried Prawn capsicum onion with spicy sauce, served with stir fried rice . at Kababjees Restaurant Lahore . in Lahore"
item_1339,143,Kababjees Restaurant Lahore,menu_item,Vegetable Chowmein,Chinese,1460.0,4.8,Lahore,Vegetable Chowmein . Chinese . Our hand made stir fried noodles with variety of vegetables seasoned with soya sauce and other flavorful sauces. . at Kababjees Restaurant Lahore . in Lahore
item_1340,143,Kababjees Restaurant Lahore,menu_item,Brain Tawa Masala Along With 2 Hot Tandoor.,Pakistani,2363.0,4.8,Lahore,"Brain Tawa Masala Along With 2 Hot Tandoor. . Pakistani . Brain stir fried in butter along with tomatoes , spices and green chilies accompanied with Naan. . at Kababjees Restaurant Lahore . in Lahore"
item_1341,143,Kababjees Restaurant Lahore,menu_item,Chicken Peshawari Karahi,Pakistani,2468.0,4.8,Lahore,"Chicken Peshawari Karahi . Pakistani . Full of flavor chicken along with a gravy of delicious spicy combination of tomatoes, green chili, crush chili . at Kababjees Restaurant Lahore . in Lahore"
item_1342,143,Kababjees Restaurant Lahore,menu_item,Chicken Shinwari Karahi,Pakistani,2468.0,4.8,Lahore,Chicken Shinwari Karahi . Pakistani . Delightful mixture of chicken along with normal spices. Consist of gravy made in fresh tomatoes. . at Kababjees Restaurant Lahore . in Lahore
item_1343,143,Kababjees Restaurant Lahore,menu_item,Mix Kata Kat Along With 2 Hot Tandoor,Pakistani,2468.0,4.8,Lahore,"Mix Kata Kat Along With 2 Hot Tandoor . Pakistani . Tawas fried kidney, heart and brain in butter along with Kababjees special ingredients accompanied with Naan. . at Kababjees Restaurant Lahore . in Lahore"
item_1344,143,Kababjees Restaurant Lahore,menu_item,Mutton Peshawari Karahi,Pakistani,3875.0,4.8,Lahore,"Mutton Peshawari Karahi . Pakistani . Full of flavor boneless mutton along with a gravy of delicious spicy combination of tomatoes, green chili, crush chili . at Kababjees Restaurant Lahore . in Lahore"
item_1345,143,Kababjees Restaurant Lahore,menu_item,Mutton Shinwari Karahi,Pakistani,3875.0,4.8,Lahore,Mutton Shinwari Karahi . Pakistani . Delightful mixture of chicken along with normal spices. Consist of gravy made in fresh tomatoes. . at Kababjees Restaurant Lahore . in Lahore
item_1346,143,Kababjees Restaurant Lahore,menu_item,White Chicken Karahi,Pakistani,2468.0,4.8,Lahore,"White Chicken Karahi . Pakistani . Peshawari delicacy, chicken cooked with yogurt, black pepper and green chili. . at Kababjees Restaurant Lahore . in Lahore"
item_1347,143,Kababjees Restaurant Lahore,menu_item,White Mutton Karahi,Pakistani,3875.0,4.8,Lahore,"White Mutton Karahi . Pakistani . Peshawari delicacy, mutton cooked with yogurt, black pepper and green chili. . at Kababjees Restaurant Lahore . in Lahore"
item_1348,143,Kababjees Restaurant Lahore,menu_item,Kababjees  Chocolate Cake,Desserts,552.0,4.8,Lahore,Kababjees  Chocolate Cake . Desserts . Kababjees special dense & moist chocolate cake. . at Kababjees Restaurant Lahore . in Lahore
item_1349,143,Kababjees Restaurant Lahore,menu_item,Kunafa,Desserts,1355.0,4.8,Lahore,Kunafa . Desserts . A traditional Middle Eastern dessert made with spun pastry called kataifi. . at Kababjees Restaurant Lahore . in Lahore
item_1350,143,Kababjees Restaurant Lahore,menu_item,New York Cheese Cake Slice,Desserts,620.0,4.8,Lahore,New York Cheese Cake Slice . Desserts . Plain new york cheesecake along with base of whole wheat biscuits. . at Kababjees Restaurant Lahore . in Lahore
item_1351,143,Kababjees Restaurant Lahore,menu_item,Chicken Makhni Handi,Pakistani,2930.0,4.8,Lahore,"Chicken Makhni Handi . Pakistani . Cube tandori flavored grilled chicken, tossed in a mild buttery curry sauce. . at Kababjees Restaurant Lahore . in Lahore"
item_1352,143,Kababjees Restaurant Lahore,menu_item,Daal Makhni Handi,Pakistani,1911.0,4.8,Lahore,Daal Makhni Handi . Pakistani . Combination of variety of lentils with an aromatic flavor of butter and cream. . at Kababjees Restaurant Lahore . in Lahore
item_1353,143,Kababjees Restaurant Lahore,menu_item,Palak Paneer.,Pakistani,2153.0,4.8,Lahore,"Palak Paneer. . Pakistani . Golden colored cottage cheese cubes along with tomatoes, and Spanish based pure with right amount of flavors and seasoning. . at Kababjees Restaurant Lahore . in Lahore"
item_1354,143,Kababjees Restaurant Lahore,menu_item,Paneer Reshmi Handi,Pakistani,3140.0,4.8,Lahore,"Paneer Reshmi Handi . Pakistani . Diced pieces of fried paneer, cooked in a handi along with julienne cut chicken and cream. . at Kababjees Restaurant Lahore . in Lahore"
item_1355,143,Kababjees Restaurant Lahore,menu_item,Chapati,BBQ & Grill,95.0,4.8,Lahore,"Chapati . BBQ & Grill . Healthy option, made with whole wheat. . at Kababjees Restaurant Lahore . in Lahore"
item_1356,143,Kababjees Restaurant Lahore,menu_item,Cheese Naan,BBQ & Grill,1154.0,4.8,Lahore,"Cheese Naan . BBQ & Grill . Beautifully charred  outside yet insanely soft, chewy with melting cheese inside. . at Kababjees Restaurant Lahore . in Lahore"
item_1357,143,Kababjees Restaurant Lahore,menu_item,Garlic Naan,BBQ & Grill,195.0,4.8,Lahore,Garlic Naan . BBQ & Grill . Naan brushed with butter and garlic to give a scrumptious aroma and taste. . at Kababjees Restaurant Lahore . in Lahore
item_1358,143,Kababjees Restaurant Lahore,menu_item,Kandhari Naan,BBQ & Grill,395.0,4.8,Lahore,Kandhari Naan . BBQ & Grill . Afghani traditional flat bread. . at Kababjees Restaurant Lahore . in Lahore
item_1359,143,Kababjees Restaurant Lahore,menu_item,Plain Naan,BBQ & Grill,95.0,4.8,Lahore,Plain Naan . BBQ & Grill . Tradition flat bread made with wheat flour and milk. . at Kababjees Restaurant Lahore . in Lahore
item_1360,143,Kababjees Restaurant Lahore,menu_item,Puri Paratha,BBQ & Grill,195.0,4.8,Lahore,"Puri Paratha . BBQ & Grill . Deep fried in ghee, made with white flour . at Kababjees Restaurant Lahore . in Lahore"
item_1361,143,Kababjees Restaurant Lahore,menu_item,Roghni Naan,BBQ & Grill,195.0,4.8,Lahore,Roghni Naan . BBQ & Grill . Naan brushed with butter and sesame seeds. . at Kababjees Restaurant Lahore . in Lahore
item_1362,143,Kababjees Restaurant Lahore,menu_item,Whole Wheat Naan,BBQ & Grill,95.0,4.8,Lahore,Whole Wheat Naan . BBQ & Grill . Tradition flat bread made with whole wheat flour and milk. . at Kababjees Restaurant Lahore . in Lahore
item_1363,143,Kababjees Restaurant Lahore,menu_item,Chicken Alfredo,Other,1880.0,4.8,Lahore,"Chicken Alfredo . Other . Seasoned, sautéed boneless chicken breast strips and fettuccine bathed in savory garlic and parmesan Alfredo sauce. . at Kababjees Restaurant Lahore . in Lahore"
item_1364,143,Kababjees Restaurant Lahore,menu_item,Chicken Spicy Alfredo,Other,1880.0,4.8,Lahore,Chicken Spicy Alfredo . Other . Alfredo pasta with a touch of the Cajun spice is such a nice alternative to the classic dish. Exciting contrast of the creamy and spicy flavours . at Kababjees Restaurant Lahore . in Lahore
item_1365,143,Kababjees Restaurant Lahore,menu_item,Parmesan Chicken Pasta,Other,1880.0,4.8,Lahore,Parmesan Chicken Pasta . Other . Peena Pasta in white sauce along with fried crumb coated chicken topped with marinara sauce & cheesy goodness. . at Kababjees Restaurant Lahore . in Lahore
item_1366,143,Kababjees Restaurant Lahore,menu_item,Chocolate / Strawberry Milk Shake,Beverages,651.0,4.8,Lahore,"Chocolate / Strawberry Milk Shake . Beverages . Cool off with this, it will refresh you with each sip. . at Kababjees Restaurant Lahore . in Lahore"
item_1367,143,Kababjees Restaurant Lahore,menu_item,Chocolate / Vanilla Milk Shake,Beverages,651.0,4.8,Lahore,"Chocolate / Vanilla Milk Shake . Beverages . Decadent chocolate flavors and tartness of strawberries, a perfect fusion! . at Kababjees Restaurant Lahore . in Lahore"
item_1368,143,Kababjees Restaurant Lahore,menu_item,Mango Milk Shake,Beverages,651.0,4.8,Lahore,Mango Milk Shake . Beverages . The king of kings in flavor! Enjoy the goodness of mango in every sip! . at Kababjees Restaurant Lahore . in Lahore
item_1369,143,Kababjees Restaurant Lahore,menu_item,Oreo Milk Shake,Beverages,725.0,4.8,Lahore,"Oreo Milk Shake . Beverages . Your favorite Oreo blended with vanilla ice-cream, chocolate syrup and fresh milk. A perfect drink on the go! . at Kababjees Restaurant Lahore . in Lahore"
item_1370,143,Kababjees Restaurant Lahore,menu_item,Strawberry Milk Shake,Beverages,651.0,4.8,Lahore,Strawberry Milk Shake . Beverages . A creamy and tart concoction with strawberries and milk blended to perfection . at Kababjees Restaurant Lahore . in Lahore
item_1371,143,Kababjees Restaurant Lahore,menu_item,Vanilla Shake Milk Shake,Beverages,651.0,4.8,Lahore,"Vanilla Shake Milk Shake . Beverages . creamy vanilla ice-cream and fresh milk blended to perfection, taste heavenly sweetness in every sip! . at Kababjees Restaurant Lahore . in Lahore"
item_1372,143,Kababjees Restaurant Lahore,menu_item,Angel Mist,Beverages,725.0,4.8,Lahore,Angel Mist . Beverages . A delicious haze of peach and pineapple . at Kababjees Restaurant Lahore . in Lahore
item_1373,143,Kababjees Restaurant Lahore,menu_item,Blue Colada,Beverages,725.0,4.8,Lahore,Blue Colada . Beverages . Icey freshness of pineaaple blueberry and coconut . at Kababjees Restaurant Lahore . in Lahore
item_1374,143,Kababjees Restaurant Lahore,menu_item,Cold Coffee With Choc icecream,Beverages,725.0,4.8,Lahore,Cold Coffee With Choc icecream . Beverages . Combination of coffee and chocolate ice cream . at Kababjees Restaurant Lahore . in Lahore
item_1375,143,Kababjees Restaurant Lahore,menu_item,Grapewine,Beverages,725.0,4.8,Lahore,Grapewine . Beverages . Fusion of grape apple and lime juice . at Kababjees Restaurant Lahore . in Lahore
item_1376,143,Kababjees Restaurant Lahore,menu_item,Kisses,Beverages,725.0,4.8,Lahore,Kisses . Beverages . A perfect blend of strawberries with sourness of lime. . at Kababjees Restaurant Lahore . in Lahore
item_1377,143,Kababjees Restaurant Lahore,menu_item,Lemon Mint Glacier,Beverages,725.0,4.8,Lahore,Lemon Mint Glacier . Beverages . Refreshing mint and lemon delight . at Kababjees Restaurant Lahore . in Lahore
item_1378,143,Kababjees Restaurant Lahore,menu_item,Margarita,Beverages,725.0,4.8,Lahore,Margarita . Beverages . Bubbling of white soda in margarita . at Kababjees Restaurant Lahore . in Lahore
item_1379,143,Kababjees Restaurant Lahore,menu_item,Tropical Blue Margarita,Beverages,725.0,4.8,Lahore,Tropical Blue Margarita . Beverages . Mishmash with white soda and blueberry margarita . at Kababjees Restaurant Lahore . in Lahore
item_1380,143,Kababjees Restaurant Lahore,menu_item,Victorias Secret Margarita,Beverages,725.0,4.8,Lahore,Victorias Secret Margarita . Beverages . Fruition of strawberry syrup and strawberries . at Kababjees Restaurant Lahore . in Lahore
item_1381,143,Kababjees Restaurant Lahore,menu_item,White Colada,Beverages,725.0,4.8,Lahore,White Colada . Beverages . Excellent brew of pineapple & coconut . at Kababjees Restaurant Lahore . in Lahore
item_1382,143,Kababjees Restaurant Lahore,menu_item,Zombie,Beverages,725.0,4.8,Lahore,Zombie . Beverages . A pure fusion of kiwi watermelon and apple . at Kababjees Restaurant Lahore . in Lahore
item_1383,143,Kababjees Restaurant Lahore,menu_item,Afghani Kabab,Snacks,1469.0,4.8,Lahore,"Afghani Kabab . Snacks . Afghan Style grilled meat dish known for its rich, creamy marinate and mildly spiced flavor . at Kababjees Restaurant Lahore . in Lahore"
item_1384,143,Kababjees Restaurant Lahore,menu_item,Chicken Ginger Karahi Boneless,Snacks,2615.0,4.8,Lahore,"Chicken Ginger Karahi Boneless . Snacks . Boneless Chicken with a spicy, thick curry made with a base of tomatoes, fresh ginger and garlic . at Kababjees Restaurant Lahore . in Lahore"
item_1385,143,Kababjees Restaurant Lahore,menu_item,Chicken Special Pasta,Snacks,2099.0,4.8,Lahore,Chicken Special Pasta . Snacks . Home made noodles with creamy sauce and veggies served with grilled chicken . at Kababjees Restaurant Lahore . in Lahore
item_1386,143,Kababjees Restaurant Lahore,menu_item,Mutton Boneless Karahi,Snacks,4295.0,4.8,Lahore,"Mutton Boneless Karahi . Snacks . Full of flavor boneless mutton along with a gravy of delicious spicy combination of tomatoes,green chilli, crush chilli and flavorful . at Kababjees Restaurant Lahore . in Lahore"
item_1387,143,Kababjees Restaurant Lahore,menu_item,Nepolian Stuffed Chicken,Snacks,2258.0,4.8,Lahore,Nepolian Stuffed Chicken . Snacks . Deep Fried crumb stuffed chicken with special nepolian sauce served with veggies and mash potato . at Kababjees Restaurant Lahore . in Lahore
item_1388,143,Kababjees Restaurant Lahore,menu_item,BBQ Kabab Platter,Deals & Combos,5093.0,4.8,Lahore,"BBQ Kabab Platter . Deals & Combos . Enjoy a variety of finger-smacking delicious kabab ranges in a reasonable price. Consisting of Turkish Kabab, Rango Kabab Mutton, Chicken spicy kabab, Chicken Malai kabab, Gola Kabab, Seekh Kabab Beef . at Kababjees Restaurant Lahore . in Lahore"
item_1389,143,Kababjees Restaurant Lahore,menu_item,BBQ Mix Platter,Deals & Combos,11708.0,4.8,Lahore,"BBQ Mix Platter . Deals & Combos . Consisting of chicken malai boti, bbq prawns, chicken tandoori boti, chicken afghani boti, beef afghani boti, fish tikkah, rango kabab, turkish kabab, chullu kabab, along with mutton chops and mandi rice. . at Kababjees Restaurant Lahore . in Lahore"
item_1390,143,Kababjees Restaurant Lahore,menu_item,Boti Platter,Deals & Combos,5618.0,4.8,Lahore,"Boti Platter . Deals & Combos . A mouth watering delection of juciy, tender boti featuring the bold flavors of tandoori and turk tikka boti (on the bone) paired with chicken bihari boti, beef behari boti, and creamy malai boti, Each bite burst with rich, savory spice, offering a delightful variety for true boti lovers. . at Kababjees Restaurant Lahore . in Lahore"
item_1391,143,Kababjees Restaurant Lahore,menu_item,Family Platter,Deals & Combos,20255.0,4.8,Lahore,"Family Platter . Deals & Combos . Consisting of rango kabab, malai kabab, malai boti, tandori boti, chicken behari boti, seekh kabab, mutton ribs, half chicken karahi, grilled bbq fish, chicken mandi, kandhari naan, 2 plain naan & 2 paratha. . at Kababjees Restaurant Lahore . in Lahore"
item_1392,143,Kababjees Restaurant Lahore,menu_item,Chicken Fried Rice,Rice & Biryani,1040.0,4.8,Lahore,"Chicken Fried Rice . Rice & Biryani . Rice, scrambled eggs, spring onion, carrots stir fried on wok along with seasoned chicken. . at Kababjees Restaurant Lahore . in Lahore"
item_1393,143,Kababjees Restaurant Lahore,menu_item,Egg Fried Rice,Rice & Biryani,893.0,4.8,Lahore,"Egg Fried Rice . Rice & Biryani . Rice along with chunks of scrambled eggs, carrots and spring onion stir fried on work with seasoning. . at Kababjees Restaurant Lahore . in Lahore"
item_1394,143,Kababjees Restaurant Lahore,menu_item,Masala Fried Rice,Rice & Biryani,1250.0,4.8,Lahore,Masala Fried Rice . Rice & Biryani . Aromatic rice filled with different meats and vegetables for a perfect taste. . at Kababjees Restaurant Lahore . in Lahore
item_1395,143,Kababjees Restaurant Lahore,menu_item,Vegetable Fried Rice,Rice & Biryani,893.0,4.8,Lahore,"Vegetable Fried Rice . Rice & Biryani . Rice, spring onion, and carrots stir fried on wok with seasoning. . at Kababjees Restaurant Lahore . in Lahore"
item_1396,143,Kababjees Restaurant Lahore,menu_item,Fresh Green Salad,Salads,394.0,4.8,Lahore,Fresh Green Salad . Salads . Sliced fresh vegetable. . at Kababjees Restaurant Lahore . in Lahore
item_1397,143,Kababjees Restaurant Lahore,menu_item,Raita,Salads,394.0,4.8,Lahore,Raita . Salads . Fresh curd with hint of spices along with cilantro . at Kababjees Restaurant Lahore . in Lahore
item_1398,143,Kababjees Restaurant Lahore,menu_item,Russian Salad,Salads,1386.0,4.8,Lahore,Russian Salad . Salads . The perfect combination of sweet and sour flavors and crunchy and soft textures . at Kababjees Restaurant Lahore . in Lahore
item_1399,143,Kababjees Restaurant Lahore,menu_item,Chicken Corn Soup,Soups,504.0,4.8,Lahore,"Chicken Corn Soup . Soups . Pure chicken stock with chicken minced, and bits of corn. . at Kababjees Restaurant Lahore . in Lahore"
item_1400,143,Kababjees Restaurant Lahore,menu_item,Hot & Sour Soup,Soups,504.0,4.8,Lahore,"Hot & Sour Soup . Soups . Made with chicken broth, with chunks of chickens and variety vegetable along with tangy taste. . at Kababjees Restaurant Lahore . in Lahore"
item_1401,143,Kababjees Restaurant Lahore,menu_item,Special Soup(19B) Single,Soups,620.0,4.8,Lahore,"Special Soup(19B) Single . Soups . Made with chicken, prawn, black mushroom and seasonal vegetable. . at Kababjees Restaurant Lahore . in Lahore"
item_1402,143,Kababjees Restaurant Lahore,menu_item,Butterfly Prawns(5 Pcs),Sides & Appetizers,1775.0,4.8,Lahore,"Butterfly Prawns(5 Pcs) . Sides & Appetizers . Split in half, seasoned to perfection, and then fried to a crispy golden finish . at Kababjees Restaurant Lahore . in Lahore"
item_1403,143,Kababjees Restaurant Lahore,menu_item,Cheesy Fries,Sides & Appetizers,788.0,4.8,Lahore,Cheesy Fries . Sides & Appetizers . Crispy fries drizzled with cheese . at Kababjees Restaurant Lahore . in Lahore
item_1404,143,Kababjees Restaurant Lahore,menu_item,Dhaka Chicken,Sides & Appetizers,1460.0,4.8,Lahore,"Dhaka Chicken . Sides & Appetizers . Crispy, flavorful chicken topped with sesame seeds, served with fries and sauce. . at Kababjees Restaurant Lahore . in Lahore"
item_1405,143,Kababjees Restaurant Lahore,menu_item,Dhaka Fish,Sides & Appetizers,1565.0,4.8,Lahore,"Dhaka Fish . Sides & Appetizers . Kababjees expertise extra Crispy, flavorful fish topped with sesame seeds, served with fries and sauce. . at Kababjees Restaurant Lahore . in Lahore"
item_1406,143,Kababjees Restaurant Lahore,menu_item,Dynamite Prawn (5 Pcs),Sides & Appetizers,1670.0,4.8,Lahore,"Dynamite Prawn (5 Pcs) . Sides & Appetizers . Prawn coated in batter and deep fried to perfection, tossed with Kababjees special mayo based dressing. . at Kababjees Restaurant Lahore . in Lahore"
item_1407,143,Kababjees Restaurant Lahore,menu_item,Dynamtie Chicken,Sides & Appetizers,1397.0,4.8,Lahore,Dynamtie Chicken . Sides & Appetizers . Crispy Chicken topped with homemade dynamite sauce. . at Kababjees Restaurant Lahore . in Lahore
item_1408,143,Kababjees Restaurant Lahore,menu_item,Finger Fish,Sides & Appetizers,1670.0,4.8,Lahore,Finger Fish . Sides & Appetizers . Boneless fish fillet crumb coated and deep fried to perfection. Served with fries and tatar sauce. . at Kababjees Restaurant Lahore . in Lahore
item_1409,143,Kababjees Restaurant Lahore,menu_item,Fish & Chips,Sides & Appetizers,1670.0,4.8,Lahore,Fish & Chips . Sides & Appetizers . Crispy deep fried fish biscuits along with chips. . at Kababjees Restaurant Lahore . in Lahore
item_1410,143,Kababjees Restaurant Lahore,menu_item,French Fries,Sides & Appetizers,683.0,4.8,Lahore,French Fries . Sides & Appetizers . Crisp to teeth our in house made French fries. . at Kababjees Restaurant Lahore . in Lahore
item_1411,143,Kababjees Restaurant Lahore,menu_item,Fried Smoked Wings,Sides & Appetizers,1190.0,4.8,Lahore,Fried Smoked Wings . Sides & Appetizers . Fried wings toasted with BBQ sauce . at Kababjees Restaurant Lahore . in Lahore
item_1412,143,Kababjees Restaurant Lahore,menu_item,Honey Mustard Wings,Sides & Appetizers,1250.0,4.8,Lahore,Honey Mustard Wings . Sides & Appetizers . Crispy fried wings tossed in sweet tangy honey mustard glaze . at Kababjees Restaurant Lahore . in Lahore
item_1413,143,Kababjees Restaurant Lahore,menu_item,Hummus,Sides & Appetizers,1040.0,4.8,Lahore,"Hummus . Sides & Appetizers . Healthy delicious Arabic starter. Made from Chickpeas, olive oil flavored with tahini and garlic. . at Kababjees Restaurant Lahore . in Lahore"
item_1414,143,Kababjees Restaurant Lahore,menu_item,Kababjees Special Prawn Tempura,Sides & Appetizers,1775.0,4.8,Lahore,"Kababjees Special Prawn Tempura . Sides & Appetizers . Kababjees special ultra light batter fried prawn, crisp at every bite served with fries & tartar sauce . at Kababjees Restaurant Lahore . in Lahore"
item_1415,143,Kababjees Restaurant Lahore,menu_item,Korean Wings,Sides & Appetizers,1313.0,4.8,Lahore,Korean Wings . Sides & Appetizers . Fried wings toasted spicy Korean sauce with sesame seeds . at Kababjees Restaurant Lahore . in Lahore
item_1416,143,Kababjees Restaurant Lahore,menu_item,Masala Fries,Sides & Appetizers,683.0,4.8,Lahore,Masala Fries . Sides & Appetizers . Crispy fries tossed in hot & spicy spices . at Kababjees Restaurant Lahore . in Lahore
item_1417,143,Kababjees Restaurant Lahore,menu_item,Mayo Garlic Fries,Sides & Appetizers,683.0,4.8,Lahore,Mayo Garlic Fries . Sides & Appetizers . Crispy fries drizzled with Kababjees in-house mayo garlic sauce . at Kababjees Restaurant Lahore . in Lahore
item_1418,143,Kababjees Restaurant Lahore,menu_item,Peri Bites (5 Pcs),Sides & Appetizers,1250.0,4.8,Lahore,"Peri Bites (5 Pcs) . Sides & Appetizers . Hot Peppery cheesy choice, green pepper filled with minced chicken and a cheesy sauce coated and fried to perfection . at Kababjees Restaurant Lahore . in Lahore"
item_1419,143,Kababjees Restaurant Lahore,menu_item,Spicy Mexican Wings,Sides & Appetizers,1250.0,4.8,Lahore,Spicy Mexican Wings . Sides & Appetizers . Mouth watering fried wings tossed in sweet and tangy Mexican sauce. . at Kababjees Restaurant Lahore . in Lahore
item_1420,143,Kababjees Restaurant Lahore,menu_item,Supreme Nachos,Sides & Appetizers,2258.0,4.8,Lahore,Supreme Nachos . Sides & Appetizers . Delightful mexican starter with Imported tortilla chips topped with cheese & flavorful chicken chunks served with salsa & sour cream . at Kababjees Restaurant Lahore . in Lahore
item_1421,143,Kababjees Restaurant Lahore,menu_item,American Beef Steak,Meat Mains,3140.0,4.8,Lahore,"American Beef Steak . Meat Mains . Char grilled steak with sautéed mushrooms, onions & spicy southwest garlic herb butter topped with  fried egg (if prefferd). Served with sideline of your choice & vegetable. . at Kababjees Restaurant Lahore . in Lahore"
item_1422,143,Kababjees Restaurant Lahore,menu_item,Kababjees Fire Beef Steak,Meat Mains,3140.0,4.8,Lahore,Kababjees Fire Beef Steak . Meat Mains . Char grilled beef fillet marinated in special kababjees spicy rub served with sideline of your choice and vegetable. . at Kababjees Restaurant Lahore . in Lahore
item_1423,143,Kababjees Restaurant Lahore,menu_item,Moroccan Beef Steak,Meat Mains,3140.0,4.8,Lahore,Moroccan Beef Steak . Meat Mains . Beef fillet marinated in moroccan inspired spice rubs & creamy based sauce served with sideline of your choice & vegetables. . at Kababjees Restaurant Lahore . in Lahore
item_1424,143,Kababjees Restaurant Lahore,menu_item,Mushroom Beef Steak,Meat Mains,3140.0,4.8,Lahore,"Mushroom Beef Steak . Meat Mains . Beef fillet marinated in mushroom sauce, topped with mushrooms grilled to perfection, served with sideline of your choice and vegetables. . at Kababjees Restaurant Lahore . in Lahore"
item_1425,143,Kababjees Restaurant Lahore,menu_item,Tarragon Beef Steak,Meat Mains,3140.0,4.8,Lahore,Tarragon Beef Steak . Meat Mains . Char grilled steak with chili tarragon cream sauce served with sideline of your choice and vegetables. . at Kababjees Restaurant Lahore . in Lahore
item_1426,143,Kababjees Restaurant Lahore,menu_item,American Chicken Steak,Meat Mains,2258.0,4.8,Lahore,"American Chicken Steak . Meat Mains . Pan grilled steak with sautéed mushrooms, onions & spicy southwest garlic herb butter topped fried egg  served with sideline of your choice & vegetable. . at Kababjees Restaurant Lahore . in Lahore"
item_1427,143,Kababjees Restaurant Lahore,menu_item,Grilled Moroccan Chicken Steak,Meat Mains,2258.0,4.8,Lahore,Grilled Moroccan Chicken Steak . Meat Mains . Fillet marinated in Moroccan inspired spice rubs and creamy based sauce served with mashed potatoes and vegetables. . at Kababjees Restaurant Lahore . in Lahore
item_1428,143,Kababjees Restaurant Lahore,menu_item,Grilled Mushroom Chicken Steak,Meat Mains,2258.0,4.8,Lahore,"Grilled Mushroom Chicken Steak . Meat Mains . Fillet marinated in mushroom creamy sauce,  topped with mushrooms sautéed to perfection, served with sideline of your choice and vegetable. . at Kababjees Restaurant Lahore . in Lahore"
item_1429,143,Kababjees Restaurant Lahore,menu_item,Grilled Tarragon Chicken Steak,Meat Mains,2258.0,4.8,Lahore,Grilled Tarragon Chicken Steak . Meat Mains . Char grilled steak with chili tarragon cream sauce. Served with sideline of your choice and vegetables. . at Kababjees Restaurant Lahore . in Lahore
item_1430,143,Kababjees Restaurant Lahore,menu_item,Kababjees Fire Chicken Steak,Meat Mains,2258.0,4.8,Lahore,Kababjees Fire Chicken Steak . Meat Mains . Char grilled fillet marinated in special Kababjees spicy rub. Served with sideline of your choice and vegetables. . at Kababjees Restaurant Lahore . in Lahore
item_1431,144,Karachi Hot N Spicy - DHA,menu_item,Fish Crackers,Sides & Appetizers,440.25,4.8,DHA,Fish Crackers . Sides & Appetizers . Deep fried crackers made from fish and spices . at Karachi Hot N Spicy - DHA . in DHA
item_1432,144,Karachi Hot N Spicy - DHA,menu_item,French Fries,Sides & Appetizers,588.0,4.8,DHA,"French Fries . Sides & Appetizers . A crunchy exterior and a light, fluffy interior . at Karachi Hot N Spicy - DHA . in DHA"
item_1433,144,Karachi Hot N Spicy - DHA,menu_item,Loaded Fries,Sides & Appetizers,979.5,4.8,DHA,"Loaded Fries . Sides & Appetizers . A crunchy exterior and a light, fluffy interior french fries, topped with cheese sauce . at Karachi Hot N Spicy - DHA . in DHA"
item_1434,144,Karachi Hot N Spicy - DHA,menu_item,Masala Fries,Sides & Appetizers,636.0,4.8,DHA,"Masala Fries . Sides & Appetizers . A crunchy exterior and a light, fluffy interior french fries, topped with masala . at Karachi Hot N Spicy - DHA . in DHA"
item_1435,144,Karachi Hot N Spicy - DHA,menu_item,Mayo Fries,Sides & Appetizers,685.5,4.8,DHA,"Mayo Fries . Sides & Appetizers . A crunchy exterior and a light, fluffy interior french fries, topped with mayo sauce . at Karachi Hot N Spicy - DHA . in DHA"
item_1436,144,Karachi Hot N Spicy - DHA,menu_item,American Tikka,BBQ & Grill,1278.75,4.8,DHA,"American Tikka . BBQ & Grill . Grilled chicken pieces marinated in a fusion of American-style seasoning and spices, creating a unique and flavorful twist on traditional tikka . at Karachi Hot N Spicy - DHA . in DHA"
item_1437,144,Karachi Hot N Spicy - DHA,menu_item,Chicken Bihari,BBQ & Grill,1278.75,4.8,DHA,"Chicken Bihari . BBQ & Grill . Spicy, marinated chicken with a rich blend of Bihari spices, grilled to perfection for a bold and flavorful taste . at Karachi Hot N Spicy - DHA . in DHA"
item_1438,144,Karachi Hot N Spicy - DHA,menu_item,Chicken Bihari Cheese Kabab,BBQ & Grill,1410.75,4.8,DHA,"Chicken Bihari Cheese Kabab . BBQ & Grill . Spicy Bihari-style chicken kebabs with a cheesy twist, combining flavorful marinated chicken with melted cheese for a deliciously unique grilled treat . at Karachi Hot N Spicy - DHA . in DHA"
item_1439,144,Karachi Hot N Spicy - DHA,menu_item,Chicken Chili Boti,BBQ & Grill,1278.75,4.8,DHA,"Chicken Chili Boti . BBQ & Grill . Spicy grilled chicken chunks marinated in a tangy chili sauce, offering a bold and fiery flavor with a smoky finish . at Karachi Hot N Spicy - DHA . in DHA"
item_1440,144,Karachi Hot N Spicy - DHA,menu_item,Chicken Pasha,BBQ & Grill,1278.75,4.8,DHA,"Chicken Pasha . BBQ & Grill . Marinated chicken pieces with a blend of robust spices, grilled to perfection for a juicy and flavorful experience with a touch of exotic flair . at Karachi Hot N Spicy - DHA . in DHA"
item_1441,144,Karachi Hot N Spicy - DHA,menu_item,Chicken Turkish Cheese Kabab,BBQ & Grill,1499.25,4.8,DHA,"Chicken Turkish Cheese Kabab . BBQ & Grill . Grilled chicken skewers seasoned with Turkish spices and topped with melted cheese, combining savory, spicy, and cheesy flavors for a delightful kebab experience . at Karachi Hot N Spicy - DHA . in DHA"
item_1442,144,Karachi Hot N Spicy - DHA,menu_item,Grilled Chargha,BBQ & Grill,1631.25,4.8,DHA,"Grilled Chargha . BBQ & Grill . A whole chicken marinated in a blend of spices and grilled to crispy perfection, known for its juicy meat and robust, flavorful seasoning . at Karachi Hot N Spicy - DHA . in DHA"
item_1443,144,Karachi Hot N Spicy - DHA,menu_item,Irani Boti,BBQ & Grill,1278.75,4.8,DHA,"Irani Boti . BBQ & Grill . Succulent pieces of marinated meat, seasoned with Persian spices and grilled, known for their aromatic flavor and tender texture . at Karachi Hot N Spicy - DHA . in DHA"
item_1444,144,Karachi Hot N Spicy - DHA,menu_item,Malai Tikka,BBQ & Grill,1278.75,4.8,DHA,"Malai Tikka . BBQ & Grill . Tender chicken pieces marinated in a creamy blend of yogurt, cream, and spices, then grilled to perfection for a juicy, mildly spiced, and smooth texture . at Karachi Hot N Spicy - DHA . in DHA"
item_1445,144,Karachi Hot N Spicy - DHA,menu_item,Mixed Grilled Platter,BBQ & Grill,2910.75,4.8,DHA,Mixed Grilled Platter . BBQ & Grill . A diverse selection of grilled meat and chicken . at Karachi Hot N Spicy - DHA . in DHA
item_1446,144,Karachi Hot N Spicy - DHA,menu_item,Shish Taouk,BBQ & Grill,1278.75,4.8,DHA,"Shish Taouk . BBQ & Grill . Grilled chicken skewers marinated in a mix of Middle Eastern spices, yogurt, and lemon, offering a tender, smoky, and flavorful dish . at Karachi Hot N Spicy - DHA . in DHA"
item_1447,144,Karachi Hot N Spicy - DHA,menu_item,Special Mixed BBQ Platter,BBQ & Grill,4675.5,4.8,DHA,"Special Mixed BBQ Platter . BBQ & Grill . An assortment of grilled meats, including various kebabs, tikka, and seekh kababs, served together for a diverse and flavorful experience. Perfect for sharing and enjoying a variety of barbecue flavors . at Karachi Hot N Spicy - DHA . in DHA"
item_1448,144,Karachi Hot N Spicy - DHA,menu_item,345ml Drink,Beverages,126.75,4.8,DHA,345ml Drink . Beverages . 345ml serving . at Karachi Hot N Spicy - DHA . in DHA
item_1449,144,Karachi Hot N Spicy - DHA,menu_item,500ml Coke,Beverages,126.75,4.8,DHA,500ml Coke . Beverages . The best combination for all food choices. . at Karachi Hot N Spicy - DHA . in DHA
item_1450,144,Karachi Hot N Spicy - DHA,menu_item,Coca-Cola - 1.5 Litre,Beverages,186.75,4.8,DHA,Coca-Cola - 1.5 Litre . Beverages . The best combination for all food choices. . at Karachi Hot N Spicy - DHA . in DHA
item_1451,144,Karachi Hot N Spicy - DHA,menu_item,Coca-Cola - 2.25 Litre,Beverages,239.25,4.8,DHA,Coca-Cola - 2.25 Litre . Beverages . A sizzling cold beverage to quench your thirst. . at Karachi Hot N Spicy - DHA . in DHA
item_1452,144,Karachi Hot N Spicy - DHA,menu_item,Coca-Cola Can - 250 ml,Beverages,126.75,4.8,DHA,Coca-Cola Can - 250 ml . Beverages . The best combination for all food choices. . at Karachi Hot N Spicy - DHA . in DHA
item_1453,144,Karachi Hot N Spicy - DHA,menu_item,Dasani Water - 500 ml,Beverages,74.25,4.8,DHA,Dasani Water - 500 ml . Beverages . What purifies you from within . at Karachi Hot N Spicy - DHA . in DHA
item_1454,144,Karachi Hot N Spicy - DHA,menu_item,Fanta 500ml,Beverages,126.75,4.8,DHA,Fanta 500ml . Beverages . Served cold and nice . at Karachi Hot N Spicy - DHA . in DHA
item_1455,144,Karachi Hot N Spicy - DHA,menu_item,Fanta Can - 250 ml,Beverages,126.75,4.8,DHA,"Fanta Can - 250 ml . Beverages . Colorful, fizzy, and funky. . at Karachi Hot N Spicy - DHA . in DHA"
item_1456,144,Karachi Hot N Spicy - DHA,menu_item,Sprite - 1.5 Litre,Beverages,186.75,4.8,DHA,Sprite - 1.5 Litre . Beverages . The right fusion of taste and fizz . at Karachi Hot N Spicy - DHA . in DHA
item_1457,144,Karachi Hot N Spicy - DHA,menu_item,Sprite - 2.25 Litre,Beverages,239.25,4.8,DHA,Sprite - 2.25 Litre . Beverages . A sizzling cold beverage to quench your thirst. . at Karachi Hot N Spicy - DHA . in DHA
item_1458,144,Karachi Hot N Spicy - DHA,menu_item,Sprite - 500 ml,Beverages,126.75,4.8,DHA,Sprite - 500 ml . Beverages . The ultimate drink to enliven your senses . at Karachi Hot N Spicy - DHA . in DHA
item_1459,144,Karachi Hot N Spicy - DHA,menu_item,Sprite Can - 250 ml,Beverages,126.75,4.8,DHA,Sprite Can - 250 ml . Beverages . The ideal drink to energize you for the day . at Karachi Hot N Spicy - DHA . in DHA
item_1460,144,Karachi Hot N Spicy - DHA,menu_item,BBQ Biryani,Rice & Biryani,705.0,4.8,DHA,BBQ Biryani . Rice & Biryani . Delicious combination of flavor and nostalgia. . at Karachi Hot N Spicy - DHA . in DHA
item_1461,144,Karachi Hot N Spicy - DHA,menu_item,Beef Boneless Biryani,Rice & Biryani,528.75,4.8,DHA,Beef Boneless Biryani . Rice & Biryani . Mouthwatering smell that will make you want more. . at Karachi Hot N Spicy - DHA . in DHA
item_1462,144,Karachi Hot N Spicy - DHA,menu_item,Biryani Only Rice,Rice & Biryani,264.0,4.8,DHA,Biryani Only Rice . Rice & Biryani . Half / Full . at Karachi Hot N Spicy - DHA . in DHA
item_1463,144,Karachi Hot N Spicy - DHA,menu_item,Chicken Biryani,Rice & Biryani,308.25,4.8,DHA,Chicken Biryani . Rice & Biryani . A dish that incorporates the diversity of our country. . at Karachi Hot N Spicy - DHA . in DHA
item_1464,144,Karachi Hot N Spicy - DHA,menu_item,Chicken Boneless Biryani,Rice & Biryani,528.75,4.8,DHA,"Chicken Boneless Biryani . Rice & Biryani . A mix of beautifully cooked rice, spices, meat and aloo. . at Karachi Hot N Spicy - DHA . in DHA"
item_1465,144,Karachi Hot N Spicy - DHA,menu_item,Chicken Combo Biryani,Rice & Biryani,466.5,4.8,DHA,"Chicken Combo Biryani . Rice & Biryani . Moist rice, tender meat and melt-in-your-mouth aloo give the most delicious biryani experience ever. . at Karachi Hot N Spicy - DHA . in DHA"
item_1466,144,Karachi Hot N Spicy - DHA,menu_item,Delight Biryani,Rice & Biryani,484.5,4.8,DHA,Delight Biryani . Rice & Biryani . The perfect companion for all your spicy cravings. . at Karachi Hot N Spicy - DHA . in DHA
item_1467,144,Karachi Hot N Spicy - DHA,menu_item,Delight Combo Biryani,Rice & Biryani,581.25,4.8,DHA,"Delight Combo Biryani . Rice & Biryani . Moist, saucy and spiced rice with meat and raita . at Karachi Hot N Spicy - DHA . in DHA"
item_1468,144,Karachi Hot N Spicy - DHA,menu_item,Mutton Biryani,Rice & Biryani,1940.25,4.8,DHA,Mutton Biryani . Rice & Biryani . Half / Full . at Karachi Hot N Spicy - DHA . in DHA
item_1469,144,Karachi Hot N Spicy - DHA,menu_item,Royal Sindhi Chicken Biryani,Rice & Biryani,1234.5,4.8,DHA,Royal Sindhi Chicken Biryani . Rice & Biryani . Half / Full . at Karachi Hot N Spicy - DHA . in DHA
item_1470,144,Karachi Hot N Spicy - DHA,menu_item,Beef Burger,Burgers,590.25,4.8,DHA,Beef Burger . Burgers . A combination of crispiness and tenderness that is second to none . at Karachi Hot N Spicy - DHA . in DHA
item_1471,144,Karachi Hot N Spicy - DHA,menu_item,Chicken Burger,Burgers,546.0,4.8,DHA,Chicken Burger . Burgers . An unforgettable combination of juiciness and tenderness for you and your loved one . at Karachi Hot N Spicy - DHA . in DHA
item_1472,144,Karachi Hot N Spicy - DHA,menu_item,Chicken Steak Burger,Burgers,590.25,4.8,DHA,Chicken Steak Burger . Burgers . A chicken burger a day keeps stress away . at Karachi Hot N Spicy - DHA . in DHA
item_1473,144,Karachi Hot N Spicy - DHA,menu_item,Cordon Bleu Burger,Burgers,723.0,4.8,DHA,Cordon Bleu Burger . Burgers . A burst of exquisite flavor and crunch.The complete burger experience. . at Karachi Hot N Spicy - DHA . in DHA
item_1474,144,Karachi Hot N Spicy - DHA,menu_item,Double Decker Burger,Burgers,749.25,4.8,DHA,Double Decker Burger . Burgers . A combination of crispiness and tenderness that is second to none . at Karachi Hot N Spicy - DHA . in DHA
item_1475,144,Karachi Hot N Spicy - DHA,menu_item,Fried Breast Burger,Burgers,581.25,4.8,DHA,Fried Breast Burger . Burgers . A burger that is worth every single penny of yours . at Karachi Hot N Spicy - DHA . in DHA
item_1476,144,Karachi Hot N Spicy - DHA,menu_item,Grilled Breast Burger,Burgers,581.25,4.8,DHA,Grilled Breast Burger . Burgers . A burst of exquisite flavor and crunch.The complete burger experience. . at Karachi Hot N Spicy - DHA . in DHA
item_1477,144,Karachi Hot N Spicy - DHA,menu_item,Hot & Spicy Burger,Burgers,590.25,4.8,DHA,Hot & Spicy Burger . Burgers . Meat patty cooked to perfection and enclosed between two buns. . at Karachi Hot N Spicy - DHA . in DHA
item_1478,144,Karachi Hot N Spicy - DHA,menu_item,Malik Burger,Burgers,581.25,4.8,DHA,Malik Burger . Burgers . A chicken burger a day keeps stress away . at Karachi Hot N Spicy - DHA . in DHA
item_1479,144,Karachi Hot N Spicy - DHA,menu_item,Zinger Burger,Burgers,573.0,4.8,DHA,Zinger Burger . Burgers . A burst of exquisite flavor and crunch.The complete burger experience. . at Karachi Hot N Spicy - DHA . in DHA
item_1480,144,Karachi Hot N Spicy - DHA,menu_item,Beef Chili Dry,Chinese,1410.75,4.8,DHA,"Beef Chili Dry . Chinese . Spicy and savory beef cubes stir-fried with chili, garlic, and a blend of spices, creating a dry, flavorful dish with a satisfying kick . at Karachi Hot N Spicy - DHA . in DHA"
item_1481,144,Karachi Hot N Spicy - DHA,menu_item,Beef Hot & Spicy,Chinese,1410.75,4.8,DHA,"Beef Hot & Spicy . Chinese . Tender beef pieces cooked in a bold, spicy sauce with a blend of hot spices and chili, delivering a fiery and flavorful experience . at Karachi Hot N Spicy - DHA . in DHA"
item_1482,144,Karachi Hot N Spicy - DHA,menu_item,Chicken Black Pepper,Chinese,1058.25,4.8,DHA,Chicken Black Pepper . Chinese . The perfect companion for all your spicy cravings. . at Karachi Hot N Spicy - DHA . in DHA
item_1483,144,Karachi Hot N Spicy - DHA,menu_item,Chicken Chili Dry,Chinese,1146.0,4.8,DHA,Chicken Chili Dry . Chinese . Chicken pieces that are so simple yet delicious . at Karachi Hot N Spicy - DHA . in DHA
item_1484,144,Karachi Hot N Spicy - DHA,menu_item,Chicken Garlic,Chinese,1058.25,4.8,DHA,Chicken Garlic . Chinese . Made with love by every chef in Pakistan. An experience that will make you want more. . at Karachi Hot N Spicy - DHA . in DHA
item_1485,144,Karachi Hot N Spicy - DHA,menu_item,Chicken Hawaiian Pineapple,Chinese,1058.25,4.8,DHA,"Chicken Hawaiian Pineapple . Chinese . Meat cooked in a pot, with oil, vegetables and spices. . at Karachi Hot N Spicy - DHA . in DHA"
item_1486,144,Karachi Hot N Spicy - DHA,menu_item,Chicken Hot & Spicy,Chinese,1234.5,4.8,DHA,Chicken Hot & Spicy . Chinese . The perfect companion for all your spicy cravings. . at Karachi Hot N Spicy - DHA . in DHA
item_1487,144,Karachi Hot N Spicy - DHA,menu_item,Chicken Kung Pao,Chinese,1323.0,4.8,DHA,Chicken Kung Pao . Chinese . Chicken cooked in aromatic spices and chillies to fill you up . at Karachi Hot N Spicy - DHA . in DHA
item_1488,144,Karachi Hot N Spicy - DHA,menu_item,Chicken Manchurian,Chinese,1058.25,4.8,DHA,"Chicken Manchurian . Chinese . Chicken cooked on high flame with spices, tomatoes, and chilli . at Karachi Hot N Spicy - DHA . in DHA"
item_1489,144,Karachi Hot N Spicy - DHA,menu_item,Chicken Shashlik,Chinese,1058.25,4.8,DHA,"Chicken Shashlik . Chinese . A mix of the freshest herbs, spiciest spices, finest cut of chicken encompassed in oil and fresh vegetables. . at Karachi Hot N Spicy - DHA . in DHA"
item_1490,144,Karachi Hot N Spicy - DHA,menu_item,Chicken Stroganoff,Chinese,1323.0,4.8,DHA,"Chicken Stroganoff . Chinese . Tender chicken in a rich, creamy stroganoff sauce. . at Karachi Hot N Spicy - DHA . in DHA"
item_1491,144,Karachi Hot N Spicy - DHA,menu_item,Chicken Sweet & Sour,Chinese,1058.25,4.8,DHA,Chicken Sweet & Sour . Chinese . Chicken pieces that are so simple yet delicious . at Karachi Hot N Spicy - DHA . in DHA
item_1492,144,Karachi Hot N Spicy - DHA,menu_item,Chicken With Almond,Chinese,1190.25,4.8,DHA,Chicken With Almond . Chinese . A fulfilling and tasty dish for all . at Karachi Hot N Spicy - DHA . in DHA
item_1493,144,Karachi Hot N Spicy - DHA,menu_item,Chicken With Green Chili,Chinese,1058.25,4.8,DHA,"Chicken With Green Chili . Chinese . Chicken cooked on high flame with spices, tomatoes, and chilli . at Karachi Hot N Spicy - DHA . in DHA"
item_1494,144,Karachi Hot N Spicy - DHA,menu_item,Chicken With Mixed Vegetable,Chinese,1058.25,4.8,DHA,Chicken With Mixed Vegetable . Chinese . Extremely flavorful tender and juicy chicken pieces . at Karachi Hot N Spicy - DHA . in DHA
item_1495,144,Karachi Hot N Spicy - DHA,menu_item,American Chop Suey,Other,1175.25,4.8,DHA,"American Chop Suey . Other . A hearty stir-fry featuring crispy noodles topped with a savory mix of vegetables, meat (often chicken or beef), and a tangy sauce, offering a delicious fusion of flavors and textures . at Karachi Hot N Spicy - DHA . in DHA"
item_1496,144,Karachi Hot N Spicy - DHA,menu_item,Beef Chow Mein,Other,1146.0,4.8,DHA,Beef Chow Mein . Other . Delicious and is perfect for a quick dinner. . at Karachi Hot N Spicy - DHA . in DHA
item_1497,144,Karachi Hot N Spicy - DHA,menu_item,Chicken Chow Mein,Other,969.75,4.8,DHA,Chicken Chow Mein . Other . Chinese egg noodles stir fried with chicken and vegetables. . at Karachi Hot N Spicy - DHA . in DHA
item_1498,144,Karachi Hot N Spicy - DHA,menu_item,Special Chow Mein,Other,1410.75,4.8,DHA,"Special Chow Mein . Other . Noodles, juicy chicken, shredded cabbage, carrots, onions, bean sprouts, garlic, and the perfect sauce . at Karachi Hot N Spicy - DHA . in DHA"
item_1499,144,Karachi Hot N Spicy - DHA,menu_item,Vegetable Chow Mein,Other,837.0,4.8,DHA,"Vegetable Chow Mein . Other . If you were of the opinion that you can get a good Chow Mein here only, then you were absolutely right! . at Karachi Hot N Spicy - DHA . in DHA"
item_1500,144,Karachi Hot N Spicy - DHA,menu_item,Special Deal 1,Deals & Combos,729.0,4.8,DHA,"Special Deal 1 . Deals & Combos . Zinger burger, small fries & 345 ml soft drink . at Karachi Hot N Spicy - DHA . in DHA"
item_1501,144,Karachi Hot N Spicy - DHA,menu_item,Special Deal 10,Deals & Combos,659.25,4.8,DHA,"Special Deal 10 . Deals & Combos . Full combo chicken biryani, salad, raita, achar & 345ml soft drink . at Karachi Hot N Spicy - DHA . in DHA"
item_1502,144,Karachi Hot N Spicy - DHA,menu_item,Special Deal 2,Deals & Combos,999.0,4.8,DHA,"Special Deal 2 . Deals & Combos . Chicken burger, chicken piece, small fries & 345ml soft drink . at Karachi Hot N Spicy - DHA . in DHA"
item_1503,144,Karachi Hot N Spicy - DHA,menu_item,Special Deal 3,Deals & Combos,1199.25,4.8,DHA,"Special Deal 3 . Deals & Combos . 3 Fried chicken pieces, small fries & 500ml soft drink . at Karachi Hot N Spicy - DHA . in DHA"
item_1504,144,Karachi Hot N Spicy - DHA,menu_item,Special Deal 4,Deals & Combos,2559.0,4.8,DHA,"Special Deal 4 . Deals & Combos . 3 Zinger burgers, 3 chicken pieces, fries, 3 bread slices & two 500ml coke. . at Karachi Hot N Spicy - DHA . in DHA"
item_1505,144,Karachi Hot N Spicy - DHA,menu_item,Special Deal 6,Deals & Combos,1098.75,4.8,DHA,"Special Deal 6 . Deals & Combos . Chicken manchurian, black pepper chicken or chicken with green chili, egg fried rice, chicken pakora & 350ml soft drink . at Karachi Hot N Spicy - DHA . in DHA"
item_1506,144,Karachi Hot N Spicy - DHA,menu_item,Special Deal 7,Deals & Combos,1098.75,4.8,DHA,"Special Deal 7 . Deals & Combos . Chicken leg or breast piece, chicken chutney roll, sada paratha, raita, salad & 345ml soft drink . at Karachi Hot N Spicy - DHA . in DHA"
item_1507,144,Karachi Hot N Spicy - DHA,menu_item,Special Deal 8,Deals & Combos,528.75,4.8,DHA,"Special Deal 8 . Deals & Combos . Half combo chicken biryani, salad, raita, achar & 345ml soft drink . at Karachi Hot N Spicy - DHA . in DHA"
item_1508,144,Karachi Hot N Spicy - DHA,menu_item,Special Deal 9,Deals & Combos,659.25,4.8,DHA,"Special Deal 9 . Deals & Combos . Delight combo chicken biryani, salad, raita, achar & 345ml soft drink . at Karachi Hot N Spicy - DHA . in DHA"
item_1509,144,Karachi Hot N Spicy - DHA,menu_item,Fried Chicken Piece,Wings & Fried,299.25,4.8,DHA,"Fried Chicken Piece . Wings & Fried . The most loved dish in Pakistan, made even better with our in-house ingredients. . at Karachi Hot N Spicy - DHA . in DHA"
item_1510,144,Karachi Hot N Spicy - DHA,menu_item,Chicken American Stuffed,Other,1146.0,4.8,DHA,Chicken American Stuffed . Other . Juicy . at Karachi Hot N Spicy - DHA . in DHA
item_1511,144,Karachi Hot N Spicy - DHA,menu_item,Chicken Pakora,Other,705.0,4.8,DHA,"Chicken Pakora . Other . A mix of the freshest herbs, spiciest spices, finest cut of chicken encompassed in oil and fresh vegetables. . at Karachi Hot N Spicy - DHA . in DHA"
item_1512,144,Karachi Hot N Spicy - DHA,menu_item,Drumstick,Other,705.0,4.8,DHA,Drumstick . Other . 4 Pieces . at Karachi Hot N Spicy - DHA . in DHA
item_1513,144,Karachi Hot N Spicy - DHA,menu_item,Beef Bihari Cheese Kabab,Meat Mains,1455.0,4.8,DHA,"Beef Bihari Cheese Kabab . Meat Mains . A light, yet fulfilling snack, that is loved by many. . at Karachi Hot N Spicy - DHA . in DHA"
item_1514,144,Karachi Hot N Spicy - DHA,menu_item,Beef Bihari Kabab,Meat Mains,1366.5,4.8,DHA,"Beef Bihari Kabab . Meat Mains . A worthwhile buy, the taste is beyond words . at Karachi Hot N Spicy - DHA . in DHA"
item_1515,144,Karachi Hot N Spicy - DHA,menu_item,Beef Gola Kabab,Meat Mains,1366.5,4.8,DHA,Beef Gola Kabab . Meat Mains . The kabab that is made for a nostalgic trip down memory lane. . at Karachi Hot N Spicy - DHA . in DHA
item_1516,144,Karachi Hot N Spicy - DHA,menu_item,Beef Seekh Kabab,Meat Mains,1278.75,4.8,DHA,Beef Seekh Kabab . Meat Mains . The desi snack that trumps all other snacks on the family table. . at Karachi Hot N Spicy - DHA . in DHA
item_1517,144,Karachi Hot N Spicy - DHA,menu_item,Chicken Achari Boti,Meat Mains,1323.0,4.8,DHA,"Chicken Achari Boti . Meat Mains . Boneless chicken pieces marinated in tangy and spicy pickling spices, then grilled to a smoky finish, offering a bold and flavorful twist on traditional chicken kebabs . at Karachi Hot N Spicy - DHA . in DHA"
item_1518,144,Karachi Hot N Spicy - DHA,menu_item,Chicken Boneless Boti,Meat Mains,1287.0,4.8,DHA,"Chicken Boneless Boti . Meat Mains . Tender, boneless chicken pieces marinated in a blend of spices and yogurt, then grilled or barbecued to perfection for a juicy and flavorful bite. . at Karachi Hot N Spicy - DHA . in DHA"
item_1519,144,Karachi Hot N Spicy - DHA,menu_item,Chicken Boti,Meat Mains,1278.75,4.8,DHA,"Chicken Boti . Meat Mains . Bite-sized chicken pieces marinated in a blend of spices and yogurt, then grilled or barbecued for a tender, juicy, and flavorful bite, popular in Pakistani cuisine. . at Karachi Hot N Spicy - DHA . in DHA"
item_1520,144,Karachi Hot N Spicy - DHA,menu_item,Chicken Breast Piece,Meat Mains,493.5,4.8,DHA,"Chicken Breast Piece . Meat Mains . A boneless, marinated chicken breast, seasoned with spices and grilled or cooked until tender, offering a lean and flavorful option. . at Karachi Hot N Spicy - DHA . in DHA"
item_1521,144,Karachi Hot N Spicy - DHA,menu_item,Chicken Gola Reshmi Kabab,Meat Mains,1190.25,4.8,DHA,"Chicken Gola Reshmi Kabab . Meat Mains . Soft and creamy minced chicken kababs, infused with rich spices, herbs, and cream, then grilled to achieve a melt-in-your-mouth texture, known for their silky, smooth taste. . at Karachi Hot N Spicy - DHA . in DHA"
item_1522,144,Karachi Hot N Spicy - DHA,menu_item,Chicken Leg Piece,Meat Mains,484.5,4.8,DHA,"Chicken Leg Piece . Meat Mains . A marinated chicken drumstick, seasoned with traditional spices and grilled or fried to perfection, known for its juicy and flavorful meat. . at Karachi Hot N Spicy - DHA . in DHA"
item_1523,144,Karachi Hot N Spicy - DHA,menu_item,Chicken Seekh Kabab,Meat Mains,1190.25,4.8,DHA,"Chicken Seekh Kabab . Meat Mains . Minced chicken mixed with aromatic spices, herbs, and grilled on skewers for a juicy, flavorful, and mildly spicy kebab, a popular choice in Pakistani cuisine. . at Karachi Hot N Spicy - DHA . in DHA"
item_1524,144,Karachi Hot N Spicy - DHA,menu_item,Chicken Shangrila Breast Piece,Meat Mains,616.5,4.8,DHA,"Chicken Shangrila Breast Piece . Meat Mains . A marinated chicken breast, seasoned with a special Shangrilla sauce blend and spices, then grilled or cooked to achieve a juicy and tangy flavor. . at Karachi Hot N Spicy - DHA . in DHA"
item_1525,144,Karachi Hot N Spicy - DHA,menu_item,Chicken Shangrila Leg Piece,Meat Mains,581.25,4.8,DHA,"Chicken Shangrila Leg Piece . Meat Mains . A marinated chicken leg, infused with a unique blend of spices and Shangrilla sauce, grilled or fried for a juicy, flavorful, and slightly tangy taste . at Karachi Hot N Spicy - DHA . in DHA"
item_1526,144,Karachi Hot N Spicy - DHA,menu_item,Mutton Champ,Meat Mains,2116.5,4.8,DHA,Mutton Champ . Meat Mains . 5 Pieces . at Karachi Hot N Spicy - DHA . in DHA
item_1527,144,Karachi Hot N Spicy - DHA,menu_item,Mutton Seekh Kabab,Meat Mains,1764.0,4.8,DHA,Mutton Seekh Kabab . Meat Mains . A real treat for all locals who want a scrumptious experience. . at Karachi Hot N Spicy - DHA . in DHA
item_1528,144,Karachi Hot N Spicy - DHA,menu_item,Achari Daal Mash,Pakistani,616.5,4.8,DHA,"Achari Daal Mash . Pakistani . Lentils cooked with tangy pickling spices, offering a unique and flavorful twist on traditional daal with a zesty and aromatic profile . at Karachi Hot N Spicy - DHA . in DHA"
item_1529,144,Karachi Hot N Spicy - DHA,menu_item,Beef Kabab Masala,Pakistani,1587.0,4.8,DHA,Beef Kabab Masala . Pakistani . The difference between kebabs & kababs is that our dish can be eaten all day everyday. . at Karachi Hot N Spicy - DHA . in DHA
item_1530,144,Karachi Hot N Spicy - DHA,menu_item,Chicken Ginger,Pakistani,1587.0,4.8,DHA,"Chicken Ginger . Pakistani . Meat cooked in a pot, with oil, vegetables and spices. . at Karachi Hot N Spicy - DHA . in DHA"
item_1531,144,Karachi Hot N Spicy - DHA,menu_item,Chicken Green Chili,Pakistani,1587.0,4.8,DHA,Chicken Green Chili . Pakistani . Chicken pieces that are so simple yet delicious . at Karachi Hot N Spicy - DHA . in DHA
item_1532,144,Karachi Hot N Spicy - DHA,menu_item,Chicken Handi,Pakistani,1410.75,4.8,DHA,Chicken Handi . Pakistani . Made with love by every chef in Pakistan. An experience that will make you want more. . at Karachi Hot N Spicy - DHA . in DHA
item_1533,144,Karachi Hot N Spicy - DHA,menu_item,Chicken Jalfrezi,Pakistani,1587.0,4.8,DHA,Chicken Jalfrezi . Pakistani . Chicken cooked in aromatic spices and chillies to fill you up . at Karachi Hot N Spicy - DHA . in DHA
item_1534,144,Karachi Hot N Spicy - DHA,menu_item,Chicken Kabab Masala,Pakistani,1587.0,4.8,DHA,Chicken Kabab Masala . Pakistani . Juicy . at Karachi Hot N Spicy - DHA . in DHA
item_1535,144,Karachi Hot N Spicy - DHA,menu_item,Chicken Karahi,Pakistani,1234.5,4.8,DHA,Chicken Karahi . Pakistani . Made with love by every chef in Pakistan. An experience that will make you want more. . at Karachi Hot N Spicy - DHA . in DHA
item_1536,144,Karachi Hot N Spicy - DHA,menu_item,Chicken Madrasi With Red Sauce,Pakistani,1587.0,4.8,DHA,Chicken Madrasi With Red Sauce . Pakistani . Extremely flavorful tender and juicy chicken pieces . at Karachi Hot N Spicy - DHA . in DHA
item_1537,144,Karachi Hot N Spicy - DHA,menu_item,Chicken Madrasi With White Sauce,Pakistani,1587.0,4.8,DHA,Chicken Madrasi With White Sauce . Pakistani . Made with love by every chef in Pakistan. An experience that will make you want more. . at Karachi Hot N Spicy - DHA . in DHA
item_1538,144,Karachi Hot N Spicy - DHA,menu_item,Chicken Makhani,Pakistani,1587.0,4.8,DHA,Chicken Makhani . Pakistani . A fulfilling and tasty dish for all . at Karachi Hot N Spicy - DHA . in DHA
item_1539,144,Karachi Hot N Spicy - DHA,menu_item,Chicken Palak Paneer Handi,Pakistani,1499.25,4.8,DHA,"Chicken Palak Paneer Handi . Pakistani . Flavor explosion made by high heat, chicken, herbs, spices and lots of love. . at Karachi Hot N Spicy - DHA . in DHA"
item_1540,144,Karachi Hot N Spicy - DHA,menu_item,Chicken White Handi,Pakistani,1410.75,4.8,DHA,"Chicken White Handi . Pakistani . The most loved dish in Pakistan, made even better with our in-house ingredients. . at Karachi Hot N Spicy - DHA . in DHA"
item_1541,144,Karachi Hot N Spicy - DHA,menu_item,Daal Mash,Pakistani,573.0,4.8,DHA,"Daal Mash . Pakistani . A hearty dish made from black lentils, cooked with spices and often tempered with ghee (clarified butter), resulting in a flavorful and nutritious stew . at Karachi Hot N Spicy - DHA . in DHA"
item_1542,144,Karachi Hot N Spicy - DHA,menu_item,Daal Mash Makhni,Pakistani,705.0,4.8,DHA,"Daal Mash Makhni . Pakistani . Creamy and rich black lentils cooked with butter, cream, and a blend of spices, offering a luxurious and flavorful twist on traditional daal . at Karachi Hot N Spicy - DHA . in DHA"
item_1543,144,Karachi Hot N Spicy - DHA,menu_item,Hara Masala,Pakistani,1587.0,4.8,DHA,"Hara Masala . Pakistani . A vibrant, green spice blend made from fresh herbs like cilantro and mint, combined with green chilies, garlic, and ginger, used to marinate or flavor various dishes for a fresh and aromatic taste . at Karachi Hot N Spicy - DHA . in DHA"
item_1544,144,Karachi Hot N Spicy - DHA,menu_item,Mixed Bhujia,Pakistani,616.5,4.8,DHA,"Mixed Bhujia . Pakistani . A flavorful and crunchy vegetable stir-fry made with a mix of vegetables and spices, often including potatoes, peas, and carrots, for a delicious and hearty side dish . at Karachi Hot N Spicy - DHA . in DHA"
item_1545,144,Karachi Hot N Spicy - DHA,menu_item,Mutton Handi,Pakistani,2381.25,4.8,DHA,"Mutton Handi . Pakistani . Tender pieces of mutton slow cooked in a rich and aromatic gravy with spices, yogurt, and sometimes cream, served in a traditional handi (earthen pot) for a flavorful and hearty dish. . at Karachi Hot N Spicy - DHA . in DHA"
item_1546,144,Karachi Hot N Spicy - DHA,menu_item,Mutton Kabab Masala,Pakistani,2116.5,4.8,DHA,Mutton Kabab Masala . Pakistani . Your kids wont resist finishing these if they tasted them right now. . at Karachi Hot N Spicy - DHA . in DHA
item_1547,144,Karachi Hot N Spicy - DHA,menu_item,Mutton Karahi,Pakistani,2293.5,4.8,DHA,Mutton Karahi . Pakistani . The perfect companion for all your spicy cravings. . at Karachi Hot N Spicy - DHA . in DHA
item_1548,144,Karachi Hot N Spicy - DHA,menu_item,Palak Paneer Handi,Pakistani,1058.25,4.8,DHA,"Palak Paneer Handi . Pakistani . A rich and creamy dish featuring paneer (Indian cheese) cooked with spinach in a flavorful, spiced gravy, served in a traditional handi (earthen pot) for an authentic taste . at Karachi Hot N Spicy - DHA . in DHA"
item_1549,144,Karachi Hot N Spicy - DHA,menu_item,Churi Paratha,Other,255.0,4.8,DHA,"Churi Paratha . Other . A traditional flatbread with a flaky, crispy texture, often made by layering or crumbling the dough before cooking, resulting in a deliciously crispy and textured paratha . at Karachi Hot N Spicy - DHA . in DHA"
item_1550,144,Karachi Hot N Spicy - DHA,menu_item,Puri Paratha,Other,290.25,4.8,DHA,"Puri Paratha . Other . A deep-fried, fluffy flatbread with a slightly crispy texture, often served with curries, vegetables, or as part of a traditional breakfast or meal . at Karachi Hot N Spicy - DHA . in DHA"
item_1551,144,Karachi Hot N Spicy - DHA,menu_item,Sada Paratha,Other,175.5,4.8,DHA,"Sada Paratha . Other . A simple, lightly crispy flatbread made from whole wheat flour, cooked on a griddle, and served as a staple accompaniment to a variety of dishes . at Karachi Hot N Spicy - DHA . in DHA"
item_1552,144,Karachi Hot N Spicy - DHA,menu_item,Chicken Florida,Noodles & Pasta,1014.0,4.8,DHA,"Chicken Florida . Noodles & Pasta . Macaroni pasta in mortadella sauce with chicken, mushroom & olives . at Karachi Hot N Spicy - DHA . in DHA"
item_1553,144,Karachi Hot N Spicy - DHA,menu_item,Fettuccine A La Manana,Noodles & Pasta,1014.0,4.8,DHA,Fettuccine A La Manana . Noodles & Pasta . Fettuccine pasta in white cheese sauce cooked with olives & chicken . at Karachi Hot N Spicy - DHA . in DHA
item_1554,144,Karachi Hot N Spicy - DHA,menu_item,Fettuccine Alfredo,Noodles & Pasta,1014.0,4.8,DHA,Fettuccine Alfredo . Noodles & Pasta . Fettuccine pasta in white sauce cooked with chicken & mushrooms . at Karachi Hot N Spicy - DHA . in DHA
item_1555,144,Karachi Hot N Spicy - DHA,menu_item,Hot & Spicy Spaghetti,Noodles & Pasta,1058.25,4.8,DHA,Hot & Spicy Spaghetti . Noodles & Pasta . Beef bolognese with fried chicken in a concasse sauce topped with cheese . at Karachi Hot N Spicy - DHA . in DHA
item_1556,144,Karachi Hot N Spicy - DHA,menu_item,Pasta with Bechamel Sauce,Noodles & Pasta,1058.25,4.8,DHA,"Pasta with Bechamel Sauce . Noodles & Pasta . Special marinated chicken, beef pepperoni, black olives, mushrooms cooked with bechamel sauce topped with cashew nuts & special Italian herbs . at Karachi Hot N Spicy - DHA . in DHA"
item_1557,144,Karachi Hot N Spicy - DHA,menu_item,Special A La Lasagna,Noodles & Pasta,1190.25,4.8,DHA,"Special A La Lasagna . Noodles & Pasta . Traditional Italian lasagna with multiple layers of pasta, chicken bolognese, red sauce & cheese . at Karachi Hot N Spicy - DHA . in DHA"
item_1558,144,Karachi Hot N Spicy - DHA,menu_item,BBQ Pizza,Pizza,660.75,4.8,DHA,"BBQ Pizza . Pizza . Chicken tikka, onion, tomato, bell pepper, mushroom & olive . at Karachi Hot N Spicy - DHA . in DHA"
item_1559,144,Karachi Hot N Spicy - DHA,menu_item,Beef Mexican Pizza,Pizza,660.75,4.8,DHA,"Beef Mexican Pizza . Pizza . Onion, tomato, bell pepper, sweet corn & spices . at Karachi Hot N Spicy - DHA . in DHA"
item_1560,144,Karachi Hot N Spicy - DHA,menu_item,Chicken Hot & Spicy Pizza,Pizza,660.75,4.8,DHA,"Chicken Hot & Spicy Pizza . Pizza . Chicken, green chilies, bell pepper, mushrooms & olives . at Karachi Hot N Spicy - DHA . in DHA"
item_1561,144,Karachi Hot N Spicy - DHA,menu_item,Chicken Mexican Pizza,Pizza,660.75,4.8,DHA,"Chicken Mexican Pizza . Pizza . Onion, tomato, bell pepper, sweet corn & spices . at Karachi Hot N Spicy - DHA . in DHA"
item_1562,144,Karachi Hot N Spicy - DHA,menu_item,Chicken Supreme Pizza,Pizza,660.75,4.8,DHA,"Chicken Supreme Pizza . Pizza . Onion, tomato, bell pepper, mushrooms & chicken sausage . at Karachi Hot N Spicy - DHA . in DHA"
item_1563,144,Karachi Hot N Spicy - DHA,menu_item,Fajita Pizza,Pizza,660.75,4.8,DHA,"Fajita Pizza . Pizza . Chicken fajita, green chilies, bell pepper, tomato & onion . at Karachi Hot N Spicy - DHA . in DHA"
item_1564,144,Karachi Hot N Spicy - DHA,menu_item,Kabab & Malai Pizza,Pizza,705.0,4.8,DHA,"Kabab & Malai Pizza . Pizza . Onion, tomato, pickles, jalapeno, bell pepper, green chili & olives . at Karachi Hot N Spicy - DHA . in DHA"
item_1565,144,Karachi Hot N Spicy - DHA,menu_item,Margherita Pizza,Pizza,573.0,4.8,DHA,Margherita Pizza . Pizza . Cheese & tomato base . at Karachi Hot N Spicy - DHA . in DHA
item_1566,144,Karachi Hot N Spicy - DHA,menu_item,Pepperoni Mexican Pizza,Pizza,660.75,4.8,DHA,"Pepperoni Mexican Pizza . Pizza . Onion, tomato, bell pepper, sweet corn & spices . at Karachi Hot N Spicy - DHA . in DHA"
item_1567,144,Karachi Hot N Spicy - DHA,menu_item,Vegetarian Pizza,Pizza,573.0,4.8,DHA,"Vegetarian Pizza . Pizza . Bell pepper, mushrooms, olives, tomato rings & onion rings . at Karachi Hot N Spicy - DHA . in DHA"
item_1568,144,Karachi Hot N Spicy - DHA,menu_item,Chicken Fried Rice,Rice & Biryani,616.5,4.8,DHA,"Chicken Fried Rice . Rice & Biryani . Flavor explosion made by high heat, chicken, herbs, spices and lots of love. . at Karachi Hot N Spicy - DHA . in DHA"
item_1569,144,Karachi Hot N Spicy - DHA,menu_item,Chicken Masala Rice,Rice & Biryani,660.75,4.8,DHA,"Chicken Masala Rice . Rice & Biryani . Flavor explosion made by high heat, chicken, herbs, spices and lots of love. . at Karachi Hot N Spicy - DHA . in DHA"
item_1570,144,Karachi Hot N Spicy - DHA,menu_item,Egg Fried Rice,Rice & Biryani,590.25,4.8,DHA,"Egg Fried Rice . Rice & Biryani . Spice, vegatables, gravy, meat, rice, what more would you want . at Karachi Hot N Spicy - DHA . in DHA"
item_1571,144,Karachi Hot N Spicy - DHA,menu_item,Plain Rice,Rice & Biryani,440.25,4.8,DHA,"Plain Rice . Rice & Biryani . A blend of flavours, bursting in your mouth with a side of rice . at Karachi Hot N Spicy - DHA . in DHA"
item_1572,144,Karachi Hot N Spicy - DHA,menu_item,Special Rice,Rice & Biryani,969.75,4.8,DHA,Special Rice . Rice & Biryani . Prepared with unique ingredients and a distinctive method to satisfy your needs. . at Karachi Hot N Spicy - DHA . in DHA
item_1573,144,Karachi Hot N Spicy - DHA,menu_item,Fresh Salad,Salads,244.5,4.8,DHA,Fresh Salad . Salads . Nothing can beat a juicy and fresh salad . at Karachi Hot N Spicy - DHA . in DHA
item_1574,144,Karachi Hot N Spicy - DHA,menu_item,Kachumber Salad,Salads,244.5,4.8,DHA,Kachumber Salad . Salads . Bringing you all the vibrant colors of health . at Karachi Hot N Spicy - DHA . in DHA
item_1575,144,Karachi Hot N Spicy - DHA,menu_item,BBQ Malai Tikka Sandwich,Sandwiches,749.25,4.8,DHA,"BBQ Malai Tikka Sandwich . Sandwiches . The best on-the-go partner, light, delicious and friendly on the pocket. . at Karachi Hot N Spicy - DHA . in DHA"
item_1576,144,Karachi Hot N Spicy - DHA,menu_item,Chicken Fried Breast Sandwich,Sandwiches,564.0,4.8,DHA,Chicken Fried Breast Sandwich . Sandwiches . Feel hungry Dont want to eat too much Order our sandwich and you wont be disappointed. . at Karachi Hot N Spicy - DHA . in DHA
item_1577,144,Karachi Hot N Spicy - DHA,menu_item,Chicken Mexican Sandwich,Sandwiches,749.25,4.8,DHA,"Chicken Mexican Sandwich . Sandwiches . Wholesome and filling, a perfect solution to your sandwich craving, serves 1 . at Karachi Hot N Spicy - DHA . in DHA"
item_1578,144,Karachi Hot N Spicy - DHA,menu_item,Chicken Roasted Sandwich,Sandwiches,564.0,4.8,DHA,Chicken Roasted Sandwich . Sandwiches . A classic sandwich that is known and loved by all. . at Karachi Hot N Spicy - DHA . in DHA
item_1579,144,Karachi Hot N Spicy - DHA,menu_item,Chicken Sandwich,Sandwiches,564.0,4.8,DHA,Chicken Sandwich . Sandwiches . The sandwich which is guaranteed to please everyone! Serves 1 . at Karachi Hot N Spicy - DHA . in DHA
item_1580,144,Karachi Hot N Spicy - DHA,menu_item,Chicken Steak Sandwich,Sandwiches,564.0,4.8,DHA,"Chicken Steak Sandwich . Sandwiches . A great option to quickly satisfy your tastebuds, serves 1 . at Karachi Hot N Spicy - DHA . in DHA"
item_1581,144,Karachi Hot N Spicy - DHA,menu_item,Club Sandwich,Sandwiches,564.0,4.8,DHA,"Club Sandwich . Sandwiches . Simple yet delightful, serves 1 . at Karachi Hot N Spicy - DHA . in DHA"
item_1582,144,Karachi Hot N Spicy - DHA,menu_item,Cordon Bleu Sandwich,Sandwiches,749.25,4.8,DHA,"Cordon Bleu Sandwich . Sandwiches . Take care of that growling stomach with this delicious sandwich, serves 1 . at Karachi Hot N Spicy - DHA . in DHA"
item_1583,144,Karachi Hot N Spicy - DHA,menu_item,Grilled Breast Sandwich,Sandwiches,564.0,4.8,DHA,"Grilled Breast Sandwich . Sandwiches . Simple yet scrumptious, serves 1 . at Karachi Hot N Spicy - DHA . in DHA"
item_1584,144,Karachi Hot N Spicy - DHA,menu_item,Hot & Spicy Sandwich,Sandwiches,564.0,4.8,DHA,"Hot & Spicy Sandwich . Sandwiches . So fresh and delicious, it tastes like its homemade, serves 1 . at Karachi Hot N Spicy - DHA . in DHA"
item_1585,144,Karachi Hot N Spicy - DHA,menu_item,Special Sandwich,Sandwiches,749.25,4.8,DHA,Special Sandwich . Sandwiches . When extravagance gets a little too much try something a little simpler. . at Karachi Hot N Spicy - DHA . in DHA
item_1586,144,Karachi Hot N Spicy - DHA,menu_item,Beef Cheese Shawarma,Shawarma & Wraps,573.0,4.8,DHA,Beef Cheese Shawarma . Shawarma & Wraps . The kind of shawarma that will remind you of Middle Eastern flavors. . at Karachi Hot N Spicy - DHA . in DHA
item_1587,144,Karachi Hot N Spicy - DHA,menu_item,Beef Cheese Shawarma Platter,Shawarma & Wraps,969.75,4.8,DHA,"Beef Cheese Shawarma Platter . Shawarma & Wraps . Most delicious serving of shawarma in town, made to impress. . at Karachi Hot N Spicy - DHA . in DHA"
item_1588,144,Karachi Hot N Spicy - DHA,menu_item,Beef Shawarma,Shawarma & Wraps,501.75,4.8,DHA,Beef Shawarma . Shawarma & Wraps . A flavor explosion that takes you back to Middle Eastern authenticity. . at Karachi Hot N Spicy - DHA . in DHA
item_1589,144,Karachi Hot N Spicy - DHA,menu_item,Beef Shawarma Platter,Shawarma & Wraps,881.25,4.8,DHA,"Beef Shawarma Platter . Shawarma & Wraps . Most delicious serving of shawarma in town, made to impress. . at Karachi Hot N Spicy - DHA . in DHA"
item_1590,144,Karachi Hot N Spicy - DHA,menu_item,Chicken Cheese Shawarma,Shawarma & Wraps,431.25,4.8,DHA,Chicken Cheese Shawarma . Shawarma & Wraps . The kind of shawarma that will remind you of Middle Eastern flavors. . at Karachi Hot N Spicy - DHA . in DHA
item_1591,144,Karachi Hot N Spicy - DHA,menu_item,Chicken Cheese Shawarma Platter,Shawarma & Wraps,705.0,4.8,DHA,"Chicken Cheese Shawarma Platter . Shawarma & Wraps . Most delicious serving of shawarma in town, made to impress. . at Karachi Hot N Spicy - DHA . in DHA"
item_1592,144,Karachi Hot N Spicy - DHA,menu_item,Chicken Malai Cheese Shawarma,Shawarma & Wraps,573.0,4.8,DHA,Chicken Malai Cheese Shawarma . Shawarma & Wraps . A flavor explosion that takes you back to Middle Eastern authenticity. . at Karachi Hot N Spicy - DHA . in DHA
item_1593,144,Karachi Hot N Spicy - DHA,menu_item,Chicken Malai Shawarma,Shawarma & Wraps,501.75,4.8,DHA,"Chicken Malai Shawarma . Shawarma & Wraps . Most delicious serving of shawarma in town, made to impress. . at Karachi Hot N Spicy - DHA . in DHA"
item_1594,144,Karachi Hot N Spicy - DHA,menu_item,Chicken Shawarma,Shawarma & Wraps,343.5,4.8,DHA,Chicken Shawarma . Shawarma & Wraps . The kind of shawarma that will remind you of Middle Eastern flavors. . at Karachi Hot N Spicy - DHA . in DHA
item_1595,144,Karachi Hot N Spicy - DHA,menu_item,Chicken Shawarma Platter,Shawarma & Wraps,616.5,4.8,DHA,Chicken Shawarma Platter . Shawarma & Wraps . The kind of shawarma that will remind you of Middle Eastern flavors. . at Karachi Hot N Spicy - DHA . in DHA
item_1596,144,Karachi Hot N Spicy - DHA,menu_item,Zinger Cheese Shawarma,Shawarma & Wraps,528.75,4.8,DHA,Zinger Cheese Shawarma . Shawarma & Wraps . A flavor explosion that takes you back to Middle Eastern authenticity. . at Karachi Hot N Spicy - DHA . in DHA
item_1597,144,Karachi Hot N Spicy - DHA,menu_item,Zinger Shawarma,Shawarma & Wraps,414.0,4.8,DHA,Zinger Shawarma . Shawarma & Wraps . A flavor explosion that takes you back to Middle Eastern authenticity. . at Karachi Hot N Spicy - DHA . in DHA
item_1598,144,Karachi Hot N Spicy - DHA,menu_item,Coleslaw,Sides & Appetizers,126.75,4.8,DHA,"Coleslaw . Sides & Appetizers . A crunchy salad made from shredded cabbage and carrots, mixed with a creamy dressing, typically made from mayonnaise, vinegar, and seasonings. It offers a refreshing and tangy contrast to rich or spicy dishes . at Karachi Hot N Spicy - DHA . in DHA"
item_1599,144,Karachi Hot N Spicy - DHA,menu_item,Extra Cheese,Sides & Appetizers,126.75,4.8,DHA,Extra Cheese . Sides & Appetizers . Single serving . at Karachi Hot N Spicy - DHA . in DHA
item_1600,144,Karachi Hot N Spicy - DHA,menu_item,Mint Sauce,Sides & Appetizers,149.25,4.8,DHA,"Mint Sauce . Sides & Appetizers . A tangy and refreshing condiment made from fresh mint leaves, vinegar or lemon juice, and sometimes sugar, often served as a dip or accompaniment to meats and grilled dishes . at Karachi Hot N Spicy - DHA . in DHA"
item_1601,144,Karachi Hot N Spicy - DHA,menu_item,Pudina Raita,Sides & Appetizers,224.25,4.8,DHA,Pudina Raita . Sides & Appetizers . Adam s or nestle . at Karachi Hot N Spicy - DHA . in DHA
item_1602,144,Karachi Hot N Spicy - DHA,menu_item,Sada Raita,Sides & Appetizers,141.75,4.8,DHA,"Sada Raita . Sides & Appetizers . A cooling side dish made from yogurt, mixed with ingredients like cucumber, tomatoes, onions, and spices, offering a refreshing and mildly spiced complement to spicy meals . at Karachi Hot N Spicy - DHA . in DHA"
item_1603,144,Karachi Hot N Spicy - DHA,menu_item,Chicken Corn Soup,Soups,440.25,4.8,DHA,Chicken Corn Soup . Soups . An elegant creation made to make you feel good. . at Karachi Hot N Spicy - DHA . in DHA
item_1604,144,Karachi Hot N Spicy - DHA,menu_item,Cream of Chicken Soup,Soups,555.0,4.8,DHA,Cream of Chicken Soup . Soups . There's a reason why everyone loves it so much. . at Karachi Hot N Spicy - DHA . in DHA
item_1605,144,Karachi Hot N Spicy - DHA,menu_item,Hot & Sour Soup,Soups,404.25,4.8,DHA,Hot & Sour Soup . Soups . A must get in any situation. . at Karachi Hot N Spicy - DHA . in DHA
item_1606,144,Karachi Hot N Spicy - DHA,menu_item,Special Soup,Soups,484.5,4.8,DHA,Special Soup . Soups . Feels like the equivalent of being in love. . at Karachi Hot N Spicy - DHA . in DHA
item_1607,144,Karachi Hot N Spicy - DHA,menu_item,Thai Soup,Soups,440.25,4.8,DHA,Thai Soup . Soups . This is nothing short of a warm hug on a cold winter day. . at Karachi Hot N Spicy - DHA . in DHA
item_1608,144,Karachi Hot N Spicy - DHA,menu_item,Beef Black Pepper Steak,Beverages,1899.0,4.8,DHA,Beef Black Pepper Steak . Beverages . Grilled beef steak cooked with black pepper sauce . at Karachi Hot N Spicy - DHA . in DHA
item_1609,144,Karachi Hot N Spicy - DHA,menu_item,Beef California Steak,Beverages,1899.0,4.8,DHA,Beef California Steak . Beverages . Beef steak with cheese sauce & topped with a slice of cheese . at Karachi Hot N Spicy - DHA . in DHA
item_1610,144,Karachi Hot N Spicy - DHA,menu_item,Beef Italian Bistecca Steak,Beverages,1899.0,4.8,DHA,Beef Italian Bistecca Steak . Beverages . Beef steak stuffed with cheese topped mushroom & cheese sauce . at Karachi Hot N Spicy - DHA . in DHA
item_1611,144,Karachi Hot N Spicy - DHA,menu_item,Beef Tenderloin Steak,Beverages,1899.0,4.8,DHA,Beef Tenderloin Steak . Beverages . Grilled beef steak. Served with mushroom sauce . at Karachi Hot N Spicy - DHA . in DHA
item_1612,144,Karachi Hot N Spicy - DHA,menu_item,Chicken Black Pepper Steak,Beverages,1548.75,4.8,DHA,Chicken Black Pepper Steak . Beverages . Grilled chicken steak cooked with black pepper sauce . at Karachi Hot N Spicy - DHA . in DHA
item_1613,144,Karachi Hot N Spicy - DHA,menu_item,Chicken California Steak,Beverages,1548.75,4.8,DHA,Chicken California Steak . Beverages . Chicken steak with cheese sauce & topped with a slice of cheese . at Karachi Hot N Spicy - DHA . in DHA
item_1614,144,Karachi Hot N Spicy - DHA,menu_item,Chicken Italian Bistecca Steak,Beverages,1548.75,4.8,DHA,Chicken Italian Bistecca Steak . Beverages . Chicken steak stuffed with cheese topped mushroom & cheese sauce . at Karachi Hot N Spicy - DHA . in DHA
item_1615,144,Karachi Hot N Spicy - DHA,menu_item,Chicken Tenderloin Steak,Beverages,1548.75,4.8,DHA,Chicken Tenderloin Steak . Beverages . Grilled chicken steak. Served with mushroom sauce . at Karachi Hot N Spicy - DHA . in DHA
item_1616,144,Karachi Hot N Spicy - DHA,menu_item,Grilled Chicken Steak,Beverages,1548.75,4.8,DHA,Grilled Chicken Steak . Beverages . Grilled boneless chicken breast & chicken leg. Served with Mexican sauce . at Karachi Hot N Spicy - DHA . in DHA
item_1617,144,Karachi Hot N Spicy - DHA,menu_item,Chicken Brain,BBQ & Grill,2028.75,4.8,DHA,Chicken Brain . BBQ & Grill . A fulfilling chicken dish cooked using spices . at Karachi Hot N Spicy - DHA . in DHA
item_1618,144,Karachi Hot N Spicy - DHA,menu_item,Chicken Tawa Boneless,BBQ & Grill,1323.0,4.8,DHA,Chicken Tawa Boneless . BBQ & Grill . Don't resist the allure of these deliciously marinated juicy chicken pieces . at Karachi Hot N Spicy - DHA . in DHA
item_1619,144,Karachi Hot N Spicy - DHA,menu_item,Chicken Tawa Makhni Boneless,BBQ & Grill,1455.0,4.8,DHA,Chicken Tawa Makhni Boneless . BBQ & Grill . The perfect companion for all your spicy cravings. . at Karachi Hot N Spicy - DHA . in DHA
item_1620,144,Karachi Hot N Spicy - DHA,menu_item,Gurda Kapoora,BBQ & Grill,1940.25,4.8,DHA,"Gurda Kapoora . BBQ & Grill . A traditional dish featuring goat kidneys (gurda) and liver (kapoora) cooked with aromatic spices, onions, and tomatoes, offering a rich and flavorful experience . at Karachi Hot N Spicy - DHA . in DHA"
item_1621,144,Karachi Hot N Spicy - DHA,menu_item,Mixed Taka Tak,BBQ & Grill,2205.0,4.8,DHA,"Mixed Taka Tak . BBQ & Grill . A flavorful stir-fry featuring a mix of meats (such as beef, chicken, and lamb) or vegetables, cooked with aromatic spices, onions, and peppers, resulting in a zesty and satisfying dish . at Karachi Hot N Spicy - DHA . in DHA"
item_1622,144,Karachi Hot N Spicy - DHA,menu_item,Mutton Brain Masala,BBQ & Grill,2028.75,4.8,DHA,"Mutton Brain Masala . BBQ & Grill . Tender mutton brains cooked in a rich and spicy gravy with a blend of aromatic spices, onions, and tomatoes, delivering a flavorful and unique dish with a creamy texture . at Karachi Hot N Spicy - DHA . in DHA"
item_1623,144,Karachi Hot N Spicy - DHA,menu_item,Mutton Champ Masala,BBQ & Grill,2469.75,4.8,DHA,"Mutton Champ Masala . BBQ & Grill . Succulent lamb chops cooked in a rich, spicy masala gravy with a blend of aromatic spices, onions, and tomatoes, offering a flavorful and indulgent dish . at Karachi Hot N Spicy - DHA . in DHA"
item_1624,144,Karachi Hot N Spicy - DHA,menu_item,Mutton Qeema Fry,BBQ & Grill,2205.0,4.8,DHA,"Mutton Qeema Fry . BBQ & Grill . Minced mutton stir-fried with a mix of spices, onions, and tomatoes, resulting in a flavorful, dry dish with a rich and spicy taste . at Karachi Hot N Spicy - DHA . in DHA"
item_1625,144,Karachi Hot N Spicy - DHA,menu_item,Mutton Tawa,BBQ & Grill,2469.75,4.8,DHA,"Mutton Tawa . BBQ & Grill . Tender mutton pieces cooked on a tawa (flat griddle) with a blend of spices, onions, and peppers, resulting in a flavorful and slightly crispy dish with a robust taste . at Karachi Hot N Spicy - DHA . in DHA"
item_1626,144,Karachi Hot N Spicy - DHA,menu_item,Special Tawa Chicken Karahi,BBQ & Grill,1234.5,4.8,DHA,"Special Tawa Chicken Karahi . BBQ & Grill . Flavor explosion made by high heat, chicken, herbs, spices and lots of love. . at Karachi Hot N Spicy - DHA . in DHA"
item_1627,144,Karachi Hot N Spicy - DHA,menu_item,Special Tawa Mutton Karahi,BBQ & Grill,2381.25,4.8,DHA,"Special Tawa Mutton Karahi . BBQ & Grill . This dish will make you order more naan. It's our in-house specialty, made with passion. . at Karachi Hot N Spicy - DHA . in DHA"
item_1628,144,Karachi Hot N Spicy - DHA,menu_item,Tawa Breast Piece,BBQ & Grill,881.25,4.8,DHA,"Tawa Breast Piece . BBQ & Grill . A marinated chicken breast cooked on a tawa (flat griddle) with spices, resulting in a flavorful, slightly crispy exterior and juicy, tender meat inside . at Karachi Hot N Spicy - DHA . in DHA"
item_1629,144,Karachi Hot N Spicy - DHA,menu_item,Tawa Leg Piece,BBQ & Grill,881.25,4.8,DHA,"Tawa Leg Piece . BBQ & Grill . A marinated chicken leg piece cooked on a tawa (flat griddle) with a blend of spices, resulting in a crispy exterior and juicy, flavorful meat . at Karachi Hot N Spicy - DHA . in DHA"
item_1630,144,Karachi Hot N Spicy - DHA,menu_item,Achari Naan,BBQ & Grill,141.75,4.8,DHA,Achari Naan . BBQ & Grill . Crispy and warm flat bread that accompanies all your mains. . at Karachi Hot N Spicy - DHA . in DHA
item_1631,144,Karachi Hot N Spicy - DHA,menu_item,Afghani Naan,BBQ & Grill,164.25,4.8,DHA,Afghani Naan . BBQ & Grill . A desi household must-have . at Karachi Hot N Spicy - DHA . in DHA
item_1632,144,Karachi Hot N Spicy - DHA,menu_item,Beef Cheese Naan,BBQ & Grill,561.75,4.8,DHA,"Beef Cheese Naan . BBQ & Grill . Warm, soft and delicious. . at Karachi Hot N Spicy - DHA . in DHA"
item_1633,144,Karachi Hot N Spicy - DHA,menu_item,Beef Naan,BBQ & Grill,486.75,4.8,DHA,Beef Naan . BBQ & Grill . A beautiful companion to your main dish. . at Karachi Hot N Spicy - DHA . in DHA
item_1634,144,Karachi Hot N Spicy - DHA,menu_item,Cheese Naan,BBQ & Grill,449.25,4.8,DHA,Cheese Naan . BBQ & Grill . You try to hide from this but still end up eating it. . at Karachi Hot N Spicy - DHA . in DHA
item_1635,144,Karachi Hot N Spicy - DHA,menu_item,Chicken Cheese Naan,BBQ & Grill,561.75,4.8,DHA,Chicken Cheese Naan . BBQ & Grill . The perfect crisp texture with soft insides gives it its uniqueness. . at Karachi Hot N Spicy - DHA . in DHA
item_1636,144,Karachi Hot N Spicy - DHA,menu_item,Chicken Naan,BBQ & Grill,449.25,4.8,DHA,"Chicken Naan . BBQ & Grill . N for naan, N for necessity . at Karachi Hot N Spicy - DHA . in DHA"
item_1637,144,Karachi Hot N Spicy - DHA,menu_item,Garlic Naan,BBQ & Grill,111.75,4.8,DHA,Garlic Naan . BBQ & Grill . There is a reason for the long queues outside naan shops! The texture and taste is irresistible! . at Karachi Hot N Spicy - DHA . in DHA
item_1638,144,Karachi Hot N Spicy - DHA,menu_item,Kalonji Naan,BBQ & Grill,111.75,4.8,DHA,Kalonji Naan . BBQ & Grill . A desi house staple: every food gathering and meal starts with this. . at Karachi Hot N Spicy - DHA . in DHA
item_1639,144,Karachi Hot N Spicy - DHA,menu_item,Kulcha,BBQ & Grill,89.25,4.8,DHA,"Kulcha . BBQ & Grill . A soft, leavened flatbread, typically made with white flour, often enriched with yogurt or milk. . at Karachi Hot N Spicy - DHA . in DHA"
item_1640,144,Karachi Hot N Spicy - DHA,menu_item,Milky Khameeri Roti,BBQ & Grill,59.25,4.8,DHA,"Milky Khameeri Roti . BBQ & Grill . A soft and slightly leavened flatbread made with milk and yeast, giving it a rich, tender texture and subtle sweetness. Often enjoyed with curries or as part of a traditional meal . at Karachi Hot N Spicy - DHA . in DHA"
item_1641,144,Karachi Hot N Spicy - DHA,menu_item,Milky Sada Naan,BBQ & Grill,66.75,4.8,DHA,Milky Sada Naan . BBQ & Grill . The ideal tandoor-baked dough that you can enjoy with any curry. . at Karachi Hot N Spicy - DHA . in DHA
item_1642,144,Karachi Hot N Spicy - DHA,menu_item,Milky Sada Roti,BBQ & Grill,21.75,4.8,DHA,"Milky Sada Roti . BBQ & Grill . A soft, whole wheat flatbread made with milk, resulting in a tender and slightly enriched texture, commonly served with a variety of curries and side dishes . at Karachi Hot N Spicy - DHA . in DHA"
item_1643,144,Karachi Hot N Spicy - DHA,menu_item,Mixed Naan,BBQ & Grill,149.25,4.8,DHA,Mixed Naan . BBQ & Grill . The delicious salty texture is perfect for having with karahi & BBQ . at Karachi Hot N Spicy - DHA . in DHA
item_1644,144,Karachi Hot N Spicy - DHA,menu_item,Mutton Naan,BBQ & Grill,674.25,4.8,DHA,Mutton Naan . BBQ & Grill . Straight out of a tandoor -- fresh and fluffy. . at Karachi Hot N Spicy - DHA . in DHA
item_1645,144,Karachi Hot N Spicy - DHA,menu_item,Roghni Naan,BBQ & Grill,96.75,4.8,DHA,Roghni Naan . BBQ & Grill . A beautiful way to enjoy all your curry cravings. . at Karachi Hot N Spicy - DHA . in DHA
item_1646,144,Karachi Hot N Spicy - DHA,menu_item,Tandoori Paratha,BBQ & Grill,141.75,4.8,DHA,"Tandoori Paratha . BBQ & Grill . A whole wheat flatbread cooked in a tandoor (clay oven) for a slightly smoky flavor and crispy texture, often served as an accompaniment to curries and dishes . at Karachi Hot N Spicy - DHA . in DHA"
item_1647,144,Karachi Hot N Spicy - DHA,menu_item,Tawa Fried Naan,BBQ & Grill,141.75,4.8,DHA,Tawa Fried Naan . BBQ & Grill . The most ordered food side in pakistan. . at Karachi Hot N Spicy - DHA . in DHA
item_1648,144,Karachi Hot N Spicy - DHA,menu_item,Beef Bihari BBQ Roll,Shawarma & Wraps,528.75,4.8,DHA,"Beef Bihari BBQ Roll . Shawarma & Wraps . In-house special, made & recommended by our chef. The whole town talks about it! . at Karachi Hot N Spicy - DHA . in DHA"
item_1649,144,Karachi Hot N Spicy - DHA,menu_item,Beef Cheese Paratha Platter,Shawarma & Wraps,969.75,4.8,DHA,"Beef Cheese Paratha Platter . Shawarma & Wraps . A delicious platter featuring tender beef kebabs or curry paired with cheesy, stuffed parathas Indian flatbreads, offering a rich and flavorful combination. . at Karachi Hot N Spicy - DHA . in DHA"
item_1650,144,Karachi Hot N Spicy - DHA,menu_item,Beef Cheese Roll,Shawarma & Wraps,590.25,4.8,DHA,"Beef Cheese Roll . Shawarma & Wraps . Scrumptious creation, will definitely entice your taste buds. . at Karachi Hot N Spicy - DHA . in DHA"
item_1651,144,Karachi Hot N Spicy - DHA,menu_item,Beef Chutney Roll,Shawarma & Wraps,528.75,4.8,DHA,"Beef Chutney Roll . Shawarma & Wraps . Juicy, oozing & packed with flavor, made fresh to order. . at Karachi Hot N Spicy - DHA . in DHA"
item_1652,144,Karachi Hot N Spicy - DHA,menu_item,Beef Paratha Platter,Shawarma & Wraps,881.25,4.8,DHA,"Beef Paratha Platter . Shawarma & Wraps . A hearty platter featuring tender beef kebabs or curries served with freshly made, flaky parathas (Indian flatbreads), offering a satisfying and flavorful meal . at Karachi Hot N Spicy - DHA . in DHA"
item_1653,144,Karachi Hot N Spicy - DHA,menu_item,Beef Seekh Kabab Chutney Roll,Shawarma & Wraps,440.25,4.8,DHA,Beef Seekh Kabab Chutney Roll . Shawarma & Wraps . The kind of dish that is Pakistans iconic street food. . at Karachi Hot N Spicy - DHA . in DHA
item_1654,144,Karachi Hot N Spicy - DHA,menu_item,Chicken BBQ Sauce Roll,Shawarma & Wraps,396.0,4.8,DHA,Chicken BBQ Sauce Roll . Shawarma & Wraps . Why wait to order this you ll be amazed at how this tastes. . at Karachi Hot N Spicy - DHA . in DHA
item_1655,144,Karachi Hot N Spicy - DHA,menu_item,Chicken Bihari Garlic Roll,Shawarma & Wraps,616.5,4.8,DHA,"Chicken Bihari Garlic Roll . Shawarma & Wraps . We encourage you to give in to the temptation of this delicious flavor explosion, serves 1 . at Karachi Hot N Spicy - DHA . in DHA"
item_1656,144,Karachi Hot N Spicy - DHA,menu_item,Chicken Bihari Roll,Shawarma & Wraps,458.25,4.8,DHA,Chicken Bihari Roll . Shawarma & Wraps . A wrapped delicacy that is the most famous locally. . at Karachi Hot N Spicy - DHA . in DHA
item_1657,144,Karachi Hot N Spicy - DHA,menu_item,Chicken Cheese Paratha Platter,Shawarma & Wraps,766.5,4.8,DHA,Chicken Cheese Paratha Platter . Shawarma & Wraps . Extremely flavorful tender and juicy chicken pieces . at Karachi Hot N Spicy - DHA . in DHA
item_1658,144,Karachi Hot N Spicy - DHA,menu_item,Chicken Cheese Roll,Shawarma & Wraps,501.75,4.8,DHA,"Chicken Cheese Roll . Shawarma & Wraps . We encourage you to give in to the temptation of this delicious flavor explosion, serves 1 . at Karachi Hot N Spicy - DHA . in DHA"
item_1659,144,Karachi Hot N Spicy - DHA,menu_item,Chicken Chutney Roll,Shawarma & Wraps,396.0,4.8,DHA,Chicken Chutney Roll . Shawarma & Wraps . A wholesome and hearty meal for when you re craving something smoky and spicy serves 1 . at Karachi Hot N Spicy - DHA . in DHA
item_1660,144,Karachi Hot N Spicy - DHA,menu_item,Chicken Garlic Roll,Shawarma & Wraps,519.75,4.8,DHA,"Chicken Garlic Roll . Shawarma & Wraps . A crispy, saucy, tender experience, made to give you the desi touch with a twist. . at Karachi Hot N Spicy - DHA . in DHA"
item_1661,144,Karachi Hot N Spicy - DHA,menu_item,Chicken Ketchup Roll,Shawarma & Wraps,396.0,4.8,DHA,"Chicken Ketchup Roll . Shawarma & Wraps . A smoky and spicy adventure for your tastebuds wrapped in a delectable roll, serves 1 . at Karachi Hot N Spicy - DHA . in DHA"
item_1662,144,Karachi Hot N Spicy - DHA,menu_item,Chicken Paratha Platter,Shawarma & Wraps,634.5,4.8,DHA,"Chicken Paratha Platter . Shawarma & Wraps . Meat cooked in a pot, with oil, vegetables and spices. . at Karachi Hot N Spicy - DHA . in DHA"
item_1663,144,Karachi Hot N Spicy - DHA,menu_item,Chicken Roll,Shawarma & Wraps,396.0,4.8,DHA,"Chicken Roll . Shawarma & Wraps . A golden wrap, made of a paratha, chicken, vegetables and sauce of choice. . at Karachi Hot N Spicy - DHA . in DHA"
item_1664,144,Karachi Hot N Spicy - DHA,menu_item,Chicken Seekh Kabab Chutney Roll,Shawarma & Wraps,440.25,4.8,DHA,"Chicken Seekh Kabab Chutney Roll . Shawarma & Wraps . A golden wrap, made of a paratha, chicken, vegetables and sauce of choice. . at Karachi Hot N Spicy - DHA . in DHA"
item_1665,144,Karachi Hot N Spicy - DHA,menu_item,Chili Garlic Roll,Shawarma & Wraps,440.25,4.8,DHA,"Chili Garlic Roll . Shawarma & Wraps . A popular snack for all Pakistanis, made fresh & delicious. . at Karachi Hot N Spicy - DHA . in DHA"
item_1666,144,Karachi Hot N Spicy - DHA,menu_item,German Roll,Shawarma & Wraps,590.25,4.8,DHA,"German Roll . Shawarma & Wraps . Everything you love about BBQ stuffed inside a crispy paratha roll with onions and chutney, serves 1 . at Karachi Hot N Spicy - DHA . in DHA"
item_1667,144,Karachi Hot N Spicy - DHA,menu_item,Malai Cheese Roll,Shawarma & Wraps,590.25,4.8,DHA,Malai Cheese Roll . Shawarma & Wraps . An on-the-go snack that is fulfilling and packed with deliciousness. . at Karachi Hot N Spicy - DHA . in DHA
item_1668,144,Karachi Hot N Spicy - DHA,menu_item,Mutton Kabab Roll,Shawarma & Wraps,555.0,4.8,DHA,"Mutton Kabab Roll . Shawarma & Wraps . A popular snack for all Pakistanis, made fresh & delicious. . at Karachi Hot N Spicy - DHA . in DHA"
item_1669,144,Karachi Hot N Spicy - DHA,menu_item,Special Chicken Roll,Shawarma & Wraps,546.0,4.8,DHA,"Special Chicken Roll . Shawarma & Wraps . Everyone does it, but we do it better. . at Karachi Hot N Spicy - DHA . in DHA"
item_1670,144,Karachi Hot N Spicy - DHA,menu_item,Turkish Roll,Shawarma & Wraps,396.0,4.8,DHA,"Turkish Roll . Shawarma & Wraps . A street food BBQ classic, serves 1 . at Karachi Hot N Spicy - DHA . in DHA"
item_1671,144,Karachi Hot N Spicy - DHA,menu_item,Zinger Chutney Roll,Shawarma & Wraps,484.5,4.8,DHA,"Zinger Chutney Roll . Shawarma & Wraps . A crispy, saucy, tender experience, made to give you the desi touch with a twist. . at Karachi Hot N Spicy - DHA . in DHA"
item_1672,144,Karachi Hot N Spicy - DHA,menu_item,Zinger Garlic Roll,Shawarma & Wraps,528.75,4.8,DHA,"Zinger Garlic Roll . Shawarma & Wraps . A wholesome and hearty meal for when youre craving something smoky and spicy, serves 1 . at Karachi Hot N Spicy - DHA . in DHA"
item_1673,144,Karachi Hot N Spicy - DHA,menu_item,Zinger Roll,Shawarma & Wraps,475.5,4.8,DHA,"Zinger Roll . Shawarma & Wraps . A harmony among spicy, tangy, bitter yet crispy & fresh offerings. . at Karachi Hot N Spicy - DHA . in DHA"
item_1674,144,Karachi Hot N Spicy - DHA,menu_item,Winter Deal,Deals & Combos,899.25,4.8,DHA,Winter Deal . Deals & Combos . Fajita Pizza (Medium) & 500ml Drink . at Karachi Hot N Spicy - DHA . in DHA
item_1675,145,Karachi Naseeb Biryani & Murgh Pulao - Chatri Chowk,menu_item,1 litre Coke-Pepsi-NR,Beverages,254.15,3.4,Lahore,1 litre Coke-Pepsi-NR . Beverages . Refreshing carbonated beverage available in popular cola varieties. Perfect for quenching your thirst and enjoying with meals or on any occasion . at Karachi Naseeb Biryani & Murgh Pulao - Chatri Chowk . in Lahore
item_1676,145,Karachi Naseeb Biryani & Murgh Pulao - Chatri Chowk,menu_item,1 litre Sprite-7up,Beverages,254.15,3.4,Lahore,1 litre Sprite-7up . Beverages . Refreshing carbonated beverage available in your choice of cola flavors. Perfect for quenching your thirst with a crisp and satisfying taste. Served chilled and ideal for any occasion . at Karachi Naseeb Biryani & Murgh Pulao - Chatri Chowk . in Lahore
item_1677,145,Karachi Naseeb Biryani & Murgh Pulao - Chatri Chowk,menu_item,1.5 Litre Sprite-7up,Beverages,339.15,3.4,Lahore,1.5 Litre Sprite-7up . Beverages . Refreshing lemon-lime flavored carbonated beverage in a convenient 1.5 litre bottle. Perfect for quenching your thirst with its crisp citrus taste and effervescent bubbles ideal for any occasion . at Karachi Naseeb Biryani & Murgh Pulao - Chatri Chowk . in Lahore
item_1678,145,Karachi Naseeb Biryani & Murgh Pulao - Chatri Chowk,menu_item,1.5 Litre Water Bottle,Beverages,169.15,3.4,Lahore,1.5 Litre Water Bottle . Beverages . A convenient 1.5 litre water bottle designed to keep you hydrated throughout the day. Perfect for work school or outdoor activities with a durable design and easy-to-grip handle . at Karachi Naseeb Biryani & Murgh Pulao - Chatri Chowk . in Lahore
item_1679,145,Karachi Naseeb Biryani & Murgh Pulao - Chatri Chowk,menu_item,1.5 litre Coke-Pepsi-NR,Beverages,339.15,3.4,Lahore,1.5 litre Coke-Pepsi-NR . Beverages . Refreshing carbonated beverage available in 1.5 litre bottle. Perfect for sharing with family and friends. Enjoy ice-cold and crisp taste that quenches your thirst . at Karachi Naseeb Biryani & Murgh Pulao - Chatri Chowk . in Lahore
item_1680,145,Karachi Naseeb Biryani & Murgh Pulao - Chatri Chowk,menu_item,2.25 Litre 7up-Sprite,Beverages,381.65,3.4,Lahore,2.25 Litre 7up-Sprite . Beverages . Refreshing 2.25 litre bottle of crisp lemon-lime flavored carbonated beverage perfect for sharing with family and friends at any gathering or meal . at Karachi Naseeb Biryani & Murgh Pulao - Chatri Chowk . in Lahore
item_1681,145,Karachi Naseeb Biryani & Murgh Pulao - Chatri Chowk,menu_item,2.25 Litre Coke-Pepsi-NR,Beverages,381.65,3.4,Lahore,2.25 Litre Coke-Pepsi-NR . Beverages . Refreshing carbonated beverage available in 2.25 litre bottle. Perfect for sharing with family and friends. Served chilled for maximum enjoyment. . at Karachi Naseeb Biryani & Murgh Pulao - Chatri Chowk . in Lahore
item_1682,145,Karachi Naseeb Biryani & Murgh Pulao - Chatri Chowk,menu_item,345ml Coke-Pepsi-NR,Beverages,144.5,3.4,Lahore,345ml Coke-Pepsi-NR . Beverages . Refreshing carbonated beverage available in your choice of cola flavors served ice-cold in a convenient 345ml bottle perfect for any occasion . at Karachi Naseeb Biryani & Murgh Pulao - Chatri Chowk . in Lahore
item_1683,145,Karachi Naseeb Biryani & Murgh Pulao - Chatri Chowk,menu_item,345ml Sprite-7up,Beverages,144.5,3.4,Lahore,345ml Sprite-7up . Beverages . Refreshing 345ml bottle of crisp lemon-lime flavored carbonated beverage. Perfect for quenching your thirst with its zesty citrus taste and effervescent bubbles. . at Karachi Naseeb Biryani & Murgh Pulao - Chatri Chowk . in Lahore
item_1684,145,Karachi Naseeb Biryani & Murgh Pulao - Chatri Chowk,menu_item,500ml Coke-Pepsi-NR,Beverages,212.5,3.4,Lahore,500ml Coke-Pepsi-NR . Beverages . Refreshing carbonated beverage available in 500ml serving. A crisp and invigorating drink perfect for any occasion to quench your thirst . at Karachi Naseeb Biryani & Murgh Pulao - Chatri Chowk . in Lahore
item_1685,145,Karachi Naseeb Biryani & Murgh Pulao - Chatri Chowk,menu_item,500ml Sprite-7up,Beverages,212.5,3.4,Lahore,"500ml Sprite-7up . Beverages . Refreshing lemon-lime flavored carbonated beverage in a 500ml bottle. Crisp and bubbly with a clean citrus taste, perfect for quenching your thirst on any occasion . at Karachi Naseeb Biryani & Murgh Pulao - Chatri Chowk . in Lahore"
item_1686,145,Karachi Naseeb Biryani & Murgh Pulao - Chatri Chowk,menu_item,500ml Water Bottle,Beverages,85.0,3.4,Lahore,500ml Water Bottle . Beverages . Refreshing purified water in a convenient 500ml bottle. Perfect for staying hydrated throughout your day whether at work school or on the go. Clean crisp and essential hydration . at Karachi Naseeb Biryani & Murgh Pulao - Chatri Chowk . in Lahore
item_1687,145,Karachi Naseeb Biryani & Murgh Pulao - Chatri Chowk,menu_item,Soft Drinks,Beverages,135.15,3.4,Lahore,"Soft Drinks . Beverages . Soft Drinks - Available in All Major Brands and Sizes

Choose from a wide selection of your favorite soft drink brands including Coca-Cola, Pepsi, 7Up, Sprite, and more. Available in:

500ml bottle

1 liter bottle

2.25 liter bottle

Enjoy the perfect chilled drink to go with your meal. Just select your preferred brand and size! . at Karachi Naseeb Biryani & Murgh Pulao - Chatri Chowk . in Lahore"
item_1688,145,Karachi Naseeb Biryani & Murgh Pulao - Chatri Chowk,menu_item,Chicken Boti,BBQ & Grill,591.6,3.4,Lahore,Chicken Boti . BBQ & Grill . Skewered grilled chicken with aromatic and savory flavors. . at Karachi Naseeb Biryani & Murgh Pulao - Chatri Chowk . in Lahore
item_1689,145,Karachi Naseeb Biryani & Murgh Pulao - Chatri Chowk,menu_item,Chicken Seekh Kabab,BBQ & Grill,193.8,3.4,Lahore,Chicken Seekh Kabab . BBQ & Grill . Succulent chicken seekh kabab freshly cooked to perfection with aromatic spices and served hot. A delicious single serving grilled to order. . at Karachi Naseeb Biryani & Murgh Pulao - Chatri Chowk . in Lahore
item_1690,145,Karachi Naseeb Biryani & Murgh Pulao - Chatri Chowk,menu_item,Chicken Seekh Kabab Deals,BBQ & Grill,591.6,3.4,Lahore,Chicken Seekh Kabab Deals . BBQ & Grill . Deals For Long And Tender Kababs . at Karachi Naseeb Biryani & Murgh Pulao - Chatri Chowk . in Lahore
item_1691,145,Karachi Naseeb Biryani & Murgh Pulao - Chatri Chowk,menu_item,Chicken Tikka Breast,BBQ & Grill,408.0,3.4,Lahore,"Chicken Tikka Breast . BBQ & Grill . Tender chicken breast marinated in aromatic spices and grilled to perfection with a smoky char. Juicy and flavorful, served hot from the grill. . at Karachi Naseeb Biryani & Murgh Pulao - Chatri Chowk . in Lahore"
item_1692,145,Karachi Naseeb Biryani & Murgh Pulao - Chatri Chowk,menu_item,Chicken Tikka Leg,BBQ & Grill,408.0,3.4,Lahore,Chicken Tikka Leg . BBQ & Grill . Tender chicken leg marinated in aromatic spices and yogurt then grilled to perfection with a smoky charred exterior and juicy interior . at Karachi Naseeb Biryani & Murgh Pulao - Chatri Chowk . in Lahore
item_1693,145,Karachi Naseeb Biryani & Murgh Pulao - Chatri Chowk,menu_item,Chicken Tikka Seekh,BBQ & Grill,424.15,3.4,Lahore,Chicken Tikka Seekh . BBQ & Grill . Aromatic and spicy grilled chicken with a tender texture. Chicken pieces are good sized. . at Karachi Naseeb Biryani & Murgh Pulao - Chatri Chowk . in Lahore
item_1694,145,Karachi Naseeb Biryani & Murgh Pulao - Chatri Chowk,menu_item,Chicken Achari Karahi,BBQ & Grill,985.15,3.4,Lahore,Chicken Achari Karahi . BBQ & Grill . Pakistani wok style chicken curry features a tangy and spicy flavor with tender meat. . at Karachi Naseeb Biryani & Murgh Pulao - Chatri Chowk . in Lahore
item_1695,145,Karachi Naseeb Biryani & Murgh Pulao - Chatri Chowk,menu_item,Chicken Kabab Masala,BBQ & Grill,1427.15,3.4,Lahore,Chicken Kabab Masala . BBQ & Grill . South Asian grilled chicken featuring savory and aromatic flavors in a thick gravy. . at Karachi Naseeb Biryani & Murgh Pulao - Chatri Chowk . in Lahore
item_1696,145,Karachi Naseeb Biryani & Murgh Pulao - Chatri Chowk,menu_item,Chicken Karahi,BBQ & Grill,1071.0,3.4,Lahore,Chicken Karahi . BBQ & Grill . Pakistani style wok cooked chicken featuring a savory and spicy thick gravy. . at Karachi Naseeb Biryani & Murgh Pulao - Chatri Chowk . in Lahore
item_1697,145,Karachi Naseeb Biryani & Murgh Pulao - Chatri Chowk,menu_item,Chicken White Karahi,BBQ & Grill,1121.15,3.4,Lahore,Chicken White Karahi . BBQ & Grill . Pakistani wok style tender chicken featuring a rich and savory thick gravy. . at Karachi Naseeb Biryani & Murgh Pulao - Chatri Chowk . in Lahore
item_1698,145,Karachi Naseeb Biryani & Murgh Pulao - Chatri Chowk,menu_item,Fresh Salad,Sides & Appetizers,42.5,3.4,Lahore,"Fresh Salad . Sides & Appetizers . Biryani Salad  Fresh, Crunchy, and Light

A crisp mix of sliced onions, cucumbers, tomatoes, and green chilies, lightly seasoned with lemon juice and salt. This fresh salad perfectly balances the rich, spicy flavors of biryani and other desi dishes.

Freshly cut vegetables

Lightly seasoned for a tangy taste

Ideal side for biryani, pulao, or BBQ

Add a refreshing crunch to your meal with our Biryani Salad. . at Karachi Naseeb Biryani & Murgh Pulao - Chatri Chowk . in Lahore"
item_1699,145,Karachi Naseeb Biryani & Murgh Pulao - Chatri Chowk,menu_item,Kachumber Salad,Sides & Appetizers,102.0,3.4,Lahore,"Kachumber Salad . Sides & Appetizers . Kachumber Salad Fresh, Crisp, and Zesty

A refreshing mix of finely chopped cucumbers, tomatoes, onions, green chilies, and fresh coriander, tossed with a dash of lemon juice and a pinch of salt. Perfectly complements any spicy meal with its cool and tangy flavor.

Freshly chopped vegetables

Light, healthy, and flavorful

Perfect side for biryani, curries, or BBQ

Add a burst of freshness to your plate with our classic Kachumber Salad. . at Karachi Naseeb Biryani & Murgh Pulao - Chatri Chowk . in Lahore"
item_1700,145,Karachi Naseeb Biryani & Murgh Pulao - Chatri Chowk,menu_item,Mint Raita,Sides & Appetizers,102.0,3.4,Lahore,"Mint Raita . Sides & Appetizers . Mint Raita  Cool, Creamy, and Refreshingly Herby

A smooth yogurt blend infused with fresh mint leaves, a hint of green chili, and traditional spices. This refreshing raita adds a burst of cool flavor to every spicy dish.

Made with creamy yogurt and fresh mint

Lightly spiced and perfectly chilled

A great side for biryani, kebabs, or any desi meal

Cool down your plate with the fresh taste of our Mint Raita. . at Karachi Naseeb Biryani & Murgh Pulao - Chatri Chowk . in Lahore"
item_1701,145,Karachi Naseeb Biryani & Murgh Pulao - Chatri Chowk,menu_item,Raita,Sides & Appetizers,41.65,3.4,Lahore,"Raita . Sides & Appetizers . A cooling yogurt dish with spices and vegetables, perfect for balancing spicy meals. . at Karachi Naseeb Biryani & Murgh Pulao - Chatri Chowk . in Lahore"
item_1702,145,Karachi Naseeb Biryani & Murgh Pulao - Chatri Chowk,menu_item,Shami Kabab,Sides & Appetizers,68.0,3.4,Lahore,"Shami Kabab . Sides & Appetizers . Shami Kabab  Soft, Spiced, and Satisfying

A delicious blend of minced meat, chana daal (lentils), fresh herbs, and traditional spices, slow-cooked and pan-fried to perfection. Crispy on the outside, soft and flavorful on the inside a timeless favorite in every desi household.

Finely minced meat and lentils

Mildly spiced and shallow-fried

Perfect as a snack, side dish, or in burgers and rolls

Enjoy the rich, homemade taste of our classic Shami Kababs  made fresh, served hot. . at Karachi Naseeb Biryani & Murgh Pulao - Chatri Chowk . in Lahore"
item_1703,145,Karachi Naseeb Biryani & Murgh Pulao - Chatri Chowk,menu_item,Zeera Raita,Sides & Appetizers,102.0,3.4,Lahore,"Zeera Raita . Sides & Appetizers . Zeera Raita-Cool, Creamy, and Flavored with Cumin

A refreshing yogurt-based side dish blended with roasted cumin powder, a pinch of salt, and a touch of black pepper. Smooth, creamy, and lightly spiced, its the perfect cooling companion to any spicy meal.

Made with fresh, creamy yogurt

Roasted cumin for rich aroma and taste

Ideal with biryani, pulao, kebabs, or BBQ

Balance the heat and elevate your meal with our classic Zeera Raita. . at Karachi Naseeb Biryani & Murgh Pulao - Chatri Chowk . in Lahore"
item_1704,145,Karachi Naseeb Biryani & Murgh Pulao - Chatri Chowk,menu_item,Chicken Chili Boti,BBQ & Grill,612.0,3.4,Lahore,Chicken Chili Boti . BBQ & Grill . Grilled skewered chicken with a spicy and aromatic flavor. . at Karachi Naseeb Biryani & Murgh Pulao - Chatri Chowk . in Lahore
item_1705,145,Karachi Naseeb Biryani & Murgh Pulao - Chatri Chowk,menu_item,Malai Tikka,BBQ & Grill,612.0,3.4,Lahore,"Malai Tikka . BBQ & Grill . Tender marinated meat grilled to perfection, served with creamy sauce and aromatic spices. . at Karachi Naseeb Biryani & Murgh Pulao - Chatri Chowk . in Lahore"
item_1706,145,Karachi Naseeb Biryani & Murgh Pulao - Chatri Chowk,menu_item,CHICKEN BIRYANI,Rice & Biryani,339.15,3.4,Lahore,"CHICKEN BIRYANI . Rice & Biryani . Experience the rich flavors of our signature Chicken Biryani, made with long-grain basmati rice, tender chicken, and a blend of authentic spices. Every bite is packed with aroma, taste, and tradition.

Fragrant basmati rice

Juicy, marinated chicken

Hand-ground, traditional spices

Cooked with love  just like home

Whether its a special occasion or your daily craving, Naseeb Biryani brings you the true essence of desi flavor in every plate. . at Karachi Naseeb Biryani & Murgh Pulao - Chatri Chowk . in Lahore"
item_1707,145,Karachi Naseeb Biryani & Murgh Pulao - Chatri Chowk,menu_item,Chicken Kabab Biryani,Rice & Biryani,467.5,3.4,Lahore,Chicken Kabab Biryani . Rice & Biryani . Served with Biryani Rice And one seekh Kabab . at Karachi Naseeb Biryani & Murgh Pulao - Chatri Chowk . in Lahore
item_1708,145,Karachi Naseeb Biryani & Murgh Pulao - Chatri Chowk,menu_item,Chicken Kabab Pulao,Rice & Biryani,467.5,3.4,Lahore,Chicken Kabab Pulao . Rice & Biryani . Served with Pulao Rice and one seekh kabab . at Karachi Naseeb Biryani & Murgh Pulao - Chatri Chowk . in Lahore
item_1709,145,Karachi Naseeb Biryani & Murgh Pulao - Chatri Chowk,menu_item,Chicken Pulao,Rice & Biryani,339.15,3.4,Lahore,"Chicken Pulao . Rice & Biryani . Chicken Biryani Pulao | Naseeb Biryani and Murg Pulao
Har niwala lajawab! Naseeb ki khaas Chicken Biryani Pulao ek behtareen combination hai biryani ke zaike aur pulao ke narm o nazuk andaaz ka. Khushbudar basmati chawal, masaledar chicken aur special homemade spices ke saath tayar ki gayi ye dish har dafa aik yaadgar tajurba deti hai.

Fresh and Hygienic | Ghar jaisa swaad | Rozana tayar ki jati hai
Aik baar try karein, dobara zaroor aayenge! . at Karachi Naseeb Biryani & Murgh Pulao - Chatri Chowk . in Lahore"
item_1710,145,Karachi Naseeb Biryani & Murgh Pulao - Chatri Chowk,menu_item,Chicken Tikka Biryani,Rice & Biryani,382.5,3.4,Lahore,Chicken Tikka Biryani . Rice & Biryani . Served with Masala Biryani and Fresh Cooked Tikka Pieces . at Karachi Naseeb Biryani & Murgh Pulao - Chatri Chowk . in Lahore
item_1711,145,Karachi Naseeb Biryani & Murgh Pulao - Chatri Chowk,menu_item,Chicken Tikka Pulao,Rice & Biryani,382.5,3.4,Lahore,Chicken Tikka Pulao . Rice & Biryani . Served with Pulao Rice and Chunks of Tikka Boti . at Karachi Naseeb Biryani & Murgh Pulao - Chatri Chowk . in Lahore
item_1712,145,Karachi Naseeb Biryani & Murgh Pulao - Chatri Chowk,menu_item,Sada Biryani Rice,Rice & Biryani,254.15,3.4,Lahore,Sada Biryani Rice . Rice & Biryani . Served with biryani rice and potato . at Karachi Naseeb Biryani & Murgh Pulao - Chatri Chowk . in Lahore
item_1713,145,Karachi Naseeb Biryani & Murgh Pulao - Chatri Chowk,menu_item,Sada Pulao Rice,Rice & Biryani,254.15,3.4,Lahore,Sada Pulao Rice . Rice & Biryani . Served with Pulao rice (no chicken) . at Karachi Naseeb Biryani & Murgh Pulao - Chatri Chowk . in Lahore
item_1714,145,Karachi Naseeb Biryani & Murgh Pulao - Chatri Chowk,menu_item,Chicken Seekh Kabab Roll,Shawarma & Wraps,424.15,3.4,Lahore,"Chicken Seekh Kabab Roll . Shawarma & Wraps . wraped in signature sauce,salad and freshly cooked seekh kabab . at Karachi Naseeb Biryani & Murgh Pulao - Chatri Chowk . in Lahore"
item_1715,145,Karachi Naseeb Biryani & Murgh Pulao - Chatri Chowk,menu_item,Chicken Tikka Paratha Wrap,Shawarma & Wraps,509.15,3.4,Lahore,Chicken Tikka Paratha Wrap . Shawarma & Wraps . Rolled flatbread filled with tender chicken and a savory flavor. . at Karachi Naseeb Biryani & Murgh Pulao - Chatri Chowk . in Lahore
item_1716,145,Karachi Naseeb Biryani & Murgh Pulao - Chatri Chowk,menu_item,Beef Naan,BBQ & Grill,488.75,3.4,Lahore,Beef Naan . BBQ & Grill . Tandoor baked flatbread stuffed with minced beef featuring a rich and savory flavor. . at Karachi Naseeb Biryani & Murgh Pulao - Chatri Chowk . in Lahore
item_1717,145,Karachi Naseeb Biryani & Murgh Pulao - Chatri Chowk,menu_item,Chicken Naan,BBQ & Grill,509.15,3.4,Lahore,Chicken Naan . BBQ & Grill . Oven baked flatbread stuffed with tender chicken featuring a savory and aromatic flavor. . at Karachi Naseeb Biryani & Murgh Pulao - Chatri Chowk . in Lahore
item_1718,145,Karachi Naseeb Biryani & Murgh Pulao - Chatri Chowk,menu_item,Kalonji Naan,BBQ & Grill,123.25,3.4,Lahore,"Kalonji Naan . BBQ & Grill . Kalonji Naan is a soft and fluffy Pakistani naan bread topped with kalonji (black seeds) for a subtle, nutty flavor. Baked in a tandoor, it has a crispy, golden crust with a slightly chewy interior. Perfect for pairing with curries, kebabs, or chutneys! . at Karachi Naseeb Biryani & Murgh Pulao - Chatri Chowk . in Lahore"
item_1719,145,Karachi Naseeb Biryani & Murgh Pulao - Chatri Chowk,menu_item,Mutton Naan,BBQ & Grill,714.0,3.4,Lahore,Mutton Naan . BBQ & Grill . Oven baked flatbread stuffed with minced mutton offering a rich and savory flavor. . at Karachi Naseeb Biryani & Murgh Pulao - Chatri Chowk . in Lahore
item_1720,145,Karachi Naseeb Biryani & Murgh Pulao - Chatri Chowk,menu_item,Plain Sada Roti,BBQ & Grill,67.15,3.4,Lahore,Plain Sada Roti . BBQ & Grill . Traditional unleavened flatbread freshly baked in the tandoor oven with a soft pillowy texture and light golden crust. Perfect for any meal. . at Karachi Naseeb Biryani & Murgh Pulao - Chatri Chowk . in Lahore
item_1721,146,Layers - DHA V,menu_item,Belgian Chocolate Cake,Desserts,2700.0,5.0,Lahore,Belgian Chocolate Cake . Desserts . Made from the purest Belgian chocolate . at Layers - DHA V . in Lahore
item_1722,146,Layers - DHA V,menu_item,Chocolate Dreamcake,Desserts,3100.0,5.0,Lahore,Chocolate Dreamcake . Desserts . A luscious chocolate mousse cake made with lots of love and heavenly chocolate . at Layers - DHA V . in Lahore
item_1723,146,Layers - DHA V,menu_item,Chocolate Heaven Cake,Desserts,2300.0,5.0,Lahore,Chocolate Heaven Cake . Desserts . Light chocolate icing & double layer of soft chocolate sponge. 2.5 lbs . at Layers - DHA V . in Lahore
item_1724,146,Layers - DHA V,menu_item,Chocolate Mousse Cake,Desserts,2200.0,5.0,Lahore,Chocolate Mousse Cake . Desserts . The lightest chocolate cake in town. 2.5 lbs . at Layers - DHA V . in Lahore
item_1725,146,Layers - DHA V,menu_item,Coffee Cake,Desserts,2300.0,5.0,Lahore,Coffee Cake . Desserts . Light creamy cheese icing with a sweet sense of coffee. 2.5 lbs . at Layers - DHA V . in Lahore
item_1726,146,Layers - DHA V,menu_item,Dairy Milk Cake,Desserts,2500.0,5.0,Lahore,Dairy Milk Cake . Desserts . Nothing but light dairy milk chocolate till the last bite. 2.5 lbs . at Layers - DHA V . in Lahore
item_1727,146,Layers - DHA V,menu_item,Dubai Dreamcake,Desserts,3400.0,5.0,Lahore,Dubai Dreamcake . Desserts . Crisp Pistachio Kadayif and silky milk chocolate topped with a thick chocolate disk crowned over in our in house moist sponge. . at Layers - DHA V . in Lahore
item_1728,146,Layers - DHA V,menu_item,Ferrero Classic Cake,Desserts,2600.0,5.0,Lahore,Ferrero Classic Cake . Desserts . Made from 100 percent ferrero hazelnut chocolate & roasted nuts. 2.5 lbs . at Layers - DHA V . in Lahore
item_1729,146,Layers - DHA V,menu_item,Ferrero Rocher Cake,Desserts,3600.0,5.0,Lahore,Ferrero Rocher Cake . Desserts . Made from 100 percent ferrero hazelnut chocolate & roasted nuts with ferrero rochers on top. 2.5 lbs . at Layers - DHA V . in Lahore
item_1730,146,Layers - DHA V,menu_item,German Fudge Cake,Desserts,2200.0,5.0,Lahore,German Fudge Cake . Desserts . Authentic fudge so light that it melts in your mouth. 2.5 lbs . at Layers - DHA V . in Lahore
item_1731,146,Layers - DHA V,menu_item,Honey Cake,Desserts,2700.0,5.0,Lahore,"Honey Cake . Desserts . 7 Layers of soft, caramelized honey cakes sandwiched between a cloud like burnt honey & dulce de leche whipped cream. 2.5 lbs . at Layers - DHA V . in Lahore"
item_1732,146,Layers - DHA V,menu_item,London Cheesecake,Desserts,2400.0,5.0,Lahore,London Cheesecake . Desserts . Premium cream cheese based on biscuit crust and topped with toasted meringue. Best enjoyed in frozen state for perfect flavour. . at Layers - DHA V . in Lahore
item_1733,146,Layers - DHA V,menu_item,Lotus Cake,Desserts,3100.0,5.0,Lahore,Lotus Cake . Desserts . Lotus biscoff spread with cream cheese on a fluffy vanilla sponge & crushed lotus biscuits on top. 2.5 lbs . at Layers - DHA V . in Lahore
item_1734,146,Layers - DHA V,menu_item,Lotus Three Milk Cake,Desserts,3400.0,5.0,Lahore,Lotus Three Milk Cake . Desserts . Lotus biscoff spread on top with cream cheese and a fluffy vanilla milky sponge with lotus crumbs on sides. 2.5 lbs . at Layers - DHA V . in Lahore
item_1735,146,Layers - DHA V,menu_item,Nutella Cake,Desserts,2400.0,5.0,Lahore,Nutella Cake . Desserts . Made from 100 percent nutella & imported cream. 2.5 lbs . at Layers - DHA V . in Lahore
item_1736,146,Layers - DHA V,menu_item,Parisian 7 Layers Cake,Desserts,2900.0,5.0,Lahore,"Parisian 7 Layers Cake . Desserts . Our new super moist chocolate sponge is layered with dark, milk, and white chocolate mousses, all topped with a rich chocolate icing to make the Parisian 7 Layers . at Layers - DHA V . in Lahore"
item_1737,146,Layers - DHA V,menu_item,Pistachio Cake,Desserts,3400.0,5.0,Lahore,Pistachio Cake . Desserts . Premium-rich Pistachio cream layered on a vanilla sponge & finely grounded fresh pistachios spread on top. . at Layers - DHA V . in Lahore
item_1738,146,Layers - DHA V,menu_item,Red Velvet Cake,Desserts,2400.0,5.0,Lahore,Red Velvet Cake . Desserts . Cream cheese frosting on velvety soft red sponge. 2.5 lbs . at Layers - DHA V . in Lahore
item_1739,146,Layers - DHA V,menu_item,Salted Caramel Cake,Desserts,2600.0,5.0,Lahore,"Salted Caramel Cake . Desserts . Salted caramel, creamy cheese & moist vanilla sponge. 2.5 lbs . at Layers - DHA V . in Lahore"
item_1740,146,Layers - DHA V,menu_item,Three Milk Cake,Desserts,2400.0,5.0,Lahore,"Three Milk Cake . Desserts . Vanilla sponge cake in three kind of milk, whole milk, evaporated milk & chocolate milk. 2.5 lbs . at Layers - DHA V . in Lahore"
item_1741,146,Layers - DHA V,menu_item,Chocolate Marble,Desserts,370.0,5.0,Lahore,"Chocolate Marble . Desserts . A beautiful swirl of chocolate and vanilla cookie dough, lightly sprinkled with sea salt to enhance every sweet, buttery bite . at Layers - DHA V . in Lahore"
item_1742,146,Layers - DHA V,menu_item,Coffee Toffee,Desserts,370.0,5.0,Lahore,Coffee Toffee . Desserts . Rich chocolate cookie dough loaded with chocolate chunks and crisp toffee bits for a deep cocoa flavor with a buttery crunch. . at Layers - DHA V . in Lahore
item_1743,146,Layers - DHA V,menu_item,Double Chocolate,Desserts,370.0,5.0,Lahore,"Double Chocolate . Desserts . Made with deeply nutty brown butter and loaded with thick-cut dark chocolate chunks, Rich, warm, and irresistibly gooey in every bite. . at Layers - DHA V . in Lahore"
item_1744,146,Layers - DHA V,menu_item,Lotus,Desserts,370.0,5.0,Lahore,"Lotus . Desserts . A decadent cookie infused with creamy Lotus spread, studded with crunchy Lotus biscuit pieces, and packed with dark chocolate for a caramelised finish. . at Layers - DHA V . in Lahore"
item_1745,146,Layers - DHA V,menu_item,Nutella Filled,Desserts,370.0,5.0,Lahore,Nutella Filled . Desserts . Chocolate Chunk Cookies Made With Butter & Center Filled With 100% Hazelnut Spread . at Layers - DHA V . in Lahore
item_1746,146,Layers - DHA V,menu_item,Pistachio,Desserts,370.0,5.0,Lahore,"Pistachio . Desserts . Golden cookie dough folded with caramelised pistachios and chocolate chunks, finished with a touch of flaky sea salt for the perfect sweet-salty balance. . at Layers - DHA V . in Lahore"
item_1747,146,Layers - DHA V,menu_item,Red Velvet,Desserts,370.0,5.0,Lahore,"Red Velvet . Desserts . Soft red velvet cookie dough blended with dark and white chocolate, finished with crunchy Oreo pieces for a bold and indulgent twist. . at Layers - DHA V . in Lahore"
item_1748,146,Layers - DHA V,menu_item,Triple Chocolate,Desserts,370.0,5.0,Lahore,Triple Chocolate . Desserts . Finest Belgian Milk Dark & White Chocolate Chunks Thrown Into a Cookie Dough Which Is Made of Pure Butter . at Layers - DHA V . in Lahore
item_1749,146,Layers - DHA V,menu_item,Boston Cream,Desserts,250.0,5.0,Lahore,"Boston Cream . Desserts . Unglazed shell, Hand dipped in chocolate icing and filled with vanilla custard . at Layers - DHA V . in Lahore"
item_1750,146,Layers - DHA V,menu_item,Chocolate Three Milk,Desserts,250.0,5.0,Lahore,"Chocolate Three Milk . Desserts . Topped with whip cream and drizzled chocolate, soaked in our signature Tres Leches . at Layers - DHA V . in Lahore"
item_1751,146,Layers - DHA V,menu_item,Cotton Candy,Desserts,250.0,5.0,Lahore,Cotton Candy . Desserts . Soft and fluffy ring donut topped with sweet hibiscus cotton candy flavour and multi colour sprinkled . at Layers - DHA V . in Lahore
item_1752,146,Layers - DHA V,menu_item,Malt Chocolate,Desserts,250.0,5.0,Lahore,Malt Chocolate . Desserts . Topped with chocolate crumbles with a filling of original belgian chocolate . at Layers - DHA V . in Lahore
item_1753,146,Layers - DHA V,menu_item,Nutella,Desserts,250.0,5.0,Lahore,Nutella . Desserts . Brioche airy donut filled with hazelnut chocolate with sweet cocoa sprinkled on top. . at Layers - DHA V . in Lahore
item_1754,146,Layers - DHA V,menu_item,Orange Creamsicle,Desserts,250.0,5.0,Lahore,Orange Creamsicle . Desserts . Tangy cream cheese filled mini doughnut topped with orange chocolate. . at Layers - DHA V . in Lahore
item_1755,146,Layers - DHA V,menu_item,Oreo,Desserts,250.0,5.0,Lahore,Oreo . Desserts . Oreo cream cheese filled donut with oreo crumbles on milk and white chocolate frosting on top . at Layers - DHA V . in Lahore
item_1756,146,Layers - DHA V,menu_item,Peanut Butter,Desserts,250.0,5.0,Lahore,Peanut Butter . Desserts . A heavenly fluffy mixture of peanut butter and chocolate . at Layers - DHA V . in Lahore
item_1757,146,Layers - DHA V,menu_item,Pistachio Kunafa,Desserts,250.0,5.0,Lahore,"Pistachio Kunafa . Desserts . A soft donut filled with creamy pistachio kunafa, topped with chocolate and crushed pistachios . at Layers - DHA V . in Lahore"
item_1758,146,Layers - DHA V,menu_item,Plain Glaze,Desserts,250.0,5.0,Lahore,Plain Glaze . Desserts . An original glazed mini donut . at Layers - DHA V . in Lahore
item_1759,146,Layers - DHA V,menu_item,Strawberry,Desserts,250.0,5.0,Lahore,Strawberry . Desserts . Fluffy ring donut covered with indulgent strawberry coating . at Layers - DHA V . in Lahore
item_1760,146,Layers - DHA V,menu_item,Apple Crumble Cheese Muffin,Other,250.0,5.0,Lahore,Apple Crumble Cheese Muffin . Other . Soft vanilla muffin with a hint of apple and imported cheese inside . at Layers - DHA V . in Lahore
item_1761,146,Layers - DHA V,menu_item,Banana Walnut Muffin,Other,250.0,5.0,Lahore,Banana Walnut Muffin . Other . Vanilla muffin with chunks of walnut inside and a hint of banana . at Layers - DHA V . in Lahore
item_1762,146,Layers - DHA V,menu_item,Galaxy Sundae,Desserts,500.0,5.0,Lahore,"Galaxy Sundae . Desserts . Oreo fudge brownie, Crème cheese, Short bread biscuits & Galaxy chocolate! . at Layers - DHA V . in Lahore"
item_1763,146,Layers - DHA V,menu_item,Lotus Sundae,Desserts,500.0,5.0,Lahore,"Lotus Sundae . Desserts . Caramel with rock salt topped over brownie, Crème cheese, Short bread biscuits & Rich chocolate! . at Layers - DHA V . in Lahore"
item_1764,146,Layers - DHA V,menu_item,Mango Tres Leches,Desserts,550.0,5.0,Lahore,"Mango Tres Leches . Desserts . Layers of soft three milk sponge, silky panna cotta, juicy mango chunks, and fresh mango purée, finished with nutritious chia seed pudding for the perfect tropical indulgence. . at Layers - DHA V . in Lahore"
item_1765,146,Layers - DHA V,menu_item,Nutella Sundae,Desserts,500.0,5.0,Lahore,"Nutella Sundae . Desserts . Roasted nuts, Super moist brownie, Crème cheese & Lots of Nutella! . at Layers - DHA V . in Lahore"
item_1766,146,Layers - DHA V,menu_item,Red Velvet Sundae,Desserts,500.0,5.0,Lahore,Red Velvet Sundae . Desserts . Tangy crème cheese with biscuits & Red velvet brownie! . at Layers - DHA V . in Lahore
item_1767,146,Layers - DHA V,menu_item,Salted Caramel Sundae,Desserts,500.0,5.0,Lahore,"Salted Caramel Sundae . Desserts . Caramel with rock salt topped over brownie, Crème cheese, Short bread biscuits & Rich chocolate! . at Layers - DHA V . in Lahore"
item_1768,146,Layers - DHA V,menu_item,Three Milk Sundae,Desserts,500.0,5.0,Lahore,"Three Milk Sundae . Desserts . Moist sponge soaked in evaporated milk, condensed milk & whole milk having smooth chocolate between the layers! . at Layers - DHA V . in Lahore"
item_1769,146,Layers - DHA V,menu_item,Tres Berry Leches,Desserts,550.0,5.0,Lahore,Tres Berry Leches . Desserts . Introducing a new cake sponge soaked in three types of milk with tangy mixed berry compote. . at Layers - DHA V . in Lahore
item_1770,146,Layers - DHA V,menu_item,Belgian Chocolate Cup Tart,Other,300.0,5.0,Lahore,Belgian Chocolate Cup Tart . Other . Made from 100% Authentic Belgian Chocolate . at Layers - DHA V . in Lahore
item_1771,147,Mary Browns Phase 5,menu_item,7up - 1.5 Litre,Beverages,295.0,4.8,DHA,"7up - 1.5 Litre . Beverages . Citrusy, refreshing soda with a sweet, bubbly taste. Perfect for quenching thirst. . at Mary Browns Phase 5 . in DHA"
item_1772,147,Mary Browns Phase 5,menu_item,7up - 345 ml,Beverages,180.0,4.8,DHA,"7up - 345 ml . Beverages . A refreshing citrus-flavored soft drink with a crisp, bubbly texture. . at Mary Browns Phase 5 . in DHA"
item_1773,147,Mary Browns Phase 5,menu_item,Aquafina Water - 500 ml,Beverages,85.0,4.8,DHA,"Aquafina Water - 500 ml . Beverages . Refreshing bottled water, perfect for hydration on-the-go. ' ' . at Mary Browns Phase 5 . in DHA"
item_1774,147,Mary Browns Phase 5,menu_item,Mango Ice Tea,Beverages,180.0,4.8,DHA,Mango Ice Tea . Beverages . A refreshing beverage made by combining tea with sweet mango flavor . at Mary Browns Phase 5 . in DHA
item_1775,147,Mary Browns Phase 5,menu_item,Peach Ice Tea,Beverages,180.0,4.8,DHA,"Peach Ice Tea . Beverages . A refreshing beverage that blends tea extract with the sweet, fruity flavor of peaches . at Mary Browns Phase 5 . in DHA"
item_1776,147,Mary Browns Phase 5,menu_item,Fried Chicken 1 Piece,Meat Mains,445.0,4.8,DHA,"Fried Chicken 1 Piece . Meat Mains . Chicken pieces coated in a seasoned batter or breading and then fried until the exterior is golden brown and crispy, while the interior remains juicy and tender. . at Mary Browns Phase 5 . in DHA"
item_1777,147,Mary Browns Phase 5,menu_item,Brownie Sundae,Desserts,565.0,4.8,DHA,"Brownie Sundae . Desserts . A warm, soft brownie served with creamy ice cream and finished with a drizzle of chocolate syrup. . at Mary Browns Phase 5 . in DHA"
item_1778,147,Mary Browns Phase 5,menu_item,Chocolate Sundae,Desserts,565.0,4.8,DHA,"Chocolate Sundae . Desserts . Creamy ice cream topped with rich chocolate sauce, whipped cream, and a cherry. . at Mary Browns Phase 5 . in DHA"
item_1779,147,Mary Browns Phase 5,menu_item,Strawberry Sundae,Desserts,565.0,4.8,DHA,Strawberry Sundae . Desserts . Creamy ice cream topped with fresh strawberries and drizzled with sweet syrup. . at Mary Browns Phase 5 . in DHA
item_1780,147,Mary Browns Phase 5,menu_item,Vanilla Sundae,Desserts,355.0,4.8,DHA,"Vanilla Sundae . Desserts . Pure, creamy vanilla ice cream served in its simple elegance – light, refreshing, and always delightful. . at Mary Browns Phase 5 . in DHA"
item_1781,147,Mary Browns Phase 5,menu_item,Buffalo Sauce,Add-ons & Condiments,150.0,4.8,DHA,"Buffalo Sauce . Add-ons & Condiments . A zesty, spicy sauce with a tangy kick bold, flavorful, and made to turn up the heat. . at Mary Browns Phase 5 . in DHA"
item_1782,147,Mary Browns Phase 5,menu_item,Ginger BBQ Sauce,Add-ons & Condiments,150.0,4.8,DHA,"Ginger BBQ Sauce . Add-ons & Condiments . Smoky barbecue flavor with a touch of ginger sweet, savory, and irresistibly unique. . at Mary Browns Phase 5 . in DHA"
item_1783,147,Mary Browns Phase 5,menu_item,MB Sauce,Add-ons & Condiments,150.0,4.8,DHA,"MB Sauce . Add-ons & Condiments . Savory sauce with a blend of spices, perfect for enhancing various dishes. . at Mary Browns Phase 5 . in DHA"
item_1784,147,Mary Browns Phase 5,menu_item,Ranch Sauce,Add-ons & Condiments,150.0,4.8,DHA,"Ranch Sauce . Add-ons & Condiments . A classic ranch dip made with cool, herby flavors – creamy and refreshing with every bite. . at Mary Browns Phase 5 . in DHA"
item_1785,147,Mary Browns Phase 5,menu_item,Spicy Mayo Sauce,Add-ons & Condiments,150.0,4.8,DHA,"Spicy Mayo Sauce . Add-ons & Condiments . Creamy mayo with a fiery twist – smooth in texture, bold in flavor, and just the right amount of heat. . at Mary Browns Phase 5 . in DHA"
item_1786,147,Mary Browns Phase 5,menu_item,Buffalo Big Mary Combo,Deals & Combos,1044.0,4.8,DHA,"Buffalo Big Mary Combo . Deals & Combos . Buffalo sauce on a crispy, juicy chicken breast, topped with fresh lettuce and an irresistible ranch that makes the flavour even better. All on a soft bun to complement the crunch. Served with our famous taters and a refreshing soft drink. . at Mary Browns Phase 5 . in DHA"
item_1787,147,Mary Browns Phase 5,menu_item,Spicy Big Mary Combo,Deals & Combos,1044.0,4.8,DHA,"Spicy Big Mary Combo . Deals & Combos . Spicy sauce on a crispy, juicy chicken breast, topped with fresh lettuce and an irresistible ranch that makes the flavour even better. All on a soft bun to complement the crunch. Served with our famous taters and a refreshing soft drink. . at Mary Browns Phase 5 . in DHA"
item_1788,147,Mary Browns Phase 5,menu_item,The Original Big Mary Combo,Deals & Combos,1044.0,4.8,DHA,"The Original Big Mary Combo . Deals & Combos . There is a reason why the original is the original: you cant outdo the doer. Our handmade chicken breast cooked to perfection, with fresh lettuce and creamy mayo on a sesame bun. Includes our world-famous taters and a refreshing soft drink. . at Mary Browns Phase 5 . in DHA"
item_1789,147,Mary Browns Phase 5,menu_item,The Big Family Deal,Other,2495.0,4.8,DHA,"The Big Family Deal . Other . 9 pcs chicken.
2 gravies.
2 coleslaws.
1.5L drink.
Everything your Iftar table needs , in one box.
Better Together starts here.
Always Fresh. Never Frozen. . at Mary Browns Phase 5 . in DHA"
item_1790,147,Mary Browns Phase 5,menu_item,The Drumroll,Other,1799.0,4.8,DHA,The Drumroll . Other . Enjoy flavorful 9 drumsticks with a chiller 1.5 liter Pepsi for the ultimate feast experience . at Mary Browns Phase 5 . in DHA
item_1791,147,Mary Browns Phase 5,menu_item,The Squad Meal,Other,2699.0,4.8,DHA,"The Squad Meal . Other . 2 BM sandwiches. 2 mini sandwiches.
4 drinks 345ml, tater poutine.
Pull up with the upgrade.
Always Fresh. Never Frozen. . at Mary Browns Phase 5 . in DHA"
item_1792,147,Mary Browns Phase 5,menu_item,13 Piece Feast,Other,3795.0,4.8,DHA,"13 Piece Feast . Other . Whats a feast without chicken This includes: 
13 pieces of our world-famous homemade chicken. 
Serving up to 6 people. . at Mary Browns Phase 5 . in DHA"
item_1793,147,Mary Browns Phase 5,menu_item,9 Piece Feast,Other,2595.0,4.8,DHA,"9 Piece Feast . Other . Whats a feast without chicken.. This includes:
9 pieces of our world-famous homemade chicken. . at Mary Browns Phase 5 . in DHA"
item_1794,147,Mary Browns Phase 5,menu_item,Cappuccino,Beverages,365.0,4.8,DHA,Cappuccino . Beverages . A full-bodied coffee . at Mary Browns Phase 5 . in DHA
item_1795,147,Mary Browns Phase 5,menu_item,Cardamom Tea,Beverages,355.0,4.8,DHA,"Cardamom Tea . Beverages . A fragrant beverage infused with cardamom, offering warmth and aromatic flavors. . at Mary Browns Phase 5 . in DHA"
item_1796,147,Mary Browns Phase 5,menu_item,Espresso Coffee,Beverages,355.0,4.8,DHA,Espresso Coffee . Beverages . A full-bodied coffee . at Mary Browns Phase 5 . in DHA
item_1797,147,Mary Browns Phase 5,menu_item,Karak Tea,Beverages,355.0,4.8,DHA,"Karak Tea . Beverages . A spiced, strong tea with milk, often enjoyed with sweet snacks. . at Mary Browns Phase 5 . in DHA"
item_1798,147,Mary Browns Phase 5,menu_item,Kids Boneless Tender Combo,Other,745.0,4.8,DHA,"Kids Boneless Tender Combo . Other . Two crispy chicken pieces for your little one, alongside our taters and a dipping sauce of their choice. . at Mary Browns Phase 5 . in DHA"
item_1799,147,Mary Browns Phase 5,menu_item,Kids Chicken Combo,Other,575.0,4.8,DHA,"Kids Chicken Combo . Other . The perfect chicken combo for kids. It includes everything they love: crispy fresh chicken, taters, and a refreshing drink. . at Mary Browns Phase 5 . in DHA"
item_1800,147,Mary Browns Phase 5,menu_item,Kids Chicken Pop Ins Combo,Other,795.0,4.8,DHA,Kids Chicken Pop Ins Combo . Other . Kids love our Chicken Pop-Ins; they are made with love for your little one. Small crispy chicken bites served with our signature taters and a refreshing drink. . at Mary Browns Phase 5 . in DHA
item_1801,147,Mary Browns Phase 5,menu_item,The Fiery Mary,Deals & Combos,895.0,4.8,DHA,"The Fiery Mary . Deals & Combos . Turn up the heat with our all-new Fiery Mary — a crispy, juicy chicken burger loaded with fresh tomatoes, crunchy onions, jalapeños, tangy pickles, crisp lettuce, and a melty cheese slice, all stacked inside a soft steamed bun. Packed with bold flavors and a fiery kick in every bite, this burger is made for spice lovers. . at Mary Browns Phase 5 . in DHA"
item_1802,147,Mary Browns Phase 5,menu_item,MB Value Feast,Deals & Combos,999.0,4.8,DHA,"MB Value Feast . Deals & Combos . 1x Wrap
1x Chicken Piece 
1x Drink . at Mary Browns Phase 5 . in DHA"
item_1803,147,Mary Browns Phase 5,menu_item,Mary Combo,Deals & Combos,599.04,4.8,DHA,"Mary Combo . Deals & Combos . Treat yourself to our Juicy Big Mary Sandwich choose from Original, Spicy, or Buffalo flavors paired with a drink of your choice, all at an exclusive discounted price! Dont miss out on this amazing deal. . at Mary Browns Phase 5 . in DHA"
item_1804,147,Mary Browns Phase 5,menu_item,Big Mary Spicy Sandwich,Sandwiches,795.0,4.8,DHA,"Big Mary Spicy Sandwich . Sandwiches . The Spicy Big Mary is everyone dream: homestyle breaded chicken breast cooked to perfection, topped off with flavor packed pickles and our creamy spicy mayo to turn everything up a notch. . at Mary Browns Phase 5 . in DHA"
item_1805,147,Mary Browns Phase 5,menu_item,Buffalo Mary Sandwich,Sandwiches,795.0,4.8,DHA,"Buffalo Mary Sandwich . Sandwiches . Buffalo sauce on a crispy, juicy chicken breast, topped with fresh lettuce and an irresistible ranch that makes the flavor even better. All on a soft bun to complement the crunch. . at Mary Browns Phase 5 . in DHA"
item_1806,147,Mary Browns Phase 5,menu_item,Original Big Mary Sandwich,Sandwiches,795.0,4.8,DHA,"Original Big Mary Sandwich . Sandwiches . There is a reason why the original is the original: you cant outdo the doer. Our handmade chicken breast cooked to perfection, with fresh lettuce and creamy mayo on a sesame bun. . at Mary Browns Phase 5 . in DHA"
item_1807,147,Mary Browns Phase 5,menu_item,Chicken Pop-Ins,Other,745.0,4.8,DHA,"Chicken Pop-Ins . Other . Our Pop-Ins are small but big on flavor and crispness.
Choose serving size . at Mary Browns Phase 5 . in DHA"
item_1808,147,Mary Browns Phase 5,menu_item,Cheese slice,Sides & Appetizers,125.0,4.8,DHA,"Cheese slice . Sides & Appetizers . a thin, uniform square of processed or semi-Soft cheese, often individually wrapped for convenience . at Mary Browns Phase 5 . in DHA"
item_1809,147,Mary Browns Phase 5,menu_item,Coleslaw,Sides & Appetizers,245.0,4.8,DHA,Coleslaw . Sides & Appetizers . Medium . at Mary Browns Phase 5 . in DHA
item_1810,147,Mary Browns Phase 5,menu_item,Crispy Spicy Chicken Twists,Sides & Appetizers,365.0,4.8,DHA,"Crispy Spicy Chicken Twists . Sides & Appetizers . Crispy, spicy chicken twists with a crunchy exterior and flavorful, tender filling. . at Mary Browns Phase 5 . in DHA"
item_1811,147,Mary Browns Phase 5,menu_item,Gravy,Sides & Appetizers,445.0,4.8,DHA,Gravy . Sides & Appetizers . One Cup . at Mary Browns Phase 5 . in DHA
item_1812,147,Mary Browns Phase 5,menu_item,Slider Bun,Sides & Appetizers,65.0,4.8,DHA,Slider Bun . Sides & Appetizers . Baked Bun . at Mary Browns Phase 5 . in DHA
item_1813,147,Mary Browns Phase 5,menu_item,Taters,Sides & Appetizers,395.0,4.8,DHA,Taters . Sides & Appetizers . Seasoned Taters . at Mary Browns Phase 5 . in DHA
item_1814,147,Mary Browns Phase 5,menu_item,Taters Poutine,Sides & Appetizers,665.0,4.8,DHA,"Taters Poutine . Sides & Appetizers . An MB exclusive! Our tasty Taters, made from fresh potatoes, topped with cheese, and smothered in MB Gravy. . at Mary Browns Phase 5 . in DHA"
item_1815,147,Mary Browns Phase 5,menu_item,2 Piece Chicken,Meat Mains,845.0,4.8,DHA,"2 Piece Chicken . Meat Mains . Our 2 Piece Chicken is crispy, breaded chicken made using our signature recipe and fresh ingredient. (Choose Original, Spicy, or Split of both.) . at Mary Browns Phase 5 . in DHA"
item_1816,147,Mary Browns Phase 5,menu_item,3 Piece Chicken,Meat Mains,1245.0,4.8,DHA,"3 Piece Chicken . Meat Mains . Our 3 Piece Chicken is crispy, breaded chicken made using our signature recipe and fresh ingredients. (Choose Original, Spicy, or Split of both.) . at Mary Browns Phase 5 . in DHA"
item_1817,147,Mary Browns Phase 5,menu_item,5 Piece Chicken,Meat Mains,1645.0,4.8,DHA,"5 Piece Chicken . Meat Mains . Our 5 Piece Chicken is crispy, breaded chicken made using our signature recipe and fresh ingredients. (Choose Original, Spicy, or Split of both.) . at Mary Browns Phase 5 . in DHA"
item_1818,147,Mary Browns Phase 5,menu_item,The Quick Hit,Deals & Combos,499.0,4.8,DHA,The Quick Hit . Deals & Combos . Get a poutine and a drink for just 499. A combo worth snacking on anytime . at Mary Browns Phase 5 . in DHA
item_1819,147,Mary Browns Phase 5,menu_item,3 Tenders,Other,695.0,4.8,DHA,3 Tenders . Other . The perfect snack for when you are feeling a bit peckish: 3 crispy tenders alongside our signature taters. . at Mary Browns Phase 5 . in DHA
item_1820,147,Mary Browns Phase 5,menu_item,5 Tenders,Other,995.0,4.8,DHA,"5 Tenders . Other . What is better than one tender.. Five! Enjoy our 5 Tender Combo, which includes juicy chicken tenders . at Mary Browns Phase 5 . in DHA"
item_1821,147,Mary Browns Phase 5,menu_item,Shake (Choose Your Flavor),Beverages,565.0,4.8,DHA,"Shake (Choose Your Flavor) . Beverages . Creamy, sweet beverage made with vanilla ice cream and milk, blended to perfection. . at Mary Browns Phase 5 . in DHA"
item_1822,147,Mary Browns Phase 5,menu_item,Chicken Wings,Wings & Fried,595.0,4.8,DHA,"Chicken Wings . Wings & Fried . Our chicken wings are not like the rest. They are crispy, full of flavor, crunchy, and perfect for wing lovers. . at Mary Browns Phase 5 . in DHA"
item_1823,147,Mary Browns Phase 5,menu_item,MB Special Wrap,Shawarma & Wraps,745.0,4.8,DHA,"MB Special Wrap . Shawarma & Wraps . Sometimes all you need is a soft wrap filled with crispy chicken strips, cheese in every bite, and our OG Mary Brown sauce: made with love and packed with flavor. . at Mary Browns Phase 5 . in DHA"
item_1824,147,Mary Browns Phase 5,menu_item,Original Spicy Wrap,Shawarma & Wraps,645.0,4.8,DHA,"Original Spicy Wrap . Shawarma & Wraps . A soft tortilla filled with fresh lettuce, juicy chicken strips, melted cheese, and creamy mayo sauce grilled to perfection for a warm, flavorful finish. . at Mary Browns Phase 5 . in DHA"
item_1825,148,McDonald's - Def Phase -5,menu_item,McChicken w/o Cheese with Regular Drink,Deals & Combos,418.1,4.4,DHA,"McChicken w/o Cheese with Regular Drink . Deals & Combos . Enjoy the classic McChicken made with 100% tender chicken, crisp lettuce, and creamy mayo, perfectly paired with your choice of a refreshing regular drink. . at McDonald's - Def Phase -5 . in DHA"
item_1826,148,McDonald's - Def Phase -5,menu_item,Beef Burger,Meat Mains,431.04,4.4,DHA,"Beef Burger . Meat Mains . You will want this 100% pure beef, topped with onion, pickles, ketchup and mustard on a soft, fluffy bun all to yourself. . at McDonald's - Def Phase -5 . in DHA"
item_1827,148,McDonald's - Def Phase -5,menu_item,Beef Burger with Fries and Drink,Meat Mains,646.56,4.4,DHA,"Beef Burger with Fries and Drink . Meat Mains . Enjoy the classic taste of a perfectly seasoned beef patty, served with a drink and fries. . at McDonald's - Def Phase -5 . in DHA"
item_1828,148,McDonald's - Def Phase -5,menu_item,Big Mac,Meat Mains,974.14,4.4,DHA,"Big Mac . Meat Mains . Made with a double layer of sear-sizzled 100% pure beef that mingles with sauce and melted cheese, onion, lettuce and pickles . at McDonald's - Def Phase -5 . in DHA"
item_1829,148,McDonald's - Def Phase -5,menu_item,Cheese Burger,Meat Mains,491.38,4.4,DHA,"Cheese Burger . Meat Mains . A legendary combo of 100% pure beef, onions, pickles, ketchup, mustard and cheese, all in a soft burger bun. . at McDonald's - Def Phase -5 . in DHA"
item_1830,148,McDonald's - Def Phase -5,menu_item,Cheese Burger with Fries and Drink,Meat Mains,706.9,4.4,DHA,"Cheese Burger with Fries and Drink . Meat Mains . Our Cheeseburger comes with a juicy beef patty topped with cheese, all in a toasted bun, and includes a drink and fries. . at McDonald's - Def Phase -5 . in DHA"
item_1831,148,McDonald's - Def Phase -5,menu_item,Double Cheese Burger,Meat Mains,862.07,4.4,DHA,Double Cheese Burger . Meat Mains . The first hit of sear-sizzled 100% pure beef gets your taste buds ready for that delicious second hit of the double layer melted cheese. . at McDonald's - Def Phase -5 . in DHA
item_1832,148,McDonald's - Def Phase -5,menu_item,Large Meal Big Mac,Meat Mains,1379.31,4.4,DHA,"Large Meal Big Mac . Meat Mains . Made with a double layer of sear-sizzled 100% pure beef that mingles with sauce and melted cheese, onion, lettuce and pickle served with our  our Large World Famous Fries® and chilled cold drink of your choice. . at McDonald's - Def Phase -5 . in DHA"
item_1833,148,McDonald's - Def Phase -5,menu_item,Large Meal Double Cheese Burger,Meat Mains,1293.1,4.4,DHA,"Large Meal Double Cheese Burger . Meat Mains . Two pure halal beef patties with absolutely no fillers, additives or preservatives, seasoned with a pinch of salt and pepper, and topped with tangy pickles, chopped onions, ketchup, mustard and two slices of melty American cheese served with Large World Famous Fries® and chilled soft drink of your choice. . at McDonald's - Def Phase -5 . in DHA"
item_1834,148,McDonald's - Def Phase -5,menu_item,Large Meal McRoyale,Meat Mains,1379.31,4.4,DHA,"Large Meal McRoyale . Meat Mains . Made with pure beef patty, cheese slice, lettuce, tomato, mayonnaise, ketchup, mustard, onions and pickles, and a sesame seed bun served with our Large World Famous Fries® and chilled soft drink of your choice. . at McDonald's - Def Phase -5 . in DHA"
item_1835,148,McDonald's - Def Phase -5,menu_item,Large Meal Quarter Pounder,Meat Mains,1379.31,4.4,DHA,"Large Meal Quarter Pounder . Meat Mains . 100% pure beef and a double helping of cheese with simple and quality ingredients, bettered by adding onion, pickles, tomato ketchup and mustard in a sesame seed bun. . at McDonald's - Def Phase -5 . in DHA"
item_1836,148,McDonald's - Def Phase -5,menu_item,McRoyale,Meat Mains,974.14,4.4,DHA,"McRoyale . Meat Mains . Made with 100% pure beef patty, cheese slice, lettuce, tomato, mayonnaise, ketchup, mustard, onions, and pickles, all set on a sesame seed bun, McRoyale truly understands your cravings! . at McDonald's - Def Phase -5 . in DHA"
item_1837,148,McDonald's - Def Phase -5,menu_item,Medium Meal Big Mac,Meat Mains,1293.11,4.4,DHA,"Medium Meal Big Mac . Meat Mains . It is made with a double layer of sear-sizzled 100% pure beef that mingles with sauce and melted cheese, diced onion, crisp shredded iceberg lettuce and a crunch of pickle. . at McDonald's - Def Phase -5 . in DHA"
item_1838,148,McDonald's - Def Phase -5,menu_item,Medium Meal Double Cheese,Meat Mains,1206.9,4.4,DHA,Medium Meal Double Cheese . Meat Mains . The first hit of sear-sizzled 100% pure beef gets your taste buds ready for that delicious second hit of the double layer melted cheese. . at McDonald's - Def Phase -5 . in DHA
item_1839,148,McDonald's - Def Phase -5,menu_item,Medium Meal McRoyale,Meat Mains,1293.11,4.4,DHA,"Medium Meal McRoyale . Meat Mains . Made with pure beef patty, cheese slice, lettuce, tomato, mayonnaise, ketchup, mustard, onions and pickles, and a sesame seed bun served with our Medium World Famous Fries® and chilled soft drink of your choice. . at McDonald's - Def Phase -5 . in DHA"
item_1840,148,McDonald's - Def Phase -5,menu_item,Medium Meal Quarter Pounder,Meat Mains,1293.11,4.4,DHA,"Medium Meal Quarter Pounder . Meat Mains . Just a pinch of salt and pepper, and seared on our grill so it’s thick and juicy. Layered with two slices of melty cheese, slivered onions and tangy pickles on a sesame seed bun, Quarter Pounder is a sure beef delight. Served with  Medium World Famous Fries® and chilled soft drink. . at McDonald's - Def Phase -5 . in DHA"
item_1841,148,McDonald's - Def Phase -5,menu_item,Quarter Pounder,Meat Mains,974.14,4.4,DHA,"Quarter Pounder . Meat Mains . Just a pinch of salt and pepper, and seared on our grill so it’s thick and juicy. Layered with two slices of melty cheese, slivered onions and tangy pickles on a sesame seed bun, Quarter Pounder is a sure beef delight. . at McDonald's - Def Phase -5 . in DHA"
item_1842,148,McDonald's - Def Phase -5,menu_item,Regular Meal Big Mac,Meat Mains,1163.8,4.4,DHA,"Regular Meal Big Mac . Meat Mains . It is made with a double layer of sear-sizzled 100% pure beef that mingles with sauce and melted cheese, diced onion, crisp shredded iceberg lettuce and a crunch of pickle. . at McDonald's - Def Phase -5 . in DHA"
item_1843,148,McDonald's - Def Phase -5,menu_item,Regular Meal Double Cheese,Meat Mains,1077.59,4.4,DHA,"Regular Meal Double Cheese . Meat Mains . Two pure halal beef patties with absolutely no fillers, additives or preservatives, seasoned with a pinch of salt and pepper, and topped with tangy pickles, chopped onions, ketchup, mustard and two slices of melty American cheese served with Regular World Famous Fries® and chilled soft drink of your choice. . at McDonald's - Def Phase -5 . in DHA"
item_1844,148,McDonald's - Def Phase -5,menu_item,Regular Meal McRoyale,Meat Mains,1163.8,4.4,DHA,"Regular Meal McRoyale . Meat Mains . Made with pure beef patty, cheese slice, lettuce, tomato, mayonnaise, ketchup, mustard, onions and pickles, and a sesame seed bun served with our Regular World Famous Fries® and chilled soft drink of your choice. . at McDonald's - Def Phase -5 . in DHA"
item_1845,148,McDonald's - Def Phase -5,menu_item,Regular Meal Quarter Pounder,Meat Mains,1163.8,4.4,DHA,"Regular Meal Quarter Pounder . Meat Mains . 100% pure beef and a double helping of cheese with simple and quality ingredients, bettered by adding onion, pickles, tomato ketchup and mustard in a sesame seed bun. . at McDonald's - Def Phase -5 . in DHA"
item_1846,148,McDonald's - Def Phase -5,menu_item,Creamy Mango Twist,Beverages,344.83,4.4,DHA,"Creamy Mango Twist . Beverages . A refreshing mango Sprite® drink served over ice and topped with smooth cream, bringing together tropical sweetness, fizz and a creamy finish. . at McDonald's - Def Phase -5 . in DHA"
item_1847,148,McDonald's - Def Phase -5,menu_item,Creamy Strawberry Bliss,Beverages,344.83,4.4,DHA,"Creamy Strawberry Bliss . Beverages . A refreshing strawberry Sprite® drink served over ice and topped with smooth cream, bringing together fruity sweetness, fizz and a creamy finish. . at McDonald's - Def Phase -5 . in DHA"
item_1848,148,McDonald's - Def Phase -5,menu_item,Green Tea,Beverages,258.63,4.4,DHA,"Green Tea . Beverages . Delicious, aromatic Green tea. . at McDonald's - Def Phase -5 . in DHA"
item_1849,148,McDonald's - Def Phase -5,menu_item,Large Chocolate Shake,Beverages,646.56,4.4,DHA,"Large Chocolate Shake . Beverages . A creamy, fresh milk and chocolate shake so thick it hardly makes it up the straw . at McDonald's - Def Phase -5 . in DHA"
item_1850,148,McDonald's - Def Phase -5,menu_item,Large Coke 630 ml,Beverages,301.73,4.4,DHA,"Large Coke 630 ml . Beverages . There’s nothing like the world famous, thirst-quenching taste. . at McDonald's - Def Phase -5 . in DHA"
item_1851,148,McDonald's - Def Phase -5,menu_item,Large Coke Zero 630 ml,Beverages,301.73,4.4,DHA,"Large Coke Zero 630 ml . Beverages . There’s nothing like the world famous, thirst-quenching taste. . at McDonald's - Def Phase -5 . in DHA"
item_1852,148,McDonald's - Def Phase -5,menu_item,Large Fanta 630 ml,Beverages,301.73,4.4,DHA,"Large Fanta 630 ml . Beverages . Dazzling and cheerful, with that eye-opening orange taste. . at McDonald's - Def Phase -5 . in DHA"
item_1853,148,McDonald's - Def Phase -5,menu_item,Large Pistachio Shake,Beverages,603.45,4.4,DHA,Large Pistachio Shake . Beverages . A rich and creamy shake made with fresh milk and pistachio syrup. . at McDonald's - Def Phase -5 . in DHA
item_1854,148,McDonald's - Def Phase -5,menu_item,Large Sprite 630 ml,Beverages,301.73,4.4,DHA,"Large Sprite 630 ml . Beverages . It’s refreshing, with a delightful lemonade taste. . at McDonald's - Def Phase -5 . in DHA"
item_1855,148,McDonald's - Def Phase -5,menu_item,Large Strawberry Shake,Beverages,646.56,4.4,DHA,"Large Strawberry Shake . Beverages . A creamy, fresh milk and strawberry syrup shake so thick it hardly makes it up the straw . at McDonald's - Def Phase -5 . in DHA"
item_1856,148,McDonald's - Def Phase -5,menu_item,Large Vanilla Shake,Beverages,646.56,4.4,DHA,"Large Vanilla Shake . Beverages . A creamy, fresh milk and vanilla syrup shake so thick it hardly makes it up the straw . at McDonald's - Def Phase -5 . in DHA"
item_1857,148,McDonald's - Def Phase -5,menu_item,McFizz Strawberry,Beverages,297.42,4.4,DHA,McFizz Strawberry . Beverages . Refresh your day with McFizz Strawberry . at McDonald's - Def Phase -5 . in DHA
item_1858,148,McDonald's - Def Phase -5,menu_item,McFloat Coke,Beverages,297.42,4.4,DHA,"McFloat Coke . Beverages . Cool Down, Float Up!  Dive into McFloat—a fizzy burst of Coke topped with rich, creamy soft serve. The ultimate chill is just a sip away. . at McDonald's - Def Phase -5 . in DHA"
item_1859,148,McDonald's - Def Phase -5,menu_item,McFloat Fanta,Beverages,297.42,4.4,DHA,"McFloat Fanta . Beverages . Cool Down, Float Up!  Dive into McFloat—a fizzy burst of Fanta topped with rich, creamy soft serve. The ultimate chill is just a sip away. . at McDonald's - Def Phase -5 . in DHA"
item_1860,148,McDonald's - Def Phase -5,menu_item,McFloat Sprite,Beverages,297.42,4.4,DHA,"McFloat Sprite . Beverages . Cool Down, Float Up!  Dive into McFloat—a fizzy burst of Sprite topped with rich, creamy soft serve. The ultimate chill is just a sip away. . at McDonald's - Def Phase -5 . in DHA"
item_1861,148,McDonald's - Def Phase -5,menu_item,Menta Cubana Blast,Beverages,344.83,4.4,DHA,"Menta Cubana Blast . Beverages . A refreshing Sprite® drink crafted with lime juice and a minty citrus taste, served over ice for a crisp, zesty and cooling blast. . at McDonald's - Def Phase -5 . in DHA"
item_1862,148,McDonald's - Def Phase -5,menu_item,Nestea Cardamom,Beverages,344.83,4.4,DHA,Nestea Cardamom . Beverages . A nice cup of cardamom flavored tea makes everything better! . at McDonald's - Def Phase -5 . in DHA
item_1863,148,McDonald's - Def Phase -5,menu_item,Orange Juice Tall,Beverages,844.83,4.4,DHA,Orange Juice Tall . Beverages . Enjoy fresh and 100% pure fruit juice in orange flavour. . at McDonald's - Def Phase -5 . in DHA
item_1864,148,McDonald's - Def Phase -5,menu_item,Passion Fruit Splash,Beverages,344.83,4.4,DHA,"Passion Fruit Splash . Beverages . A tropical Sprite® drink mixed with the sweet and tangy twist of passion fruit flavor, served over ice for a refreshing splash of flavor. . at McDonald's - Def Phase -5 . in DHA"
item_1865,148,McDonald's - Def Phase -5,menu_item,Tea,Beverages,318.97,4.4,DHA,Tea . Beverages . Enjoy a cup of our premium black boiled tea set to the perfect temperature. . at McDonald's - Def Phase -5 . in DHA
item_1866,148,McDonald's - Def Phase -5,menu_item,Water (500ml),Beverages,86.21,4.4,DHA,Water (500ml) . Beverages . Choose between Chilled or Room Temperature . at McDonald's - Def Phase -5 . in DHA
item_1867,148,McDonald's - Def Phase -5,menu_item,20 pc McNuggets,Meat Mains,1551.76,4.4,DHA,"20 pc McNuggets . Meat Mains . Get 20 pcs. of our tender, juicy Chicken McNuggets, made with 100% white meat chicken and no artificial colors, flavors and no artificial preservatives. . at McDonald's - Def Phase -5 . in DHA"
item_1868,148,McDonald's - Def Phase -5,menu_item,6 pc McNuggets,Meat Mains,560.36,4.4,DHA,"6 pc McNuggets . Meat Mains . Get 6 pcs. of our tender, juicy Chicken McNuggets, made with 100% white meat chicken and no artificial colors, flavors and no artificial preservatives. . at McDonald's - Def Phase -5 . in DHA"
item_1869,148,McDonald's - Def Phase -5,menu_item,9 pc McNuggets,Meat Mains,818.99,4.4,DHA,"9 pc McNuggets . Meat Mains . Whichever way you enjoy your favourite McNuggets, it’s good to know they are made with juicy white meat that makes them hard to resist. . at McDonald's - Def Phase -5 . in DHA"
item_1870,148,McDonald's - Def Phase -5,menu_item,Chicken Mac,Meat Mains,663.8,4.4,DHA,"Chicken Mac . Meat Mains . Our classic burger made with 2 breaded chicken patties, cheese, lettuce, creamy mayo, and a bun in the middle ! . at McDonald's - Def Phase -5 . in DHA"
item_1871,148,McDonald's - Def Phase -5,menu_item,Chicken Tenders 3Pc,Meat Mains,409.49,4.4,DHA,"Chicken Tenders 3Pc . Meat Mains . Strips of tender chicken breast in a seasoned, crispy coating. . at McDonald's - Def Phase -5 . in DHA"
item_1872,148,McDonald's - Def Phase -5,menu_item,Chicken Tenders 3Pc with Fries and Drink,Meat Mains,625.0,4.4,DHA,"Chicken Tenders 3Pc with Fries and Drink . Meat Mains . 3 pieces of tender chicken breast, coated in perfectly seasoned, crispy breading for a satisfying crunch, served with a drink and fries. . at McDonald's - Def Phase -5 . in DHA"
item_1873,148,McDonald's - Def Phase -5,menu_item,Chicken Tenders 5Pc,Meat Mains,625.0,4.4,DHA,"Chicken Tenders 5Pc . Meat Mains . Strips of tender chicken breast in a seasoned, crispy coating. . at McDonald's - Def Phase -5 . in DHA"
item_1874,148,McDonald's - Def Phase -5,menu_item,Chicken Tenders 5Pc with Fries and Drink,Meat Mains,840.52,4.4,DHA,"Chicken Tenders 5Pc with Fries and Drink . Meat Mains . 5 pieces of tender chicken breast, coated in perfectly seasoned, crispy breading for a satisfying crunch, served with a drink and fries. . at McDonald's - Def Phase -5 . in DHA"
item_1875,148,McDonald's - Def Phase -5,menu_item,Filet O Fish,Meat Mains,732.76,4.4,DHA,"Filet O Fish . Meat Mains . Dive right into the light and flaky white fish filet, topped with tangy tartar sauce all on a lightly steamed bun. . at McDonald's - Def Phase -5 . in DHA"
item_1876,148,McDonald's - Def Phase -5,menu_item,Grand Chicken Special,Meat Mains,1034.49,4.4,DHA,"Grand Chicken Special . Meat Mains . Introducing the Grand Chicken Special Burger: A thick, crispy chicken patty topped with a chicken roll, handful of crispy lettuce, juicy tomato, double Emmental cheese, and gourmet Dijon mustard sauce—all held together by a corn-dusted bun. . at McDonald's - Def Phase -5 . in DHA"
item_1877,148,McDonald's - Def Phase -5,menu_item,Hot N Crispy Burger,Meat Mains,387.94,4.4,DHA,"Hot N Crispy Burger . Meat Mains . The perfect spicy combination of chicken patty topped with freshly grown lettuce and our exceptional Hot N’ Crispy sauce, between a soft bun. . at McDonald's - Def Phase -5 . in DHA"
item_1878,148,McDonald's - Def Phase -5,menu_item,Hot N Crispy Burger with Fries and Drink,Meat Mains,603.45,4.4,DHA,"Hot N Crispy Burger with Fries and Drink . Meat Mains . Turn up the heat with our spicy chicken patty, topped with fresh lettuce and our special Hot N’ Crispy sauce, all in a soft bun, with a drink and fries. . at McDonald's - Def Phase -5 . in DHA"
item_1879,148,McDonald's - Def Phase -5,menu_item,Large Grand Chicken Special,Meat Mains,1448.28,4.4,DHA,Large Grand Chicken Special . Meat Mains . Enjoy Grand Chicken Special with Large Fries & Large Drink . at McDonald's - Def Phase -5 . in DHA
item_1880,148,McDonald's - Def Phase -5,menu_item,Large Meal 6Pc McNuggets,Meat Mains,991.39,4.4,DHA,"Large Meal 6Pc McNuggets . Meat Mains . Get 6 pcs. of our tender, juicy Chicken McNuggets, made with 100% white meat chicken and no artificial colors, flavors and no artificial preservatives, served with Large World Famous Fries® and chilled soft drink. . at McDonald's - Def Phase -5 . in DHA"
item_1881,148,McDonald's - Def Phase -5,menu_item,Large Meal 9Pc McNuggets,Meat Mains,1250.02,4.4,DHA,"Large Meal 9Pc McNuggets . Meat Mains . Whichever way you enjoy your favourite McNuggets, it’s good to know they are made with juicy white meat that makes them hard to resist. . at McDonald's - Def Phase -5 . in DHA"
item_1882,148,McDonald's - Def Phase -5,menu_item,Large Meal Chicken Mac,Meat Mains,1112.07,4.4,DHA,"Large Meal Chicken Mac . Meat Mains . Our classic burger made with 2 breaded chicken patties, cheese, lettuce, creamy mayo, and a bun in the middle! . at McDonald's - Def Phase -5 . in DHA"
item_1883,148,McDonald's - Def Phase -5,menu_item,Large Meal Filet-o-Fish,Meat Mains,1163.79,4.4,DHA,"Large Meal Filet-o-Fish . Meat Mains . Dive right into the light and flaky white fish filet, topped with tangy tartar sauce all on a lightly steamed bun served with Large World Famous Fries® and chilled soft drink of your choice. . at McDonald's - Def Phase -5 . in DHA"
item_1884,148,McDonald's - Def Phase -5,menu_item,Large Meal McArabia,Meat Mains,1103.45,4.4,DHA,"Large Meal McArabia . Meat Mains . Two grilled chicken patties (de-boned breast meat), Arabic bread, lettuce, tomatoes, onions, garlic sauce give you a unique and unforgettable taste. . at McDonald's - Def Phase -5 . in DHA"
item_1885,148,McDonald's - Def Phase -5,menu_item,Large Meal McChicken,Meat Mains,948.28,4.4,DHA,"Large Meal McChicken . Meat Mains . Our quality chicken breast, cooked in a seasoned tempura coating, topped with fresh grown lettuce and our exceptional McChicken sauce, between a sesame seed bun makes for a hard to beat classic. . at McDonald's - Def Phase -5 . in DHA"
item_1886,148,McDonald's - Def Phase -5,menu_item,Large Meal Spicy Crispy Deluxe,Meat Mains,1094.83,4.4,DHA,"Large Meal Spicy Crispy Deluxe . Meat Mains . A spicy crispy chicken fillet layered with crisp leaf lettuce and mayonnaise, sandwiched between a sesame seed bun. . at McDonald's - Def Phase -5 . in DHA"
item_1887,148,McDonald's - Def Phase -5,menu_item,Large Meal Spicy Grand Chicken,Meat Mains,1396.55,4.4,DHA,Large Meal Spicy Grand Chicken . Meat Mains . An assortment of premium ingredients with tantalizing notes of spiciness served with Large World Famous Fries® and chilled soft drink of your choice. . at McDonald's - Def Phase -5 . in DHA
item_1888,148,McDonald's - Def Phase -5,menu_item,McArabia,Meat Mains,646.56,4.4,DHA,"McArabia . Meat Mains . Two grilled chicken patties (de-boned breast meat), Arabic bread, lettuce, tomatoes, onions, garlic sauce give you a unique and unforgettable taste. . at McDonald's - Def Phase -5 . in DHA"
item_1889,148,McDonald's - Def Phase -5,menu_item,McChicken,Meat Mains,517.25,4.4,DHA,"McChicken . Meat Mains . Deliciously crispy chicken topped with mayonnaise, shredded lettuce, and served on a perfectly toasty bun. . at McDonald's - Def Phase -5 . in DHA"
item_1890,148,McDonald's - Def Phase -5,menu_item,Medium Meal 6 pc McNuggets,Meat Mains,905.18,4.4,DHA,"Medium Meal 6 pc McNuggets . Meat Mains . Whichever way you enjoy your favourite McNuggets, it’s good to know they are made with juicy white meat that makes them hard to resist. . at McDonald's - Def Phase -5 . in DHA"
item_1891,148,McDonald's - Def Phase -5,menu_item,Medium Meal 9 pc McNuggets,Meat Mains,1163.81,4.4,DHA,"Medium Meal 9 pc McNuggets . Meat Mains . Whichever way you enjoy your favourite McNuggets, it’s good to know they are made with juicy white meat that makes them hard to resist. . at McDonald's - Def Phase -5 . in DHA"
item_1892,148,McDonald's - Def Phase -5,menu_item,Medium Meal Chicken Mac,Meat Mains,1025.86,4.4,DHA,"Medium Meal Chicken Mac . Meat Mains . Our classic burger made with 2 breaded chicken patties, cheese, lettuce, creamy mayo, and a bun in the middle! . at McDonald's - Def Phase -5 . in DHA"
item_1893,148,McDonald's - Def Phase -5,menu_item,Medium Meal Filet-o-Fish,Meat Mains,1077.59,4.4,DHA,"Medium Meal Filet-o-Fish . Meat Mains . Dive right into the light and flaky white fish filet, topped with tangy tartar sauce all on a lightly steamed bun. . at McDonald's - Def Phase -5 . in DHA"
item_1894,148,McDonald's - Def Phase -5,menu_item,Medium Meal Grand Chicken Special,Meat Mains,1362.07,4.4,DHA,Medium Meal Grand Chicken Special . Meat Mains . Enjoy Grand Chicken Special with Medium Fries & Medium Drink . at McDonald's - Def Phase -5 . in DHA
item_1895,148,McDonald's - Def Phase -5,menu_item,Medium Meal McArabia,Meat Mains,1017.24,4.4,DHA,"Medium Meal McArabia . Meat Mains . Two grilled chicken patties (de-boned breast meat), Arabic bread, lettuce, tomatoes, onions, garlic sauce served with Medium World Famous Fries® and chilled soft drink of your choice. . at McDonald's - Def Phase -5 . in DHA"
item_1896,148,McDonald's - Def Phase -5,menu_item,Medium Meal McChicken,Meat Mains,862.07,4.4,DHA,"Medium Meal McChicken . Meat Mains . Our quality chicken breast, cooked in a seasoned tempura coating, topped with fresh grown lettuce and our exceptional McChicken sauce, between a sesame seed bun makes for a hard to beat classic. . at McDonald's - Def Phase -5 . in DHA"
item_1897,148,McDonald's - Def Phase -5,menu_item,Medium Meal Spicy Crispy Deluxe,Meat Mains,1008.62,4.4,DHA,"Medium Meal Spicy Crispy Deluxe . Meat Mains . A spicy crispy chicken fillet layered with crisp leaf lettuce and mayonnaise, sandwiched between a sesame seed bun. . at McDonald's - Def Phase -5 . in DHA"
item_1898,148,McDonald's - Def Phase -5,menu_item,Medium Meal Spicy Grand Chicken,Meat Mains,1310.35,4.4,DHA,Medium Meal Spicy Grand Chicken . Meat Mains . An assortment of premium ingredients with tantalizing notes of spiciness served with Medium World Famous Fries® and chilled soft drink of your choice. . at McDonald's - Def Phase -5 . in DHA
item_1899,148,McDonald's - Def Phase -5,menu_item,Mini McArabia,Meat Mains,387.94,4.4,DHA,"Mini McArabia . Meat Mains . One grilled chicken pattie (de-boned breast meat), Arabic bread, lettuce, tomatoes, onions, garlic sauce. . at McDonald's - Def Phase -5 . in DHA"
item_1900,148,McDonald's - Def Phase -5,menu_item,Mini McArabia with Fries and Drink,Meat Mains,603.45,4.4,DHA,"Mini McArabia with Fries and Drink . Meat Mains . A unique blend of two juicy grilled chicken patties, fresh veggies, and garlic sauce, wrapped in soft Arabic bread, and comes with a drink and fries. . at McDonald's - Def Phase -5 . in DHA"
item_1901,148,McDonald's - Def Phase -5,menu_item,Regular Meal 6 pc McNuggets,Meat Mains,775.88,4.4,DHA,"Regular Meal 6 pc McNuggets . Meat Mains . Get 6 pcs. of our tender, juicy Chicken McNuggets, made with 100% white meat chicken and no artificial colors, flavors and no artificial preservatives, served with Regular World Famous Fries® and chilled soft drink. . at McDonald's - Def Phase -5 . in DHA"
item_1902,148,McDonald's - Def Phase -5,menu_item,Regular Meal 9 pc McNuggets,Meat Mains,1034.51,4.4,DHA,"Regular Meal 9 pc McNuggets . Meat Mains . Whichever way you enjoy your favourite McNuggets, it’s good to know they are made with juicy white meat that makes them hard to resist. . at McDonald's - Def Phase -5 . in DHA"
item_1903,148,McDonald's - Def Phase -5,menu_item,Regular Meal Chicken Mac,Meat Mains,896.56,4.4,DHA,"Regular Meal Chicken Mac . Meat Mains . Our classic burger made with 2 breaded chicken patties, cheese, lettuce, creamy mayo, and a bun in the middle served with Regular World Famous Fries® and chilled soft drink of your choice. . at McDonald's - Def Phase -5 . in DHA"
item_1904,148,McDonald's - Def Phase -5,menu_item,Regular Meal Filet-o-Fish,Meat Mains,948.28,4.4,DHA,"Regular Meal Filet-o-Fish . Meat Mains . Dive right into the light and flaky white fish filet, topped with tangy tartar sauce all on a lightly steamed bun. . at McDonald's - Def Phase -5 . in DHA"
item_1905,148,McDonald's - Def Phase -5,menu_item,Regular Meal Grand Chicken,Meat Mains,1181.04,4.4,DHA,"Regular Meal Grand Chicken . Meat Mains . An assortment of premium ingredients with tantalizing notes of spiciness, the Grand Chicken Spicy is definitely worth talking about. . at McDonald's - Def Phase -5 . in DHA"
item_1906,148,McDonald's - Def Phase -5,menu_item,Regular Meal Grand Chicken Special,Meat Mains,1232.76,4.4,DHA,Regular Meal Grand Chicken Special . Meat Mains . Enjoy Grand Chicken Special with Regular Fries & Regular Drink . at McDonald's - Def Phase -5 . in DHA
item_1907,148,McDonald's - Def Phase -5,menu_item,Regular Meal McArabia,Meat Mains,887.93,4.4,DHA,"Regular Meal McArabia . Meat Mains . Two grilled chicken patties (de-boned breast meat), Arabic bread, lettuce, tomatoes, onions, garlic sauce give you a unique and unforgettable taste. . at McDonald's - Def Phase -5 . in DHA"
item_1908,148,McDonald's - Def Phase -5,menu_item,Regular Meal McChicken,Meat Mains,732.76,4.4,DHA,"Regular Meal McChicken . Meat Mains . Our quality chicken breast, cooked in a seasoned tempura coating, topped with fresh grown lettuce and our exceptional McChicken sauce, between a sesame seed bun makes for a hard to beat classic. . at McDonald's - Def Phase -5 . in DHA"
item_1909,148,McDonald's - Def Phase -5,menu_item,Regular Meal Spicy Crispy Deluxe,Meat Mains,879.31,4.4,DHA,"Regular Meal Spicy Crispy Deluxe . Meat Mains . A spicy crispy chicken fillet layered with crisp leaf lettuce and mayonnaise, sandwiched between a sesame seed bun. . at McDonald's - Def Phase -5 . in DHA"
item_1910,148,McDonald's - Def Phase -5,menu_item,Spicy Chicken Burger,Meat Mains,370.69,4.4,DHA,Spicy Chicken Burger . Meat Mains . Looking for something simple? Try our breaded chicken patty topped with lettuce and mayo. . at McDonald's - Def Phase -5 . in DHA
item_1911,148,McDonald's - Def Phase -5,menu_item,Spicy Chicken Burger with Fries and Drink,Meat Mains,586.21,4.4,DHA,"Spicy Chicken Burger with Fries and Drink . Meat Mains . Experience a burst of flavor with 100% pure chicken, spicy sauce, and crispy lettuce in a soft burger bun, served with a drink and fries. . at McDonald's - Def Phase -5 . in DHA"
item_1912,148,McDonald's - Def Phase -5,menu_item,Spicy Crispy Deluxe,Meat Mains,646.56,4.4,DHA,"Spicy Crispy Deluxe . Meat Mains . Corn-dusted bun with tender, juicy, boneless chicken thigh meat, encased in a spicy crust, topped with fresh lettuce and creamy mayonnaise. . at McDonald's - Def Phase -5 . in DHA"
item_1913,148,McDonald's - Def Phase -5,menu_item,Spicy Grand Chicken,Meat Mains,948.28,4.4,DHA,"Spicy Grand Chicken . Meat Mains . A thick, crispy chicken patty topped with a handful of crispy lettuce, juicy tomato slices, and slice of cheese, accompanied by a grainy, gourmet dressing sauce - all held together by a soft bun. . at McDonald's - Def Phase -5 . in DHA"
item_1914,148,McDonald's - Def Phase -5,menu_item,Tender Wrap BBQ,Meat Mains,431.04,4.4,DHA,Tender Wrap BBQ . Meat Mains . Topped with the delicious BBQ sauce with our crispy chicken gathers the tastiest and most savory ingredients from tomatoes to green lettuce freshly wrapped in a soft flour tortilla. . at McDonald's - Def Phase -5 . in DHA
item_1915,148,McDonald's - Def Phase -5,menu_item,Tender Wrap BBQ with Fries and Drink,Meat Mains,646.56,4.4,DHA,"Tender Wrap BBQ with Fries and Drink . Meat Mains . Enjoy crispy chicken with tangy BBQ sauce, fresh tomatoes, and crisp lettuce, all wrapped in a warm tortilla bread, served with a drink and fries. . at McDonald's - Def Phase -5 . in DHA"
item_1916,148,McDonald's - Def Phase -5,menu_item,Tender Wrap Chipotle,Meat Mains,431.04,4.4,DHA,"Tender Wrap Chipotle . Meat Mains . Our Chipotle Wrap made with crispy chicken strips gathers the tastiest ingredients from tomatoes, to green lettuce, topped with our delicious Chipotle sauce wrapped in a soft flour tortilla. . at McDonald's - Def Phase -5 . in DHA"
item_1917,148,McDonald's - Def Phase -5,menu_item,Tender Wrap Chipotle with Fries and Drink,Meat Mains,646.56,4.4,DHA,"Tender Wrap Chipotle with Fries and Drink . Meat Mains . Savor crispy chicken strips with fresh tomatoes, green lettuce, and a zesty Chipotle sauce, all wrapped in a warm tortilla bread, served with a drink and fries. . at McDonald's - Def Phase -5 . in DHA"
item_1918,148,McDonald's - Def Phase -5,menu_item,Tender Wrap Garlic Mayo,Meat Mains,431.04,4.4,DHA,"Tender Wrap Garlic Mayo . Meat Mains . Delight in our classic cheesy Mayo wrap with savory chicken, fresh tomatoes, and crisp lettuce, all wrapped in a warm tortilla bread . at McDonald's - Def Phase -5 . in DHA"
item_1919,148,McDonald's - Def Phase -5,menu_item,Tender Wrap Garlic Mayo with Fries and Drink,Meat Mains,646.56,4.4,DHA,"Tender Wrap Garlic Mayo with Fries and Drink . Meat Mains . Delight in our classic cheesy Mayo wrap with savory chicken, fresh tomatoes, and crisp lettuce, all wrapped in a warm tortilla bread, served with a drink and fries. . at McDonald's - Def Phase -5 . in DHA"
item_1920,148,McDonald's - Def Phase -5,menu_item,BBQ Mayo Sauce,Add-ons & Condiments,43.1,4.4,DHA,BBQ Mayo Sauce . Add-ons & Condiments . BBQ Mayo dip to add a tangy touch . at McDonald's - Def Phase -5 . in DHA
item_1921,148,McDonald's - Def Phase -5,menu_item,Chili Mayonnaise Sauce,Add-ons & Condiments,43.1,4.4,DHA,Chili Mayonnaise Sauce . Add-ons & Condiments . Chili Mayonnaise dip for your delight . at McDonald's - Def Phase -5 . in DHA
item_1922,148,McDonald's - Def Phase -5,menu_item,Dijon Sauce,Add-ons & Condiments,86.21,4.4,DHA,Dijon Sauce . Add-ons & Condiments . Dijon Sauce to add flavour to your meal . at McDonald's - Def Phase -5 . in DHA
item_1923,148,McDonald's - Def Phase -5,menu_item,Garlic Mayonnaise Sauce,Add-ons & Condiments,43.1,4.4,DHA,Garlic Mayonnaise Sauce . Add-ons & Condiments . An all time classic dip! . at McDonald's - Def Phase -5 . in DHA
item_1924,148,McDonald's - Def Phase -5,menu_item,Hot Mustard Sauce,Add-ons & Condiments,43.1,4.4,DHA,"Hot Mustard Sauce . Add-ons & Condiments . Savour it all, with this perfect blend of mustard, vinegar and spices. . at McDonald's - Def Phase -5 . in DHA"
item_1925,148,McDonald's - Def Phase -5,menu_item,Mini Pita Bread,Add-ons & Condiments,30.18,4.4,DHA,Mini Pita Bread . Add-ons & Condiments . Toasted Pita Bread for sides . at McDonald's - Def Phase -5 . in DHA
item_1926,148,McDonald's - Def Phase -5,menu_item,Tartar Sauce,Add-ons & Condiments,86.21,4.4,DHA,Tartar Sauce . Add-ons & Condiments . Tartar Sauce for a delicious bite . at McDonald's - Def Phase -5 . in DHA
item_1927,148,McDonald's - Def Phase -5,menu_item,Thai Sweet Chili Sauce,Add-ons & Condiments,43.1,4.4,DHA,Thai Sweet Chili Sauce . Add-ons & Condiments . at McDonald's - Def Phase -5 . in DHA
item_1928,148,McDonald's - Def Phase -5,menu_item,Crispy & Spicy Chicken Mix 9 pc,Meat Mains,3060.35,4.4,DHA,Crispy & Spicy Chicken Mix 9 pc . Meat Mains . at McDonald's - Def Phase -5 . in DHA
item_1929,148,McDonald's - Def Phase -5,menu_item,Crispy Chicken 1 pc,Meat Mains,431.04,4.4,DHA,Crispy Chicken 1 pc . Meat Mains . Enjoy 1 piece Crispy Chicken with delicate breading that gives you delightful crispiness but lets you taste the succulence of the tender chicken in every bite. . at McDonald's - Def Phase -5 . in DHA
item_1930,148,McDonald's - Def Phase -5,menu_item,Crispy Chicken 1 pc with Regular Fries & Drink,Meat Mains,646.56,4.4,DHA,Crispy Chicken 1 pc with Regular Fries & Drink . Meat Mains . at McDonald's - Def Phase -5 . in DHA
item_1931,148,McDonald's - Def Phase -5,menu_item,Crispy Chicken 2 pc,Meat Mains,775.87,4.4,DHA,Crispy Chicken 2 pc . Meat Mains . at McDonald's - Def Phase -5 . in DHA
item_1932,148,McDonald's - Def Phase -5,menu_item,Crispy Chicken 3 Pc,Meat Mains,1120.69,4.4,DHA,Crispy Chicken 3 Pc . Meat Mains . at McDonald's - Def Phase -5 . in DHA
item_1933,148,McDonald's - Def Phase -5,menu_item,Crispy Chicken 9 pc,Meat Mains,3060.35,4.4,DHA,Crispy Chicken 9 pc . Meat Mains . at McDonald's - Def Phase -5 . in DHA
item_1934,148,McDonald's - Def Phase -5,menu_item,Crispy Chicken 9 pc Bucket,Meat Mains,3275.9,4.4,DHA,Crispy Chicken 9 pc Bucket . Meat Mains . at McDonald's - Def Phase -5 . in DHA
item_1935,148,McDonald's - Def Phase -5,menu_item,Crispy Chicken Mix 9 pc,Meat Mains,3275.9,4.4,DHA,Crispy Chicken Mix 9 pc . Meat Mains . at McDonald's - Def Phase -5 . in DHA
item_1936,148,McDonald's - Def Phase -5,menu_item,Crispy Chicken Spicy 1 pc,Meat Mains,431.04,4.4,DHA,Crispy Chicken Spicy 1 pc . Meat Mains . at McDonald's - Def Phase -5 . in DHA
item_1937,148,McDonald's - Def Phase -5,menu_item,Crispy Chicken Spicy 1 pc with Regular Fries & Drink,Meat Mains,646.56,4.4,DHA,Crispy Chicken Spicy 1 pc with Regular Fries & Drink . Meat Mains . at McDonald's - Def Phase -5 . in DHA
item_1938,148,McDonald's - Def Phase -5,menu_item,Crispy Chicken Spicy 2 pc,Meat Mains,775.87,4.4,DHA,Crispy Chicken Spicy 2 pc . Meat Mains . at McDonald's - Def Phase -5 . in DHA
item_1939,148,McDonald's - Def Phase -5,menu_item,Crispy Chicken Spicy 3 Pc,Meat Mains,1120.69,4.4,DHA,Crispy Chicken Spicy 3 Pc . Meat Mains . at McDonald's - Def Phase -5 . in DHA
item_1940,148,McDonald's - Def Phase -5,menu_item,Crispy Chicken Spicy 9 pc,Meat Mains,3060.35,4.4,DHA,Crispy Chicken Spicy 9 pc . Meat Mains . at McDonald's - Def Phase -5 . in DHA
item_1941,148,McDonald's - Def Phase -5,menu_item,Large Meal Crispy Chicken 2 pc,Meat Mains,1206.9,4.4,DHA,Large Meal Crispy Chicken 2 pc . Meat Mains . Enjoy 2 pcs Crispy Chicken with delicate breading that gives you delightful crispiness but lets you taste the succulence of the tender chicken in every bite. . at McDonald's - Def Phase -5 . in DHA
item_1942,148,McDonald's - Def Phase -5,menu_item,Large Meal Crispy Chicken 3 pc,Meat Mains,1551.73,4.4,DHA,Large Meal Crispy Chicken 3 pc . Meat Mains . Enjoy 3 pcs Crispy Chicken with delicate breading that gives you delightful crispiness but lets you taste the succulence of the tender chicken in every bite. . at McDonald's - Def Phase -5 . in DHA
item_1943,148,McDonald's - Def Phase -5,menu_item,Large Meal Crispy Chicken Spicy 2 pc,Meat Mains,1206.9,4.4,DHA,Large Meal Crispy Chicken Spicy 2 pc . Meat Mains . 2pcs of juicy and tender white meat covered with a crispy coating and fried to perfection with our Large World Famous Fries® and chilled soft drink of your choice. . at McDonald's - Def Phase -5 . in DHA
item_1944,148,McDonald's - Def Phase -5,menu_item,Large Meal Crispy Chicken Spicy 3 pc,Meat Mains,1551.73,4.4,DHA,Large Meal Crispy Chicken Spicy 3 pc . Meat Mains . 3pcs of juicy and tender white meat covered with a crispy coating and fried to perfection with our Large World Famous Fries® and chilled soft drink of your choice. . at McDonald's - Def Phase -5 . in DHA
item_1945,148,McDonald's - Def Phase -5,menu_item,Medium Meal Crispy Chicken 2 pc,Meat Mains,1120.69,4.4,DHA,Medium Meal Crispy Chicken 2 pc . Meat Mains . Enjoy 2 pcs Crispy Chicken with delicate breading that gives you delightful crispiness but lets you taste the succulence of the tender chicken in every bite. . at McDonald's - Def Phase -5 . in DHA
item_1946,148,McDonald's - Def Phase -5,menu_item,Medium Meal Crispy Chicken 3 pc,Meat Mains,1465.52,4.4,DHA,Medium Meal Crispy Chicken 3 pc . Meat Mains . Enjoy 3 pcs Crispy Chicken with delicate breading that gives you delightful crispiness but lets you taste the succulence of the tender chicken in every bite. . at McDonald's - Def Phase -5 . in DHA
item_1947,148,McDonald's - Def Phase -5,menu_item,Medium Meal Crispy Chicken Spicy 2 pc,Meat Mains,1120.69,4.4,DHA,Medium Meal Crispy Chicken Spicy 2 pc . Meat Mains . 2pcs of juicy and tender white meat covered with a crispy coating and fried to perfection with our Medium World Famous Fries® and chilled soft drink of your choice. . at McDonald's - Def Phase -5 . in DHA
item_1948,148,McDonald's - Def Phase -5,menu_item,Medium Meal Crispy Chicken Spicy 3 pc,Meat Mains,1465.52,4.4,DHA,Medium Meal Crispy Chicken Spicy 3 pc . Meat Mains . 3pcs of juicy and tender white meat covered with a crispy coating and fried to perfection with our Medium World Famous Fries® and chilled soft drink of your choice. . at McDonald's - Def Phase -5 . in DHA
item_1949,148,McDonald's - Def Phase -5,menu_item,Regular Meal Crispy Chicken 2 pc,Meat Mains,991.38,4.4,DHA,Regular Meal Crispy Chicken 2 pc . Meat Mains . Enjoy 2 pcs Crispy Chicken with delicate breading that gives you delightful crispiness but lets you taste the succulence of the tender chicken in every bite. . at McDonald's - Def Phase -5 . in DHA
item_1950,148,McDonald's - Def Phase -5,menu_item,Regular Meal Crispy Chicken 3 pc,Meat Mains,1336.21,4.4,DHA,Regular Meal Crispy Chicken 3 pc . Meat Mains . Enjoy 3 pcs Crispy Chicken with delicate breading that gives you delightful crispiness but lets you taste the succulence of the tender chicken in every bite. . at McDonald's - Def Phase -5 . in DHA
item_1951,148,McDonald's - Def Phase -5,menu_item,Regular Meal Crispy Chicken Spicy 2 pc,Meat Mains,991.38,4.4,DHA,Regular Meal Crispy Chicken Spicy 2 pc . Meat Mains . 2pcs of juicy and tender white meat covered with a crispy coating and fried to perfection! Comes in Spicy Flavor. . at McDonald's - Def Phase -5 . in DHA
item_1952,148,McDonald's - Def Phase -5,menu_item,Regular Meal Crispy Chicken Spicy 3 pc,Meat Mains,1336.21,4.4,DHA,Regular Meal Crispy Chicken Spicy 3 pc . Meat Mains . 3pcs of juicy and tender white meat covered with a crispy coating and fried to perfection! . at McDonald's - Def Phase -5 . in DHA
item_1953,148,McDonald's - Def Phase -5,menu_item,Apple Pie,Desserts,431.04,4.4,DHA,"Apple Pie . Desserts . Crispy on the outside, deliciously hot and sweet on the inside, our Apple Pie is a McDonald's classic. . at McDonald's - Def Phase -5 . in DHA"
item_1954,148,McDonald's - Def Phase -5,menu_item,McFlurry KitKat,Desserts,625.0,4.4,DHA,McFlurry KitKat . Desserts . Enjoy the new McFlurry made with KITKAT® — a delicious blend of creamy soft serve and crunchy chocolatey KITKAT® crumbles . at McDonald's - Def Phase -5 . in DHA
item_1955,148,McDonald's - Def Phase -5,menu_item,McFlurry Lotus Biscoff,Desserts,663.8,4.4,DHA,McFlurry Lotus Biscoff . Desserts . Introducing the sweet addition: Lotus Biscoff McFlurry! Creamy dessert of vanilla soft serve topped with Caramelized Lotus Biscuits Crumble! A delightful treat and addition to your McDonald’s meal. . at McDonald's - Def Phase -5 . in DHA
item_1956,148,McDonald's - Def Phase -5,menu_item,McFlurry Oreo,Desserts,560.35,4.4,DHA,McFlurry Oreo . Desserts . Vanilla soft serve with OREO Cookies mixed in. . at McDonald's - Def Phase -5 . in DHA
item_1957,148,McDonald's - Def Phase -5,menu_item,McFlurry Oreo Fudge,Desserts,577.59,4.4,DHA,McFlurry Oreo Fudge . Desserts . at McDonald's - Def Phase -5 . in DHA
item_1958,148,McDonald's - Def Phase -5,menu_item,Mini McFlurry KitKat,Desserts,370.69,4.4,DHA,"Mini McFlurry KitKat . Desserts . Enjoy the new McFlurry made with KITKAT® — a delicious blend of creamy soft serve and crunchy chocolatey KITKAT® crumbles, now also available in a Mini size for the perfect sweet treat anytime. . at McDonald's - Def Phase -5 . in DHA"
item_1959,148,McDonald's - Def Phase -5,menu_item,Mini McFlurry Lotus Biscoff,Desserts,387.94,4.4,DHA,Mini McFlurry Lotus Biscoff . Desserts . Introducing the sweet addition: Lotus Biscoff McFlurry! Creamy dessert of vanilla soft serve topped with Caramelized Lotus Biscuits Crumble! A delightful treat and addition to your McDonald’s meal. . at McDonald's - Def Phase -5 . in DHA
item_1960,148,McDonald's - Def Phase -5,menu_item,Mini McFlurry Oreo,Desserts,344.83,4.4,DHA,Mini McFlurry Oreo . Desserts . Vanilla soft serve with OREO Cookies mixed in. . at McDonald's - Def Phase -5 . in DHA
item_1961,148,McDonald's - Def Phase -5,menu_item,Mini McFlurry Oreo Fudge,Desserts,366.38,4.4,DHA,Mini McFlurry Oreo Fudge . Desserts . at McDonald's - Def Phase -5 . in DHA
item_1962,148,McDonald's - Def Phase -5,menu_item,Sundae Hot Fudge,Desserts,474.14,4.4,DHA,"Sundae Hot Fudge . Desserts . Vanilla soft serve, smothered in chocolaty fudge sauce. . at McDonald's - Def Phase -5 . in DHA"
item_1963,148,McDonald's - Def Phase -5,menu_item,Sundae Plain,Desserts,344.83,4.4,DHA,Sundae Plain . Desserts . at McDonald's - Def Phase -5 . in DHA
item_1964,148,McDonald's - Def Phase -5,menu_item,Sundae Strawberry,Desserts,474.14,4.4,DHA,Sundae Strawberry . Desserts . Creamy vanilla soft serve topped with sliced strawberries in a sweet and tart strawberry sauce. . at McDonald's - Def Phase -5 . in DHA
item_1965,148,McDonald's - Def Phase -5,menu_item,Double Filet-o-Fish,Burgers,1060.35,4.4,DHA,Double Filet-o-Fish . Burgers . at McDonald's - Def Phase -5 . in DHA
item_1966,148,McDonald's - Def Phase -5,menu_item,Double McChicken,Burgers,775.87,4.4,DHA,"Double McChicken . Burgers . Our quality chicken breast, cooked in a seasoned tempura coating, topped with fresh-grown lettuce and our exceptional McChicken sauce between a sesame seed bun, makes for a hard to beat classic. . at McDonald's - Def Phase -5 . in DHA"
item_1967,148,McDonald's - Def Phase -5,menu_item,Double Quarter Pounder,Burgers,1465.52,4.4,DHA,Double Quarter Pounder . Burgers . at McDonald's - Def Phase -5 . in DHA
item_1968,148,McDonald's - Def Phase -5,menu_item,Double Spicy Crispy Deluxe,Burgers,1008.63,4.4,DHA,"Double Spicy Crispy Deluxe . Burgers . Our Double Spicy Crispy Deluxe features two spicy crispy chicken fillets layered with crisp leaf lettuce and mayonnaise, sandwiched between a sesame seed bun. . at McDonald's - Def Phase -5 . in DHA"
item_1969,148,McDonald's - Def Phase -5,menu_item,Large Meal Double Filet-o-Fish,Burgers,1491.38,4.4,DHA,Large Meal Double Filet-o-Fish . Burgers . at McDonald's - Def Phase -5 . in DHA
item_1970,148,McDonald's - Def Phase -5,menu_item,Large Meal Double McChicken,Burgers,1163.79,4.4,DHA,"Large Meal Double McChicken . Burgers . Our quality chicken breast, cooked in a seasoned tempura coating, topped with fresh-grown lettuce and our exceptional McChicken sauce between a sesame seed bun, makes for a hard to beat classic. . at McDonald's - Def Phase -5 . in DHA"
item_1971,148,McDonald's - Def Phase -5,menu_item,Large Meal Double Quarter Pounder,Burgers,1879.31,4.4,DHA,Large Meal Double Quarter Pounder . Burgers . at McDonald's - Def Phase -5 . in DHA
item_1972,148,McDonald's - Def Phase -5,menu_item,Large Meal Double Spicy Crispy Deluxe,Burgers,1422.42,4.4,DHA,"Large Meal Double Spicy Crispy Deluxe . Burgers . Our Double Spicy Crispy Deluxe features two spicy crispy chicken fillets layered with crisp leaf lettuce and mayonnaise, sandwiched between a sesame seed bun . at McDonald's - Def Phase -5 . in DHA"
item_1973,148,McDonald's - Def Phase -5,menu_item,Medium Meal Double Filet-o-Fish,Burgers,1405.17,4.4,DHA,Medium Meal Double Filet-o-Fish . Burgers . at McDonald's - Def Phase -5 . in DHA
item_1974,148,McDonald's - Def Phase -5,menu_item,Medium Meal Double McChicken,Burgers,1077.59,4.4,DHA,"Medium Meal Double McChicken . Burgers . Our quality chicken breast, cooked in a seasoned tempura coating, topped with fresh-grown lettuce and our exceptional McChicken sauce between a sesame seed bun, makes for a hard to beat classic. . at McDonald's - Def Phase -5 . in DHA"
item_1975,148,McDonald's - Def Phase -5,menu_item,Medium Meal Double Quarter Pounder,Burgers,1793.11,4.4,DHA,Medium Meal Double Quarter Pounder . Burgers . at McDonald's - Def Phase -5 . in DHA
item_1976,148,McDonald's - Def Phase -5,menu_item,Medium Meal Double Spicy Crispy Deluxe,Burgers,1336.21,4.4,DHA,"Medium Meal Double Spicy Crispy Deluxe . Burgers . Our Double Spicy Crispy Deluxe features two spicy crispy chicken fillets layered with crisp leaf lettuce and mayonnaise, sandwiched between a sesame seed bun . at McDonald's - Def Phase -5 . in DHA"
item_1977,148,McDonald's - Def Phase -5,menu_item,Regular Meal Double Filet-o-Fish,Burgers,1275.87,4.4,DHA,Regular Meal Double Filet-o-Fish . Burgers . at McDonald's - Def Phase -5 . in DHA
item_1978,148,McDonald's - Def Phase -5,menu_item,Regular Meal Double McChicken,Burgers,948.28,4.4,DHA,"Regular Meal Double McChicken . Burgers . Our quality chicken breast, cooked in a seasoned tempura coating, topped with fresh-grown lettuce and our exceptional McChicken sauce between a sesame seed bun, makes for a hard to beat classic. . at McDonald's - Def Phase -5 . in DHA"
item_1979,148,McDonald's - Def Phase -5,menu_item,Regular Meal Double Quarter Pounder,Burgers,1663.8,4.4,DHA,Regular Meal Double Quarter Pounder . Burgers . at McDonald's - Def Phase -5 . in DHA
item_1980,148,McDonald's - Def Phase -5,menu_item,Regular Meal Double Spicy Crispy Deluxe,Burgers,1206.9,4.4,DHA,"Regular Meal Double Spicy Crispy Deluxe . Burgers . Our Double Spicy Crispy Deluxe features two spicy crispy chicken fillets layered with crisp leaf lettuce and mayonnaise, sandwiched between a sesame seed bun . at McDonald's - Def Phase -5 . in DHA"
item_1981,148,McDonald's - Def Phase -5,menu_item,Large Fries,Sides & Appetizers,431.04,4.4,DHA,Large Fries . Sides & Appetizers . These epic fries are crispy and golden on the outside and fluffy on the inside. . at McDonald's - Def Phase -5 . in DHA
item_1982,148,McDonald's - Def Phase -5,menu_item,Happy Meal 4pc Nuggets with Toy,Other,758.62,4.4,DHA,Happy Meal 4pc Nuggets with Toy . Other . Four tender Chicken McNuggets made with white meat with kid-sized World Famous Fries® and juice of your choice. . at McDonald's - Def Phase -5 . in DHA
item_1983,148,McDonald's - Def Phase -5,menu_item,Happy Meal Beef Burger with Toy,Other,758.62,4.4,DHA,Happy Meal Beef Burger with Toy . Other . A juicy beef burger with kid-sized World Famous Fries® and a juice of your choice. . at McDonald's - Def Phase -5 . in DHA
item_1984,148,McDonald's - Def Phase -5,menu_item,Happy Meal Cheese Burger with Toy,Other,818.97,4.4,DHA,"Happy Meal Cheese Burger with Toy . Other . It’s Cheesy! A legendary combo of 100% pure beef, onions, pickles, ketchup, mustard and cheese, all in a soft burger bun served with kid-sized World Famous Fries® and drink of your choice. . at McDonald's - Def Phase -5 . in DHA"
item_1985,148,McDonald's - Def Phase -5,menu_item,Happy Meal Chicken Burger with Toy,Other,758.62,4.4,DHA,Happy Meal Chicken Burger with Toy . Other . A tasty chicken burger with kid-sized World Famous Fries® and juice of your choice. . at McDonald's - Def Phase -5 . in DHA
item_1986,148,McDonald's - Def Phase -5,menu_item,Happy Meal Crispy 1PC with Sundae,Other,775.87,4.4,DHA,Happy Meal Crispy 1PC with Sundae . Other . at McDonald's - Def Phase -5 . in DHA
item_1987,148,McDonald's - Def Phase -5,menu_item,Happy Meal Crispy 1PC with Toy,Other,775.87,4.4,DHA,Happy Meal Crispy 1PC with Toy . Other . at McDonald's - Def Phase -5 . in DHA
item_1988,148,McDonald's - Def Phase -5,menu_item,McSavers Mix & Match,Other,474.14,4.4,DHA,McSavers Mix & Match . Other . at McDonald's - Def Phase -5 . in DHA
item_1989,148,McDonald's - Def Phase -5,menu_item,Budget Share Bag,Other,2017.24,4.4,DHA,"Budget Share Bag . Other . Enjoy Cricket Season with 2 Hot N Crispy Burger, 2 Spicy Chicken Burger, 2 Medium Fries and 4 Regular Drinks . at McDonald's - Def Phase -5 . in DHA"
item_1990,148,McDonald's - Def Phase -5,menu_item,Crispy Chicken Spicy 9 pc Bucket,Other,3275.9,4.4,DHA,Crispy Chicken Spicy 9 pc Bucket . Other . 9pcs of juicy and tender white meat covered with a crispy coating and fried to perfection! . at McDonald's - Def Phase -5 . in DHA
item_1991,148,McDonald's - Def Phase -5,menu_item,Jumbo Share Bag,Other,2879.31,4.4,DHA,"Jumbo Share Bag . Other . Get 2 Chicken Mac, 1 Spicy McCrispy, 1 McChicken, 2 of our World Famous Medium Fries and 4 Regular drink. . at McDonald's - Def Phase -5 . in DHA"
item_1992,148,McDonald's - Def Phase -5,menu_item,Hot Milo,Other,387.93,4.4,DHA,Hot Milo . Other . at McDonald's - Def Phase -5 . in DHA
item_1993,148,McDonald's - Def Phase -5,menu_item,Potato Bites 7Pc,Other,215.52,4.4,DHA,"Potato Bites 7Pc . Other . Deliciously tasty Potato Bites. Fluffy on the inside, crispy and toasty on the outside. . at McDonald's - Def Phase -5 . in DHA"
item_1994,148,McDonald's - Def Phase -5,menu_item,Spicy Grilled Chicken Chapli,Other,387.93,4.4,DHA,"Spicy Grilled Chicken Chapli . Other . A perfectly spiced grilled chicken chapli patty with chapli-inspired sauce, crisp lettuce, and fresh tomatoes, served in a soft toasted bun. . at McDonald's - Def Phase -5 . in DHA"
item_1995,148,McDonald's - Def Phase -5,menu_item,Spicy Grilled Chicken Chapli Value Meal,Other,603.45,4.4,DHA,"Spicy Grilled Chicken Chapli Value Meal . Other . A perfectly spiced grilled chicken chapli patty with chapli-inspired sauce, crisp lettuce, and fresh tomatoes, served in a soft toasted bun. . at McDonald's - Def Phase -5 . in DHA"
item_1996,149,Nou Lakha Bar B Q & Karahi,menu_item,BBQ Wings,BBQ & Grill,270.0,4.7,Lahore,"BBQ Wings . BBQ & Grill . Spicy, smoky chicken wings coated in tangy barbecue sauce, perfect for sharing and snacking. . at Nou Lakha Bar B Q & Karahi . in Lahore"
item_1997,149,Nou Lakha Bar B Q & Karahi,menu_item,Beef Kabab,BBQ & Grill,405.0,4.7,Lahore,"Beef Kabab . BBQ & Grill . Grilled spiced beef skewers, often served with flatbread and tangy sauces. . at Nou Lakha Bar B Q & Karahi . in Lahore"
item_1998,149,Nou Lakha Bar B Q & Karahi,menu_item,Chicken Kabab,BBQ & Grill,270.0,4.7,Lahore,"Chicken Kabab . BBQ & Grill . Grilled marinated chicken skewers, often served with spices and accompanied by fresh vegetables. . at Nou Lakha Bar B Q & Karahi . in Lahore"
item_1999,149,Nou Lakha Bar B Q & Karahi,menu_item,Chicken Tikka Boti,BBQ & Grill,270.0,4.7,Lahore,"Chicken Tikka Boti . BBQ & Grill . Spiced chicken pieces grilled on skewers, served with tangy sauces and fresh herbs. . at Nou Lakha Bar B Q & Karahi . in Lahore"
item_2000,149,Nou Lakha Bar B Q & Karahi,menu_item,Gola Kabab,BBQ & Grill,405.0,4.7,Lahore,"Gola Kabab . BBQ & Grill . Spiced minced meat skewers, grilled to perfection, served with tangy sauces and fresh herbs. . at Nou Lakha Bar B Q & Karahi . in Lahore"
item_2001,149,Nou Lakha Bar B Q & Karahi,menu_item,Hara Bhara Kabab,BBQ & Grill,405.0,4.7,Lahore,"Hara Bhara Kabab . BBQ & Grill . Spiced vegetable patties, grilled to perfection, served with tangy chutney and fresh salad. . at Nou Lakha Bar B Q & Karahi . in Lahore"
item_2002,149,Nou Lakha Bar B Q & Karahi,menu_item,Malai Piece,BBQ & Grill,360.0,4.7,Lahore,"Malai Piece . BBQ & Grill . Tender, marinated meat grilled to perfection, served with creamy sauce and aromatic spices. . at Nou Lakha Bar B Q & Karahi . in Lahore"
item_2003,149,Nou Lakha Bar B Q & Karahi,menu_item,Nablets,BBQ & Grill,270.0,4.7,Lahore,"Nablets . BBQ & Grill . Grilled meat skewers served with tangy sauce and fresh vegetables, perfect for outdoor gatherings. . at Nou Lakha Bar B Q & Karahi . in Lahore"
item_2004,149,Nou Lakha Bar B Q & Karahi,menu_item,Reshmi Kabab,BBQ & Grill,405.0,4.7,Lahore,"Reshmi Kabab . BBQ & Grill . Tender, spiced chicken skewers grilled to perfection, served with mint chutney and onions. . at Nou Lakha Bar B Q & Karahi . in Lahore"
item_2005,149,Nou Lakha Bar B Q & Karahi,menu_item,Boneless Chicken Achari Handi,Pakistani,900.0,4.7,Lahore,"Boneless Chicken Achari Handi . Pakistani . Spicy, tangy chicken cooked in a traditional pot with aromatic spices and herbs. . at Nou Lakha Bar B Q & Karahi . in Lahore"
item_2006,149,Nou Lakha Bar B Q & Karahi,menu_item,Boneless Chicken Cheese Handi,Pakistani,990.0,4.7,Lahore,"Boneless Chicken Cheese Handi . Pakistani . Creamy chicken dish cooked in a traditional pot, enriched with melted cheese and spices. . at Nou Lakha Bar B Q & Karahi . in Lahore"
item_2007,149,Nou Lakha Bar B Q & Karahi,menu_item,Boneless Chicken Handi,Pakistani,900.0,4.7,Lahore,Boneless Chicken Handi . Pakistani . A flavorful chicken curry cooked in a traditional pot with aromatic spices and herbs. . at Nou Lakha Bar B Q & Karahi . in Lahore
item_2008,149,Nou Lakha Bar B Q & Karahi,menu_item,Chicken Jalfrezi Handi,Pakistani,990.0,4.7,Lahore,Chicken Jalfrezi Handi . Pakistani . Spicy chicken curry cooked in a traditional pot with vibrant vegetables and aromatic spices. . at Nou Lakha Bar B Q & Karahi . in Lahore
item_2009,149,Nou Lakha Bar B Q & Karahi,menu_item,Chicken Malai Handi,Pakistani,900.0,4.7,Lahore,"Chicken Malai Handi . Pakistani . Creamy chicken curry cooked in a traditional pot, infused with aromatic spices and herbs. . at Nou Lakha Bar B Q & Karahi . in Lahore"
item_2010,149,Nou Lakha Bar B Q & Karahi,menu_item,Nou Lakha Special Chicken Handi,Pakistani,990.0,4.7,Lahore,"Nou Lakha Special Chicken Handi . Pakistani . A flavorful chicken curry cooked in a traditional pot, rich with spices and herbs. . at Nou Lakha Bar B Q & Karahi . in Lahore"
item_2011,149,Nou Lakha Bar B Q & Karahi,menu_item,Chicken Achari Karahi,BBQ & Grill,675.0,4.7,Lahore,Chicken Achari Karahi . BBQ & Grill . Spicy chicken cooked in a wok with pickling spices and aromatic herbs. . at Nou Lakha Bar B Q & Karahi . in Lahore
item_2012,149,Nou Lakha Bar B Q & Karahi,menu_item,Chicken Desi Ghee Karahi,BBQ & Grill,900.0,4.7,Lahore,"Chicken Desi Ghee Karahi . BBQ & Grill . Spicy chicken cooked in ghee with aromatic spices, served in a traditional wok-like pan. . at Nou Lakha Bar B Q & Karahi . in Lahore"
item_2013,149,Nou Lakha Bar B Q & Karahi,menu_item,Chicken Karahi,BBQ & Grill,630.0,4.7,Lahore,"Chicken Karahi . BBQ & Grill . Spicy chicken stir-fried with tomatoes, green chilies, and aromatic spices in a wok-like pan. . at Nou Lakha Bar B Q & Karahi . in Lahore"
item_2014,149,Nou Lakha Bar B Q & Karahi,menu_item,Chicken Makhan Karahi,BBQ & Grill,900.0,4.7,Lahore,"Chicken Makhan Karahi . BBQ & Grill . Spicy chicken cooked in a rich, buttery tomato sauce, served in a traditional wok. . at Nou Lakha Bar B Q & Karahi . in Lahore"
item_2015,149,Nou Lakha Bar B Q & Karahi,menu_item,Chicken White Karahi,BBQ & Grill,720.0,4.7,Lahore,Chicken White Karahi . BBQ & Grill . Spicy chicken cooked in a wok with aromatic herbs and creamy sauce. . at Nou Lakha Bar B Q & Karahi . in Lahore
item_2016,149,Nou Lakha Bar B Q & Karahi,menu_item,Rajasthani Chicken Karahi,BBQ & Grill,855.0,4.7,Lahore,Rajasthani Chicken Karahi . BBQ & Grill . Spicy chicken cooked in a wok with aromatic spices and vibrant vegetables. . at Nou Lakha Bar B Q & Karahi . in Lahore
item_2017,149,Nou Lakha Bar B Q & Karahi,menu_item,Kabab Masala,Other,585.0,4.7,Lahore,Kabab Masala . Other . Spiced skewered meat cooked with aromatic herbs and served with flavorful sauce. . at Nou Lakha Bar B Q & Karahi . in Lahore
item_2018,149,Nou Lakha Bar B Q & Karahi,menu_item,Special Mint Raita,Sides & Appetizers,50.0,4.7,Lahore,"Special Mint Raita . Sides & Appetizers . A refreshing yogurt dish with mint, perfect for cooling spicy meals. . at Nou Lakha Bar B Q & Karahi . in Lahore"
item_2019,149,Nou Lakha Bar B Q & Karahi,menu_item,Achari Naan,BBQ & Grill,90.0,4.7,Lahore,"Achari Naan . BBQ & Grill . Spiced flatbread baked in a clay oven, often served with flavorful curries or dips. . at Nou Lakha Bar B Q & Karahi . in Lahore"
item_2020,149,Nou Lakha Bar B Q & Karahi,menu_item,Garlic Naan,BBQ & Grill,90.0,4.7,Lahore,"Garlic Naan . BBQ & Grill . Soft, fluffy bread infused with garlic, baked in a traditional clay oven. . at Nou Lakha Bar B Q & Karahi . in Lahore"
item_2021,149,Nou Lakha Bar B Q & Karahi,menu_item,Hara Bhara Naan,BBQ & Grill,45.0,4.7,Lahore,"Hara Bhara Naan . BBQ & Grill . Stuffed flatbread with spinach and spices, baked in a traditional clay oven. . at Nou Lakha Bar B Q & Karahi . in Lahore"
item_2022,149,Nou Lakha Bar B Q & Karahi,menu_item,Kalonji Naan,BBQ & Grill,90.0,4.7,Lahore,"Kalonji Naan . BBQ & Grill . Fluffy, leavened bread infused with aromatic kalonji seeds, baked in a traditional clay oven. . at Nou Lakha Bar B Q & Karahi . in Lahore"
item_2023,149,Nou Lakha Bar B Q & Karahi,menu_item,Kulcha,BBQ & Grill,36.0,4.7,Lahore,"Kulcha . BBQ & Grill . Leavened bread baked in a clay oven, often stuffed with various fillings and served warm. . at Nou Lakha Bar B Q & Karahi . in Lahore"
item_2024,149,Nou Lakha Bar B Q & Karahi,menu_item,Milky Naan,BBQ & Grill,90.0,4.7,Lahore,"Milky Naan . BBQ & Grill . Soft, fluffy bread baked in a clay oven, perfect for dipping or wrapping. . at Nou Lakha Bar B Q & Karahi . in Lahore"
item_2025,149,Nou Lakha Bar B Q & Karahi,menu_item,Qeemay Wala Naan,BBQ & Grill,225.0,4.7,Lahore,"Qeemay Wala Naan . BBQ & Grill . Stuffed flatbread baked in a tandoor, filled with spiced minced meat and herbs. . at Nou Lakha Bar B Q & Karahi . in Lahore"
item_2026,149,Nou Lakha Bar B Q & Karahi,menu_item,Roghni Naan,BBQ & Grill,90.0,4.7,Lahore,"Roghni Naan . BBQ & Grill . Soft, fluffy bread baked in a clay oven, often topped with sesame seeds. . at Nou Lakha Bar B Q & Karahi . in Lahore"
item_2027,149,Nou Lakha Bar B Q & Karahi,menu_item,Taftan Naan,BBQ & Grill,270.0,4.7,Lahore,"Taftan Naan . BBQ & Grill . Soft, fluffy flatbread baked in a tandoor, often enjoyed with various dishes. . at Nou Lakha Bar B Q & Karahi . in Lahore"
item_2028,149,Nou Lakha Bar B Q & Karahi,menu_item,Tawa Piece,Other,450.0,4.7,Lahore,"Tawa Piece . Other . Spiced, grilled meat served on a hot plate with vibrant accompaniments. . at Nou Lakha Bar B Q & Karahi . in Lahore"
item_2029,150,OPTP - Phase 5,menu_item,Azadi Deal 1,Deals & Combos,690.0,4.7,DHA,Azadi Deal 1 . Deals & Combos . ShotGun & Original Fries . at OPTP - Phase 5 . in DHA
item_2030,150,OPTP - Phase 5,menu_item,Smash Beef Double,Burgers,1290.0,4.7,DHA,"Smash Beef Double . Burgers . Double Patty Tango: Grilled Onions, Cheese, and Special Sauce all on a double patty smashed beef– Customize with Jalapenos! Nutritional Content per serving: 984 calories . at OPTP - Phase 5 . in DHA"
item_2031,150,OPTP - Phase 5,menu_item,Smash Beef Single,Burgers,790.0,4.7,DHA,"Smash Beef Single . Burgers . Patty Perfection: Juicy Dance of Grilled Onions, Cheese, and Special Sauce – Add jalapenos for a bold, custom smash experience! Nutritional Content per serving: 619 calories . at OPTP - Phase 5 . in DHA"
item_2032,150,OPTP - Phase 5,menu_item,Al Arabi Burger Double,Burgers,690.0,4.7,DHA,"Al Arabi Burger Double . Burgers . Yalla, take a bite! Introducing the Al-Arabi Chicken Burger brings you double crispy chicken, tangy pickles, and signature sauces in every bite. Nutritional Content per serving: 371 calories . at OPTP - Phase 5 . in DHA"
item_2033,150,OPTP - Phase 5,menu_item,Al Arabi Burger Single,Burgers,390.0,4.7,DHA,"Al Arabi Burger Single . Burgers . Experience the true Arabic taste — Al Arabi Chicken Burger brings you crispy chicken, tangy pickles, and signature sauces in every bite. Nutritional Content per serving: 294 calories . at OPTP - Phase 5 . in DHA"
item_2034,150,OPTP - Phase 5,menu_item,Chicken Fillet Sandwich,Burgers,680.0,4.7,DHA,Chicken Fillet Sandwich . Burgers . Crispy chicken fillet with signature seasonings - will leave you craving for more. Nutritional Content per serving: 584 calories . at OPTP - Phase 5 . in DHA
item_2035,150,OPTP - Phase 5,menu_item,Crispy Chicken Burger,Burgers,350.0,4.7,DHA,"Crispy Chicken Burger . Burgers . A golden-crispy breast fillet topped with a bold, savory sauce in a perfectly toasted bun. Nutritional Content per serving: 445 calories . at OPTP - Phase 5 . in DHA"
item_2036,150,OPTP - Phase 5,menu_item,Grilled Chicken,Burgers,650.0,4.7,DHA,"Grilled Chicken . Burgers . Grilled to perfection, premium chicken, special sauce and onions - gives you a superior burger experience. Nutritional Content per serving: 437 calories . at OPTP - Phase 5 . in DHA"
item_2037,150,OPTP - Phase 5,menu_item,Nashville Hot Sandwich,Burgers,720.0,4.7,DHA,Nashville Hot Sandwich . Burgers . Nashville Hot just got hotter! Enhanced flavour now using premium breast fillet for an exquisite taste. Nutritional Content per serving: 566 calories . at OPTP - Phase 5 . in DHA
item_2038,150,OPTP - Phase 5,menu_item,The Rebel Sandwich,Burgers,790.0,4.7,DHA,"The Rebel Sandwich . Burgers . Ignite your taste buds with bold, zesty, blazing-hot flavor. Get ready for a treat on fire! Nutritional Content per serving: 595 calories . at OPTP - Phase 5 . in DHA"
item_2039,150,OPTP - Phase 5,menu_item,The ShotGun,Burgers,590.0,4.7,DHA,The ShotGun . Burgers . Fast-Track to Flavor Frenzy – Bite into Speedy Delight! Nutritional Content per serving: 579 calories . at OPTP - Phase 5 . in DHA
item_2040,150,OPTP - Phase 5,menu_item,Coconut Caramel Latte (Short),Other,350.0,4.7,DHA,"Coconut Caramel Latte (Short) . Other . A refreshing twist that’s bold, smooth, and irresistibly unique. An indulgent blend of silky iced coffee, tropical coconut, and sweet caramel. Nutritional Content per serving: Shorts 180 calories. . at OPTP - Phase 5 . in DHA"
item_2041,150,OPTP - Phase 5,menu_item,Coconut Caramel Latte (Tall),Other,550.0,4.7,DHA,"Coconut Caramel Latte (Tall) . Other . A refreshing twist that’s bold, smooth, and irresistibly unique. An indulgent blend of silky iced coffee, tropical coconut, and sweet caramel. Nutritional Content per serving: Tall 240 calories. . at OPTP - Phase 5 . in DHA"
item_2042,150,OPTP - Phase 5,menu_item,Iced Caramel Latte (Short),Other,290.0,4.7,DHA,"Iced Caramel Latte (Short) . Other . Smooth, refreshing iced coffee infused with rich caramel flavour — Brew-tally refreshing in every sip. Nutritional Content per serving: Shorts 165 calories. . at OPTP - Phase 5 . in DHA"
item_2043,150,OPTP - Phase 5,menu_item,Iced Caramel Latte (Tall),Other,490.0,4.7,DHA,"Iced Caramel Latte (Tall) . Other . Smooth, refreshing iced coffee infused with rich caramel flavour — Brew-tally refreshing in every sip. Nutritional Content per serving: Tall 220 calories. . at OPTP - Phase 5 . in DHA"
item_2044,150,OPTP - Phase 5,menu_item,Al Arabi Burger Double Combo,Deals & Combos,1140.0,4.7,DHA,Al Arabi Burger Double Combo . Deals & Combos . Experience the true Arabic taste — Al Arabi Chicken Burger with regular fries and a refreshing drink. Nutritional Content per serving: 618 calories . at OPTP - Phase 5 . in DHA
item_2045,150,OPTP - Phase 5,menu_item,Al Arabi Burger Single Combo,Deals & Combos,840.0,4.7,DHA,Al Arabi Burger Single Combo . Deals & Combos . Experience the true Arabic taste — Al Arabi Chicken Burger with regular fries and a refreshing drink. Nutritional Content per serving: 541 calories . at OPTP - Phase 5 . in DHA
item_2046,150,OPTP - Phase 5,menu_item,Chicken Fillet Sandwich Combo,Deals & Combos,1130.0,4.7,DHA,"Chicken Fillet Sandwich Combo . Deals & Combos . Chicken Fillet Sandwich, Fries and a refreshing drink. Nutritional Content per serving: 831 calories . at OPTP - Phase 5 . in DHA"
item_2047,150,OPTP - Phase 5,menu_item,Chopped Beef & Cheese Combo,Deals & Combos,1340.0,4.7,DHA,"Chopped Beef & Cheese Combo . Deals & Combos . A juicy Chopped Beef & Cheese sando, fries, and a Spud Cola, a classic combo done right. Nutritional Content per serving: 815 calories . at OPTP - Phase 5 . in DHA"
item_2048,150,OPTP - Phase 5,menu_item,Crispy Caesar Chicken Combo,Deals & Combos,1440.0,4.7,DHA,"Crispy Caesar Chicken Combo . Deals & Combos . Crispy Caesar Chicken Sando, Fries and a refreshing drink. Nutritional Content per serving: 708 calories . at OPTP - Phase 5 . in DHA"
item_2049,150,OPTP - Phase 5,menu_item,Crispy Double Wrap Combo,Deals & Combos,1000.0,4.7,DHA,"Crispy Double Wrap Combo . Deals & Combos . Double the crispy chicken, with signature fries, and a Drink to quench your thirst. Nutritional Content per serving: 705 calories . at OPTP - Phase 5 . in DHA"
item_2050,150,OPTP - Phase 5,menu_item,Grilled Chicken Combo,Deals & Combos,1100.0,4.7,DHA,"Grilled Chicken Combo . Deals & Combos . Savor a gourmet burger with fries and a drink, a delectable choice for those seeking a sophisticated meal. Nutritional Content per serving: 684 calories . at OPTP - Phase 5 . in DHA"
item_2051,150,OPTP - Phase 5,menu_item,Nashville Double Wrap Combo,Deals & Combos,1040.0,4.7,DHA,"Nashville Double Wrap Combo . Deals & Combos . Double the Nashville chicken, with signature fries, and a Drink to quench your thirst. Nutritional Content per serving: 724 calories . at OPTP - Phase 5 . in DHA"
item_2052,150,OPTP - Phase 5,menu_item,Nashville Hot Sandwich Combo,Deals & Combos,1170.0,4.7,DHA,Nashville Hot Sandwich Combo . Deals & Combos . Satisfy your spicy cravings with our Nashville Hot Sandwich served with a side of fries and a refreshing drink. Nutritional Content per serving: 813 calories . at OPTP - Phase 5 . in DHA
item_2053,150,OPTP - Phase 5,menu_item,Smash Beef Double Combo,Deals & Combos,1740.0,4.7,DHA,"Smash Beef Double Combo . Deals & Combos . Double the delight with two succulent beef patties, fries, and a Drink to quench your thirst. Nutritional Content per serving: 1231 calories . at OPTP - Phase 5 . in DHA"
item_2054,150,OPTP - Phase 5,menu_item,Smash Beef Single Combo,Deals & Combos,1240.0,4.7,DHA,"Smash Beef Single Combo . Deals & Combos . Dive into a juicy single patty burger, fries, and a Spud Cola, a classic combo done right. Nutritional Content per serving: 867 calories . at OPTP - Phase 5 . in DHA"
item_2055,150,OPTP - Phase 5,menu_item,The Rebel Sandwich Combo,Deals & Combos,1240.0,4.7,DHA,"The Rebel Sandwich Combo . Deals & Combos . Fiery crunch, creamy heat. Perfect with fries and Spud Cola for the ultimate comfort experience! Nutritional Content per serving: 842 calories . at OPTP - Phase 5 . in DHA"
item_2056,150,OPTP - Phase 5,menu_item,The ShotGun Combo,Deals & Combos,1040.0,4.7,DHA,"The ShotGun Combo . Deals & Combos . Enjoy a hearty burger, fries and refreshing Drink for the ultimate comfort food experience. Nutritional Content per serving: 826 calories . at OPTP - Phase 5 . in DHA"
item_2057,150,OPTP - Phase 5,menu_item,1 Pc Fried Chicken,Deals & Combos,270.0,4.7,DHA,1 Pc Fried Chicken . Deals & Combos . OPTP's Southern Fried Chicken: A Taste that Truly Excites – Legendary Crisp Await! Nutritional Content per serving: Leg 277 calories . at OPTP - Phase 5 . in DHA
item_2058,150,OPTP - Phase 5,menu_item,2 Pcs Fried Chicken,Deals & Combos,490.0,4.7,DHA,2 Pcs Fried Chicken . Deals & Combos . Southern Fried Chicken: OPTP's Irresistible Delight – A Flavor Feast to Crave! Nutritional Content per serving: Leg 554 & Breast 690 calories . at OPTP - Phase 5 . in DHA
item_2059,150,OPTP - Phase 5,menu_item,Arabi & Iced Latte Short,Deals & Combos,680.0,4.7,DHA,"Arabi & Iced Latte Short . Deals & Combos . Yalla, take a bite! Enjoy the true Arabic taste with smooth, refreshing iced coffee infused with rich caramel flavour. Nutritional Content per serving: 549 calories . at OPTP - Phase 5 . in DHA"
item_2060,150,OPTP - Phase 5,menu_item,Crispy Burger Combo,Deals & Combos,720.0,4.7,DHA,"Crispy Burger Combo . Deals & Combos . Indulge in a golden-crispy chicken breast fillet burger layered with a bold, savory sauce, Combo with regular fries and a refreshing drink. Nutritional Content per serving: 619 calories . at OPTP - Phase 5 . in DHA"
item_2061,150,OPTP - Phase 5,menu_item,Crispy Chicken Snack Wrap,Deals & Combos,350.0,4.7,DHA,"Crispy Chicken Snack Wrap . Deals & Combos . Golden crispy chicken, signature garlic mayo, and hand-cut fries — a classic flavor combo wrapped for on-the-go snacking. Nutritional Content per serving: 341 calories . at OPTP - Phase 5 . in DHA"
item_2062,150,OPTP - Phase 5,menu_item,Crispy Duo Combo,Deals & Combos,750.0,4.7,DHA,"Crispy Duo Combo . Deals & Combos . Savor a crispy chicken burger with 1 piece of golden fried chicken leg, served with a refreshing regular drink for the ultimate combo. Nutritional Content per serving: 859 calories . at OPTP - Phase 5 . in DHA"
item_2063,150,OPTP - Phase 5,menu_item,Crispy Feast,Deals & Combos,1950.0,4.7,DHA,"Crispy Feast . Deals & Combos . Big flavor and value with 4 Crispy Chicken Burgers, 1 Large Hand-cut Fries, and a 1 Liter drink—perfect for sharing and crispy cravings. Nutritional Content per serving: 2530 calories . at OPTP - Phase 5 . in DHA"
item_2064,150,OPTP - Phase 5,menu_item,Cheddar Cheese,Beverages,150.0,4.7,DHA,"Cheddar Cheese . Beverages . Sauce Adventure Awaits: Try OPTP's Signature Dips, or Add Cheddar Cheese Dip Excellence to Your Feast! Nutritional Content per serving: 121 calories . at OPTP - Phase 5 . in DHA"
item_2065,150,OPTP - Phase 5,menu_item,Coca-Cola - 1 Litre,Beverages,299.0,4.7,DHA,Coca-Cola - 1 Litre . Beverages . Thirst Quenchers: 1 Litre Coke Selection – Perfect Refreshment for Your OPTP Flavor Adventure! Content per serving: 421 calories . at OPTP - Phase 5 . in DHA
item_2066,150,OPTP - Phase 5,menu_item,Coca-Cola Diet,Beverages,190.0,4.7,DHA,Coca-Cola Diet . Beverages . Delight in Diet: 350ml Diet Coke – Your Flavorful Meal Companion from OPTP! Content per serving: 1 calories . at OPTP - Phase 5 . in DHA
item_2067,150,OPTP - Phase 5,menu_item,Garlic Mayo,Beverages,100.0,4.7,DHA,Garlic Mayo . Beverages . Dive into Sauce World: Experience OPTP's Flavorful Sauces or Elevate Your Meal with Garlic Mayo Magic! Nutritional Content per serving: 160 calories . at OPTP - Phase 5 . in DHA
item_2068,150,OPTP - Phase 5,menu_item,Hot Garlic Mayo,Beverages,100.0,4.7,DHA,"Hot Garlic Mayo . Beverages . Sauce Sensation: OPTP's Flavorful Sauces Await, or Elevate Your Dish with Hot Garlic Mayo Wonder! Nutritional Content per serving: 165 calories . at OPTP - Phase 5 . in DHA"
item_2069,150,OPTP - Phase 5,menu_item,Mineral Water,Beverages,90.0,4.7,DHA,Mineral Water . Beverages . Hydration Essential: Opt for Mineral Water to Stay Fresh during Your OPTP Visit or On-the-Go! . at OPTP - Phase 5 . in DHA
item_2070,150,OPTP - Phase 5,menu_item,Sprite,Beverages,190.0,4.7,DHA,Sprite . Beverages . Sprite Spark: 350ml Sprite – Fizz Up Your OPTP Culinary Journey with a Splash of Refreshment! Content per serving: 137 calories . at OPTP - Phase 5 . in DHA
item_2071,150,OPTP - Phase 5,menu_item,Sprite - 1 Litre,Beverages,299.0,4.7,DHA,Sprite - 1 Litre . Beverages . Sprite Spark: 1 Litre Sprite – Fizz Up Your OPTP Culinary Journey with a Splash of Refreshment! Content per serving: 390 calories . at OPTP - Phase 5 . in DHA
item_2072,150,OPTP - Phase 5,menu_item,Spud Cola,Beverages,190.0,4.7,DHA,Spud Cola . Beverages . Cola Rush: 250 ml Spud - Ignite Your Taste Buds with the Ultimate Cola Fizz! Content per serving: 126 calories . at OPTP - Phase 5 . in DHA
item_2073,150,OPTP - Phase 5,menu_item,Toasted Bun,Beverages,90.0,4.7,DHA,Toasted Bun . Beverages . Experience the crisp of OPTP's Toasted bun with Garlic Mayo Magic! Nutritional Content per serving: 238 calories . at OPTP - Phase 5 . in DHA
item_2074,150,OPTP - Phase 5,menu_item,Arabi Duo,Other,1370.0,4.7,DHA,Arabi Duo . Other . Experience the true Arabic taste — 2 Al-Arabi Single and Large Garlic Mayo Fries – Unleash the Flavor Fiesta! Nutritional Content per serving: 1110 calories . at OPTP - Phase 5 . in DHA
item_2075,150,OPTP - Phase 5,menu_item,Loaded Feast,Other,4090.0,4.7,DHA,"Loaded Feast . Other . A loaded Delight: 2 Chicken Fillet Sandwiches & Smash Beef Burgers, Large Loaded Bomber Fries and 1 Liter Drink – Family Flavor Extravaganza! Nutritional Content per serving: 3518 calories . at OPTP - Phase 5 . in DHA"
item_2076,150,OPTP - Phase 5,menu_item,ShotGun Treat,Other,3090.0,4.7,DHA,ShotGun Treat . Other . Unleash Burger Bliss with ShotGun Burgers – Perfect for Shared Delights! Nutritional Content per serving: 3066 calories . at OPTP - Phase 5 . in DHA
item_2077,150,OPTP - Phase 5,menu_item,10 Pcs Crispy Nuggets & Fries,Wings & Fried,1090.0,4.7,DHA,10 Pcs Crispy Nuggets & Fries . Wings & Fried . Crispy Nuggets Bliss: 10 Pcs with OPTP's World-Famous Sauces – Crisp Up Your Day! Nutritional Content per serving: 774 calories . at OPTP - Phase 5 . in DHA
item_2078,150,OPTP - Phase 5,menu_item,5 Pcs Crispy Nuggets & Fries,Wings & Fried,690.0,4.7,DHA,5 Pcs Crispy Nuggets & Fries . Wings & Fried . Crispy Nuggets Bliss: 5 Pcs with OPTP's World-Famous Sauces – Crisp Up Your Day! Nutritional Content per serving: 557 calories . at OPTP - Phase 5 . in DHA
item_2079,150,OPTP - Phase 5,menu_item,Crispy Chicken Fingers,Wings & Fried,790.0,4.7,DHA,"Crispy Chicken Fingers . Wings & Fried . Experience exceptional 3 Chicken Fingers in Signature Southern Fried Flavor, Paired with Toasted Half Bun. Nutritional Content per serving: 597 calories . at OPTP - Phase 5 . in DHA"
item_2080,150,OPTP - Phase 5,menu_item,Crispy Fingers Meal,Wings & Fried,990.0,4.7,DHA,"Crispy Fingers Meal . Wings & Fried . Southern Fried Elegance: 3 Chicken Fingers, Toasted Half Bun, Fries, and Legendary Garlic Mayo! Nutritional Content per serving: 978 calories . at OPTP - Phase 5 . in DHA"
item_2081,150,OPTP - Phase 5,menu_item,Nashville Chicken Fingers,Wings & Fried,840.0,4.7,DHA,"Nashville Chicken Fingers . Wings & Fried . Nashville Flair Delight: 3 Chicken Fingers in Signature Flavor, Paired with Toasted Half Bun Temptation! Nutritional Content per serving: 675 calories . at OPTP - Phase 5 . in DHA"
item_2082,150,OPTP - Phase 5,menu_item,Nashville Fingers Meal,Wings & Fried,1150.0,4.7,DHA,"Nashville Fingers Meal . Wings & Fried . Taste Ignition: 3 Nashville Chicken Fingers, Toasted Half Bun, Fries, Garlic Mayo, Pickles, and Coleslaw Sensation! Nutritional Content per serving: 1058 calories . at OPTP - Phase 5 . in DHA"
item_2083,150,OPTP - Phase 5,menu_item,4 Pcs Box,Meat Mains,980.0,4.7,DHA,4 Pcs Box . Meat Mains . Crave the Ultimate: Southern Fried Chicken Box – 4 Pieces of Crispiness! Nutritional Content per serving: Leg 1108 & Leg + Breast 1244 calories . at OPTP - Phase 5 . in DHA
item_2084,150,OPTP - Phase 5,menu_item,8 Pcs Bucket,Meat Mains,1950.0,4.7,DHA,8 Pcs Bucket . Meat Mains . Elevate Senses: Southern Fried Chicken Bucket – 8 Pieces of Tantalizing Perfection! Nutritional Content per serving: Leg 2216 & Leg + Breast 2488 calories . at OPTP - Phase 5 . in DHA
item_2085,150,OPTP - Phase 5,menu_item,Cheddar Cheese Fries,Sides & Appetizers,540.0,4.7,DHA,Cheddar Cheese Fries . Sides & Appetizers . Cheddar Cheese-Coated Hand-Cut Real Potatoes Await! Nutritional Content per serving: Original 423 & Large 570 calories . at OPTP - Phase 5 . in DHA
item_2086,150,OPTP - Phase 5,menu_item,Garlic Mayo Fries,Sides & Appetizers,490.0,4.7,DHA,Garlic Mayo Fries . Sides & Appetizers . Dive into Garlic Mayo Glory with Hand-Cut Real Potatoes! Nutritional Content per serving: Original 417 & Large 508 calories . at OPTP - Phase 5 . in DHA
item_2087,150,OPTP - Phase 5,menu_item,Hot Garlic Mayo Fries,Sides & Appetizers,490.0,4.7,DHA,Hot Garlic Mayo Fries . Sides & Appetizers . Turn on the Heat with Hot Garlic Mayo Splendor on Hand-Cut Real Potatoes! Nutritional Content per serving: Original 387  & Large 517 calories . at OPTP - Phase 5 . in DHA
item_2088,150,OPTP - Phase 5,menu_item,Masala Fries,Sides & Appetizers,390.0,4.7,DHA,Masala Fries . Sides & Appetizers . Hand-Cut Real Potatoes Dressed in Signature Masala Seasoning! Nutritional Content per serving: Original 223  & Large 329 calories . at OPTP - Phase 5 . in DHA
item_2089,150,OPTP - Phase 5,menu_item,Plain Fries,Sides & Appetizers,390.0,4.7,DHA,Plain Fries . Sides & Appetizers . Discover the Crown Jewel of Hand-Cut Fries: Your Portion of Real Potato Perfection! Nutritional Content per serving: Original 222  & Large 328 calories . at OPTP - Phase 5 . in DHA
item_2090,150,OPTP - Phase 5,menu_item,Kids Burger,Other,350.0,4.7,DHA,Kids Burger . Other . A soft bun packed with chicken & our signature garlic mayo — perfectly sized for little appetites. . at OPTP - Phase 5 . in DHA
item_2091,150,OPTP - Phase 5,menu_item,Kids Meal,Other,550.0,4.7,DHA,"Kids Meal . Other . The perfect kids combo with a Kids Burger, Regular Fries, and a Slice Juice for a fun and tasty mealtime treat. . at OPTP - Phase 5 . in DHA"
item_2092,150,OPTP - Phase 5,menu_item,Loaded Bomber Fries (Junior),Sides & Appetizers,690.0,4.7,DHA,"Loaded Bomber Fries (Junior) . Sides & Appetizers . Chicken chunks, rich hot garlic mayo, and a cheesy finish — loaded bold for the ultimate flavor hit. Nutritional Content per serving: 554 calories. . at OPTP - Phase 5 . in DHA"
item_2093,150,OPTP - Phase 5,menu_item,Loaded Bomber Fries (Large),Sides & Appetizers,1050.0,4.7,DHA,"Loaded Bomber Fries (Large) . Sides & Appetizers . Unveiling the Ultimate Loaded Creation: Chicken Chunks, Hot Garlic Mayo, and Cheese Finale! Nutritional Content per serving: 691 calories. . at OPTP - Phase 5 . in DHA"
item_2094,150,OPTP - Phase 5,menu_item,Loaded Nashville Fries (Junior),Sides & Appetizers,750.0,4.7,DHA,"Loaded Nashville Fries (Junior) . Sides & Appetizers . Fiery Nashville chicken, hot garlic mayo, coleslaw, pickles and cheese — a spicy, Nashville kick in every bite. Nutritional Content per serving: 713 calories. . at OPTP - Phase 5 . in DHA"
item_2095,150,OPTP - Phase 5,menu_item,Loaded Nashville Fries (Large),Sides & Appetizers,1090.0,4.7,DHA,"Loaded Nashville Fries (Large) . Sides & Appetizers . Nashville Flavors Unite: Spicy Chicken flavored chicken, Coleslaw, and Hot Garlic Mayo Embraced Hand-Cut Fries! Nutritional Content per serving: 898 calories . at OPTP - Phase 5 . in DHA"
item_2096,150,OPTP - Phase 5,menu_item,Crispy Caesar Chicken Sando,Snacks,990.0,4.7,DHA,"Crispy Caesar Chicken Sando . Snacks . Golden crispy chicken fillet layered with fresh iceberg lettuce, creamy Parmesan Caesar dressing, and melted cheese — all stacked in soft toasted brioche bread for a bold, creamy bite. Nutritional Content per serving: 461 calories . at OPTP - Phase 5 . in DHA"
item_2097,150,OPTP - Phase 5,menu_item,Crispy Chicken Double Wrap,Snacks,550.0,4.7,DHA,"Crispy Chicken Double Wrap . Snacks . Double the crispy chicken, loaded with signature garlic mayo and hand-cut fries, all wrapped for a bigger, more satisfying bite.   Nutritional Content per serving: 458 calories . at OPTP - Phase 5 . in DHA"
item_2098,150,OPTP - Phase 5,menu_item,Nashville Chicken Double Wrap,Snacks,590.0,4.7,DHA,"Nashville Chicken Double Wrap . Snacks . Double Nashville chicken strips, hot garlic sauce, pickles, and coleslaw wrapped together for a fiery, crunchy, flavour-packed bite.  Nutritional Content per serving: 477 calories . at OPTP - Phase 5 . in DHA"
item_2099,150,OPTP - Phase 5,menu_item,Chicken Caesar Salad,Salads,850.0,4.7,DHA,"Chicken Caesar Salad . Salads . Fresh iceberg lettuce topped with juicy grilled chicken, cheddar cheese cubes, crunchy croutons, and rich Caesar dressing — a flavorful salad that’s light, satisfying, and packed with bold taste. Nutritional Content per serving: 391 calories . at OPTP - Phase 5 . in DHA"
item_2100,150,OPTP - Phase 5,menu_item,Chopped Beef & Cheese Sando,Other,890.0,4.7,DHA,"Chopped Beef & Cheese Sando . Other . Juicy chopped beef, grilled onions, melted cheese, and creamy sauce — all stacked in soft toasted brioche bread for a rich, savory bite. Nutritional Content per serving: 568 calories . at OPTP - Phase 5 . in DHA"
item_2101,150,OPTP - Phase 5,menu_item,Nashville Chicken Snack Wrap,Shawarma & Wraps,390.0,4.7,DHA,"Nashville Chicken Snack Wrap . Shawarma & Wraps . A fiery, tangy, crunchy bite that hits all the right notes with Nashville chicken, topped with Hot Garlic Sauce, pickles, and coleslaw. Nutritional Content per serving: 360 calories . at OPTP - Phase 5 . in DHA"
item_2102,151,Papa Johns - Dha Phase 5,menu_item,Azaadi Deal,Deals & Combos,1099.0,4.6,DHA,"Azaadi Deal . Deals & Combos . Enjoy a delicious medium classic pizza with your choice of toppings, the perfect choice for any pizza lover! . at Papa Johns - Dha Phase 5 . in DHA"
item_2103,151,Papa Johns - Dha Phase 5,menu_item,Bundle Deal Large,Deals & Combos,2400.0,4.6,DHA,"Bundle Deal Large . Deals & Combos . Large Pizza, 1.5 L drink and 4 pcs Cheesy Garlic Bread . at Papa Johns - Dha Phase 5 . in DHA"
item_2104,151,Papa Johns - Dha Phase 5,menu_item,Bundle Deal Medium,Deals & Combos,1600.0,4.6,DHA,"Bundle Deal Medium . Deals & Combos . Medium Pizza, Two  350 ml drinks and 2 Cheesy Garlic Bread . at Papa Johns - Dha Phase 5 . in DHA"
item_2105,151,Papa Johns - Dha Phase 5,menu_item,Cheese Garlic Bread,Sides & Appetizers,400.0,4.6,DHA,Cheese Garlic Bread . Sides & Appetizers . Cheese Garlic Bread. . at Papa Johns - Dha Phase 5 . in DHA
item_2106,151,Papa Johns - Dha Phase 5,menu_item,Cheese Sticks,Sides & Appetizers,650.0,4.6,DHA,Cheese Sticks . Sides & Appetizers . Made from Our Freshly Knead Dough Topped with 100% Mozzarella Cheese. Served with Ranch Sauce Dip or Thai Sweet Chili . at Papa Johns - Dha Phase 5 . in DHA
item_2107,151,Papa Johns - Dha Phase 5,menu_item,Garlic Bread,Sides & Appetizers,300.0,4.6,DHA,Garlic Bread . Sides & Appetizers . Plain Garlic Bread . at Papa Johns - Dha Phase 5 . in DHA
item_2108,151,Papa Johns - Dha Phase 5,menu_item,Jalapeno Fries,Sides & Appetizers,450.0,4.6,DHA,Jalapeno Fries . Sides & Appetizers . Jalapeno Fries. . at Papa Johns - Dha Phase 5 . in DHA
item_2109,151,Papa Johns - Dha Phase 5,menu_item,Jalapeno Ranch Fries,Sides & Appetizers,450.0,4.6,DHA,Jalapeno Ranch Fries . Sides & Appetizers . Fries Jalapeno Ranch . at Papa Johns - Dha Phase 5 . in DHA
item_2110,151,Papa Johns - Dha Phase 5,menu_item,Loaded Chipotle Ranch Fries,Sides & Appetizers,900.0,4.6,DHA,Loaded Chipotle Ranch Fries . Sides & Appetizers . Loaded Chipotle Ranch Fries. . at Papa Johns - Dha Phase 5 . in DHA
item_2111,151,Papa Johns - Dha Phase 5,menu_item,Loaded Creamy Ranch Fries,Sides & Appetizers,900.0,4.6,DHA,Loaded Creamy Ranch Fries . Sides & Appetizers . Loaded Creamy Ranch Fries. . at Papa Johns - Dha Phase 5 . in DHA
item_2112,151,Papa Johns - Dha Phase 5,menu_item,Plain Fries,Sides & Appetizers,450.0,4.6,DHA,Plain Fries . Sides & Appetizers . Plain Fries. . at Papa Johns - Dha Phase 5 . in DHA
item_2113,151,Papa Johns - Dha Phase 5,menu_item,Spicy Chicken Ranch Rolls,Sides & Appetizers,600.0,4.6,DHA,Spicy Chicken Ranch Rolls . Sides & Appetizers . Chicken Ranch Rolls . at Papa Johns - Dha Phase 5 . in DHA
item_2114,151,Papa Johns - Dha Phase 5,menu_item,Spicy Chicken Rolls,Sides & Appetizers,600.0,4.6,DHA,"Spicy Chicken Rolls . Sides & Appetizers . 6 Pieces of Fresh Dough, Rolled and Baked with Spicy Chicken, Jalapenos, Ranch Sauce & Mozzarella. Comes with one Ranch Sauce Dip . at Papa Johns - Dha Phase 5 . in DHA"
item_2115,151,Papa Johns - Dha Phase 5,menu_item,Cheese,Pizza,650.0,4.6,DHA,Cheese . Pizza . Cheese & pizza sauce base . at Papa Johns - Dha Phase 5 . in DHA
item_2116,151,Papa Johns - Dha Phase 5,menu_item,Garden Special,Pizza,650.0,4.6,DHA,"Garden Special . Pizza . Green peppers, mushrooms, onions, tomatoes, black olives, italian seasonings on a pizza sauce base . at Papa Johns - Dha Phase 5 . in DHA"
item_2117,151,Papa Johns - Dha Phase 5,menu_item,Hot Chipotle,Pizza,650.0,4.6,DHA,"Hot Chipotle . Pizza . Spicy Chicken, Onions, Green Peppers, Hot Chipotle drizzle on cheese mayo base . at Papa Johns - Dha Phase 5 . in DHA"
item_2118,151,Papa Johns - Dha Phase 5,menu_item,Hot Popper Passion,Pizza,650.0,4.6,DHA,"Hot Popper Passion . Pizza . Slices tandoori chicken poppers, jalapenos, green peppers, onion, buffalo sauce drizzle on a ranch sauce base with red chili flakes sprinkle on top . at Papa Johns - Dha Phase 5 . in DHA"
item_2119,151,Papa Johns - Dha Phase 5,menu_item,Smokey Tikka,Pizza,650.0,4.6,DHA,"Smokey Tikka . Pizza . Tikka topping, onions on Smokey tikka sauce base. . at Papa Johns - Dha Phase 5 . in DHA"
item_2120,151,Papa Johns - Dha Phase 5,menu_item,Spicy Buffalo Ranch,Pizza,650.0,4.6,DHA,"Spicy Buffalo Ranch . Pizza . Sliced chicken poppers, green peppers, onion, mushrooms, tomatoes, ranch drizzle on a buffalo sauce base . at Papa Johns - Dha Phase 5 . in DHA"
item_2121,151,Papa Johns - Dha Phase 5,menu_item,Tandoori Chicken,Pizza,650.0,4.6,DHA,"Tandoori Chicken . Pizza . Spicy chicken, green chillies, green peppers, onions on a tandoori pizza sauce base . at Papa Johns - Dha Phase 5 . in DHA"
item_2122,151,Papa Johns - Dha Phase 5,menu_item,Combo Platter,Deals & Combos,1200.0,4.6,DHA,"Combo Platter . Deals & Combos . 6 Pieces Poppers, 6 Pieces Wings, Potato Wedges & 2 Dips . at Papa Johns - Dha Phase 5 . in DHA"
item_2123,151,Papa Johns - Dha Phase 5,menu_item,Create Your Own Pizza,Pizza,499.0,4.6,DHA,Create Your Own Pizza . Pizza . Create Your Own Pizza . at Papa Johns - Dha Phase 5 . in DHA
item_2124,151,Papa Johns - Dha Phase 5,menu_item,Banana Hazelnut Chocolate Rolls,Desserts,400.0,4.6,DHA,"Banana Hazelnut Chocolate Rolls . Desserts . 6 Pieces - Ultimate combination of banana, crunchy hazelnut, and chocolate in a roll . at Papa Johns - Dha Phase 5 . in DHA"
item_2125,151,Papa Johns - Dha Phase 5,menu_item,Choco Lava Cake,Desserts,400.0,4.6,DHA,Choco Lava Cake . Desserts . Choco Lava Cake. . at Papa Johns - Dha Phase 5 . in DHA
item_2126,151,Papa Johns - Dha Phase 5,menu_item,BBQ Sauce,Add-ons & Condiments,100.0,4.6,DHA,"BBQ Sauce . Add-ons & Condiments . Single serving - Includes vinegar, tomato paste, or mayonnaise (or a combination) as a base, as well as liquid smoke, onion powder, spices such as mustard and black pepper, and sweeteners such as sugar . at Papa Johns - Dha Phase 5 . in DHA"
item_2127,151,Papa Johns - Dha Phase 5,menu_item,Buffalo Sauce,Add-ons & Condiments,100.0,4.6,DHA,"Buffalo Sauce . Add-ons & Condiments . Single serving  - Hot sauce, vinegar, Worcestershire sauce and butter. That butter smooths out all the flavors and creates the rich flavors . at Papa Johns - Dha Phase 5 . in DHA"
item_2128,151,Papa Johns - Dha Phase 5,menu_item,Peri Peri Sauce,Add-ons & Condiments,100.0,4.6,DHA,Peri Peri Sauce . Add-ons & Condiments . Peri Peri Sauce. . at Papa Johns - Dha Phase 5 . in DHA
item_2129,151,Papa Johns - Dha Phase 5,menu_item,Ranch Sauce,Add-ons & Condiments,100.0,4.6,DHA,"Ranch Sauce . Add-ons & Condiments . Single serving - Combination of creaminess and herbaceousness, plus a long pull of allium (onion and garlic) and a shot of black pepper . at Papa Johns - Dha Phase 5 . in DHA"
item_2130,151,Papa Johns - Dha Phase 5,menu_item,Sriracha Mayo,Add-ons & Condiments,100.0,4.6,DHA,"Sriracha Mayo . Add-ons & Condiments . Blended with mayonnaise and mustard, seasoned with salt, sugar and vinegar oil. . at Papa Johns - Dha Phase 5 . in DHA"
item_2131,151,Papa Johns - Dha Phase 5,menu_item,Thai Sweet Chili,Add-ons & Condiments,100.0,4.6,DHA,"Thai Sweet Chili . Add-ons & Condiments . Features tomato puree, garlic powder, and aromatic spices for an authentic taste . at Papa Johns - Dha Phase 5 . in DHA"
item_2132,151,Papa Johns - Dha Phase 5,menu_item,Three Dips,Add-ons & Condiments,250.0,4.6,DHA,Three Dips . Add-ons & Condiments . Any three dips of your choice . at Papa Johns - Dha Phase 5 . in DHA
item_2133,151,Papa Johns - Dha Phase 5,menu_item,16-Inch Feast,Deals & Combos,3000.0,4.6,DHA,"16-Inch Feast . Deals & Combos . Enjoy 16"" Pizza with a flavour of your choice with 1.5 Liter drink . at Papa Johns - Dha Phase 5 . in DHA"
item_2134,151,Papa Johns - Dha Phase 5,menu_item,Better 2 Gether,Deals & Combos,2500.0,4.6,DHA,Better 2 Gether . Deals & Combos . Two Classic Medium pizza with 1.5 liter soft drink . at Papa Johns - Dha Phase 5 . in DHA
item_2135,151,Papa Johns - Dha Phase 5,menu_item,Block Buster,Deals & Combos,2000.0,4.6,DHA,Block Buster . Deals & Combos . Classic Large pizza with 1.5 litre soft drink . at Papa Johns - Dha Phase 5 . in DHA
item_2136,151,Papa Johns - Dha Phase 5,menu_item,Classic Duo,Deals & Combos,3600.0,4.6,DHA,Classic Duo . Deals & Combos . Two Large Classic Pizzas and One Large Drink . at Papa Johns - Dha Phase 5 . in DHA
item_2137,151,Papa Johns - Dha Phase 5,menu_item,Double Munch,Deals & Combos,900.0,4.6,DHA,Double Munch . Deals & Combos . Two Small Pizzas . at Papa Johns - Dha Phase 5 . in DHA
item_2138,151,Papa Johns - Dha Phase 5,menu_item,Good 2 Go,Deals & Combos,1500.0,4.6,DHA,Good 2 Go . Deals & Combos . Classic Medium pizza with two 350 ml soft drink . at Papa Johns - Dha Phase 5 . in DHA
item_2139,151,Papa Johns - Dha Phase 5,menu_item,Lit Box,Deals & Combos,900.0,4.6,DHA,"Lit Box . Deals & Combos . Get a small pizza, 4 Chicken Poppers , 1Dip(your favorite) & a 350ml drink . at Papa Johns - Dha Phase 5 . in DHA"
item_2140,151,Papa Johns - Dha Phase 5,menu_item,Papadias Deal,Deals & Combos,1200.0,4.6,DHA,Papadias Deal . Deals & Combos . Papadias with choice of drink & dip . at Papa Johns - Dha Phase 5 . in DHA
item_2141,151,Papa Johns - Dha Phase 5,menu_item,Still Single,Deals & Combos,700.0,4.6,DHA,Still Single . Deals & Combos . Small Pizza and a Small Drink . at Papa Johns - Dha Phase 5 . in DHA
item_2142,151,Papa Johns - Dha Phase 5,menu_item,HIT Deal,Deals & Combos,650.0,4.6,DHA,HIT Deal . Deals & Combos . Enjoy a small Pizza at an unbelievable discount exclusively on foodpanda . at Papa Johns - Dha Phase 5 . in DHA
item_2143,151,Papa Johns - Dha Phase 5,menu_item,Chicken Poppers & Potato Wedges,Other,650.0,4.6,DHA,Chicken Poppers & Potato Wedges . Other . 4 Pieces Chicken Poppers + Potato Wedges (with a choice of dip) . at Papa Johns - Dha Phase 5 . in DHA
item_2144,151,Papa Johns - Dha Phase 5,menu_item,Kids 6'' Cheese Pizza,Other,650.0,4.6,DHA,Kids 6'' Cheese Pizza . Other . Cheese & pizza sauce base . at Papa Johns - Dha Phase 5 . in DHA
item_2145,151,Papa Johns - Dha Phase 5,menu_item,BBQ Chicken Wings,Meat Mains,650.0,4.6,DHA,"BBQ Chicken Wings . Meat Mains . 6 or 10 made-to-order, bone-in wings are oven-baked to a golden crisp and coated in BBQ sauce . at Papa Johns - Dha Phase 5 . in DHA"
item_2146,151,Papa Johns - Dha Phase 5,menu_item,Buffalo Chicken Wings,Meat Mains,650.0,4.6,DHA,"Buffalo Chicken Wings . Meat Mains . 6 or 10 made-to-order, bone-in wings are oven-baked to a golden crisp and coated in Hot Buffalo sauce . at Papa Johns - Dha Phase 5 . in DHA"
item_2147,151,Papa Johns - Dha Phase 5,menu_item,Chicken Poppers,Meat Mains,500.0,4.6,DHA,"Chicken Poppers . Meat Mains . Crispy coated whole chicken breast chunks, served with a choice of dip . at Papa Johns - Dha Phase 5 . in DHA"
item_2148,151,Papa Johns - Dha Phase 5,menu_item,Plain Roasted Chicken Wings,Meat Mains,650.0,4.6,DHA,"Plain Roasted Chicken Wings . Meat Mains . Six or ten of our made to order, bone in wings which are oven baked to a golden crisp with choice of dip . at Papa Johns - Dha Phase 5 . in DHA"
item_2149,151,Papa Johns - Dha Phase 5,menu_item,Potato Wedges,Meat Mains,450.0,4.6,DHA,Potato Wedges . Meat Mains . Baked to a Golden Crisp. Served with a Choice of Dip . at Papa Johns - Dha Phase 5 . in DHA
item_2150,151,Papa Johns - Dha Phase 5,menu_item,Spicy Chicken Wings,Meat Mains,650.0,4.6,DHA,Spicy Chicken Wings . Meat Mains . Spicy Chicken Wings. . at Papa Johns - Dha Phase 5 . in DHA
item_2151,151,Papa Johns - Dha Phase 5,menu_item,Tandoori Chicken Poppers,Meat Mains,550.0,4.6,DHA,Tandoori Chicken Poppers . Meat Mains . Crispy coated tandoori whole chicken breast chunks. . at Papa Johns - Dha Phase 5 . in DHA
item_2152,151,Papa Johns - Dha Phase 5,menu_item,Chicken Shawarma,Pizza,2000.0,4.6,DHA,"Chicken Shawarma . Pizza . Spicy Chicken with Cheese, Onion, Green Pepper, Tomato & Gherkins, finished with a signature Shawarma Sauce drizzle on top. . at Papa Johns - Dha Phase 5 . in DHA"
item_2153,151,Papa Johns - Dha Phase 5,menu_item,Chicken Supreme,Pizza,2000.0,4.6,DHA,"Chicken Supreme . Pizza . A loaded mix of Supreme Chicken, Chicken Tikka, Grilled Chicken & Sausage, topped with Cheese, Onion, and Green Pepper for the ultimate meaty bite. . at Papa Johns - Dha Phase 5 . in DHA"
item_2154,151,Papa Johns - Dha Phase 5,menu_item,Chicken BBQ Ranch,Desserts,750.0,4.6,DHA,"Chicken BBQ Ranch . Desserts . Grilled chicken, mushrooms, onions, bbq sauce drizzle on a ranch base . at Papa Johns - Dha Phase 5 . in DHA"
item_2155,151,Papa Johns - Dha Phase 5,menu_item,Chicken Club Ranch,Desserts,750.0,4.6,DHA,Chicken Club Ranch . Desserts . Chicken Club Ranch. . at Papa Johns - Dha Phase 5 . in DHA
item_2156,151,Papa Johns - Dha Phase 5,menu_item,Chicken Supreme Ranch,Desserts,750.0,4.6,DHA,Chicken Supreme Ranch . Desserts . Chicken Supreme Ranch. . at Papa Johns - Dha Phase 5 . in DHA
item_2157,151,Papa Johns - Dha Phase 5,menu_item,Creamy Mughlai,Desserts,750.0,4.6,DHA,"Creamy Mughlai . Desserts . Mughlai chicken, onions, green peppers, Creamy white drizzle on hot Mughlai sauce base . at Papa Johns - Dha Phase 5 . in DHA"
item_2158,151,Papa Johns - Dha Phase 5,menu_item,Fajita Chicken,Desserts,750.0,4.6,DHA,"Fajita Chicken . Desserts . Spicy chicken, jalapenos, green pepper, corn, onions, ranch drizzle on a pizza sauce base . at Papa Johns - Dha Phase 5 . in DHA"
item_2159,151,Papa Johns - Dha Phase 5,menu_item,Garden Special Ranch,Desserts,750.0,4.6,DHA,Garden Special Ranch . Desserts . Garden Special Ranch. . at Papa Johns - Dha Phase 5 . in DHA
item_2160,151,Papa Johns - Dha Phase 5,menu_item,Peri Peri Chicken,Desserts,750.0,4.6,DHA,"Peri Peri Chicken . Desserts . Spicy chicken, jalapenos, green peppers, onions on a pizza sauce base with peri peri sprinkle on top . at Papa Johns - Dha Phase 5 . in DHA"
item_2161,151,Papa Johns - Dha Phase 5,menu_item,7UP 1.5 LTR,Beverages,300.0,4.6,DHA,7UP 1.5 LTR . Beverages . Flavored drink to make you happy . at Papa Johns - Dha Phase 5 . in DHA
item_2162,151,Papa Johns - Dha Phase 5,menu_item,7UP 345 ML,Beverages,120.0,4.6,DHA,7UP 345 ML . Beverages . Fill your stomachs with cold and frizzy beverages . at Papa Johns - Dha Phase 5 . in DHA
item_2163,151,Papa Johns - Dha Phase 5,menu_item,7UP FREE 345 ML,Beverages,120.0,4.6,DHA,7UP FREE 345 ML . Beverages . Beat the heat with cold drinks. . at Papa Johns - Dha Phase 5 . in DHA
item_2164,151,Papa Johns - Dha Phase 5,menu_item,AQUAFINA WATER 1.5 LTR,Beverages,100.0,4.6,DHA,AQUAFINA WATER 1.5 LTR . Beverages . A sizzling cold beverage to quench your thirst. . at Papa Johns - Dha Phase 5 . in DHA
item_2165,151,Papa Johns - Dha Phase 5,menu_item,AQUAFINA WATER 500 ML,Beverages,60.0,4.6,DHA,AQUAFINA WATER 500 ML . Beverages . A sizzling cold beverage to quench your thirst. . at Papa Johns - Dha Phase 5 . in DHA
item_2166,151,Papa Johns - Dha Phase 5,menu_item,MANGO SLICE JUICE 200ML,Beverages,150.0,4.6,DHA,MANGO SLICE JUICE 200ML . Beverages . Pulpy. . at Papa Johns - Dha Phase 5 . in DHA
item_2167,151,Papa Johns - Dha Phase 5,menu_item,MIRINDA 1.5 LTR,Beverages,300.0,4.6,DHA,MIRINDA 1.5 LTR . Beverages . The drink that brings out the fun YOU . at Papa Johns - Dha Phase 5 . in DHA
item_2168,151,Papa Johns - Dha Phase 5,menu_item,MIRINDA 345 ML,Beverages,120.0,4.6,DHA,MIRINDA 345 ML . Beverages . No food is complete without something to gulp . at Papa Johns - Dha Phase 5 . in DHA
item_2169,151,Papa Johns - Dha Phase 5,menu_item,MOUNTAIN DEW 1.5 LTR,Beverages,300.0,4.6,DHA,MOUNTAIN DEW 1.5 LTR . Beverages . 1.5 LTR Drink . at Papa Johns - Dha Phase 5 . in DHA
item_2170,151,Papa Johns - Dha Phase 5,menu_item,MOUNTAIN DEW 345 ML,Beverages,120.0,4.6,DHA,MOUNTAIN DEW 345 ML . Beverages . 345 ML Drink . at Papa Johns - Dha Phase 5 . in DHA
item_2171,151,Papa Johns - Dha Phase 5,menu_item,PEPSI 1.5 LTR,Beverages,300.0,4.6,DHA,PEPSI 1.5 LTR . Beverages . The sip you need to stay happy and fresh . at Papa Johns - Dha Phase 5 . in DHA
item_2172,151,Papa Johns - Dha Phase 5,menu_item,PEPSI 345 ML,Beverages,120.0,4.6,DHA,PEPSI 345 ML . Beverages . What you need to celebrate good moments . at Papa Johns - Dha Phase 5 . in DHA
item_2173,151,Papa Johns - Dha Phase 5,menu_item,PEPSI Free 1.5LTR,Beverages,300.0,4.6,DHA,PEPSI Free 1.5LTR . Beverages . Fill your stomachs with cold and frizzy beverages . at Papa Johns - Dha Phase 5 . in DHA
item_2174,151,Papa Johns - Dha Phase 5,menu_item,PEPSI Free 345 ML,Beverages,120.0,4.6,DHA,PEPSI Free 345 ML . Beverages . Beat the heat with cold drinks. . at Papa Johns - Dha Phase 5 . in DHA
item_2175,151,Papa Johns - Dha Phase 5,menu_item,Pepperoni,Pizza,1150.0,4.6,DHA,Pepperoni . Pizza . Loaded with pepperoni & extra cheese on pizza sauce base . at Papa Johns - Dha Phase 5 . in DHA
item_2176,151,Papa Johns - Dha Phase 5,menu_item,Pepperoni & Jalapeno,Pizza,1150.0,4.6,DHA,"Pepperoni & Jalapeno . Pizza . Loaded with pepperoni, jalapenos & extra cheese on a pizza sauce base with red chili flakes sprinkle . at Papa Johns - Dha Phase 5 . in DHA"
item_2177,151,Papa Johns - Dha Phase 5,menu_item,Pepperoni & Jalapeno Ranch,Pizza,1150.0,4.6,DHA,Pepperoni & Jalapeno Ranch . Pizza . Pepperoni & Jalapeno Ranch. . at Papa Johns - Dha Phase 5 . in DHA
item_2178,152,Pizza Hut - DHA Phase 4,menu_item,Bihari Chicken Spin Rolls,Sides & Appetizers,399.0,4.9,DHA,Bihari Chicken Spin Rolls . Sides & Appetizers . Bihari Spin Rolls . at Pizza Hut - DHA Phase 4 . in DHA
item_2179,152,Pizza Hut - DHA Phase 4,menu_item,Boneless Wings,Sides & Appetizers,899.0,4.9,DHA,Boneless Wings . Sides & Appetizers . Served with choice of dip sauce . at Pizza Hut - DHA Phase 4 . in DHA
item_2180,152,Pizza Hut - DHA Phase 4,menu_item,Dynamite Saucy Wings,Sides & Appetizers,599.0,4.9,DHA,Dynamite Saucy Wings . Sides & Appetizers . Zesty dynamite sauce at the bottom and top . at Pizza Hut - DHA Phase 4 . in DHA
item_2181,152,Pizza Hut - DHA Phase 4,menu_item,Garlic Bread,Sides & Appetizers,249.0,4.9,DHA,Garlic Bread . Sides & Appetizers . Buttery garlic bread perfect for sharing . at Pizza Hut - DHA Phase 4 . in DHA
item_2182,152,Pizza Hut - DHA Phase 4,menu_item,Peri Peri Saucy Wings,Sides & Appetizers,599.0,4.9,DHA,Peri Peri Saucy Wings . Sides & Appetizers . Peri Peri sauce at the bottom and top . at Pizza Hut - DHA Phase 4 . in DHA
item_2183,152,Pizza Hut - DHA Phase 4,menu_item,Supreme Garlic Bread,Sides & Appetizers,399.0,4.9,DHA,Supreme Garlic Bread . Sides & Appetizers . Buttery garlic bread with a layer of hot melted cheese. . at Pizza Hut - DHA Phase 4 . in DHA
item_2184,152,Pizza Hut - DHA Phase 4,menu_item,Wedges,Sides & Appetizers,499.0,4.9,DHA,Wedges . Sides & Appetizers . Plain Potato Wedges . at Pizza Hut - DHA Phase 4 . in DHA
item_2185,152,Pizza Hut - DHA Phase 4,menu_item,Wings,Sides & Appetizers,499.0,4.9,DHA,"Wings . Sides & Appetizers . Smoking hot traditional chicken wings baked to perfection, accompanied by your favorite sauce . at Pizza Hut - DHA Phase 4 . in DHA"
item_2186,152,Pizza Hut - DHA Phase 4,menu_item,Cheese Lover,Pizza,649.0,4.9,DHA,Cheese Lover . Pizza . Experience the classic taste with a generous portion of cheese on a rich tomato base. . at Pizza Hut - DHA Phase 4 . in DHA
item_2187,152,Pizza Hut - DHA Phase 4,menu_item,Chicken Fajita,Pizza,649.0,4.9,DHA,"Chicken Fajita . Pizza . One of our classics, the Chicken Fajita Pizza is made with spicy chicken fajita, green peppers, and onions, topped with mozzarella cheese. . at Pizza Hut - DHA Phase 4 . in DHA"
item_2188,152,Pizza Hut - DHA Phase 4,menu_item,Chicken Tikka,Pizza,649.0,4.9,DHA,"Chicken Tikka . Pizza . Our famous pizza sauce on the base, topped with a combination of Chicken Tikka, onions, and melting mozzarella cheese. . at Pizza Hut - DHA Phase 4 . in DHA"
item_2189,152,Pizza Hut - DHA Phase 4,menu_item,Classic Chicken Ranch,Pizza,649.0,4.9,DHA,"Classic Chicken Ranch . Pizza . Ranch base topped with grilled chicken, mozzarella, mushrooms, and jalapeno. Finished off with a drizzle of more ranch sauce and chopped parsley . at Pizza Hut - DHA Phase 4 . in DHA"
item_2190,152,Pizza Hut - DHA Phase 4,menu_item,Classic Pepperoni,Pizza,649.0,4.9,DHA,"Classic Pepperoni . Pizza . One of our all-times specialties. A meaty feast of double pepperoni, mozzarella cheese, and tomato sauce . at Pizza Hut - DHA Phase 4 . in DHA"
item_2191,152,Pizza Hut - DHA Phase 4,menu_item,Super Sicilian,Pizza,649.0,4.9,DHA,"Super Sicilian . Pizza . Loaded with a generous amount of toppings of green pepper, onion and mozzarella cheese, all baked to perfection for a hearty, flavorful experience in every bite. . at Pizza Hut - DHA Phase 4 . in DHA"
item_2192,152,Pizza Hut - DHA Phase 4,menu_item,Very Veggies,Pizza,649.0,4.9,DHA,"Very Veggies . Pizza . Mushrooms, green peppers, fresh tomatoes, onions and black olives loaded on a tomato base and topped with melting mozzarella cheese. . at Pizza Hut - DHA Phase 4 . in DHA"
item_2193,152,Pizza Hut - DHA Phase 4,menu_item,Dynamite Dip Sauce,Add-ons & Condiments,99.0,4.9,DHA,Dynamite Dip Sauce . Add-ons & Condiments . Dynamite Dip Sauce Flavor . at Pizza Hut - DHA Phase 4 . in DHA
item_2194,152,Pizza Hut - DHA Phase 4,menu_item,Peri Peri Dip Sauce,Add-ons & Condiments,99.0,4.9,DHA,Peri Peri Dip Sauce . Add-ons & Condiments . Peri Peri Flavor Dip size . at Pizza Hut - DHA Phase 4 . in DHA
item_2195,152,Pizza Hut - DHA Phase 4,menu_item,Ranch Dip Sauce,Add-ons & Condiments,99.0,4.9,DHA,Ranch Dip Sauce . Add-ons & Condiments . Ranch Flavor Dip Sauce . at Pizza Hut - DHA Phase 4 . in DHA
item_2196,152,Pizza Hut - DHA Phase 4,menu_item,7up,Beverages,180.0,4.9,DHA,"7up . Beverages . Clear, lemon-lime soda with a crisp, refreshing taste . at Pizza Hut - DHA Phase 4 . in DHA"
item_2197,152,Pizza Hut - DHA Phase 4,menu_item,7up Zero,Beverages,180.0,4.9,DHA,"7up Zero . Beverages . Crisp, refreshing lemon-lime soda with zero sugar and zero calories . at Pizza Hut - DHA Phase 4 . in DHA"
item_2198,152,Pizza Hut - DHA Phase 4,menu_item,Aquafina,Beverages,50.0,4.9,DHA,"Aquafina . Beverages . Purified drinking water that delivers clean, crisp hydration . at Pizza Hut - DHA Phase 4 . in DHA"
item_2199,152,Pizza Hut - DHA Phase 4,menu_item,Mirinda,Beverages,180.0,4.9,DHA,"Mirinda . Beverages . Bold, fruity soft drink known for its vibrant flavors and refreshing fizz . at Pizza Hut - DHA Phase 4 . in DHA"
item_2200,152,Pizza Hut - DHA Phase 4,menu_item,Pepsi,Beverages,180.0,4.9,DHA,"Pepsi . Beverages . Refreshing cola with a bold, crisp taste and lively carbonation . at Pizza Hut - DHA Phase 4 . in DHA"
item_2201,152,Pizza Hut - DHA Phase 4,menu_item,Pepsi Zero,Beverages,180.0,4.9,DHA,Pepsi Zero . Beverages . Sugar-free cola with the same bold Pepsi taste and zero calories . at Pizza Hut - DHA Phase 4 . in DHA
item_2202,152,Pizza Hut - DHA Phase 4,menu_item,Deal For 1,Deals & Combos,899.0,4.9,DHA,Deal For 1 . Deals & Combos . 1 Small Pizza (Classic) 2 Pcs Garlic Bread 1 Small Drink . at Pizza Hut - DHA Phase 4 . in DHA
item_2203,152,Pizza Hut - DHA Phase 4,menu_item,Deal For 2,Deals & Combos,1699.0,4.9,DHA,Deal For 2 . Deals & Combos . 1 Medium Pizza Classic 2 Pcs Garlic Bread 2 Small Drinks . at Pizza Hut - DHA Phase 4 . in DHA
item_2204,152,Pizza Hut - DHA Phase 4,menu_item,Deal For 3,Deals & Combos,2699.0,4.9,DHA,Deal For 3 . Deals & Combos . 1 Large Pizza (Classic) 8 Pcs Wings 1 Large Drink . at Pizza Hut - DHA Phase 4 . in DHA
item_2205,152,Pizza Hut - DHA Phase 4,menu_item,Family Deal Large,Deals & Combos,4298.0,4.9,DHA,Family Deal Large . Deals & Combos . Two Large Pizzas (Classic) 6 Pcs Garlic Bread 1 Large Drink . at Pizza Hut - DHA Phase 4 . in DHA
item_2206,152,Pizza Hut - DHA Phase 4,menu_item,Family Deal Medium,Deals & Combos,2999.0,4.9,DHA,Family Deal Medium . Deals & Combos . 2 Medium Pizza (Classics) - 4 Pcs Garlic Bread -  1 Large Drink . at Pizza Hut - DHA Phase 4 . in DHA
item_2207,152,Pizza Hut - DHA Phase 4,menu_item,Appetizer Platter,Deals & Combos,1499.0,4.9,DHA,"Appetizer Platter . Deals & Combos . 12 Pieces wedges, 6 pieces wings, 4 pieces spin rolls & dip sauce pf your choice . at Pizza Hut - DHA Phase 4 . in DHA"
item_2208,152,Pizza Hut - DHA Phase 4,menu_item,Chicken Supreme,Pizza,699.0,4.9,DHA,"Chicken Supreme . Pizza . The ultimate mix of juicy grilled chicken strips together with mushrooms, red onions, green peppers, olives and melting mozzarella cheese . at Pizza Hut - DHA Phase 4 . in DHA"
item_2209,152,Pizza Hut - DHA Phase 4,menu_item,Dynamite Chicken,Pizza,699.0,4.9,DHA,"Dynamite Chicken . Pizza . Zesty dynamite sauce at the bottom and top, Paired with Malai Boti chicken, chicken Tikka, Onions, Jalapenos and melted cheese. . at Pizza Hut - DHA Phase 4 . in DHA"
item_2210,152,Pizza Hut - DHA Phase 4,menu_item,Malai Boti,Pizza,699.0,4.9,DHA,"Malai Boti . Pizza . Pizza Huts Malai Boti Pizza features tender, marinated chicken malai boti, cooked to perfection and topped with a creamy sauce, onion, and melted mozzrella cheese. . at Pizza Hut - DHA Phase 4 . in DHA"
item_2211,152,Pizza Hut - DHA Phase 4,menu_item,Peri Peri,Pizza,699.0,4.9,DHA,"Peri Peri . Pizza . Peri peri sauce, mozzarella cheese, chicken chunks, onions, jalapenos & drizzle sauce . at Pizza Hut - DHA Phase 4 . in DHA"
item_2212,152,Pizza Hut - DHA Phase 4,menu_item,Spicy Chicken Ranch,Pizza,699.0,4.9,DHA,"Spicy Chicken Ranch . Pizza . Ranch sauce, mozzarella cheese, chicken chunks, jalapenos, tomatoes & drizzle sauce . at Pizza Hut - DHA Phase 4 . in DHA"
item_2213,153,Qaffa,menu_item,Cookies N Cream,Beverages,950.0,0.0,DHA,Cookies N Cream . Beverages . Blended style milk beverage with cookies and cream featuring a rich comforting flavor . at Qaffa . in DHA
item_2214,153,Qaffa,menu_item,Creamy Chocolate Chocolate Shake,Beverages,950.0,0.0,DHA,Creamy Chocolate Chocolate Shake . Beverages . Chilled blended cocoa beverage with a rich and comforting flavor. . at Qaffa . in DHA
item_2215,153,Qaffa,menu_item,Vanilla Shake,Beverages,950.0,0.0,DHA,Vanilla Shake . Beverages . Chilled blended milk beverage offering a rich and comforting vanilla flavor. . at Qaffa . in DHA
item_2216,153,Qaffa,menu_item,White Chocolate,Beverages,950.0,0.0,DHA,White Chocolate . Beverages . Chilled blended white chocolate beverage with a rich and comforting flavor. . at Qaffa . in DHA
item_2217,153,Qaffa,menu_item,Americano,Beverages,850.0,0.0,DHA,Americano . Beverages . Freshly brewed espresso coffee with a rich and aromatic flavor. . at Qaffa . in DHA
item_2218,153,Qaffa,menu_item,Cafe Latte,Beverages,850.0,0.0,DHA,Cafe Latte . Beverages . Brewed espresso with silky steamed milk for a rich and comforting flavor. . at Qaffa . in DHA
item_2219,153,Qaffa,menu_item,Cappuccino,Beverages,850.0,0.0,DHA,Cappuccino . Beverages . Italian style brewed espresso and frothed milk with a rich and comforting flavor. . at Qaffa . in DHA
item_2220,153,Qaffa,menu_item,Cortado,Beverages,850.0,0.0,DHA,Cortado . Beverages . Spanish style espresso and steamed milk with a rich and aromatic flavor . at Qaffa . in DHA
item_2221,153,Qaffa,menu_item,Flat White,Beverages,850.0,0.0,DHA,Flat White . Beverages . Australian style espresso and steamed milk with a silky texture and rich comforting flavor. . at Qaffa . in DHA
item_2222,153,Qaffa,menu_item,Cho Espresso,Beverages,595.0,0.0,DHA,Cho Espresso . Beverages . Freshly brewed coffee and chocolate beverage with a rich and comforting flavor. . at Qaffa . in DHA
item_2223,153,Qaffa,menu_item,Espresso Machiato,Beverages,595.0,0.0,DHA,Espresso Machiato . Beverages . Italian style brewed coffee with foamed milk featuring a rich and comforting flavor. . at Qaffa . in DHA
item_2224,153,Qaffa,menu_item,Extra Shot Coffee,Other,300.0,0.0,DHA,Extra Shot Coffee . Other . Freshly brewed espresso style coffee featuring a rich and aromatic flavor. . at Qaffa . in DHA
item_2225,153,Qaffa,menu_item,Ice Cream,Other,300.0,0.0,DHA,Ice Cream . Other . Frozen dairy cream dessert offering a comforting and mildly sweet flavor. . at Qaffa . in DHA
item_2226,153,Qaffa,menu_item,Whipped Cream,Other,300.0,0.0,DHA,Whipped Cream . Other . Chilled whipped dairy cream featuring a silky texture and mildly sweet flavor. . at Qaffa . in DHA
item_2227,153,Qaffa,menu_item,Mango Chiller,Other,950.0,0.0,DHA,Mango Chiller . Other . Chilled blended mango beverage with a refreshing and mildly sweet flavor. . at Qaffa . in DHA
item_2228,153,Qaffa,menu_item,Mint Lemonade,Other,950.0,0.0,DHA,Mint Lemonade . Other . Chilled blended lemon and mint beverage with a refreshing and tangy flavor. . at Qaffa . in DHA
item_2229,153,Qaffa,menu_item,Mix Berry Chiller,Other,950.0,0.0,DHA,Mix Berry Chiller . Other . Blended ice beverage featuring mixed berries with a refreshing and mildly sweet flavor. . at Qaffa . in DHA
item_2230,153,Qaffa,menu_item,Peach Chiller,Other,950.0,0.0,DHA,Peach Chiller . Other . Chilled blended peach beverage featuring a refreshing and mildly sweet flavor. . at Qaffa . in DHA
item_2231,153,Qaffa,menu_item,Strawberry Chiller,Other,950.0,0.0,DHA,Strawberry Chiller . Other . Chilled blended strawberry beverage offering a refreshing flavor. . at Qaffa . in DHA
item_2232,153,Qaffa,menu_item,Strawberry Lemonade,Other,950.0,0.0,DHA,Strawberry Lemonade . Other . Chilled squeezed strawberry and lemon drink with a refreshing and tangy flavor. . at Qaffa . in DHA
item_2233,153,Qaffa,menu_item,Creamy Chocolate,Other,950.0,0.0,DHA,Creamy Chocolate . Other . Warm brewed cocoa beverage with a rich and comforting flavor. . at Qaffa . in DHA
item_2234,153,Qaffa,menu_item,Vanilla Chocolate,Other,950.0,0.0,DHA,Vanilla Chocolate . Other . Warm whisked chocolate beverage with a comforting mildly sweet flavor. . at Qaffa . in DHA
item_2235,153,Qaffa,menu_item,White Hot Chocolate,Other,950.0,0.0,DHA,White Hot Chocolate . Other . Steamed white chocolate drink with a rich and comforting flavor. . at Qaffa . in DHA
item_2236,153,Qaffa,menu_item,Butternut,Other,950.0,0.0,DHA,Butternut . Other . Chilled blended butternut beverage with a rich and comforting flavor. . at Qaffa . in DHA
item_2237,153,Qaffa,menu_item,Caramel,Other,950.0,0.0,DHA,Caramel . Other . Chilled blended milk beverage featuring caramel with a rich and comforting flavor. . at Qaffa . in DHA
item_2238,153,Qaffa,menu_item,Hazelnut,Other,950.0,0.0,DHA,Hazelnut . Other . Blended hazelnut drink with a refreshing and mildly sweet flavor . at Qaffa . in DHA
item_2239,153,Qaffa,menu_item,Mocca Chiller,Other,950.0,0.0,DHA,Mocca Chiller . Other . Blended iced coffee drink with chocolate and a rich comforting flavor. . at Qaffa . in DHA
item_2240,153,Qaffa,menu_item,Vanilla,Other,950.0,0.0,DHA,Vanilla . Other . Chilled blended dairy beverage featuring vanilla with a rich and mildly sweet flavor. . at Qaffa . in DHA
item_2241,153,Qaffa,menu_item,White Mocca Ice Blended,Other,950.0,0.0,DHA,White Mocca Ice Blended . Other . Blended coffee beverage featuring rich and mildly sweet flavor. . at Qaffa . in DHA
item_2242,153,Qaffa,menu_item,Lime,Beverages,895.0,0.0,DHA,Lime . Beverages . Chilled brewed tea with fresh lime offering a refreshing and tangy flavor. . at Qaffa . in DHA
item_2243,153,Qaffa,menu_item,Peach,Beverages,895.0,0.0,DHA,Peach . Beverages . Chilled brewed beverage featuring peach with a refreshing mildly sweet flavor . at Qaffa . in DHA
item_2244,153,Qaffa,menu_item,Strawberry,Beverages,895.0,0.0,DHA,Strawberry . Beverages . Chilled brewed black tea with strawberry featuring a refreshing and mildly sweet flavor. . at Qaffa . in DHA
item_2245,153,Qaffa,menu_item,Pistachio Latte,Beverages,995.0,0.0,DHA,Pistachio Latte . Beverages . Chilled brewed espresso and milk featuring a rich and mildly sweet flavor. . at Qaffa . in DHA
item_2246,153,Qaffa,menu_item,Spanish Latte Ice Coffee,Beverages,995.0,0.0,DHA,Spanish Latte Ice Coffee . Beverages . Spanish style chilled espresso and sweetened milk with a rich and refreshing flavor. . at Qaffa . in DHA
item_2247,153,Qaffa,menu_item,Spanish Mocha,Beverages,995.0,0.0,DHA,Spanish Mocha . Beverages . Chilled espresso beverage with milk and chocolate offering a rich and comforting flavor. . at Qaffa . in DHA
item_2248,153,Qaffa,menu_item,Lime Italian Soda,Beverages,895.0,0.0,DHA,Lime Italian Soda . Beverages . Italian style chilled lime drink with a refreshing and tangy flavor. . at Qaffa . in DHA
item_2249,153,Qaffa,menu_item,Passionfruit,Beverages,895.0,0.0,DHA,Passionfruit . Beverages . Italian style passion fruit beverage offering a refreshing and tangy flavor. . at Qaffa . in DHA
item_2250,153,Qaffa,menu_item,Peach Italian Soda,Beverages,895.0,0.0,DHA,Peach Italian Soda . Beverages . Chilled carbonated peach beverage with a refreshing mildly sweet flavor. . at Qaffa . in DHA
item_2251,153,Qaffa,menu_item,Raspberry,Beverages,895.0,0.0,DHA,Raspberry . Beverages . Chilled carbonated raspberry drink with a refreshing and mildly sweet flavor. . at Qaffa . in DHA
item_2252,153,Qaffa,menu_item,Strawberry Italian Soda,Beverages,895.0,0.0,DHA,Strawberry Italian Soda . Beverages . Italian style carbonated beverage featuring strawberries with a refreshing flavor. . at Qaffa . in DHA
item_2253,153,Qaffa,menu_item,Butter Nut Latte,Other,950.0,0.0,DHA,Butter Nut Latte . Other . Brewed espresso milk beverage featuring rich comforting buttery and aromatic flavors . at Qaffa . in DHA
item_2254,153,Qaffa,menu_item,Caramel Latte,Other,950.0,0.0,DHA,Caramel Latte . Other . Brewed espresso beverage with milk and sweet caramel offering a rich comforting flavor. . at Qaffa . in DHA
item_2255,153,Qaffa,menu_item,Hazelnut Latte,Other,950.0,0.0,DHA,Hazelnut Latte . Other . Espresso style coffee with milk and hazelnut featuring a rich mildly sweet flavor . at Qaffa . in DHA
item_2256,153,Qaffa,menu_item,Mocca Latte,Other,950.0,0.0,DHA,Mocca Latte . Other . Brewed espresso beverage with milk and cocoa offering a rich comforting flavor . at Qaffa . in DHA
item_2257,153,Qaffa,menu_item,Spanish Latte,Other,950.0,0.0,DHA,Spanish Latte . Other . Brewed espresso and milk beverage with a rich and mildly sweet flavor. . at Qaffa . in DHA
item_2258,153,Qaffa,menu_item,Vanilla Latte,Other,950.0,0.0,DHA,Vanilla Latte . Other . Italian style brewed espresso and milk with a comforting mildly sweet flavor. . at Qaffa . in DHA
item_2259,153,Qaffa,menu_item,White Mocca,Other,950.0,0.0,DHA,White Mocca . Other . Italian style brewed coffee with white chocolate offering a rich and comforting flavor. . at Qaffa . in DHA
item_2260,153,Qaffa,menu_item,Banana,Beverages,995.0,0.0,DHA,Banana . Beverages . Blended banana beverage with a refreshing and mildly sweet flavor. . at Qaffa . in DHA
item_2261,153,Qaffa,menu_item,Mango,Beverages,995.0,0.0,DHA,Mango . Beverages . Chilled blended mango beverage with a refreshing and mildly sweet flavor. . at Qaffa . in DHA
item_2262,153,Qaffa,menu_item,Mixberry,Beverages,995.0,0.0,DHA,Mixberry . Beverages . Blended style mixed berries beverage with a refreshing and mildly sweet flavor. . at Qaffa . in DHA
item_2263,153,Qaffa,menu_item,English Tea,Beverages,550.0,0.0,DHA,English Tea . Beverages . British style brewed black tea leaves with a comforting and aromatic flavor. . at Qaffa . in DHA
item_2264,153,Qaffa,menu_item,Jasmine Green Tea,Beverages,550.0,0.0,DHA,Jasmine Green Tea . Beverages . Brewed jasmine green leaves with a refreshing and aromatic flavor. . at Qaffa . in DHA
item_2265,153,Qaffa,menu_item,Moroccan Mint Green Tea,Beverages,550.0,0.0,DHA,Moroccan Mint Green Tea . Beverages . Moroccan style steeped mint infusion with a refreshing and aromatic flavor. . at Qaffa . in DHA
item_2266,154,Rax Pizza Shawarma & Burgers,menu_item,Aquafina Water - 1 Litre,Beverages,100.0,4.6,DHA,Aquafina Water - 1 Litre . Beverages . Pure water for a perfect taste! Click to add refreshing water to your meal. . at Rax Pizza Shawarma & Burgers . in DHA
item_2267,154,Rax Pizza Shawarma & Burgers,menu_item,Next Cola - 1.5 Litre,Beverages,320.0,4.6,DHA,Next Cola - 1.5 Litre . Beverages . Make your food more delicious with cold drink . at Rax Pizza Shawarma & Burgers . in DHA
item_2268,154,Rax Pizza Shawarma & Burgers,menu_item,Next Cola - 345 ml,Beverages,100.0,4.6,DHA,Next Cola - 345 ml . Beverages . Make your food more delicious with cold drink . at Rax Pizza Shawarma & Burgers . in DHA
item_2269,154,Rax Pizza Shawarma & Burgers,menu_item,Next Cola- 500 ml,Beverages,160.0,4.6,DHA,Next Cola- 500 ml . Beverages . Make your food more delicious with cold drink . at Rax Pizza Shawarma & Burgers . in DHA
item_2270,154,Rax Pizza Shawarma & Burgers,menu_item,Rax miral Water - 500 ml,Beverages,60.0,4.6,DHA,Rax miral Water - 500 ml . Beverages . Pure water for a perfect taste! Click to add refreshing water to your meal. . at Rax Pizza Shawarma & Burgers . in DHA
item_2271,154,Rax Pizza Shawarma & Burgers,menu_item,Beef Burger,Burgers,348.0,4.6,DHA,"Beef Burger . Burgers . A beef burger is a classic sandwich featuring a seasoned, juicy beef patty served in a soft bun with fresh toppings like lettuce, tomato, cheese, and sauces for a hearty and flavorful bite. . at Rax Pizza Shawarma & Burgers . in DHA"
item_2272,154,Rax Pizza Shawarma & Burgers,menu_item,Beef Burger with Cheese,Burgers,384.0,4.6,DHA,"Beef Burger with Cheese . Burgers . Juicy Flame-Grilled Beef Burger
Sink your teeth into our signature 100% premium beef patty, flame-grilled to perfection for a smoky char and juicy tenderness. Layered with melted aged cheddar cheese, crispy applewood-smoked bacon, and caramelized onions, this burger is a flavor explosion. . at Rax Pizza Shawarma & Burgers . in DHA"
item_2273,154,Rax Pizza Shawarma & Burgers,menu_item,Chicken Burger,Burgers,240.0,4.6,DHA,Chicken Burger . Burgers . A delicious chicken burger made with a crispy or grilled chicken patty served in a soft bun with fresh lettuce juicy tomato slices and creamy mayonnaise often paired with cheese and flavorful sauces for a satisfying meal . at Rax Pizza Shawarma & Burgers . in DHA
item_2274,154,Rax Pizza Shawarma & Burgers,menu_item,Chicken Burger with Cheese,Burgers,276.0,4.6,DHA,Chicken Burger with Cheese . Burgers . A delicious chicken burger made with a crispy or grilled chicken patty served in a soft bun with fresh lettuce juicy tomato slices and creamy mayonnaise often paired with cheese and flavorful sauces for a satisfying m . at Rax Pizza Shawarma & Burgers . in DHA
item_2275,154,Rax Pizza Shawarma & Burgers,menu_item,Chicken Tikka Burger,Burgers,270.0,4.6,DHA,Chicken Tikka Burger . Burgers . Tikka burger is a flavorful fusion of juicy grilled or fried chicken tikka nestled in a soft bun layered with fresh lettuce onions tomatoes and a creamy tangy sauce bursting with aromatic spices it offers a perfect balance of smoky tenderness and zesty goodness making it a delicious and satisfying meal . at Rax Pizza Shawarma & Burgers . in DHA
item_2276,154,Rax Pizza Shawarma & Burgers,menu_item,Chicken Tikka Burger with Cheese,Burgers,306.0,4.6,DHA,Chicken Tikka Burger with Cheese . Burgers . Tikka burger is a flavorful fusion of juicy grilled or fried chicken tikka nestled in a soft bun layered with fresh lettuce onions tomatoes and a creamy tangy sauce bursting with aromatic spices it offers a perfect balance of smoky tenderness and zesty goodness making it a delicious and satisfying meal . at Rax Pizza Shawarma & Burgers . in DHA
item_2277,154,Rax Pizza Shawarma & Burgers,menu_item,Double Decker Burger,Burgers,450.0,4.6,DHA,Double Decker Burger . Burgers . A double-decker burger is a towering creation featuring two juicy zinger patties stacked between soft toasted buns layered with fresh crisp lettuce ripe tomato slices crunchy pickles melted cheese and a special savory sauce adding rich flavor every bite offers a perfect blend of textures and tastes making it a satisfying indulgence . at Rax Pizza Shawarma & Burgers . in DHA
item_2278,154,Rax Pizza Shawarma & Burgers,menu_item,Double Decker Burger with Cheese,Burgers,492.0,4.6,DHA,Double Decker Burger with Cheese . Burgers . A double-decker burger is a zinger pieces tacked between soft toasted buns layered with fresh crisp lettuce ripe tomato slices crunchy pickles melted cheese and a special savory sauce adding rich flavor every bite offers a perfect blend of textures and tastes making it a satisfying indulgence . at Rax Pizza Shawarma & Burgers . in DHA
item_2279,154,Rax Pizza Shawarma & Burgers,menu_item,Double Masti Burger,Burgers,558.0,4.6,DHA,Double Masti Burger . Burgers . Double masti burger is a delicious and satisfying treat featuring two juicy grilled patties layered with melted cheese crisp lettuce fresh tomatoes and creamy special sauce all stacked between soft toasted buns for a flavorful bite in every mouthful . at Rax Pizza Shawarma & Burgers . in DHA
item_2280,154,Rax Pizza Shawarma & Burgers,menu_item,Double Masti Burger with Cheese,Burgers,594.0,4.6,DHA,Double Masti Burger with Cheese . Burgers . Double masti burger with cheese is a delicious and satisfying treat featuring two juicy grilled patties layered with melted cheese crisp lettuce fresh tomatoes and creamy special sauce  and  cheese all stacked between soft toasted buns for a flavorful bite in every mouthful . at Rax Pizza Shawarma & Burgers . in DHA
item_2281,154,Rax Pizza Shawarma & Burgers,menu_item,Grilled Burger,Burgers,348.0,4.6,DHA,"Grilled Burger . Burgers . Juicy and flavorful burger made with a seasoned beef patty, grilled to perfection, and served in a soft bun with fresh toppings like lettuce, tomato, cheese, and sauces for a smoky and satisfying bite. . at Rax Pizza Shawarma & Burgers . in DHA"
item_2282,154,Rax Pizza Shawarma & Burgers,menu_item,Grilled Burger with Cheese,Burgers,384.0,4.6,DHA,"Grilled Burger with Cheese . Burgers . Juicy, flame-grilled chicken patty topped with melted cheese, served in a soft bun with fresh toppings like lettuce, tomato, and sauces for a rich, smoky, and satisfying flavor. . at Rax Pizza Shawarma & Burgers . in DHA"
item_2283,154,Rax Pizza Shawarma & Burgers,menu_item,Zinger Burger,Burgers,276.0,4.6,DHA,Zinger Burger . Burgers . A zinger burger is a crispy spicy chicken fillet coated in a crunchy batter served in a soft bun with fresh lettuce creamy mayo and sometimes cheese creating a deliciously flavorful and satisfying meal . at Rax Pizza Shawarma & Burgers . in DHA
item_2284,154,Rax Pizza Shawarma & Burgers,menu_item,Zinger Burger with Cheese,Burgers,318.0,4.6,DHA,Zinger Burger with Cheese . Burgers . A zinger burger is a crispy spicy chicken fillet coated in a crunchy batter served in a soft bun with fresh lettuce creamy mayo and sometimes cheese creating a deliciously flavorful and satisfying m . at Rax Pizza Shawarma & Burgers . in DHA
item_2285,154,Rax Pizza Shawarma & Burgers,menu_item,Chicken Jumboo Shawarma Deal,Deals & Combos,734.0,4.6,DHA,Chicken Jumboo Shawarma Deal . Deals & Combos . 1 chicken Jumboo shawarma with regular cold drink. . at Rax Pizza Shawarma & Burgers . in DHA
item_2286,154,Rax Pizza Shawarma & Burgers,menu_item,Zinger Burger Deal,Deals & Combos,734.0,4.6,DHA,Zinger Burger Deal . Deals & Combos . 1 zinger burger With 345ml regular cold drink . at Rax Pizza Shawarma & Burgers . in DHA
item_2287,154,Rax Pizza Shawarma & Burgers,menu_item,Family Deal 1,Deals & Combos,2160.0,4.6,DHA,Family Deal 1 . Deals & Combos . 6 Grilled burger &  Pepsi - 1.5 litre . at Rax Pizza Shawarma & Burgers . in DHA
item_2288,154,Rax Pizza Shawarma & Burgers,menu_item,Family Deal 10,Deals & Combos,2580.0,4.6,DHA,"Family Deal 10 . Deals & Combos . 4 Jumbo shawarma , 4 zinger burgers & Pepsi - 1.5 litre . at Rax Pizza Shawarma & Burgers . in DHA"
item_2289,154,Rax Pizza Shawarma & Burgers,menu_item,Family Deal 2,Deals & Combos,2352.0,4.6,DHA,Family Deal 2 . Deals & Combos . 6 Grilled jumbo shawarma & Pepsi - 1.5 litre . at Rax Pizza Shawarma & Burgers . in DHA
item_2290,154,Rax Pizza Shawarma & Burgers,menu_item,Family Deal 3,Deals & Combos,2352.0,4.6,DHA,Family Deal 3 . Deals & Combos . 6 Grilled paratha & Pepsi - 1.5 litre . at Rax Pizza Shawarma & Burgers . in DHA
item_2291,154,Rax Pizza Shawarma & Burgers,menu_item,Family Deal 4,Deals & Combos,2718.0,4.6,DHA,Family Deal 4 . Deals & Combos . 6 Grilled Sandwich & Pepsi - 1.5 litre . at Rax Pizza Shawarma & Burgers . in DHA
item_2292,154,Rax Pizza Shawarma & Burgers,menu_item,Family Deal 5,Deals & Combos,2178.0,4.6,DHA,Family Deal 5 . Deals & Combos . 6 Grilled jumbo shawarma & Pepsi - 1.5 litre . at Rax Pizza Shawarma & Burgers . in DHA
item_2293,154,Rax Pizza Shawarma & Burgers,menu_item,Family Deal 6,Deals & Combos,1686.0,4.6,DHA,Family Deal 6 . Deals & Combos . 6 Zinger burgers & Pepsi - 1.5 litre . at Rax Pizza Shawarma & Burgers . in DHA
item_2294,154,Rax Pizza Shawarma & Burgers,menu_item,Family Deal 7,Deals & Combos,2694.0,4.6,DHA,"Family Deal 7 . Deals & Combos . 5 Large shawarma, 3 zinger paratha roll & Pepsi - 1.5 litre . at Rax Pizza Shawarma & Burgers . in DHA"
item_2295,154,Rax Pizza Shawarma & Burgers,menu_item,Family Deal 8,Deals & Combos,2484.0,4.6,DHA,"Family Deal 8 . Deals & Combos . 5 Large shawarma, 3 Zinger burgers & Pepsi - 1.5 litre . at Rax Pizza Shawarma & Burgers . in DHA"
item_2296,154,Rax Pizza Shawarma & Burgers,menu_item,Family Deal 9,Deals & Combos,3120.0,4.6,DHA,Family Deal 9 . Deals & Combos . 10 Large shawarma &  Pepsi - 1.5 litre . at Rax Pizza Shawarma & Burgers . in DHA
item_2297,154,Rax Pizza Shawarma & Burgers,menu_item,Boneless Fried Chicken,Meat Mains,258.0,4.6,DHA,Boneless Fried Chicken . Meat Mains . A crispy golden-brown fried dish with a bold spicy flavor featuring tender juicy  coated in a crunchy seasoned batter bursting with heat and smoky undertones . at Rax Pizza Shawarma & Burgers . in DHA
item_2298,154,Rax Pizza Shawarma & Burgers,menu_item,Hot Shots,Meat Mains,288.0,4.6,DHA,Hot Shots . Meat Mains . A crispy golden-brown fried dish with a bold spicy flavor featuring tender juicy meaa crunchy seasoned batter bursting with heat and smoky undertones . at Rax Pizza Shawarma & Burgers . in DHA
item_2299,154,Rax Pizza Shawarma & Burgers,menu_item,Nuggets,Meat Mains,306.0,4.6,DHA,Nuggets . Meat Mains . 6 Pieces . at Rax Pizza Shawarma & Burgers . in DHA
item_2300,154,Rax Pizza Shawarma & Burgers,menu_item,Loaded Fries,Sides & Appetizers,672.0,4.6,DHA,"Loaded Fries . Sides & Appetizers . Crispy golden fries topped with melted cheese savory bacon bits  , chicken ,grill and creamy sauce and fresh herbs . at Rax Pizza Shawarma & Burgers . in DHA"
item_2301,154,Rax Pizza Shawarma & Burgers,menu_item,Masala Fries,Sides & Appetizers,180.0,4.6,DHA,Masala Fries . Sides & Appetizers . Fries with some special seasoning of spices . at Rax Pizza Shawarma & Burgers . in DHA
item_2302,154,Rax Pizza Shawarma & Burgers,menu_item,Mayo Fries,Sides & Appetizers,348.0,4.6,DHA,Mayo Fries . Sides & Appetizers . Fries with combo of mayo . at Rax Pizza Shawarma & Burgers . in DHA
item_2303,154,Rax Pizza Shawarma & Burgers,menu_item,Rax Family Fries,Sides & Appetizers,624.0,4.6,DHA,Rax Family Fries . Sides & Appetizers . Rax family fries more fries . at Rax Pizza Shawarma & Burgers . in DHA
item_2304,154,Rax Pizza Shawarma & Burgers,menu_item,Deal 1,Deals & Combos,720.0,4.6,DHA,"Deal 1 . Deals & Combos . Grilled sandwich, regular fries & next cola -  500 ml . at Rax Pizza Shawarma & Burgers . in DHA"
item_2305,154,Rax Pizza Shawarma & Burgers,menu_item,Deal 10,Deals & Combos,654.0,4.6,DHA,"Deal 10 . Deals & Combos . Zinger paratha roll, regular fries & next cola - 500 ml . at Rax Pizza Shawarma & Burgers . in DHA"
item_2306,154,Rax Pizza Shawarma & Burgers,menu_item,Deal 12,Deals & Combos,684.0,4.6,DHA,"Deal 12 . Deals & Combos . Double decker burger, regular fries & next cola - 500 ml . at Rax Pizza Shawarma & Burgers . in DHA"
item_2307,154,Rax Pizza Shawarma & Burgers,menu_item,Deal 2,Deals & Combos,624.0,4.6,DHA,"Deal 2 . Deals & Combos . Grilled burger, regular fries & next cola - 500 ml . at Rax Pizza Shawarma & Burgers . in DHA"
item_2308,154,Rax Pizza Shawarma & Burgers,menu_item,Deal 3,Deals & Combos,750.0,4.6,DHA,"Deal 3 . Deals & Combos . Grilled pizza burger, regular fries & next cola - 500 ml . at Rax Pizza Shawarma & Burgers . in DHA"
item_2309,154,Rax Pizza Shawarma & Burgers,menu_item,Deal 4,Deals & Combos,624.0,4.6,DHA,"Deal 4 . Deals & Combos . Beef burger, regular fries & next cola - 500 ml . at Rax Pizza Shawarma & Burgers . in DHA"
item_2310,154,Rax Pizza Shawarma & Burgers,menu_item,Deal 5,Deals & Combos,1206.0,4.6,DHA,"Deal 5 . Deals & Combos . Small pizza, jumbo shawarma, regular fries &  next cola - 500 ml . at Rax Pizza Shawarma & Burgers . in DHA"
item_2311,154,Rax Pizza Shawarma & Burgers,menu_item,Deal 6,Deals & Combos,546.0,4.6,DHA,"Deal 6 . Deals & Combos . Zinger burger, regular fries & next cola - 500 ml . at Rax Pizza Shawarma & Burgers . in DHA"
item_2312,154,Rax Pizza Shawarma & Burgers,menu_item,Deal 7,Deals & Combos,498.0,4.6,DHA,"Deal 7 . Deals & Combos . Chicken burger, regular fries & next cola - 500 ml . at Rax Pizza Shawarma & Burgers . in DHA"
item_2313,154,Rax Pizza Shawarma & Burgers,menu_item,Deal 8,Deals & Combos,864.0,4.6,DHA,"Deal 8 . Deals & Combos . 2 Zinger burgers, large fries & next cola - 500 ml . at Rax Pizza Shawarma & Burgers . in DHA"
item_2314,154,Rax Pizza Shawarma & Burgers,menu_item,Deal 9,Deals & Combos,834.0,4.6,DHA,"Deal 9 . Deals & Combos . Double masti burger, regular fries & next cola - 500 ml . at Rax Pizza Shawarma & Burgers . in DHA"
item_2315,154,Rax Pizza Shawarma & Burgers,menu_item,Beef Paratha Roll,Shawarma & Wraps,384.0,4.6,DHA,Beef Paratha Roll . Shawarma & Wraps . A beef paratha roll is a delicious street food dish featuring tender and flavorful beef wrapped in a crispy yet soft paratha The beef is marinated with aromatic spices cooked . at Rax Pizza Shawarma & Burgers . in DHA
item_2316,154,Rax Pizza Shawarma & Burgers,menu_item,Beef Paratha Roll with Cheese,Shawarma & Wraps,420.0,4.6,DHA,Beef Paratha Roll with Cheese . Shawarma & Wraps . A beef paratha roll  with cheese is a delicious street food dish featuring tender and flavorful beef wrapped in a crispy yet soft paratha The beef is marinated with aromatic spices cooked . at Rax Pizza Shawarma & Burgers . in DHA
item_2317,154,Rax Pizza Shawarma & Burgers,menu_item,Chicken Paratha Roll,Shawarma & Wraps,354.0,4.6,DHA,Chicken Paratha Roll . Shawarma & Wraps . A chicken paratha roll is a delicious street food made with tender spiced chicken wrapped in a soft flaky paratha the chicken is cooked with aromatic spices and herbs giving it a rich flavor the paratha is golden brown and slightly crispy on the outside inside the roll is filled with juicy chicken fresh onions tangy sauces and sometimes yogurt or chutney for extra taste it is a satisfying and flavorful meal perfect for a quick snack or lunch . at Rax Pizza Shawarma & Burgers . in DHA
item_2318,154,Rax Pizza Shawarma & Burgers,menu_item,Chicken Paratha Roll with Cheese,Shawarma & Wraps,396.0,4.6,DHA,Chicken Paratha Roll with Cheese . Shawarma & Wraps . A chicken paratha roll  with cheese is a delicious street food made with tender spiced chicken wrapped in a soft flaky paratha the chicken is cooked with aromatic spices and herbs giving it a rich flavor the paratha is golden brown . at Rax Pizza Shawarma & Burgers . in DHA
item_2319,154,Rax Pizza Shawarma & Burgers,menu_item,Grilled Paratha Roll,Shawarma & Wraps,384.0,4.6,DHA,Grilled Paratha Roll . Shawarma & Wraps . Grill paratha roll is a delicious street-style dish made with soft and flaky paratha grilled to perfection wrapped around a flavorful filling of spiced chicken paneer or vegetables served with tangy sauces fresh onions and herbs for a tasty and satisfying meal . at Rax Pizza Shawarma & Burgers . in DHA
item_2320,154,Rax Pizza Shawarma & Burgers,menu_item,Grilled Paratha Roll with Cheese,Shawarma & Wraps,420.0,4.6,DHA,Grilled Paratha Roll with Cheese . Shawarma & Wraps . Grill paratha roll  with cheese is a delicious street-style dish made with soft and flaky paratha grilled to perfection wrapped around a flavorful filling of spiced chicken paneer or vegetables served with tangy sauces fresh onions and herbs for a tasty and satisfying meal . at Rax Pizza Shawarma & Burgers . in DHA
item_2321,154,Rax Pizza Shawarma & Burgers,menu_item,Zinger Paratha Roll,Shawarma & Wraps,372.0,4.6,DHA,Zinger Paratha Roll . Shawarma & Wraps . Zinger paratha roll is a crispy and spicy chicken fillet wrapped in a soft and flaky paratha with fresh lettuce mayo and tangy sauces giving a perfect balance of crunch creaminess and flavor in every bite . at Rax Pizza Shawarma & Burgers . in DHA
item_2322,154,Rax Pizza Shawarma & Burgers,menu_item,Zinger Paratha Roll with Cheese,Shawarma & Wraps,414.0,4.6,DHA,Zinger Paratha Roll with Cheese . Shawarma & Wraps . A zinger paratha roll with cheese  is a delicious made with tender spiced zinger wrapped in a soft flaky paratha the chicken is cooked with aromatic spices and herbs giving it a rich flavor the paratha is golden brown and slightly crispy on the outside inside the roll is filled with juicy chicken fresh onions tangy sauces and sometimes yogurt or chutney for extra taste it is a satisfying and flavorful meal perfect for a quick snack or lunch . at Rax Pizza Shawarma & Burgers . in DHA
item_2323,154,Rax Pizza Shawarma & Burgers,menu_item,Cheese Kabab Pizza,Pizza,768.0,4.6,DHA,"Cheese Kabab Pizza . Pizza . Tikka chicken, onion, tomato, cheese & kabab . at Rax Pizza Shawarma & Burgers . in DHA"
item_2324,154,Rax Pizza Shawarma & Burgers,menu_item,Chicken Fajita,Pizza,624.0,4.6,DHA,"Chicken Fajita . Pizza . Fajita chicken, onion, tomato, cheese, black olives & capsicum . at Rax Pizza Shawarma & Burgers . in DHA"
item_2325,154,Rax Pizza Shawarma & Burgers,menu_item,Chicken Supreme Pizza,Pizza,720.0,4.6,DHA,"Chicken Supreme Pizza . Pizza . Chicken, black olives, mushrooms, cheese, tomato & capsicum . at Rax Pizza Shawarma & Burgers . in DHA"
item_2326,154,Rax Pizza Shawarma & Burgers,menu_item,Chicken Tikka Pizza,Pizza,624.0,4.6,DHA,"Chicken Tikka Pizza . Pizza . Tikka chicken, onion, tomato & cheese . at Rax Pizza Shawarma & Burgers . in DHA"
item_2327,154,Rax Pizza Shawarma & Burgers,menu_item,Crown Crust Pizza,Pizza,768.0,4.6,DHA,"Crown Crust Pizza . Pizza . Chicken, black olive, crush cheese, capsicum & cheese . at Rax Pizza Shawarma & Burgers . in DHA"
item_2328,154,Rax Pizza Shawarma & Burgers,menu_item,Lasagna Pizza,Pizza,768.0,4.6,DHA,"Lasagna Pizza . Pizza . Chicken, black olive, tomato, capsicum & cheese . at Rax Pizza Shawarma & Burgers . in DHA"
item_2329,154,Rax Pizza Shawarma & Burgers,menu_item,RAX Special Pizza,Pizza,720.0,4.6,DHA,"RAX Special Pizza . Pizza . Pineapple, chicken, black olives, mushrooms, cheese, tomato & capsicum . at Rax Pizza Shawarma & Burgers . in DHA"
item_2330,154,Rax Pizza Shawarma & Burgers,menu_item,Beef Pizza Burger,Pizza,468.0,4.6,DHA,"Beef Pizza Burger . Pizza . A savory blend of beef, cheese, and toppings between two pizza crusts. . at Rax Pizza Shawarma & Burgers . in DHA"
item_2331,154,Rax Pizza Shawarma & Burgers,menu_item,Chicken Tikka Pizza Burger,Pizza,414.0,4.6,DHA,Chicken Tikka Pizza Burger . Pizza . Pizza burger with patty . at Rax Pizza Shawarma & Burgers . in DHA
item_2332,154,Rax Pizza Shawarma & Burgers,menu_item,Grilled Pizza Burger,Pizza,468.0,4.6,DHA,Grilled Pizza Burger . Pizza . Juicy grilled patty topped with melted cheese and fresh toppings on a toasted bun. . at Rax Pizza Shawarma & Burgers . in DHA
item_2333,154,Rax Pizza Shawarma & Burgers,menu_item,Patty Pizza Burger,Pizza,468.0,4.6,DHA,Patty Pizza Burger . Pizza . Pizza burger with chiken petty . at Rax Pizza Shawarma & Burgers . in DHA
item_2334,154,Rax Pizza Shawarma & Burgers,menu_item,Zinger Pizza Burger,Pizza,468.0,4.6,DHA,"Zinger Pizza Burger . Pizza . A flavorful burger topped with zesty sauce, cheese, and fresh vegetables on a bun. . at Rax Pizza Shawarma & Burgers . in DHA"
item_2335,154,Rax Pizza Shawarma & Burgers,menu_item,Rax Special Platter,Deals & Combos,1572.0,4.6,DHA,"Rax Special Platter . Deals & Combos . Shawarma chicken 
Grilled chicken 
Zinger chicken with chase 
4 jumbo breads 
Fries 
And fresh salad 
Olive slices . at Rax Pizza Shawarma & Burgers . in DHA"
item_2336,154,Rax Pizza Shawarma & Burgers,menu_item,ViP Beef Platter,Deals & Combos,840.0,4.6,DHA,"ViP Beef Platter . Deals & Combos . Beef patty meet with cheese 
2 jumbo breads 
1 dip garlic mayo
1 dip chili garlic sauce 
And fresh salad 
Olive slices . at Rax Pizza Shawarma & Burgers . in DHA"
item_2337,154,Rax Pizza Shawarma & Burgers,menu_item,ViP Chicken Platter,Deals & Combos,696.0,4.6,DHA,"ViP Chicken Platter . Deals & Combos . Shawarma chicken with chase 
2 jumbo breads 
1 dip garlic mayo 
1 dip chili garlic sauce 
And fresh salad 
Olive slices . at Rax Pizza Shawarma & Burgers . in DHA"
item_2338,154,Rax Pizza Shawarma & Burgers,menu_item,ViP Fish Platter,Deals & Combos,1092.0,4.6,DHA,"ViP Fish Platter . Deals & Combos . Fish meet with chase 
2 jumbo breads 
1 dip garlic mayo 
1 dip chili garlic sauce 
And fresh salad 
Olive slices . at Rax Pizza Shawarma & Burgers . in DHA"
item_2339,154,Rax Pizza Shawarma & Burgers,menu_item,ViP Grill Plater,Deals & Combos,828.0,4.6,DHA,"ViP Grill Plater . Deals & Combos . Grilled chicken with chase 
2 jumbo breads
1 dip garlic sauce 
1 dip bar. B Q sauce 
And fresh salad
Olive slices . at Rax Pizza Shawarma & Burgers . in DHA"
item_2340,154,Rax Pizza Shawarma & Burgers,menu_item,ViP Zinger Platter,Deals & Combos,804.0,4.6,DHA,"ViP Zinger Platter . Deals & Combos . Zinger chicken with chase 
2 jumbo breads 
1 dip garlic mayo 
1 dip chili garlic sauce 
And fresh salad 
Olive slices . at Rax Pizza Shawarma & Burgers . in DHA"
item_2341,154,Rax Pizza Shawarma & Burgers,menu_item,Beef Sandwich,Sandwiches,450.0,4.6,DHA,"Beef Sandwich . Sandwiches . The beef sandwich a delicious combination of tender roast beef piled high on a soft, fresh bun layered with crisp lettuce juicy tomato and creamy signature sauce delivering a perfect blend of flavors in every bite . at Rax Pizza Shawarma & Burgers . in DHA"
item_2342,154,Rax Pizza Shawarma & Burgers,menu_item,Chicken Cheese Sandwich,Sandwiches,438.0,4.6,DHA,Chicken Cheese Sandwich . Sandwiches . Crispy golden chicken fillet layered on a soft toasted bun with fresh lettuce and creamy mayo and cheese . at Rax Pizza Shawarma & Burgers . in DHA
item_2343,154,Rax Pizza Shawarma & Burgers,menu_item,Chicken Sandwich,Sandwiches,402.0,4.6,DHA,Chicken Sandwich . Sandwiches . Crispy golden chicken fillet layered on a soft toasted bun with fresh lettuce and creamy mayo . at Rax Pizza Shawarma & Burgers . in DHA
item_2344,154,Rax Pizza Shawarma & Burgers,menu_item,Club Sandwich,Sandwiches,450.0,4.6,DHA,Club Sandwich . Sandwiches . A club sandwich is a layered dish made with toasted bread sliced turkey or chicken crispy bacon fresh lettuce juicy tomato and mayonnaise often cut into quarters and secured with toothpicks typically served with fries or a side salad . at Rax Pizza Shawarma & Burgers . in DHA
item_2345,154,Rax Pizza Shawarma & Burgers,menu_item,Grilled Sandwich,Sandwiches,450.0,4.6,DHA,Grilled Sandwich . Sandwiches . Grilled sandwich is a warm crispy dish made by toasting bread with a filling inside usually containing cheese vegetables meats or spreads cooked on a grill pan or sandwich press until golden brown and melty . at Rax Pizza Shawarma & Burgers . in DHA
item_2346,154,Rax Pizza Shawarma & Burgers,menu_item,Rax Special Sandwich,Sandwiches,594.0,4.6,DHA,"Rax Special Sandwich . Sandwiches . The Rax Special Sandwich is a delicious combination of tender chiken ,grill, piled high on a soft, fresh bun layered with crisp lettuce juicy tomato and creamy signature sauce delivering a perfect blend of flavors in every bite . at Rax Pizza Shawarma & Burgers . in DHA"
item_2347,154,Rax Pizza Shawarma & Burgers,menu_item,Grilled Jumbo Shawarma,Shawarma & Wraps,384.0,4.6,DHA,"Grilled Jumbo Shawarma . Shawarma & Wraps . Made with marinated meat, grilled to perfection, and served in a wrap or plate with fresh veggies, sauces, and pita bread for a smoky and juicy taste. . at Rax Pizza Shawarma & Burgers . in DHA"
item_2348,154,Rax Pizza Shawarma & Burgers,menu_item,Grilled Special Jumbo Shawarma,Shawarma & Wraps,438.0,4.6,DHA,"Grilled Special Jumbo Shawarma . Shawarma & Wraps . Made with marinated meat, grilled to perfection, and served in a wrap or plate with fresh veggies, sauces, and pita bread for a smoky and juicy taste. . at Rax Pizza Shawarma & Burgers . in DHA"
item_2349,154,Rax Pizza Shawarma & Burgers,menu_item,Jumbo Beef  Shawarma,Shawarma & Wraps,450.0,4.6,DHA,Jumbo Beef  Shawarma . Shawarma & Wraps . Marinated beef slow cooked on a vertical rotisserie. Its served in a wrap or platter with fresh veggies garlic sauce and pita bread for a savory and aromatic flavor. . at Rax Pizza Shawarma & Burgers . in DHA
item_2350,154,Rax Pizza Shawarma & Burgers,menu_item,Jumbo Shawarma,Shawarma & Wraps,354.0,4.6,DHA,"Jumbo Shawarma . Shawarma & Wraps . Slow-roasted chicken, shaved into thin slices and served in a wrap or platter with fresh veggies, garlic sauce, and warm pita bread for a juicy and flavorful taste. . at Rax Pizza Shawarma & Burgers . in DHA"
item_2351,154,Rax Pizza Shawarma & Burgers,menu_item,Jumbo Zinger Shawarma,Shawarma & Wraps,468.0,4.6,DHA,"Jumbo Zinger Shawarma . Shawarma & Wraps . Featuring crispy fried chicken coated in a zesty, flavorful seasoning, wrapped in pita bread with fresh veggies and tangy sauces for a bold and crunchy bite. . at Rax Pizza Shawarma & Burgers . in DHA"
item_2352,154,Rax Pizza Shawarma & Burgers,menu_item,Shawarma,Shawarma & Wraps,210.0,4.6,DHA,"Shawarma . Shawarma & Wraps . Slow-roasted chicken, shaved into thin slices and served in a wrap or platter with fresh veggies, garlic sauce, and warm pita bread for a juicy and flavorful taste. . at Rax Pizza Shawarma & Burgers . in DHA"
item_2353,154,Rax Pizza Shawarma & Burgers,menu_item,Special Jumbo Beef Shawarma,Shawarma & Wraps,486.0,4.6,DHA,"Special Jumbo Beef Shawarma . Shawarma & Wraps . Marinated beef, slow-cooked on a vertical rotisserie. Its served in a wrap or platter with fresh veggies, garlic sauce, and pita bread for a savory and aromatic flavor. . at Rax Pizza Shawarma & Burgers . in DHA"
item_2354,154,Rax Pizza Shawarma & Burgers,menu_item,Special Jumbo Shawarma,Shawarma & Wraps,414.0,4.6,DHA,"Special Jumbo Shawarma . Shawarma & Wraps . Slow-roasted chicken, shaved into thin slices and served in a wrap or platter with fresh veggies, garlic sauce, and warm pita bread for a juicy and flavorful taste. . at Rax Pizza Shawarma & Burgers . in DHA"
item_2355,154,Rax Pizza Shawarma & Burgers,menu_item,Special Jumbo Zinger Shawarma,Shawarma & Wraps,414.0,4.6,DHA,"Special Jumbo Zinger Shawarma . Shawarma & Wraps . Featuring crispy fried chicken coated in a zesty, flavorful seasoning, wrapped in pita bread with fresh veggies and tangy sauces for a bold and crunchy bite. . at Rax Pizza Shawarma & Burgers . in DHA"
item_2356,155,Rina's Kitchenette - Dolmen Mall,menu_item,Mini Slider Platter,Sides & Appetizers,2250.0,4.8,DHA,"Mini Slider Platter . Sides & Appetizers . Roast Beef (3pc)
Chicken Parmesan (3pc)
Smash Beef (3pc) . at Rina's Kitchenette - Dolmen Mall . in DHA"
item_2357,155,Rina's Kitchenette - Dolmen Mall,menu_item,Mozzarella Sticks,Sides & Appetizers,1250.0,4.8,DHA,Mozzarella Sticks . Sides & Appetizers . Served with Chilli Mayo . at Rina's Kitchenette - Dolmen Mall . in DHA
item_2358,155,Rina's Kitchenette - Dolmen Mall,menu_item,Roast Beef Sliders,Sides & Appetizers,800.0,4.8,DHA,Roast Beef Sliders . Sides & Appetizers . Served with Honey Mustard (3pc) . at Rina's Kitchenette - Dolmen Mall . in DHA
item_2359,155,Rina's Kitchenette - Dolmen Mall,menu_item,Seaweed Taco with Shrimp & Egg,Sides & Appetizers,1275.0,4.8,DHA,Seaweed Taco with Shrimp & Egg . Sides & Appetizers . Single Serving . at Rina's Kitchenette - Dolmen Mall . in DHA
item_2360,155,Rina's Kitchenette - Dolmen Mall,menu_item,Stuffed Chicken Fingers,Sides & Appetizers,1650.0,4.8,DHA,Stuffed Chicken Fingers . Sides & Appetizers . Served with Mango Mayo . at Rina's Kitchenette - Dolmen Mall . in DHA
item_2361,155,Rina's Kitchenette - Dolmen Mall,menu_item,Thai Spring Rolls,Sides & Appetizers,750.0,4.8,DHA,Thai Spring Rolls . Sides & Appetizers . Served with Sweet Chilli Sauce . at Rina's Kitchenette - Dolmen Mall . in DHA
item_2362,155,Rina's Kitchenette - Dolmen Mall,menu_item,Asian Beef Bao,Other,1300.0,4.8,DHA,"Asian Beef Bao . Other . Stir-Fried Beef, Pickled Carrots, Sriracha, Spring Onions, Crispy Ginger & Peanuts. Served with Tempura Vegetables . at Rina's Kitchenette - Dolmen Mall . in DHA"
item_2363,155,Rina's Kitchenette - Dolmen Mall,menu_item,Chicken Katsu Bao,Other,1250.0,4.8,DHA,"Chicken Katsu Bao . Other . Chicken Katsu, Orange Chilli Sambal, Radish & Spring Onions. Served with Tempura Vegetables . at Rina's Kitchenette - Dolmen Mall . in DHA"
item_2364,155,Rina's Kitchenette - Dolmen Mall,menu_item,Hot Chicken Bao,Other,1250.0,4.8,DHA,"Hot Chicken Bao . Other . Crispy Fried Chicken, Spicy Korean Sauce & Iceberg. Served with Tempura Vegetables . at Rina's Kitchenette - Dolmen Mall . in DHA"
item_2365,155,Rina's Kitchenette - Dolmen Mall,menu_item,Mix Bao,Other,1400.0,4.8,DHA,Mix Bao . Other . Select any Two Baos . at Rina's Kitchenette - Dolmen Mall . in DHA
item_2366,155,Rina's Kitchenette - Dolmen Mall,menu_item,Smash X Bao,Other,1300.0,4.8,DHA,"Smash X Bao . Other . Smashed Beef Patty, American Cheese, Pickles & Onions. Served with Tempura Vegetables . at Rina's Kitchenette - Dolmen Mall . in DHA"
item_2367,155,Rina's Kitchenette - Dolmen Mall,menu_item,Croissant Egg & Cheese,Breakfast,1275.0,4.8,DHA,Croissant Egg & Cheese . Breakfast . Fried Egg & Cream Cheese in a Butter Croissant . at Rina's Kitchenette - Dolmen Mall . in DHA
item_2368,155,Rina's Kitchenette - Dolmen Mall,menu_item,Egg & Shroom Sandwich,Breakfast,1290.0,4.8,DHA,"Egg & Shroom Sandwich . Breakfast . Scrambled Eggs, Fresh Mushrooms & American Cheese in a Potato Bun . at Rina's Kitchenette - Dolmen Mall . in DHA"
item_2369,155,Rina's Kitchenette - Dolmen Mall,menu_item,Grilled Chicken Croissant,Breakfast,1750.0,4.8,DHA,"Grilled Chicken Croissant . Breakfast . Grilled Chicken, Tomatoes, Rocket, Parmesan & Balsamic Glaze in a Butter Croissant . at Rina's Kitchenette - Dolmen Mall . in DHA"
item_2370,155,Rina's Kitchenette - Dolmen Mall,menu_item,Toffee Crunch Cake,Desserts,3600.0,4.8,DHA,Toffee Crunch Cake . Desserts . 2 Lbs . at Rina's Kitchenette - Dolmen Mall . in DHA
item_2371,155,Rina's Kitchenette - Dolmen Mall,menu_item,Apple & Ginger Juice,Beverages,700.0,4.8,DHA,Apple & Ginger Juice . Beverages . Serves 1 . at Rina's Kitchenette - Dolmen Mall . in DHA
item_2372,155,Rina's Kitchenette - Dolmen Mall,menu_item,Apple Beetroot Juice,Beverages,700.0,4.8,DHA,Apple Beetroot Juice . Beverages . Single Serving . at Rina's Kitchenette - Dolmen Mall . in DHA
item_2373,155,Rina's Kitchenette - Dolmen Mall,menu_item,Apple Juice,Beverages,700.0,4.8,DHA,Apple Juice . Beverages . Serves 1 . at Rina's Kitchenette - Dolmen Mall . in DHA
item_2374,155,Rina's Kitchenette - Dolmen Mall,menu_item,Banoffee Milkshake,Beverages,925.0,4.8,DHA,Banoffee Milkshake . Beverages . Single Serving . at Rina's Kitchenette - Dolmen Mall . in DHA
item_2375,155,Rina's Kitchenette - Dolmen Mall,menu_item,Coconut Matcha,Beverages,800.0,4.8,DHA,Coconut Matcha . Beverages . Single Serving . at Rina's Kitchenette - Dolmen Mall . in DHA
item_2376,155,Rina's Kitchenette - Dolmen Mall,menu_item,Flavored Iced Latte,Beverages,800.0,4.8,DHA,Flavored Iced Latte . Beverages . Single Serving . at Rina's Kitchenette - Dolmen Mall . in DHA
item_2377,155,Rina's Kitchenette - Dolmen Mall,menu_item,Fresh Apple Lemonade,Beverages,775.0,4.8,DHA,Fresh Apple Lemonade . Beverages . Single Serving . at Rina's Kitchenette - Dolmen Mall . in DHA
item_2378,155,Rina's Kitchenette - Dolmen Mall,menu_item,Fresh Lime Sprite,Beverages,300.0,4.8,DHA,Fresh Lime Sprite . Beverages . Single Serving . at Rina's Kitchenette - Dolmen Mall . in DHA
item_2379,155,Rina's Kitchenette - Dolmen Mall,menu_item,Iced Americano,Beverages,575.0,4.8,DHA,Iced Americano . Beverages . Single Serving . at Rina's Kitchenette - Dolmen Mall . in DHA
item_2380,155,Rina's Kitchenette - Dolmen Mall,menu_item,Iced Latte,Beverages,675.0,4.8,DHA,Iced Latte . Beverages . Single Serving . at Rina's Kitchenette - Dolmen Mall . in DHA
item_2381,155,Rina's Kitchenette - Dolmen Mall,menu_item,Lemon Iced Tea,Beverages,800.0,4.8,DHA,Lemon Iced Tea . Beverages . Single Serving . at Rina's Kitchenette - Dolmen Mall . in DHA
item_2382,155,Rina's Kitchenette - Dolmen Mall,menu_item,Lemonade,Beverages,525.0,4.8,DHA,Lemonade . Beverages . Single Serving . at Rina's Kitchenette - Dolmen Mall . in DHA
item_2383,155,Rina's Kitchenette - Dolmen Mall,menu_item,Mango Matcha,Beverages,800.0,4.8,DHA,Mango Matcha . Beverages . Single Serving . at Rina's Kitchenette - Dolmen Mall . in DHA
item_2384,155,Rina's Kitchenette - Dolmen Mall,menu_item,Mint Margarita,Beverages,525.0,4.8,DHA,Mint Margarita . Beverages . Single Serving . at Rina's Kitchenette - Dolmen Mall . in DHA
item_2385,155,Rina's Kitchenette - Dolmen Mall,menu_item,Passionfruit Iced Tea,Beverages,800.0,4.8,DHA,Passionfruit Iced Tea . Beverages . Single Serving . at Rina's Kitchenette - Dolmen Mall . in DHA
item_2386,155,Rina's Kitchenette - Dolmen Mall,menu_item,Peach & Plum Juice,Beverages,700.0,4.8,DHA,Peach & Plum Juice . Beverages . Single Serving . at Rina's Kitchenette - Dolmen Mall . in DHA
item_2387,155,Rina's Kitchenette - Dolmen Mall,menu_item,Peach Iced Tea,Beverages,800.0,4.8,DHA,Peach Iced Tea . Beverages . Single Serving . at Rina's Kitchenette - Dolmen Mall . in DHA
item_2388,155,Rina's Kitchenette - Dolmen Mall,menu_item,Peach Juice,Beverages,700.0,4.8,DHA,Peach Juice . Beverages . Serves 1 . at Rina's Kitchenette - Dolmen Mall . in DHA
item_2389,155,Rina's Kitchenette - Dolmen Mall,menu_item,Rinas Rich Chocolate Shake,Beverages,825.0,4.8,DHA,Rinas Rich Chocolate Shake . Beverages . Classic Chocolate Shake . at Rina's Kitchenette - Dolmen Mall . in DHA
item_2390,155,Rina's Kitchenette - Dolmen Mall,menu_item,Spanish Iced Latte,Beverages,775.0,4.8,DHA,Spanish Iced Latte . Beverages . Single Serving . at Rina's Kitchenette - Dolmen Mall . in DHA
item_2391,155,Rina's Kitchenette - Dolmen Mall,menu_item,Chicken Pesto & Cottage Cheese,Sandwiches,590.0,4.8,DHA,"Chicken Pesto & Cottage Cheese . Sandwiches . Cold Sandwich filled with Grilled Chicken, Basil Pesto & Cottage Cheese (Full/Half) . at Rina's Kitchenette - Dolmen Mall . in DHA"
item_2392,155,Rina's Kitchenette - Dolmen Mall,menu_item,Cold Beef with Pickle Relish,Sandwiches,620.0,4.8,DHA,Cold Beef with Pickle Relish . Sandwiches . Full/Half . at Rina's Kitchenette - Dolmen Mall . in DHA
item_2393,155,Rina's Kitchenette - Dolmen Mall,menu_item,Herb Chicken Caesar Sandwich,Sandwiches,590.0,4.8,DHA,Herb Chicken Caesar Sandwich . Sandwiches . Cold Sandwich filled with Grilled Herb Chicken & Rinas Classic Caesar Salad (Full/Half) . at Rina's Kitchenette - Dolmen Mall . in DHA
item_2394,155,Rina's Kitchenette - Dolmen Mall,menu_item,Olive Chicken & Sundried Tomato,Sandwiches,590.0,4.8,DHA,"Olive Chicken & Sundried Tomato . Sandwiches . Cold Sandwich filled with Grilled Chicken, Olives & Sundried Tomatoes (Full/Half) . at Rina's Kitchenette - Dolmen Mall . in DHA"
item_2395,155,Rina's Kitchenette - Dolmen Mall,menu_item,Butter Croissant,Other,600.0,4.8,DHA,Butter Croissant . Other . Classic French Butter Croissant . at Rina's Kitchenette - Dolmen Mall . in DHA
item_2396,155,Rina's Kitchenette - Dolmen Mall,menu_item,Angel Pastry,Desserts,600.0,4.8,DHA,Angel Pastry . Desserts . Single Serving . at Rina's Kitchenette - Dolmen Mall . in DHA
item_2397,155,Rina's Kitchenette - Dolmen Mall,menu_item,Banoffee Pie,Desserts,550.0,4.8,DHA,Banoffee Pie . Desserts . Serves 1 . at Rina's Kitchenette - Dolmen Mall . in DHA
item_2398,155,Rina's Kitchenette - Dolmen Mall,menu_item,Belgian Chocolate Tart,Desserts,900.0,4.8,DHA,Belgian Chocolate Tart . Desserts . Single Serving . at Rina's Kitchenette - Dolmen Mall . in DHA
item_2399,155,Rina's Kitchenette - Dolmen Mall,menu_item,Biscoff Trifle,Desserts,850.0,4.8,DHA,Biscoff Trifle . Desserts . Single Serving . at Rina's Kitchenette - Dolmen Mall . in DHA
item_2400,155,Rina's Kitchenette - Dolmen Mall,menu_item,Caramelized Peach & Banana Trifle,Desserts,800.0,4.8,DHA,Caramelized Peach & Banana Trifle . Desserts . Single Serving . at Rina's Kitchenette - Dolmen Mall . in DHA
item_2401,155,Rina's Kitchenette - Dolmen Mall,menu_item,Chocolate Mille Feuille,Desserts,625.0,4.8,DHA,Chocolate Mille Feuille . Desserts . Serves 1 . at Rina's Kitchenette - Dolmen Mall . in DHA
item_2402,155,Rina's Kitchenette - Dolmen Mall,menu_item,Dark Chocolate Eclairs,Desserts,520.0,4.8,DHA,Dark Chocolate Eclairs . Desserts . Single Serving . at Rina's Kitchenette - Dolmen Mall . in DHA
item_2403,155,Rina's Kitchenette - Dolmen Mall,menu_item,Double Chocolate Fudge Mousse,Desserts,800.0,4.8,DHA,Double Chocolate Fudge Mousse . Desserts . Single Serving . at Rina's Kitchenette - Dolmen Mall . in DHA
item_2404,155,Rina's Kitchenette - Dolmen Mall,menu_item,Key Lime Pie,Desserts,575.0,4.8,DHA,Key Lime Pie . Desserts . Serves 1 . at Rina's Kitchenette - Dolmen Mall . in DHA
item_2405,155,Rina's Kitchenette - Dolmen Mall,menu_item,Lemon Cheesecake,Desserts,600.0,4.8,DHA,Lemon Cheesecake . Desserts . Serves 1 . at Rina's Kitchenette - Dolmen Mall . in DHA
item_2406,155,Rina's Kitchenette - Dolmen Mall,menu_item,Mille Feuille,Desserts,520.0,4.8,DHA,Mille Feuille . Desserts . Serves 1 . at Rina's Kitchenette - Dolmen Mall . in DHA
item_2407,155,Rina's Kitchenette - Dolmen Mall,menu_item,Mocha Trifle with Maltesers,Desserts,850.0,4.8,DHA,Mocha Trifle with Maltesers . Desserts . Single Serving . at Rina's Kitchenette - Dolmen Mall . in DHA
item_2408,155,Rina's Kitchenette - Dolmen Mall,menu_item,Nutella Beignet,Desserts,410.0,4.8,DHA,Nutella Beignet . Desserts . Single Serving . at Rina's Kitchenette - Dolmen Mall . in DHA
item_2409,155,Rina's Kitchenette - Dolmen Mall,menu_item,Nutella Caramel,Desserts,800.0,4.8,DHA,Nutella Caramel . Desserts . Serves 1 . at Rina's Kitchenette - Dolmen Mall . in DHA
item_2410,155,Rina's Kitchenette - Dolmen Mall,menu_item,Salted Caramel Beignet,Desserts,385.0,4.8,DHA,Salted Caramel Beignet . Desserts . Serves 1 . at Rina's Kitchenette - Dolmen Mall . in DHA
item_2411,155,Rina's Kitchenette - Dolmen Mall,menu_item,Strawberry Cheesecake,Desserts,600.0,4.8,DHA,Strawberry Cheesecake . Desserts . Single Serving . at Rina's Kitchenette - Dolmen Mall . in DHA
item_2412,155,Rina's Kitchenette - Dolmen Mall,menu_item,Traditional Chocolate Brownie With Vanilla Ice Cream,Desserts,750.0,4.8,DHA,Traditional Chocolate Brownie With Vanilla Ice Cream . Desserts . Serves 1 . at Rina's Kitchenette - Dolmen Mall . in DHA
item_2413,155,Rina's Kitchenette - Dolmen Mall,menu_item,Traditional Chocolate Eclairs,Desserts,520.0,4.8,DHA,Traditional Chocolate Eclairs . Desserts . Serves 1 . at Rina's Kitchenette - Dolmen Mall . in DHA
item_2414,155,Rina's Kitchenette - Dolmen Mall,menu_item,Vanilla Cream Roll,Desserts,450.0,4.8,DHA,Vanilla Cream Roll . Desserts . Single Serving . at Rina's Kitchenette - Dolmen Mall . in DHA
item_2415,155,Rina's Kitchenette - Dolmen Mall,menu_item,Vanilla Custard Roll,Desserts,450.0,4.8,DHA,Vanilla Custard Roll . Desserts . Single Serving . at Rina's Kitchenette - Dolmen Mall . in DHA
item_2416,155,Rina's Kitchenette - Dolmen Mall,menu_item,Basil Aioli,Add-ons & Condiments,100.0,4.8,DHA,Basil Aioli . Add-ons & Condiments . Single Serving . at Rina's Kitchenette - Dolmen Mall . in DHA
item_2417,155,Rina's Kitchenette - Dolmen Mall,menu_item,Chilli Garlic Sauce,Add-ons & Condiments,100.0,4.8,DHA,Chilli Garlic Sauce . Add-ons & Condiments . Single Serving . at Rina's Kitchenette - Dolmen Mall . in DHA
item_2418,155,Rina's Kitchenette - Dolmen Mall,menu_item,Chilli Mayo,Add-ons & Condiments,100.0,4.8,DHA,Chilli Mayo . Add-ons & Condiments . Single Serving . at Rina's Kitchenette - Dolmen Mall . in DHA
item_2419,155,Rina's Kitchenette - Dolmen Mall,menu_item,Herb Mayo,Add-ons & Condiments,100.0,4.8,DHA,Herb Mayo . Add-ons & Condiments . Single Serving . at Rina's Kitchenette - Dolmen Mall . in DHA
item_2420,155,Rina's Kitchenette - Dolmen Mall,menu_item,Honey Mustard,Add-ons & Condiments,100.0,4.8,DHA,Honey Mustard . Add-ons & Condiments . Single Serving . at Rina's Kitchenette - Dolmen Mall . in DHA
item_2421,155,Rina's Kitchenette - Dolmen Mall,menu_item,Onion Marmalade,Add-ons & Condiments,100.0,4.8,DHA,Onion Marmalade . Add-ons & Condiments . Single Serving . at Rina's Kitchenette - Dolmen Mall . in DHA
item_2422,155,Rina's Kitchenette - Dolmen Mall,menu_item,Sichuan Mayo,Add-ons & Condiments,100.0,4.8,DHA,Sichuan Mayo . Add-ons & Condiments . Single Serving . at Rina's Kitchenette - Dolmen Mall . in DHA
item_2423,155,Rina's Kitchenette - Dolmen Mall,menu_item,Sriracha Mayo,Add-ons & Condiments,100.0,4.8,DHA,Sriracha Mayo . Add-ons & Condiments . Single Serving . at Rina's Kitchenette - Dolmen Mall . in DHA
item_2424,155,Rina's Kitchenette - Dolmen Mall,menu_item,Sweet Chilli Sauce,Add-ons & Condiments,100.0,4.8,DHA,Sweet Chilli Sauce . Add-ons & Condiments . Single Serving . at Rina's Kitchenette - Dolmen Mall . in DHA
item_2425,155,Rina's Kitchenette - Dolmen Mall,menu_item,Aglio e Olio,Deals & Combos,1848.75,4.8,DHA,Aglio e Olio . Deals & Combos . Spaghetti with Mushroom Cream Sauce & Grilled Chicken . at Rina's Kitchenette - Dolmen Mall . in DHA
item_2426,155,Rina's Kitchenette - Dolmen Mall,menu_item,Buttermilk Fried Chicken Sandwich,Deals & Combos,1232.5,4.8,DHA,"Buttermilk Fried Chicken Sandwich . Deals & Combos . Rinas Signature Potato Bun, Buttermilk Fried Chicken, Purple Cabbage Slaw & Pickles . at Rina's Kitchenette - Dolmen Mall . in DHA"
item_2427,155,Rina's Kitchenette - Dolmen Mall,menu_item,Chicken Caesar Salad,Deals & Combos,998.75,4.8,DHA,"Chicken Caesar Salad . Deals & Combos . Fresh Iceberg, Tomatoes, Black Olives, Chicken & Parmesan Cheese. Served with Caesar Dressing & Olive Oil Crisps . at Rina's Kitchenette - Dolmen Mall . in DHA"
item_2428,155,Rina's Kitchenette - Dolmen Mall,menu_item,Rina Classic Club Sandwich,Deals & Combos,1487.5,4.8,DHA,"Rina Classic Club Sandwich . Deals & Combos . Triple Layered Club with Grilled Chicken, Tomatoes, Pickles, Cheese, Egg, Iceberg & Mortadella . at Rina's Kitchenette - Dolmen Mall . in DHA"
item_2429,155,Rina's Kitchenette - Dolmen Mall,menu_item,Rinas Classic Cold Coffee,Deals & Combos,722.5,4.8,DHA,Rinas Classic Cold Coffee . Deals & Combos . Creamy Cold Coffee finished with a Chocolate Drizzle . at Rina's Kitchenette - Dolmen Mall . in DHA
item_2430,155,Rina's Kitchenette - Dolmen Mall,menu_item,Gluten Free Classic Club Sandwich,Sandwiches,2250.0,4.8,DHA,Gluten Free Classic Club Sandwich . Sandwiches . Our Signature Club Sandwich in Gluten Free bread . at Rina's Kitchenette - Dolmen Mall . in DHA
item_2431,155,Rina's Kitchenette - Dolmen Mall,menu_item,Gluten Free Roast Beef Sandwich,Sandwiches,1850.0,4.8,DHA,Gluten Free Roast Beef Sandwich . Sandwiches . Our Roast Beef Sandwich in Gluten Free Bread . at Rina's Kitchenette - Dolmen Mall . in DHA
item_2432,155,Rina's Kitchenette - Dolmen Mall,menu_item,Caramelized Onions & Aubergines,Pizza,2600.0,4.8,DHA,"Caramelized Onions & Aubergines . Pizza . Rinas Italian Tomato Sauce, Cottage Cheese, Caramelised Onions, Aubergines & Rocket . at Rina's Kitchenette - Dolmen Mall . in DHA"
item_2433,155,Rina's Kitchenette - Dolmen Mall,menu_item,Classico Margherita,Pizza,2150.0,4.8,DHA,"Classico Margherita . Pizza . Rinas Italian Tomato Sauce, Mozzarella, Parmesan Reggiano, Pesto Sauce & Basil . at Rina's Kitchenette - Dolmen Mall . in DHA"
item_2434,155,Rina's Kitchenette - Dolmen Mall,menu_item,Firenze Nova,Pizza,2500.0,4.8,DHA,"Firenze Nova . Pizza . Rinas Italian Tomato Sauce, Mozzarella, Parmesan Reggiano, Smoked Chicken, Roasted Bell Peppers, Sour Cream, Rocket Leaves & Basil . at Rina's Kitchenette - Dolmen Mall . in DHA"
item_2435,155,Rina's Kitchenette - Dolmen Mall,menu_item,Into The Woods,Pizza,2600.0,4.8,DHA,"Into The Woods . Pizza . Rinas Italian Tomato Sauce, Fresh Mozzarella, Parmesan Reggiano, Button Mushrooms, Cherry Tomatoes, Black Olives & Basil . at Rina's Kitchenette - Dolmen Mall . in DHA"
item_2436,155,Rina's Kitchenette - Dolmen Mall,menu_item,Pepperoni Miele Caldo Beef,Pizza,2700.0,4.8,DHA,"Pepperoni Miele Caldo Beef . Pizza . Rinas Italian Tomato Sauce, Mozzarella, Parmesan Reggiano, Beef Pepperoni & Jalapeño Relish. Served with Hot Honey . at Rina's Kitchenette - Dolmen Mall . in DHA"
item_2437,155,Rina's Kitchenette - Dolmen Mall,menu_item,Pepperoni Miele Caldo Chicken,Pizza,2700.0,4.8,DHA,"Pepperoni Miele Caldo Chicken . Pizza . Rinas Italian Tomato Sauce, Mozzarella, Parmesan Reggiano, Chicken Pepperoni & Jalapeño Relish. Served with Hot Honey . at Rina's Kitchenette - Dolmen Mall . in DHA"
item_2438,155,Rina's Kitchenette - Dolmen Mall,menu_item,Porcini,Pizza,2250.0,4.8,DHA,"Porcini . Pizza . Rinas Italian Tomato Sauce, Fresh Mushrooms, Mozzarella & Parmesan Reggiano . at Rina's Kitchenette - Dolmen Mall . in DHA"
item_2439,155,Rina's Kitchenette - Dolmen Mall,menu_item,Salmon Like Me,Pizza,4000.0,4.8,DHA,"Salmon Like Me . Pizza . Bechamel Sauce, Smoked Salmon, Roasted Tomatoes, Rocket Leaves & Lemon Cream . at Rina's Kitchenette - Dolmen Mall . in DHA"
item_2440,155,Rina's Kitchenette - Dolmen Mall,menu_item,Short Rib,Pizza,3200.0,4.8,DHA,"Short Rib . Pizza . Rinas Italian Tomato Sauce, Mozzarella, Parmesan Reggiano, Pulled Beef, Pickled Onions, Chillies, Jalapeños, Short Rib Mayo & House Special Glaze . at Rina's Kitchenette - Dolmen Mall . in DHA"
item_2441,155,Rina's Kitchenette - Dolmen Mall,menu_item,Smoked Chilli Chicken,Pizza,2500.0,4.8,DHA,"Smoked Chilli Chicken . Pizza . Rinas Italian Tomato Sauce, Mozzarella, Parmesan Reggiano, Smoked Chicken, Fresh Mushrooms, Green Chillies, Pickled Onions, Chilli Oil & House Special Mayo . at Rina's Kitchenette - Dolmen Mall . in DHA"
item_2442,155,Rina's Kitchenette - Dolmen Mall,menu_item,Chicken Ala Keiv,Deals & Combos,1950.0,4.8,DHA,"Chicken Ala Keiv . Deals & Combos . Garlic Butter Stuffed Chicken with Mashed Potatoes, Cherry Tomatoes & French Beans . at Rina's Kitchenette - Dolmen Mall . in DHA"
item_2443,155,Rina's Kitchenette - Dolmen Mall,menu_item,Chicken Khow Suey,Deals & Combos,1850.0,4.8,DHA,Chicken Khow Suey . Deals & Combos . Chicken & Egg Noodles in a Spicy Coconut Broth . at Rina's Kitchenette - Dolmen Mall . in DHA
item_2444,155,Rina's Kitchenette - Dolmen Mall,menu_item,Chicken Schnitzel,Deals & Combos,1750.0,4.8,DHA,"Chicken Schnitzel . Deals & Combos . Flattened Fried Chicken with Sundried Tomato Bread, Red Chimichurri & Basil Aioli . at Rina's Kitchenette - Dolmen Mall . in DHA"
item_2445,155,Rina's Kitchenette - Dolmen Mall,menu_item,Chicken Teriyaki Bowl,Deals & Combos,1950.0,4.8,DHA,"Chicken Teriyaki Bowl . Deals & Combos . Teriyaki Glazed Chicken with Sticky Garlic Rice, French Beans, Purple Cabbage, Pickled Carrot & Spring Onions . at Rina's Kitchenette - Dolmen Mall . in DHA"
item_2446,155,Rina's Kitchenette - Dolmen Mall,menu_item,Chicken in Lemon Caper Sauce,Deals & Combos,1950.0,4.8,DHA,Chicken in Lemon Caper Sauce . Deals & Combos . Pan Seared Chicken with a Zesty Lemon Caper Sauce. Served with Mashed Potatoes & French Beans . at Rina's Kitchenette - Dolmen Mall . in DHA
item_2447,155,Rina's Kitchenette - Dolmen Mall,menu_item,Fish & Chips,Deals & Combos,2150.0,4.8,DHA,Fish & Chips . Deals & Combos . Fried Sole Fillet with Tartar Sauce & Fries . at Rina's Kitchenette - Dolmen Mall . in DHA
item_2448,155,Rina's Kitchenette - Dolmen Mall,menu_item,Fish in Lemon Caper Sauce,Deals & Combos,2250.0,4.8,DHA,Fish in Lemon Caper Sauce . Deals & Combos . Pan Seared Sole Fillet with a Zesty Lemon Caper Sauce served with Mashed Potatoes & French Beans . at Rina's Kitchenette - Dolmen Mall . in DHA
item_2449,155,Rina's Kitchenette - Dolmen Mall,menu_item,Oriental Bowl,Deals & Combos,2100.0,4.8,DHA,Oriental Bowl . Deals & Combos . Tempura Fried Chicken in a Sweet & Sour Sauce . at Rina's Kitchenette - Dolmen Mall . in DHA
item_2450,155,Rina's Kitchenette - Dolmen Mall,menu_item,Americano,Beverages,500.0,4.8,DHA,Americano . Beverages . Single serving . at Rina's Kitchenette - Dolmen Mall . in DHA
item_2451,155,Rina's Kitchenette - Dolmen Mall,menu_item,Belgian Hot Chocolate,Beverages,1195.0,4.8,DHA,Belgian Hot Chocolate . Beverages . Single serving . at Rina's Kitchenette - Dolmen Mall . in DHA
item_2452,155,Rina's Kitchenette - Dolmen Mall,menu_item,Cappuccino,Beverages,600.0,4.8,DHA,Cappuccino . Beverages . Single serving . at Rina's Kitchenette - Dolmen Mall . in DHA
item_2453,155,Rina's Kitchenette - Dolmen Mall,menu_item,Cortado,Beverages,550.0,4.8,DHA,Cortado . Beverages . Serves 1 . at Rina's Kitchenette - Dolmen Mall . in DHA
item_2454,155,Rina's Kitchenette - Dolmen Mall,menu_item,Espresso,Beverages,450.0,4.8,DHA,Espresso . Beverages . Single serving . at Rina's Kitchenette - Dolmen Mall . in DHA
item_2455,155,Rina's Kitchenette - Dolmen Mall,menu_item,Flat White,Beverages,550.0,4.8,DHA,Flat White . Beverages . Serves 1 . at Rina's Kitchenette - Dolmen Mall . in DHA
item_2456,155,Rina's Kitchenette - Dolmen Mall,menu_item,Flavored Cappuccino,Beverages,775.0,4.8,DHA,Flavored Cappuccino . Beverages . Single serving . at Rina's Kitchenette - Dolmen Mall . in DHA
item_2457,155,Rina's Kitchenette - Dolmen Mall,menu_item,Flavored Latte,Beverages,750.0,4.8,DHA,Flavored Latte . Beverages . Single Serving . at Rina's Kitchenette - Dolmen Mall . in DHA
item_2458,155,Rina's Kitchenette - Dolmen Mall,menu_item,Green Tea,Beverages,375.0,4.8,DHA,Green Tea . Beverages . Single serving . at Rina's Kitchenette - Dolmen Mall . in DHA
item_2459,155,Rina's Kitchenette - Dolmen Mall,menu_item,Karak Chai,Beverages,680.0,4.8,DHA,Karak Chai . Beverages . Single serving . at Rina's Kitchenette - Dolmen Mall . in DHA
item_2460,155,Rina's Kitchenette - Dolmen Mall,menu_item,Latte,Beverages,575.0,4.8,DHA,Latte . Beverages . Single serving . at Rina's Kitchenette - Dolmen Mall . in DHA
item_2461,155,Rina's Kitchenette - Dolmen Mall,menu_item,Mochachino,Beverages,750.0,4.8,DHA,Mochachino . Beverages . Single serving . at Rina's Kitchenette - Dolmen Mall . in DHA
item_2462,155,Rina's Kitchenette - Dolmen Mall,menu_item,Spanish Latte,Beverages,675.0,4.8,DHA,Spanish Latte . Beverages . Serves 1 . at Rina's Kitchenette - Dolmen Mall . in DHA
item_2463,155,Rina's Kitchenette - Dolmen Mall,menu_item,Chicken Nuggets & Fries,Other,625.0,4.8,DHA,Chicken Nuggets & Fries . Other . Crispy Golden Chicken Nuggets with Fries . at Rina's Kitchenette - Dolmen Mall . in DHA
item_2464,155,Rina's Kitchenette - Dolmen Mall,menu_item,Chicken Strips & Fries,Other,675.0,4.8,DHA,Chicken Strips & Fries . Other . Crispy Golden Chicken Strips with Fries . at Rina's Kitchenette - Dolmen Mall . in DHA
item_2465,155,Rina's Kitchenette - Dolmen Mall,menu_item,Regular Fries,Other,500.0,4.8,DHA,Regular Fries . Other . Single Serving . at Rina's Kitchenette - Dolmen Mall . in DHA
item_2466,155,Rina's Kitchenette - Dolmen Mall,menu_item,NotYourVodka Pasta,Noodles & Pasta,1850.0,4.8,DHA,"NotYourVodka Pasta . Noodles & Pasta . Penne in Tomato Cream Sauce with Panko Crusted Chicken, Parmesan Reggiano & Basil . at Rina's Kitchenette - Dolmen Mall . in DHA"
item_2467,155,Rina's Kitchenette - Dolmen Mall,menu_item,Penne in Parmesan Broth,Noodles & Pasta,1950.0,4.8,DHA,"Penne in Parmesan Broth . Noodles & Pasta . Smoked Chicken, Sundried Tomato, Spinach & Penne in a Creamy Parmesan Broth . at Rina's Kitchenette - Dolmen Mall . in DHA"
item_2468,155,Rina's Kitchenette - Dolmen Mall,menu_item,Wild Mushroom Lasagna,Noodles & Pasta,1500.0,4.8,DHA,"Wild Mushroom Lasagna . Noodles & Pasta . Rinas Italian Tomato Sauce, Fresh Mushrooms, Creamed Spinach & Béchamel Sauce . at Rina's Kitchenette - Dolmen Mall . in DHA"
item_2469,155,Rina's Kitchenette - Dolmen Mall,menu_item,Chilli Cheese Pinza,Other,1700.0,4.8,DHA,"Chilli Cheese Pinza . Other . Green Chillies, Candied Jalapenos, House Special Chilli Oil & Fresh Mozzarella . at Rina's Kitchenette - Dolmen Mall . in DHA"
item_2470,155,Rina's Kitchenette - Dolmen Mall,menu_item,Marinara,Other,1100.0,4.8,DHA,"Marinara . Other . A feast for the lactose-free peeps. Hand stretched dough, topped with marinara sauce, garlic, capers, olive oil & oregano . at Rina's Kitchenette - Dolmen Mall . in DHA"
item_2471,155,Rina's Kitchenette - Dolmen Mall,menu_item,Mediterranean Chicken,Other,1650.0,4.8,DHA,"Mediterranean Chicken . Other . Marinara Sauce, Fresh Mozzarella, Parmesan Reggiano, Smoked Chicken, Sundried Tomatoes, Spinach & Basil . at Rina's Kitchenette - Dolmen Mall . in DHA"
item_2472,155,Rina's Kitchenette - Dolmen Mall,menu_item,Pepperoni Overload,Other,2000.0,4.8,DHA,"Pepperoni Overload . Other . Marinara Sauce, Beef Pepperoni, Olives, Fresh Mushrooms & Candied Jalapeños . at Rina's Kitchenette - Dolmen Mall . in DHA"
item_2473,155,Rina's Kitchenette - Dolmen Mall,menu_item,Shrimp & Garlic,Other,2100.0,4.8,DHA,"Shrimp & Garlic . Other . Marinara Sauce topped with Shrimp, Garlic, Fresh Mozzarella, Parmesan Reggiano & Oregano . at Rina's Kitchenette - Dolmen Mall . in DHA"
item_2474,155,Rina's Kitchenette - Dolmen Mall,menu_item,Truffle Mushroom,Other,2200.0,4.8,DHA,Truffle Mushroom . Other . A Twist on the Classic Porcini Pizza. Garlic & Parmesan topped with Fresh Mushrooms & Fresh Parsley . at Rina's Kitchenette - Dolmen Mall . in DHA
item_2475,155,Rina's Kitchenette - Dolmen Mall,menu_item,Roasted Tomato & Feta Salad,Salads,1175.0,4.8,DHA,"Roasted Tomato & Feta Salad . Salads . Roasted Tomatoes, Feta Cheese, Iceberg, Eggplant & Spinach . at Rina's Kitchenette - Dolmen Mall . in DHA"
item_2476,155,Rina's Kitchenette - Dolmen Mall,menu_item,Spicy Thai Beef Salad,Salads,1200.0,4.8,DHA,"Spicy Thai Beef Salad . Salads . Thai Spicy Beef, Spinach, Cucumber, Tomato, Onions, Spring Onions, Celery, Thai Red Chillies & Roasted Peanuts . at Rina's Kitchenette - Dolmen Mall . in DHA"
item_2477,155,Rina's Kitchenette - Dolmen Mall,menu_item,Spicy Thai Chicken Salad,Salads,1175.0,4.8,DHA,"Spicy Thai Chicken Salad . Salads . Thai Spicy Chicken, Spinach, Cucumber, Tomato, Onions, Spring Onions, Celery, Thai Red Chillies & Roasted Peanuts . at Rina's Kitchenette - Dolmen Mall . in DHA"
item_2478,155,Rina's Kitchenette - Dolmen Mall,menu_item,Katsu Club,Burgers,1800.0,4.8,DHA,"Katsu Club . Burgers . Crispy Chicken Katsu in Hokkaido Milk Bread with American Cheese, Iceberg, Purple Cabbage & Wasabi Mustard . at Rina's Kitchenette - Dolmen Mall . in DHA"
item_2479,155,Rina's Kitchenette - Dolmen Mall,menu_item,Open Face Mediterranean Sandwich,Burgers,1550.0,4.8,DHA,"Open Face Mediterranean Sandwich . Burgers . Smoked Chicken, Roasted Bell Pepper, Rocket, Microgreens & Siracha Hummus on Country Bread . at Rina's Kitchenette - Dolmen Mall . in DHA"
item_2480,155,Rina's Kitchenette - Dolmen Mall,menu_item,Rinas Smash Burger,Burgers,1600.0,4.8,DHA,"Rinas Smash Burger . Burgers . Double Beef Patty, American Cheese, Iceberg & Tomatoes in a Soft Potato Bun . at Rina's Kitchenette - Dolmen Mall . in DHA"
item_2481,155,Rina's Kitchenette - Dolmen Mall,menu_item,Roast Beef Sandwich,Burgers,1350.0,4.8,DHA,"Roast Beef Sandwich . Burgers . Roast Beef in Wholewheat Bread with Roasted Tomato, Mustard & Spring Onions. . at Rina's Kitchenette - Dolmen Mall . in DHA"
item_2482,155,Rina's Kitchenette - Dolmen Mall,menu_item,Sichuan Fried Chicken Sandwich,Burgers,1500.0,4.8,DHA,"Sichuan Fried Chicken Sandwich . Burgers . Crispy Fried Chicken coated in House Sichuan Sauce in a Sesame Bun with American Cheese, Sichuan Salt & Pickled Slaw . at Rina's Kitchenette - Dolmen Mall . in DHA"
item_2483,155,Rina's Kitchenette - Dolmen Mall,menu_item,Smashed Mozz Burger,Burgers,1900.0,4.8,DHA,"Smashed Mozz Burger . Burgers . Double Beef Smash Patty, Mozzarella Sticks, American Cheese, Marinara Sauce, Button Mushrooms in a Potato Bun . at Rina's Kitchenette - Dolmen Mall . in DHA"
item_2484,155,Rina's Kitchenette - Dolmen Mall,menu_item,The Cheese Burger,Burgers,1650.0,4.8,DHA,The Cheese Burger . Burgers . Classic Beef Burger with Crispy Onion Rings & American Cheese . at Rina's Kitchenette - Dolmen Mall . in DHA
item_2485,155,Rina's Kitchenette - Dolmen Mall,menu_item,The Hot Dog,Burgers,1600.0,4.8,DHA,"The Hot Dog . Burgers . Batter-fried Chicken Sausage, Flaming Hot Cheeto Dust, Korean Chilli Sauce & Cheese Sauce . at Rina's Kitchenette - Dolmen Mall . in DHA"
item_2486,155,Rina's Kitchenette - Dolmen Mall,menu_item,Coca-Cola,Beverages,200.0,4.8,DHA,Coca-Cola . Beverages . 250ml . at Rina's Kitchenette - Dolmen Mall . in DHA
item_2487,155,Rina's Kitchenette - Dolmen Mall,menu_item,Coke Zero,Beverages,200.0,4.8,DHA,Coke Zero . Beverages . 250ml . at Rina's Kitchenette - Dolmen Mall . in DHA
item_2488,155,Rina's Kitchenette - Dolmen Mall,menu_item,Fanta,Beverages,200.0,4.8,DHA,Fanta . Beverages . 250ml . at Rina's Kitchenette - Dolmen Mall . in DHA
item_2489,155,Rina's Kitchenette - Dolmen Mall,menu_item,Large Water Bottle,Beverages,220.0,4.8,DHA,Large Water Bottle . Beverages . 1.5 Litre . at Rina's Kitchenette - Dolmen Mall . in DHA
item_2490,155,Rina's Kitchenette - Dolmen Mall,menu_item,Redbull Can,Beverages,500.0,4.8,DHA,Redbull Can . Beverages . 250ml . at Rina's Kitchenette - Dolmen Mall . in DHA
item_2491,155,Rina's Kitchenette - Dolmen Mall,menu_item,Redbull Sugar Free Can,Beverages,500.0,4.8,DHA,Redbull Sugar Free Can . Beverages . 250ml . at Rina's Kitchenette - Dolmen Mall . in DHA
item_2492,155,Rina's Kitchenette - Dolmen Mall,menu_item,Sprite,Beverages,200.0,4.8,DHA,Sprite . Beverages . 250ml . at Rina's Kitchenette - Dolmen Mall . in DHA
item_2493,155,Rina's Kitchenette - Dolmen Mall,menu_item,Sprite Zero,Beverages,200.0,4.8,DHA,Sprite Zero . Beverages . 250ml . at Rina's Kitchenette - Dolmen Mall . in DHA
item_2494,155,Rina's Kitchenette - Dolmen Mall,menu_item,Water Bottle,Beverages,120.0,4.8,DHA,Water Bottle . Beverages . 500ml . at Rina's Kitchenette - Dolmen Mall . in DHA
item_2495,156,Savour Foods - Askari XI,menu_item,7up - 1.5 Litre,Beverages,217.0,4.9,DHA,7up - 1.5 Litre . Beverages . A Light & Refreshing Lemon-lime soda to pair with your food! Click to add to your meal. . at Savour Foods - Askari XI . in DHA
item_2496,156,Savour Foods - Askari XI,menu_item,7up - 345 ml,Beverages,86.0,4.9,DHA,7up - 345 ml . Beverages . A Light & Refreshing Lemon-lime soda to pair with your food! Click to add to your meal. . at Savour Foods - Askari XI . in DHA
item_2497,156,Savour Foods - Askari XI,menu_item,7up - 500 ml,Beverages,125.0,4.9,DHA,7up - 500 ml . Beverages . A Light & Refreshing Lemon-lime soda to pair with your food! Click to add to your meal. . at Savour Foods - Askari XI . in DHA
item_2498,156,Savour Foods - Askari XI,menu_item,7up - Tin Pack,Beverages,136.0,4.9,DHA,7up - Tin Pack . Beverages . A Light & Refreshing Lemon-lime soda to pair with your food! Click to add to your meal. . at Savour Foods - Askari XI . in DHA
item_2499,156,Savour Foods - Askari XI,menu_item,7up Can - 250 ml,Beverages,143.0,4.9,DHA,7up Can - 250 ml . Beverages . A Light & Refreshing Lemon-lime soda to pair with your food! Click to add to your meal. . at Savour Foods - Askari XI . in DHA
item_2500,156,Savour Foods - Askari XI,menu_item,Aquafina Water - 1.5 Litre,Beverages,136.0,4.9,DHA,Aquafina Water - 1.5 Litre . Beverages . Pure water for a perfect taste! Click to add refreshing water to your meal. . at Savour Foods - Askari XI . in DHA
item_2501,156,Savour Foods - Askari XI,menu_item,Aquafina Water - 500 ml,Beverages,74.0,4.9,DHA,Aquafina Water - 500 ml . Beverages . Pure water for a perfect taste! Click to add refreshing water to your meal. . at Savour Foods - Askari XI . in DHA
item_2502,156,Savour Foods - Askari XI,menu_item,Pepsi - 1.5 Litre,Beverages,217.0,4.9,DHA,Pepsi - 1.5 Litre . Beverages . The right fusion of taste and fizz . at Savour Foods - Askari XI . in DHA
item_2503,156,Savour Foods - Askari XI,menu_item,Pepsi - 500 ml,Beverages,125.0,4.9,DHA,Pepsi - 500 ml . Beverages . Amplify your enjoyment with fizzy goodness . at Savour Foods - Askari XI . in DHA
item_2504,156,Savour Foods - Askari XI,menu_item,Pepsi - Tin Pack,Beverages,136.0,4.9,DHA,"Pepsi - Tin Pack . Beverages . The Bold, Refreshing & STRONG cola! Click to add to your meal. . at Savour Foods - Askari XI . in DHA"
item_2505,156,Savour Foods - Askari XI,menu_item,Pepsi Can - 250 ml,Beverages,143.0,4.9,DHA,Pepsi Can - 250 ml . Beverages . The sip you need to stay happy and fresh . at Savour Foods - Askari XI . in DHA
item_2506,156,Savour Foods - Askari XI,menu_item,Chicken Burger,Burgers,564.0,4.9,DHA,Chicken Burger . Burgers . Flavorful chicken patty in a sesame bun with sauce and vegetables . at Savour Foods - Askari XI . in DHA
item_2507,156,Savour Foods - Askari XI,menu_item,Chicken Burger & Cheese,Burgers,616.0,4.9,DHA,Chicken Burger & Cheese . Burgers . Flavorful chicken patty  with cheese in a sesame bun with sauce and vegetables . at Savour Foods - Askari XI . in DHA
item_2508,156,Savour Foods - Askari XI,menu_item,Chicken Burger & Fries,Burgers,787.0,4.9,DHA,"Chicken Burger & Fries . Burgers . Flavorful chicken patty in a sesame bun with sauce and vegetables, served with crispy potato fries . at Savour Foods - Askari XI . in DHA"
item_2509,156,Savour Foods - Askari XI,menu_item,Krispo Burger,Burgers,684.0,4.9,DHA,"Krispo Burger . Burgers . Juicy and crunchy fillet, fresh vegetables and sauce makes the perfect burger . at Savour Foods - Askari XI . in DHA"
item_2510,156,Savour Foods - Askari XI,menu_item,Krispo Burger & Cheese,Burgers,735.0,4.9,DHA,"Krispo Burger & Cheese . Burgers . golden, crispy fillet, fresh onions, tomato, lettuce, spicy mayo and cheese enclosed in buns . at Savour Foods - Askari XI . in DHA"
item_2511,156,Savour Foods - Askari XI,menu_item,Krispo Burger & Fries,Burgers,895.0,4.9,DHA,Krispo Burger & Fries . Burgers . Enjoy a crunchy burger experience with crispy potato fries . at Savour Foods - Askari XI . in DHA
item_2512,156,Savour Foods - Askari XI,menu_item,Chicken Pulao Choice,Rice & Biryani,724.0,4.9,DHA,"Chicken Pulao Choice . Rice & Biryani . A Platter Of Rice With A Chicken Piece Of Your Choice, Two Shami Kabab Served With Fresh Salad & Traditional Raita . at Savour Foods - Askari XI . in DHA"
item_2513,156,Savour Foods - Askari XI,menu_item,Chicken Pulao Single,Rice & Biryani,707.0,4.9,DHA,"Chicken Pulao Single . Rice & Biryani . A platter of rice with a chicken piece, served with 2 shami kababs, fresh salad & traditional raita . at Savour Foods - Askari XI . in DHA"
item_2514,156,Savour Foods - Askari XI,menu_item,Chicken Pulao Single - Lunch Box,Rice & Biryani,735.0,4.9,DHA,"Chicken Pulao Single - Lunch Box . Rice & Biryani . Rice With A Chicken Piece, Two Shami Kabab Packed In Card Box With Fresh Salad & Traditional Raita . at Savour Foods - Askari XI . in DHA"
item_2515,156,Savour Foods - Askari XI,menu_item,Chicken Pulao Single without Kabab,Rice & Biryani,581.0,4.9,DHA,Chicken Pulao Single without Kabab . Rice & Biryani . A platter of rice with chicken. Served with fresh salad & traditional raita . at Savour Foods - Askari XI . in DHA
item_2516,156,Savour Foods - Askari XI,menu_item,Chicken Pulao Single without Kabab -  Boxed,Rice & Biryani,610.0,4.9,DHA,Chicken Pulao Single without Kabab -  Boxed . Rice & Biryani . A platter of rice with chicken. Served with fresh salad & traditional raita . at Savour Foods - Askari XI . in DHA
item_2517,156,Savour Foods - Askari XI,menu_item,Chicken Pulao Special,Rice & Biryani,923.0,4.9,DHA,"Chicken Pulao Special . Rice & Biryani . A Platter Of Rice With Two Chicken Pieces, Two Shami Kababs Served With Fresh Salad & Traditional Raita . at Savour Foods - Askari XI . in DHA"
item_2518,156,Savour Foods - Askari XI,menu_item,Chicken Pulao Special Boxed,Rice & Biryani,952.0,4.9,DHA,Chicken Pulao Special Boxed . Rice & Biryani . Juicy chicken and rice served with raita. . at Savour Foods - Askari XI . in DHA
item_2519,156,Savour Foods - Askari XI,menu_item,Chicken Pulao Special Choice,Rice & Biryani,952.0,4.9,DHA,"Chicken Pulao Special Choice . Rice & Biryani . A Platter Of Rice With Two Chicken Pieces Of Your Choice, Two Shami Kabab Served With Fresh Salad & Traditional Raita . at Savour Foods - Askari XI . in DHA"
item_2520,156,Savour Foods - Askari XI,menu_item,Chicken Pulao Special Picnic Pack,Rice & Biryani,952.0,4.9,DHA,Chicken Pulao Special Picnic Pack . Rice & Biryani . Picnic Pack . at Savour Foods - Askari XI . in DHA
item_2521,156,Savour Foods - Askari XI,menu_item,Chicken Pulao Special Without Kabab,Rice & Biryani,798.0,4.9,DHA,Chicken Pulao Special Without Kabab . Rice & Biryani . A Platter Of Rice With Two Chicken Pieces Served With Fresh Salad & Traditional Raita . at Savour Foods - Askari XI . in DHA
item_2522,156,Savour Foods - Askari XI,menu_item,Chicken Pulao Special without kabab boxed,Rice & Biryani,827.0,4.9,DHA,Chicken Pulao Special without kabab boxed . Rice & Biryani . Juicy chicken and rice served with raita. . at Savour Foods - Askari XI . in DHA
item_2523,156,Savour Foods - Askari XI,menu_item,Pulao,Rice & Biryani,365.0,4.9,DHA,Pulao . Rice & Biryani . A plate of rice served with fresh salad & traditional raita . at Savour Foods - Askari XI . in DHA
item_2524,156,Savour Foods - Askari XI,menu_item,Pulao Boxed,Rice & Biryani,393.0,4.9,DHA,Pulao Boxed . Rice & Biryani . A plate of rice served with fresh salad & traditional raita . at Savour Foods - Askari XI . in DHA
item_2525,156,Savour Foods - Askari XI,menu_item,Pulao Kabab,Rice & Biryani,490.0,4.9,DHA,Pulao Kabab . Rice & Biryani . A platter of rice with 2 shami kabab. Served with fresh salad & traditional raita . at Savour Foods - Askari XI . in DHA
item_2526,156,Savour Foods - Askari XI,menu_item,Pulao kabab Boxed,Rice & Biryani,519.0,4.9,DHA,Pulao kabab Boxed . Rice & Biryani . A platter of rice with 2 shami kabab. Served with fresh salad & traditional raita . at Savour Foods - Askari XI . in DHA
item_2527,156,Savour Foods - Askari XI,menu_item,Chicken Roast,Meat Mains,912.0,4.9,DHA,"Chicken Roast . Meat Mains . A beautiful blend of spices and herbs mixed with the chicken, that give distinct flavor profile. Served with ketchup & fresh lemons . at Savour Foods - Askari XI . in DHA"
item_2528,156,Savour Foods - Askari XI,menu_item,Hot Deal,Deals & Combos,2605.0,4.9,DHA,"Hot Deal . Deals & Combos . 2 Savour krispo burgers, 2 chicken pieces, 2 French fries & 2 250ml soft drinks . at Savour Foods - Askari XI . in DHA"
item_2529,156,Savour Foods - Askari XI,menu_item,Hot Shots Deal,Deals & Combos,861.0,4.9,DHA,Hot Shots Deal . Deals & Combos . 12 Pieces . at Savour Foods - Askari XI . in DHA
item_2530,156,Savour Foods - Askari XI,menu_item,Krispy Deal,Deals & Combos,1556.0,4.9,DHA,"Krispy Deal . Deals & Combos . 1 Chicken Burger, 1 Wing Set, 1 Dinner Roll, 1 French Fries & 2 Drinks . at Savour Foods - Askari XI . in DHA"
item_2531,156,Savour Foods - Askari XI,menu_item,My Deal,Deals & Combos,1328.0,4.9,DHA,"My Deal . Deals & Combos . 1 Savour Krispo, 1 Chicken Piece, 1 French Fries & 1 345ml Drink . at Savour Foods - Askari XI . in DHA"
item_2532,156,Savour Foods - Askari XI,menu_item,Super Deal,Deals & Combos,1311.0,4.9,DHA,"Super Deal . Deals & Combos . 2 Krispo Drum Sticks, 2 Wings pieces, 1 French Fries & 2 345ml Drinks . at Savour Foods - Askari XI . in DHA"
item_2533,156,Savour Foods - Askari XI,menu_item,Wings Family Basket Deal,Deals & Combos,2554.0,4.9,DHA,Wings Family Basket Deal . Deals & Combos . 36 Pieces . at Savour Foods - Askari XI . in DHA
item_2534,156,Savour Foods - Askari XI,menu_item,French Fries,Wings & Fried,302.0,4.9,DHA,French Fries . Wings & Fried . Serves 1-2 person. Crispy fried potatoes lightly seasoned with salt . at Savour Foods - Askari XI . in DHA
item_2535,156,Savour Foods - Askari XI,menu_item,Garlic Mayo Fries,Wings & Fried,348.0,4.9,DHA,Garlic Mayo Fries . Wings & Fried . Crispy fries with mayo . at Savour Foods - Askari XI . in DHA
item_2536,156,Savour Foods - Askari XI,menu_item,Krispo Chicken Piece,Wings & Fried,336.0,4.9,DHA,"Krispo Chicken Piece . Wings & Fried . Half quarter - Spicy crispy wings, marinated and dipped in breadcrumbs and deep-fried to perfection . at Savour Foods - Askari XI . in DHA"
item_2537,156,Savour Foods - Askari XI,menu_item,Krispo Wings,Wings & Fried,496.0,4.9,DHA,"Krispo Wings . Wings & Fried . 6 Pieces. Spicy crispy wings, marinated and dipped in breadcrumbs and deep-fried to perfection . at Savour Foods - Askari XI . in DHA"
item_2538,156,Savour Foods - Askari XI,menu_item,Masala Fries,Wings & Fried,325.0,4.9,DHA,Masala Fries . Wings & Fried . Fresh and crispy . at Savour Foods - Askari XI . in DHA
item_2539,156,Savour Foods - Askari XI,menu_item,Shami Kabab,Wings & Fried,68.0,4.9,DHA,Shami Kabab . Wings & Fried . Classic Savour Shami Kabab . at Savour Foods - Askari XI . in DHA
item_2540,156,Savour Foods - Askari XI,menu_item,Ketchup,Sides & Appetizers,11.0,4.9,DHA,"Ketchup . Sides & Appetizers . Sweet and tangy tomato sauce, a perfect companion to any meal . at Savour Foods - Askari XI . in DHA"
item_2541,156,Savour Foods - Askari XI,menu_item,Raita,Sides & Appetizers,34.0,4.9,DHA,Raita . Sides & Appetizers . Yoghurt spiced with cumin and red peppers . at Savour Foods - Askari XI . in DHA
item_2542,156,Savour Foods - Askari XI,menu_item,Salad,Sides & Appetizers,34.0,4.9,DHA,"Salad . Sides & Appetizers . Tomatoes, onions, cucumbers, lemon, cilantro . at Savour Foods - Askari XI . in DHA"
item_2543,157,Shahenshah Sajji and Grill - DHA,menu_item,Beef Kebab,BBQ & Grill,590.75,4.7,DHA,Beef Kebab . BBQ & Grill . Serves 2 to 3. Succulent beef seekh kebab skewers expertly seasoned with aromatic spices and grilled to perfection. Five pieces of tender minced beef kebab served hot with fresh onions and chutney . at Shahenshah Sajji and Grill - DHA . in DHA
item_2544,157,Shahenshah Sajji and Grill - DHA,menu_item,Chicken Niblets,BBQ & Grill,531.25,4.7,DHA,Chicken Niblets . BBQ & Grill . Serves 1 to 4. Tender chicken niblets grilled to perfection with smoky BBQ seasoning. Tender BBQ chicken niblets perfect for sharing or enjoying solo with your favorite sides. Succulent pieces seasoned and grilled to smoky perfection. . at Shahenshah Sajji and Grill - DHA . in DHA
item_2545,157,Shahenshah Sajji and Grill - DHA,menu_item,Chicken Piece,BBQ & Grill,505.75,4.7,DHA,Chicken Piece . BBQ & Grill . Serves 1. Tender chicken niblets grilled to perfection with smoky BBQ seasoning. Succulent BBQ chicken piece available in leg or breast cut Grilled to perfection with aromatic spices and served hot . at Shahenshah Sajji and Grill - DHA . in DHA
item_2546,157,Shahenshah Sajji and Grill - DHA,menu_item,Chicken Tikka Boti,BBQ & Grill,590.75,4.7,DHA,Chicken Tikka Boti . BBQ & Grill . Serves 1 to 4. Tender chicken niblets grilled to perfection with smoky BBQ seasoning. Succulent chicken pieces marinated in aromatic spices and yogurt then grilled to perfection over charcoal A traditional BBQ favorite with smoky flavors and tender juicy meat . at Shahenshah Sajji and Grill - DHA . in DHA
item_2547,157,Shahenshah Sajji and Grill - DHA,menu_item,MALAI BOTI,BBQ & Grill,590.75,4.7,DHA,MALAI BOTI . BBQ & Grill . Serves 1 to 4. Tender chicken pieces marinated in creamy yogurt and aromatic spices grilled to perfection. A classic BBQ favorite with a rich malai flavor . at Shahenshah Sajji and Grill - DHA . in DHA
item_2548,157,Shahenshah Sajji and Grill - DHA,menu_item,7up - 1.5 Litre,Beverages,295.0,4.7,DHA,"7up - 1.5 Litre . Beverages . A refreshing lemon-lime soda, perfect for quenching thirst and enhancing meals. . at Shahenshah Sajji and Grill - DHA . in DHA"
item_2549,157,Shahenshah Sajji and Grill - DHA,menu_item,7up - 350 ml,Beverages,135.0,4.7,DHA,"7up - 350 ml . Beverages . A refreshing lemon-lime soda with a crisp, bubbly texture and sweet citrus flavor. . at Shahenshah Sajji and Grill - DHA . in DHA"
item_2550,157,Shahenshah Sajji and Grill - DHA,menu_item,Aquafina Water - 500 ml,Beverages,100.0,4.7,DHA,"Aquafina Water - 500 ml . Beverages . Refreshing bottled water, perfect for hydration on-the-go or at home. . at Shahenshah Sajji and Grill - DHA . in DHA"
item_2551,157,Shahenshah Sajji and Grill - DHA,menu_item,Pepsi - 1.5 Litre,Beverages,295.0,4.7,DHA,"Pepsi - 1.5 Litre . Beverages . Carbonated soft drink, sweet and refreshing, perfect for quenching thirst on any occasion. . at Shahenshah Sajji and Grill - DHA . in DHA"
item_2552,157,Shahenshah Sajji and Grill - DHA,menu_item,Pepsi - 350 ml,Beverages,135.0,4.7,DHA,"Pepsi - 350 ml . Beverages . A carbonated soft drink with a sweet, refreshing flavor and a hint of caramel. . at Shahenshah Sajji and Grill - DHA . in DHA"
item_2553,157,Shahenshah Sajji and Grill - DHA,menu_item,Deal  2,Deals & Combos,1670.25,4.7,DHA,"Deal  2 . Deals & Combos . Serving for 2 person. Half sajji with rice, sauces & two 350 ml soft drink . at Shahenshah Sajji and Grill - DHA . in DHA"
item_2554,157,Shahenshah Sajji and Grill - DHA,menu_item,Deal 1,Deals & Combos,845.75,4.7,DHA,"Deal 1 . Deals & Combos . Single serving. Quarter sajji with rice, sauces & 350 ml soft drink . at Shahenshah Sajji and Grill - DHA . in DHA"
item_2555,157,Shahenshah Sajji and Grill - DHA,menu_item,Deal 3,Deals & Combos,3395.75,4.7,DHA,"Deal 3 . Deals & Combos . Serving for 4 person. Full Sajji with rice, sauces & 1.5 litre soft
drink . at Shahenshah Sajji and Grill - DHA . in DHA"
item_2556,157,Shahenshah Sajji and Grill - DHA,menu_item,Deal 4,Deals & Combos,769.25,4.7,DHA,"Deal 4 . Deals & Combos . Single serving. 8 Chicken nablets, 2 naan, raita & 350 ml soft drink . at Shahenshah Sajji and Grill - DHA . in DHA"
item_2557,157,Shahenshah Sajji and Grill - DHA,menu_item,Deal 5,Deals & Combos,981.75,4.7,DHA,"Deal 5 . Deals & Combos . Single serving. 8 Chicken malai boti, 2 naan, raita &  350 ml soft drink . at Shahenshah Sajji and Grill - DHA . in DHA"
item_2558,157,Shahenshah Sajji and Grill - DHA,menu_item,Deal 7,Deals & Combos,718.25,4.7,DHA,"Deal 7 . Deals & Combos . Single serving. 4 Beef kabab, 2 naan, raita &  350 ml soft drink . at Shahenshah Sajji and Grill - DHA . in DHA"
item_2559,157,Shahenshah Sajji and Grill - DHA,menu_item,Classic Sajji,Other,718.25,4.7,DHA,Classic Sajji . Other . Serves 1. Chicken Classic Sajji with Rice and Sauces . at Shahenshah Sajji and Grill - DHA . in DHA
item_2560,157,Shahenshah Sajji and Grill - DHA,menu_item,HOT PERI PERI CHICKEN,Other,786.25,4.7,DHA,HOT PERI PERI CHICKEN . Other . Serves 1. CHICKEN IN HOT PERI PERI SAUCE . at Shahenshah Sajji and Grill - DHA . in DHA
item_2561,157,Shahenshah Sajji and Grill - DHA,menu_item,PERI PERI LEMON & HERB SAJJI,Other,786.25,4.7,DHA,PERI PERI LEMON & HERB SAJJI . Other . Serves 1. Sajji with special peri peri lemon and herb sauce & rice . at Shahenshah Sajji and Grill - DHA . in DHA
item_2562,157,Shahenshah Sajji and Grill - DHA,menu_item,Sajji Without Rice,Other,607.75,4.7,DHA,Sajji Without Rice . Other . Serves 1. Chicken Classic Sajji with Sauces . at Shahenshah Sajji and Grill - DHA . in DHA
item_2563,158,Shawarma Stop - DHA,menu_item,Chipotle Cheese Fries,Sides & Appetizers,730.0,4.8,DHA,"Chipotle Cheese Fries . Sides & Appetizers . These loaded fries are perfect for satisfying your cravings for something cheesy, spicy, and utterly delicious. . at Shawarma Stop - DHA . in DHA"
item_2564,158,Shawarma Stop - DHA,menu_item,Falafel,Sides & Appetizers,900.0,4.8,DHA,"Falafel . Sides & Appetizers . Seven pieces of crispy, golden falafel made from seasoned chickpeas for a crunchy, flavorful Middle Eastern snack. . at Shawarma Stop - DHA . in DHA"
item_2565,158,Shawarma Stop - DHA,menu_item,Fattoush Salad,Sides & Appetizers,450.0,4.8,DHA,"Fattoush Salad . Sides & Appetizers . Fresh and zesty Middle Eastern salad made with crispy pita chips, mixed greens, tomatoes, cucumbers, and a tangy sumac dressing . at Shawarma Stop - DHA . in DHA"
item_2566,158,Shawarma Stop - DHA,menu_item,Fattoush Salad with Chicken,Sides & Appetizers,680.0,4.8,DHA,Fattoush Salad with Chicken . Sides & Appetizers . Fresh mixed greens topped with tender grilled chicken pieces crisp vegetables tomatoes cucumbers and radishes tossed with tangy sumac dressing and topped with crunchy chips . at Shawarma Stop - DHA . in DHA
item_2567,158,Shawarma Stop - DHA,menu_item,Fries,Sides & Appetizers,270.0,4.8,DHA,"Fries . Sides & Appetizers . Crispy golden fries, perfectly seasoned and served hot for the ultimate snack or side. . at Shawarma Stop - DHA . in DHA"
item_2568,158,Shawarma Stop - DHA,menu_item,Hummus,Sides & Appetizers,570.0,4.8,DHA,"Hummus . Sides & Appetizers . Mashed chickpeas blended with tahini, lemon juice, and garlic. The standard garnish includes olive oil and paprika . at Shawarma Stop - DHA . in DHA"
item_2569,158,Shawarma Stop - DHA,menu_item,Hummus with Chicken Shawarma,Sides & Appetizers,930.0,4.8,DHA,Hummus with Chicken Shawarma . Sides & Appetizers . Creamy hummus topped with tender grilled chicken - a perfect blend of Middle Eastern flavors and satisfying protein. . at Shawarma Stop - DHA . in DHA
item_2570,158,Shawarma Stop - DHA,menu_item,Loaded Shawarma Fries,Sides & Appetizers,780.0,4.8,DHA,Loaded Shawarma Fries . Sides & Appetizers . Crispy golden fries loaded with tender shawarma chicken and melted cheese on top Served fresh and warm for the ultimate indulgence . at Shawarma Stop - DHA . in DHA
item_2571,158,Shawarma Stop - DHA,menu_item,Masala Fries,Sides & Appetizers,290.0,4.8,DHA,Masala Fries . Sides & Appetizers . Crispy golden fries tossed in our signature blend of spicy masala seasoning. A perfect side with a flavorful kick! . at Shawarma Stop - DHA . in DHA
item_2572,158,Shawarma Stop - DHA,menu_item,Fresh Lime,Beverages,270.0,4.8,DHA,"Fresh Lime . Beverages . A refreshing drink made with fresh lime juice, water, and a touch of sugar or salt, offering a tangy, zesty, and cooling citrus flavor. . at Shawarma Stop - DHA . in DHA"
item_2573,158,Shawarma Stop - DHA,menu_item,Fresh Mango Juice,Beverages,500.0,4.8,DHA,Fresh Mango Juice . Beverages . Refreshing fresh mango juice made from ripe sweet mangoes blended to perfection and served chilled A delightful tropical beverage bursting with natural flavor and nutrition . at Shawarma Stop - DHA . in DHA
item_2574,158,Shawarma Stop - DHA,menu_item,Fresh Peach Juice,Beverages,500.0,4.8,DHA,Fresh Peach Juice . Beverages . Refreshing freshly squeezed peach juice bursting with natural sweetness and vibrant flavor. A delightful beverage perfect for any time of day . at Shawarma Stop - DHA . in DHA
item_2575,158,Shawarma Stop - DHA,menu_item,Fresh Plum Juice,Beverages,500.0,4.8,DHA,Fresh Plum Juice . Beverages . Refreshing freshly squeezed plum juice bursting with natural sweetness and vibrant flavor. A delightful beverage packed with vitamins and antioxidants perfect for any time of day . at Shawarma Stop - DHA . in DHA
item_2576,158,Shawarma Stop - DHA,menu_item,Kiwi Chiller,Beverages,450.0,4.8,DHA,"Kiwi Chiller . Beverages . Refreshing Kiwi Chiller blended with fresh kiwi fruit and ice for a cool tropical beverage. Naturally sweet with a tangy twist, perfect for quenching your thirst on warm days . at Shawarma Stop - DHA . in DHA"
item_2577,158,Shawarma Stop - DHA,menu_item,Mint Margarita,Beverages,350.0,4.8,DHA,Mint Margarita . Beverages . Refreshing mint infused beverage with a classic taste and vibrant flavor profile perfect for any occasion . at Shawarma Stop - DHA . in DHA
item_2578,158,Shawarma Stop - DHA,menu_item,Next Cola Can - 250 ml,Beverages,300.0,4.8,DHA,"Next Cola Can - 250 ml . Beverages . A 250 ml can of carbonated cola soft drink, offering a sweet, fizzy, and caramel-flavored taste with a refreshing bubbly finish. . at Shawarma Stop - DHA . in DHA"
item_2579,158,Shawarma Stop - DHA,menu_item,Passion Fruit Chiller,Beverages,450.0,4.8,DHA,Passion Fruit Chiller . Beverages . Refreshing passion fruit chiller bursting with tropical flavors and natural sweetness. Perfectly chilled and served over ice for a delightful thirst-quenching experience on warm days . at Shawarma Stop - DHA . in DHA
item_2580,158,Shawarma Stop - DHA,menu_item,Strawberry Chiller,Beverages,450.0,4.8,DHA,Strawberry Chiller . Beverages . Refreshing strawberry chiller made with fresh ripe strawberries blended with ice and a touch of sweetness Perfect for hot days and ideal to quench your thirst . at Shawarma Stop - DHA . in DHA
item_2581,158,Shawarma Stop - DHA,menu_item,Water - 500 Ml,Beverages,120.0,4.8,DHA,"Water - 500 Ml . Beverages . A 500 ml serving of clean, pure drinking water, offering simple, refreshing hydration with a neutral taste. . at Shawarma Stop - DHA . in DHA"
item_2582,158,Shawarma Stop - DHA,menu_item,Saudi Broast (Full),Other,2750.0,4.8,DHA,Saudi Broast (Full) . Other . Crispy golden Saudi broast full juicy chicken marinated with bold Arabian spices pressure-fried to perfection for a crunchy outside and tender flavorful inside . at Shawarma Stop - DHA . in DHA
item_2583,158,Shawarma Stop - DHA,menu_item,Saudi Broast (Half),Other,1580.0,4.8,DHA,Saudi Broast (Half) . Other . Crispy golden Saudi broast half featuring juicy chicken marinated with bold Arabian spices and pressure-fried to perfection for a crunchy exterior and tender flavorful interior . at Shawarma Stop - DHA . in DHA
item_2584,158,Shawarma Stop - DHA,menu_item,Saudi Broast (Quarter),Other,820.0,4.8,DHA,Saudi Broast (Quarter) . Other . Crispy golden Saudi broast quarter featuring juicy chicken marinated with bold Arabian spices and pressure-fried to perfection for a crunchy exterior and tender flavorful interior . at Shawarma Stop - DHA . in DHA
item_2585,158,Shawarma Stop - DHA,menu_item,Classic Kunafa,Desserts,1300.0,4.8,DHA,Classic Kunafa . Desserts . Delicate shredded pastry layered with creamy cheese and topped with aromatic sugar syrup. A traditional dessert served warm with a golden crispy exterior and soft melting center. . at Shawarma Stop - DHA . in DHA
item_2586,158,Shawarma Stop - DHA,menu_item,Juban Fatayer With Honey,Desserts,950.0,4.8,DHA,"Juban Fatayer With Honey . Desserts . Flaky baked pastry filled with creamy cheese (juban) and drizzled with honey for a smooth, sweet, and mildly tangy indulgence. . at Shawarma Stop - DHA . in DHA"
item_2587,158,Shawarma Stop - DHA,menu_item,Nutella Fatayer,Desserts,950.0,4.8,DHA,"Nutella Fatayer . Desserts . Flaky baked pastry filled with rich Nutella for a warm, chocolatey, and indulgent sweet treat. . at Shawarma Stop - DHA . in DHA"
item_2588,158,Shawarma Stop - DHA,menu_item,Nutella Kunafa,Desserts,1300.0,4.8,DHA,Nutella Kunafa . Desserts . Crispy shredded pastry layered with smooth creamy Nutella and melted cheese then baked until golden and drizzled with sweet sugar syrup A delightful fusion of traditional kunafa with rich chocolate hazelnut flavor . at Shawarma Stop - DHA . in DHA
item_2589,158,Shawarma Stop - DHA,menu_item,Arabi Shawarma Combo,Deals & Combos,1450.0,4.8,DHA,Arabi Shawarma Combo . Deals & Combos . Arabi Shawarma with Drink . at Shawarma Stop - DHA . in DHA
item_2590,158,Shawarma Stop - DHA,menu_item,Beef Shawarma Combo,Deals & Combos,1350.0,4.8,DHA,Beef Shawarma Combo . Deals & Combos . Beef Shawarma with Drink . at Shawarma Stop - DHA . in DHA
item_2591,158,Shawarma Stop - DHA,menu_item,Chipotle Cheese Fries Combo,Deals & Combos,880.0,4.8,DHA,Chipotle Cheese Fries Combo . Deals & Combos . Chipotle Cheese Fries with Drink . at Shawarma Stop - DHA . in DHA
item_2592,158,Shawarma Stop - DHA,menu_item,Large House Special Shawarma Combo,Deals & Combos,1090.0,4.8,DHA,Large House Special Shawarma Combo . Deals & Combos . Large House Special Shawarma with Drink . at Shawarma Stop - DHA . in DHA
item_2593,158,Shawarma Stop - DHA,menu_item,Loaded Fries Combo,Deals & Combos,980.0,4.8,DHA,Loaded Fries Combo . Deals & Combos . Loaded Fries with Drink . at Shawarma Stop - DHA . in DHA
item_2594,158,Shawarma Stop - DHA,menu_item,OG Crispy Shawarma Combo,Deals & Combos,1180.0,4.8,DHA,OG Crispy Shawarma Combo . Deals & Combos . OG Crispy Shawarma with Drink . at Shawarma Stop - DHA . in DHA
item_2595,158,Shawarma Stop - DHA,menu_item,Regular House Special Shawarma Combo,Deals & Combos,740.0,4.8,DHA,Regular House Special Shawarma Combo . Deals & Combos . House Special Shawarma with Drink . at Shawarma Stop - DHA . in DHA
item_2596,158,Shawarma Stop - DHA,menu_item,Shish Taouk Wrap Combo,Deals & Combos,1090.0,4.8,DHA,Shish Taouk Wrap Combo . Deals & Combos . Shish Taouk Wrap with Drink . at Shawarma Stop - DHA . in DHA
item_2597,158,Shawarma Stop - DHA,menu_item,Cheese Fatayer,Other,790.0,4.8,DHA,Cheese Fatayer . Other . Baked pastry filled with a blend of soft cheeses . at Shawarma Stop - DHA . in DHA
item_2598,158,Shawarma Stop - DHA,menu_item,Chicken Fatayer,Other,920.0,4.8,DHA,"Chicken Fatayer . Other . A soft, baked pastry filled with seasoned chicken, offering a warm, fluffy texture and a savory, mildly spiced flavor in every bite. . at Shawarma Stop - DHA . in DHA"
item_2599,158,Shawarma Stop - DHA,menu_item,Juban Fatayer,Other,920.0,4.8,DHA,Juban Fatayer . Other . Rich & flavorful cheese pastry & popular for its creaminess . at Shawarma Stop - DHA . in DHA
item_2600,158,Shawarma Stop - DHA,menu_item,Pepperoni Fatayer,Other,920.0,4.8,DHA,Pepperoni Fatayer . Other . Pepperoni Fatayer features four savory slices of pepperoni baked on a crisp golden pide base Topped with melted mozzarella and a sprinkle of sesame seeds each bite is a perfect blend of crisp and rich cheesy goodness . at Shawarma Stop - DHA . in DHA
item_2601,158,Shawarma Stop - DHA,menu_item,Zaatar Fatayer,Other,680.0,4.8,DHA,Zaatar Fatayer . Other . Flatbread pastry topped with a blend of zaatar spices . at Shawarma Stop - DHA . in DHA
item_2602,158,Shawarma Stop - DHA,menu_item,Zaatar with Cheese Fatayer,Other,920.0,4.8,DHA,Zaatar with Cheese Fatayer . Other . A fragrant Middle Eastern classic with crispy dough topped with earthy zaatar spices and a generous layer of melted cheese. Each bite offers a perfect balance of savory herbs and creamy rich flavor . at Shawarma Stop - DHA . in DHA
item_2603,158,Shawarma Stop - DHA,menu_item,Chicken Shawarma Platter,Other,1390.0,4.8,DHA,"Chicken Shawarma Platter . Other . Shawarma chicken served with rice, garlic sauce & pickles . at Shawarma Stop - DHA . in DHA"
item_2604,158,Shawarma Stop - DHA,menu_item,Farrouj Meshwi,Other,1840.0,4.8,DHA,"Farrouj Meshwi . Other . Grilled chicken, marinated in Middle Eastern spices served with garlic sauce & rice . at Shawarma Stop - DHA . in DHA"
item_2605,158,Shawarma Stop - DHA,menu_item,Lahori Shawarma Platter,Other,1290.0,4.8,DHA,Lahori Shawarma Platter . Other . Spicy Lahori style shawarma served with pita bread & chutney . at Shawarma Stop - DHA . in DHA
item_2606,158,Shawarma Stop - DHA,menu_item,Mix Grill Platter Full,Other,8520.0,4.8,DHA,"Mix Grill Platter Full . Other . 3 Chicken shawarma, fries, 14 cubes of shish taouk, full farrouj meshwi, 4 kofta kabab, rice, garlic sauce, chipotle sauce, 7 falafel & bread . at Shawarma Stop - DHA . in DHA"
item_2607,158,Shawarma Stop - DHA,menu_item,Mix Grill Platter Half,Other,4590.0,4.8,DHA,"Mix Grill Platter Half . Other . 2 Regular chicken shawarma, fries, 10 cubes of shish taouk, half farrouj meshwi, 3 kofta kabab, rice, garlic sauce, chipotle sauce, 5 falafel & 3 pieces of bread . at Shawarma Stop - DHA . in DHA"
item_2608,158,Shawarma Stop - DHA,menu_item,Mix Meat Platter,Other,1900.0,4.8,DHA,Mix Meat Platter . Other . Our Mix Meat Platter features a delightful balance of juicy chicken and tender beef served over aromatic rice Paired with smooth hummus rich garlic sauce and our special house sauce for a flavorful feast in every bite . at Shawarma Stop - DHA . in DHA
item_2609,158,Shawarma Stop - DHA,menu_item,Shish Taouk Platter,Other,1700.0,4.8,DHA,"Shish Taouk Platter . Other . Grilled marinated chicken skewers served with fresh sides, sauces, and accompaniments for a flavorful and satisfying Mediterranean style platter. . at Shawarma Stop - DHA . in DHA"
item_2610,158,Shawarma Stop - DHA,menu_item,Arabi Shawarma,Shawarma & Wraps,1290.0,4.8,DHA,Arabi Shawarma . Shawarma & Wraps . Shawarma rolled in flatbread & sliced. Served with garlic sauce . at Shawarma Stop - DHA . in DHA
item_2611,158,Shawarma Stop - DHA,menu_item,Beef Shawarma,Shawarma & Wraps,1150.0,4.8,DHA,"Beef Shawarma . Shawarma & Wraps . Juicy marinated beef wrapped in freshly baked saj bread, layered with creamy garlic sauce and zesty mint chili sauce for a rich, flavorful bite . at Shawarma Stop - DHA . in DHA"
item_2612,158,Shawarma Stop - DHA,menu_item,Falafel Wrap,Shawarma & Wraps,420.0,4.8,DHA,Falafel Wrap . Shawarma & Wraps . Falafel patties wrapped in flatbread with tahini sauce & veggies . at Shawarma Stop - DHA . in DHA
item_2613,158,Shawarma Stop - DHA,menu_item,House Special Shawarma,Shawarma & Wraps,560.0,4.8,DHA,"House Special Shawarma . Shawarma & Wraps . Signature shawarma made with premium marinated meat, fresh toppings, and house-special sauce for a rich and flavorful indulgence. . at Shawarma Stop - DHA . in DHA"
item_2614,158,Shawarma Stop - DHA,menu_item,Kofta Kabab Platter,Shawarma & Wraps,1890.0,4.8,DHA,"Kofta Kabab Platter . Shawarma & Wraps . Kofta kabab served with rice, garlic sauce & grilled vegetables . at Shawarma Stop - DHA . in DHA"
item_2615,158,Shawarma Stop - DHA,menu_item,Kofta Kabab Wrap,Shawarma & Wraps,870.0,4.8,DHA,Kofta Kabab Wrap . Shawarma & Wraps . Grilled kefta kebab with creamy hummus fresh onions and fragrant parsley wrapped in warm flatbread . at Shawarma Stop - DHA . in DHA
item_2616,158,Shawarma Stop - DHA,menu_item,OG Crispy Shawarma,Shawarma & Wraps,1060.0,4.8,DHA,OG Crispy Shawarma . Shawarma & Wraps . OG Crispy Shawarma golden-crispy on the outside juicy and flavorful on the inside packed with bold spices and wrapped to perfection . at Shawarma Stop - DHA . in DHA
item_2617,158,Shawarma Stop - DHA,menu_item,Shish Taouk Wrap,Shawarma & Wraps,970.0,4.8,DHA,Shish Taouk Wrap . Shawarma & Wraps . Grilled cubes of Shish Taouk chicken with signature sauces in flat bread . at Shawarma Stop - DHA . in DHA
item_2618,158,Shawarma Stop - DHA,menu_item,Chipotle Sauce,Sides & Appetizers,100.0,4.8,DHA,"Chipotle Sauce . Sides & Appetizers . Smoky, creamy sauce blended with chipotle peppers for a rich, mildly spicy, and tangy flavor boost. . at Shawarma Stop - DHA . in DHA"
item_2619,158,Shawarma Stop - DHA,menu_item,Garlic Sauce,Sides & Appetizers,100.0,4.8,DHA,"Garlic Sauce . Sides & Appetizers . Creamy garlic-based sauce with a bold, tangy flavor, perfect for adding a rich and savory kick to sandwiches, grills, and snacks. . at Shawarma Stop - DHA . in DHA"
item_2620,158,Shawarma Stop - DHA,menu_item,Hot Sauce,Sides & Appetizers,65.0,4.8,DHA,"Hot Sauce . Sides & Appetizers . Spicy, tangy chili-based sauce for an extra kick of heat and bold flavor in every bite. . at Shawarma Stop - DHA . in DHA"
item_2621,158,Shawarma Stop - DHA,menu_item,House Special Rice,Sides & Appetizers,260.0,4.8,DHA,"House Special Rice . Sides & Appetizers . Aromatic spiced rice prepared with the house special recipe for a rich, flavorful, and satisfying meal base. . at Shawarma Stop - DHA . in DHA"
item_2622,158,Shawarma Stop - DHA,menu_item,Khoubz,Sides & Appetizers,100.0,4.8,DHA,Khoubz . Sides & Appetizers . Soft traditional Middle Eastern flatbread freshly baked and perfect for pairing with dips grills and meals . at Shawarma Stop - DHA . in DHA
item_2623,158,Shawarma Stop - DHA,menu_item,Saj Bread,Sides & Appetizers,100.0,4.8,DHA,"Saj Bread . Sides & Appetizers . Thin, soft traditional flatbread baked on a saj griddle for a light, flexible, and freshly made Middle Eastern staple. . at Shawarma Stop - DHA . in DHA"
item_2624,158,Shawarma Stop - DHA,menu_item,Tahini Sauce,Sides & Appetizers,100.0,4.8,DHA,"Tahini Sauce . Sides & Appetizers . Creamy sesame-based sauce with a smooth, nutty flavor, perfect for adding richness to Middle Eastern dishes and grills. . at Shawarma Stop - DHA . in DHA"
item_2625,158,Shawarma Stop - DHA,menu_item,Karak Chai,Beverages,250.0,4.8,DHA,"Karak Chai . Beverages . Strong, creamy spiced tea brewed with milk and aromatic spices for a rich, bold, and comforting South Asian classic. . at Shawarma Stop - DHA . in DHA"
item_2626,158,Shawarma Stop - DHA,menu_item,Honey Wings (12 Pieces),Wings & Fried,930.0,4.8,DHA,"Honey Wings (12 Pieces) . Wings & Fried . 12 Pieces of Honey Wings glazed with pure honey and our special sauce, then garnished with sesame seeds for a perfect sweet and savory finish. . at Shawarma Stop - DHA . in DHA"
item_2627,158,Shawarma Stop - DHA,menu_item,Honey Wings (6 Pieces),Wings & Fried,540.0,4.8,DHA,"Honey Wings (6 Pieces) . Wings & Fried . 6 Pieces of Honey Wings glazed with pure honey and our special sauce, then garnished with sesame seeds for a perfect sweet and savory finish. . at Shawarma Stop - DHA . in DHA"
item_2628,158,Shawarma Stop - DHA,menu_item,Peri Peri Wings (12 Pieces),Wings & Fried,930.0,4.8,DHA,"Peri Peri Wings (12 Pieces) . Wings & Fried . 12 Pieces of Spicy Peri Peri Wings tossed in a bold, spicy peri peri sauce and cooked to juicy perfection. . at Shawarma Stop - DHA . in DHA"
item_2629,158,Shawarma Stop - DHA,menu_item,Peri Peri Wings (6 Pieces),Wings & Fried,540.0,4.8,DHA,"Peri Peri Wings (6 Pieces) . Wings & Fried . 6 Pieces of Spicy Peri Peri Wings tossed in a bold, spicy peri peri sauce and cooked to juicy perfection. . at Shawarma Stop - DHA . in DHA"
item_2630,159,Simply Sufi XPRS-Penta Square,menu_item,Chicken Reshmi Boti 4 Pc,BBQ & Grill,570.0,4.8,Lahore,"Chicken Reshmi Boti 4 Pc . BBQ & Grill . Chicken Reshmi Boti 4 Pc, Mint Raita, Mix Fresh Salad . at Simply Sufi XPRS-Penta Square . in Lahore"
item_2631,159,Simply Sufi XPRS-Penta Square,menu_item,Chicken Seekh Kabab 4 Pcs,BBQ & Grill,780.0,4.8,Lahore,"Chicken Seekh Kabab 4 Pcs . BBQ & Grill . Seekh Kabab 4 Pc, Mint Raita, Mix Fresh Salad . at Simply Sufi XPRS-Penta Square . in Lahore"
item_2632,159,Simply Sufi XPRS-Penta Square,menu_item,Chicken Tikka Leg 1 Pc,BBQ & Grill,735.0,4.8,Lahore,"Chicken Tikka Leg 1 Pc . BBQ & Grill . Chicken Tikka Leg 1 Pc, Mint Raita, Mix Fresh Salad . at Simply Sufi XPRS-Penta Square . in Lahore"
item_2633,159,Simply Sufi XPRS-Penta Square,menu_item,Roghni Naan,BBQ & Grill,220.0,4.8,Lahore,Roghni Naan . BBQ & Grill . XPRS Roghni Naan . at Simply Sufi XPRS-Penta Square . in Lahore
item_2634,159,Simply Sufi XPRS-Penta Square,menu_item,Chicken Piece (3 Pcs),Meat Mains,790.0,4.8,Lahore,Chicken Piece (3 Pcs) . Meat Mains . Extremely flavorful tender and juicy chicken pieces . at Simply Sufi XPRS-Penta Square . in Lahore
item_2635,159,Simply Sufi XPRS-Penta Square,menu_item,Spicy Chicken,Meat Mains,2090.0,4.8,Lahore,Spicy Chicken . Meat Mains . 9 Pieces . at Simply Sufi XPRS-Penta Square . in Lahore
item_2636,159,Simply Sufi XPRS-Penta Square,menu_item,Captain Kids Meal With Chicken Burger,Other,550.0,4.8,Lahore,"Captain Kids Meal With Chicken Burger . Other . Chicken Burger with Regular Fries, Sufi Srink and Colour Pencils . at Simply Sufi XPRS-Penta Square . in Lahore"
item_2637,159,Simply Sufi XPRS-Penta Square,menu_item,Captain Kids Meal With Chicken Piece,Other,550.0,4.8,Lahore,"Captain Kids Meal With Chicken Piece . Other . Chicken piece with fries, drink and colour pencils . at Simply Sufi XPRS-Penta Square . in Lahore"
item_2638,159,Simply Sufi XPRS-Penta Square,menu_item,Captain Kids Meal With Classic Nuggets,Other,550.0,4.8,Lahore,"Captain Kids Meal With Classic Nuggets . Other . 4 Pieces classic nuggets with fries, drink and colour pencils . at Simply Sufi XPRS-Penta Square . in Lahore"
item_2639,159,Simply Sufi XPRS-Penta Square,menu_item,Captain Kids Meal With Space Nuggets,Other,550.0,4.8,Lahore,"Captain Kids Meal With Space Nuggets . Other . 4 Pieces space nuggets with fries, drink and colour pencils . at Simply Sufi XPRS-Penta Square . in Lahore"
item_2640,159,Simply Sufi XPRS-Penta Square,menu_item,Manta 500Ml Drink,Beverages,110.0,4.8,Lahore,Manta 500Ml Drink . Beverages . Sufi Manta 500ml drink . at Simply Sufi XPRS-Penta Square . in Lahore
item_2641,159,Simply Sufi XPRS-Penta Square,menu_item,Sufi Cola  - 500ml,Beverages,110.0,4.8,Lahore,Sufi Cola  - 500ml . Beverages . 500ml drink . at Simply Sufi XPRS-Penta Square . in Lahore
item_2642,159,Simply Sufi XPRS-Penta Square,menu_item,Sufi Laman - 500 Ml,Beverages,110.0,4.8,Lahore,Sufi Laman - 500 Ml . Beverages . Laman 500 ml drink . at Simply Sufi XPRS-Penta Square . in Lahore
item_2643,159,Simply Sufi XPRS-Penta Square,menu_item,Chicken & Chips Deal,Deals & Combos,500.0,4.8,Lahore,Chicken & Chips Deal . Deals & Combos . Chicken piece with regular fries . at Simply Sufi XPRS-Penta Square . in Lahore
item_2644,159,Simply Sufi XPRS-Penta Square,menu_item,XPRS BBQ Fries,Sides & Appetizers,470.0,4.8,Lahore,XPRS BBQ Fries . Sides & Appetizers . French fries loaded with BBQ sauce . at Simply Sufi XPRS-Penta Square . in Lahore
item_2645,159,Simply Sufi XPRS-Penta Square,menu_item,XPRS CURLY FRIES,Sides & Appetizers,495.0,4.8,Lahore,XPRS CURLY FRIES . Sides & Appetizers . Curls with Curves . at Simply Sufi XPRS-Penta Square . in Lahore
item_2646,159,Simply Sufi XPRS-Penta Square,menu_item,XPRS Fries,Sides & Appetizers,320.0,4.8,Lahore,XPRS Fries . Sides & Appetizers . Good old fashioned salted French fries . at Simply Sufi XPRS-Penta Square . in Lahore
item_2647,159,Simply Sufi XPRS-Penta Square,menu_item,XPRS Mayo Fries,Sides & Appetizers,470.0,4.8,Lahore,XPRS Mayo Fries . Sides & Appetizers . French fries loaded with mayonnaise . at Simply Sufi XPRS-Penta Square . in Lahore
item_2648,159,Simply Sufi XPRS-Penta Square,menu_item,Azadi Deal,Deals & Combos,500.0,4.8,Lahore,Azadi Deal . Deals & Combos . Enjoy our Azadi Deal featuring one delicious Reshmi Wrap paired with a refreshing 500ml beverage of your choice. Perfect for a quick satisfying meal on the go . at Simply Sufi XPRS-Penta Square . in Lahore
item_2649,159,Simply Sufi XPRS-Penta Square,menu_item,Deal For 1,Deals & Combos,617.5,4.8,Lahore,"Deal For 1 . Deals & Combos . 1 Crispy Chicken Burger, 1 Regular Fries, 1 500 ml Drink . at Simply Sufi XPRS-Penta Square . in Lahore"
item_2650,159,Simply Sufi XPRS-Penta Square,menu_item,XPRS Crispy Chicken Wrap,Shawarma & Wraps,530.0,4.8,Lahore,XPRS Crispy Chicken Wrap . Shawarma & Wraps . Don't resist the allure of these deliciously marinated juicy chicken pieces . at Simply Sufi XPRS-Penta Square . in Lahore
item_2651,159,Simply Sufi XPRS-Penta Square,menu_item,XPRS Reshmi Chicken Wrap,Shawarma & Wraps,625.0,4.8,Lahore,"XPRS Reshmi Chicken Wrap . Shawarma & Wraps . Chicken wrapped on toasted pita bread, served with sauce and veggies, a Lebanese classic. . at Simply Sufi XPRS-Penta Square . in Lahore"
item_2652,159,Simply Sufi XPRS-Penta Square,menu_item,XPRS Fish Burger,Burgers,789.0,4.8,Lahore,XPRS Fish Burger . Burgers . Fish Burger . at Simply Sufi XPRS-Penta Square . in Lahore
item_2653,159,Simply Sufi XPRS-Penta Square,menu_item,Crispy Chicken Burger,Burgers,520.0,4.8,Lahore,Crispy Chicken Burger . Burgers . XPRS Crispy Chicken Burger . at Simply Sufi XPRS-Penta Square . in Lahore
item_2654,159,Simply Sufi XPRS-Penta Square,menu_item,Green Chilli Burger,Burgers,400.0,4.8,Lahore,Green Chilli Burger . Burgers . XPRS Green Chilli Burger . at Simply Sufi XPRS-Penta Square . in Lahore
item_2655,159,Simply Sufi XPRS-Penta Square,menu_item,Grilled Chicken Burger,Burgers,660.0,4.8,Lahore,Grilled Chicken Burger . Burgers . Grilled Burger . at Simply Sufi XPRS-Penta Square . in Lahore
item_2656,159,Simply Sufi XPRS-Penta Square,menu_item,Hot Shot Burger,Burgers,340.0,4.8,Lahore,Hot Shot Burger . Burgers . A burst of exquisite flavor and crunch. The complete burger experience. . at Simply Sufi XPRS-Penta Square . in Lahore
item_2657,159,Simply Sufi XPRS-Penta Square,menu_item,Royal Burger,Burgers,425.0,4.8,Lahore,Royal Burger . Burgers . XPRS Royal Burger . at Simply Sufi XPRS-Penta Square . in Lahore
item_2658,159,Simply Sufi XPRS-Penta Square,menu_item,Signature Chicken Burger,Burgers,710.0,4.8,Lahore,Signature Chicken Burger . Burgers . XPRS Signature Chicken Burger . at Simply Sufi XPRS-Penta Square . in Lahore
item_2659,159,Simply Sufi XPRS-Penta Square,menu_item,Signature Mayo Chicken Burger,Burgers,550.0,4.8,Lahore,Signature Mayo Chicken Burger . Burgers . XPRS Signature Mayo Chicken Burger . at Simply Sufi XPRS-Penta Square . in Lahore
item_2660,159,Simply Sufi XPRS-Penta Square,menu_item,XPRS Chicken Burger,Burgers,529.0,4.8,Lahore,XPRS Chicken Burger . Burgers . Chicken Burger . at Simply Sufi XPRS-Penta Square . in Lahore
item_2661,159,Simply Sufi XPRS-Penta Square,menu_item,XPRS Spicy Chicken Burger,Burgers,600.0,4.8,Lahore,XPRS Spicy Chicken Burger . Burgers . Spicy Burger . at Simply Sufi XPRS-Penta Square . in Lahore
item_2662,159,Simply Sufi XPRS-Penta Square,menu_item,Xprs Mighty Chicken Burger,Burgers,544.0,4.8,Lahore,Xprs Mighty Chicken Burger . Burgers . Mighty Chicken Burger . at Simply Sufi XPRS-Penta Square . in Lahore
item_2663,159,Simply Sufi XPRS-Penta Square,menu_item,Chicken Poppers,Other,480.0,4.8,Lahore,Chicken Poppers . Other . 9 Pieces . at Simply Sufi XPRS-Penta Square . in Lahore
item_2664,159,Simply Sufi XPRS-Penta Square,menu_item,Chicken Tenders,Other,390.0,4.8,Lahore,Chicken Tenders . Other . Chicken Tenders 3 Pcs . at Simply Sufi XPRS-Penta Square . in Lahore
item_2665,159,Simply Sufi XPRS-Penta Square,menu_item,Chicken Wings,Other,770.0,4.8,Lahore,Chicken Wings . Other . 8 Pieces . at Simply Sufi XPRS-Penta Square . in Lahore
item_2666,159,Simply Sufi XPRS-Penta Square,menu_item,Drum Sticks,Other,850.0,4.8,Lahore,Drum Sticks . Other . Drum Sticks 5 Pcs . at Simply Sufi XPRS-Penta Square . in Lahore
item_2667,159,Simply Sufi XPRS-Penta Square,menu_item,Reshmi Samosa,Other,290.0,4.8,Lahore,Reshmi Samosa . Other . XPRS Reshmi Samosa . at Simply Sufi XPRS-Penta Square . in Lahore
item_2668,159,Simply Sufi XPRS-Penta Square,menu_item,Tender Nuggets,Other,390.0,4.8,Lahore,Tender Nuggets . Other . XPRS Tender Nuggets 6 Pcs . at Simply Sufi XPRS-Penta Square . in Lahore
item_2669,159,Simply Sufi XPRS-Penta Square,menu_item,XPRS Classic Chicken Nuggets,Other,450.0,4.8,Lahore,XPRS Classic Chicken Nuggets . Other . Classic Chicken Nuggets . at Simply Sufi XPRS-Penta Square . in Lahore
item_2670,10,SMASH - DHA Phase 2,menu_item,7up - 345 ml,Beverages,150.0,4.2,DHA,7up - 345 ml . Beverages . A Light & Refreshing Lemon-lime soda to pair with your food! Click to add to your meal. . at SMASH - DHA Phase 2 . in DHA
item_2671,10,SMASH - DHA Phase 2,menu_item,7up Mint-345 Ml,Beverages,150.0,4.2,DHA,"7up Mint-345 Ml . Beverages . Carbonated soft drink with a refreshing lemon-lime flavour, enhanced by a hint of mint. . at SMASH - DHA Phase 2 . in DHA"
item_2672,10,SMASH - DHA Phase 2,menu_item,Aquafina  - 500 ml,Beverages,95.0,4.2,DHA,Aquafina  - 500 ml . Beverages . Pure water for a perfect taste! Click to add refreshing water to your meal. . at SMASH - DHA Phase 2 . in DHA
item_2673,10,SMASH - DHA Phase 2,menu_item,Diet 7up - 345 ml,Beverages,150.0,4.2,DHA,Diet 7up - 345 ml . Beverages . The Classic Lemon-lime soda with Zero Calories! Click to add to your meal. . at SMASH - DHA Phase 2 . in DHA
item_2674,10,SMASH - DHA Phase 2,menu_item,Diet Pepsi  - 345 ml,Beverages,150.0,4.2,DHA,Diet Pepsi  - 345 ml . Beverages . Pepsi Zero Sugar is the only soda with Zero Calories & Maximum Pepsi taste! Click to add to your meal. . at SMASH - DHA Phase 2 . in DHA
item_2675,10,SMASH - DHA Phase 2,menu_item,Mirinda - 345 ml,Beverages,150.0,4.2,DHA,"Mirinda - 345 ml . Beverages . A vibrant, tongue-tingling, and Flavorful Orange refreshment! Click to add to your meal. . at SMASH - DHA Phase 2 . in DHA"
item_2676,10,SMASH - DHA Phase 2,menu_item,Mountain Dew,Beverages,150.0,4.2,DHA,Mountain Dew . Beverages . Mountain Dew exhilarates & quenches thirst with its one of a kind citrus taste! Click to add to your meal. . at SMASH - DHA Phase 2 . in DHA
item_2677,10,SMASH - DHA Phase 2,menu_item,Pepsi - 345 ml,Beverages,150.0,4.2,DHA,"Pepsi - 345 ml . Beverages . The Bold, Refreshing & STRONG cola! Click to add to your meal. . at SMASH - DHA Phase 2 . in DHA"
item_2678,10,SMASH - DHA Phase 2,menu_item,Baby Sheikh,Burgers,795.0,4.2,DHA,Baby Sheikh . Burgers . Your favourite fried chicken sandwich now comes in a baby serving. One juicy chicken patty served over a bed of iceberg and secret sauce packed inside a grilled butter brioche. . at SMASH - DHA Phase 2 . in DHA
item_2679,10,SMASH - DHA Phase 2,menu_item,Fit Sheikh,Burgers,795.0,4.2,DHA,Fit Sheikh . Burgers . Its low in calories low in fat and a high nutritional value with lettuce pickle & mayonnaise in butter brioche bun. . at SMASH - DHA Phase 2 . in DHA
item_2680,10,SMASH - DHA Phase 2,menu_item,Fitter Sheikh,Burgers,1195.0,4.2,DHA,"Fitter Sheikh . Burgers . Double the fitness for our Hero Smashers. Special marinade and grilled to perfection for the ultimate juicy chicken breast sandwiched in our signature brioche buns. Healthiest and 
delicious. . at SMASH - DHA Phase 2 . in DHA"
item_2681,10,SMASH - DHA Phase 2,menu_item,Hulk Sheikh,Burgers,1895.0,4.2,DHA,"Hulk Sheikh . Burgers . Our Juiciest Quad Patty Hulk Smash Only the hulk can handle 4 of our juiciest, cheesiest patties, If you needed napkins for the Monster, You will need a towel to wipe juices from this burger fit for the HULK. . at SMASH - DHA Phase 2 . in DHA"
item_2682,10,SMASH - DHA Phase 2,menu_item,Little Sheikh,Burgers,795.0,4.2,DHA,"Little Sheikh . Burgers . Our classic, single patty burger perfect for a quick juicy snack. Brioche buns, our top secret blend of beef, American cheddar cheese and our signature sauce on the side. . at SMASH - DHA Phase 2 . in DHA"
item_2683,10,SMASH - DHA Phase 2,menu_item,Monster Sheikh,Burgers,1595.0,4.2,DHA,"Monster Sheikh . Burgers . Our juiciest, triple patty monster of a burger. Loaded with cheese and juice you are going to need a few extra napkins on hand when taking this burger on. Sauce on the side as usual . at SMASH - DHA Phase 2 . in DHA"
item_2684,10,SMASH - DHA Phase 2,menu_item,Nash-Stack Sheikh,Burgers,1345.0,4.2,DHA,Nash-Stack Sheikh . Burgers . Nash-Stack Sheikh is twice the fun. Two juicy chicken breast fillets marinated breaded fresh on site and fried to perfect crunch coated with signature Nashville sauce and dusted with bold flavors. Served with pickles and lettuce sandwiched in pillowy brioche buns. . at SMASH - DHA Phase 2 . in DHA
item_2685,10,SMASH - DHA Phase 2,menu_item,Nashville Sheikh,Burgers,825.0,4.2,DHA,Nashville Sheikh . Burgers . Juicy fiery and fantastic White piece chicken marinated breaded fresh on site and fried to perfect juicy crunch coated with signature Nashville sauce served with pickles and lettuce between pillowy brioche buns . at SMASH - DHA Phase 2 . in DHA
item_2686,10,SMASH - DHA Phase 2,menu_item,Potato Sheikh,Burgers,715.0,4.2,DHA,"Potato Sheikh . Burgers . A layer of crispy masala fries, our classic, smashed beef patty topped with grilled jalapenos and our secret sauce wrapped up in our grilled butter brioche buns. 100% lactose free. . at SMASH - DHA Phase 2 . in DHA"
item_2687,10,SMASH - DHA Phase 2,menu_item,Scared Sheikh,Burgers,1195.0,4.2,DHA,"Scared Sheikh . Burgers . Two juicy, tender chicken patties between our favourite brioche buns. It comes with two patties because we like all our burgers this way. . at SMASH - DHA Phase 2 . in DHA"
item_2688,10,SMASH - DHA Phase 2,menu_item,Skinny Hulk Sheikh,Burgers,1895.0,4.2,DHA,"Skinny Hulk Sheikh . Burgers . Our juiciest, Quad patty monster of a burger. Crisp green iceberg, loaded with cheese and juice you are going to need a few extra napkins on hand when taking this burger on. Sauce on the side as usual. . at SMASH - DHA Phase 2 . in DHA"
item_2689,10,SMASH - DHA Phase 2,menu_item,Skinny Little,Burgers,795.0,4.2,DHA,"Skinny Little . Burgers . Our smallest single patty smashed beef burger. Crisp green iceberg, our top secret blend of beef, American cheddar cheese and our signature sauce on the side. . at SMASH - DHA Phase 2 . in DHA"
item_2690,10,SMASH - DHA Phase 2,menu_item,Skinny Monster,Burgers,1595.0,4.2,DHA,"Skinny Monster . Burgers . Our juiciest, triple patty monster of a burger. Crisp green iceberg, loaded with cheese and juice you are going to need a few extra napkins on hand when taking this burger on. Sauce on the side as usual. . at SMASH - DHA Phase 2 . in DHA"
item_2691,10,SMASH - DHA Phase 2,menu_item,Skinny Wedded,Burgers,1195.0,4.2,DHA,"Skinny Wedded . Burgers . Our best-selling, founder recommended, juicy double smash burger with two slices of American cheese in crisp green iceberg and our signature sauce served on the side. . at SMASH - DHA Phase 2 . in DHA"
item_2692,10,SMASH - DHA Phase 2,menu_item,The Original Oklahoma Sheikh,Burgers,1345.0,4.2,DHA,"The Original Oklahoma Sheikh . Burgers . Experience the authentic taste of the classic Oklahoma onion smash burger. Two juicy beef patties, perfectly smashed with thinly sliced onions, caramelized to a golden crisp, and grilled to perfection. Topped with two slices of premium American cheddar and served in our signature buttery brioche buns. . at SMASH - DHA Phase 2 . in DHA"
item_2693,10,SMASH - DHA Phase 2,menu_item,Wedded Sheikh,Burgers,1195.0,4.2,DHA,"Wedded Sheikh . Burgers . Our Signature, double- patty cheese- loaded burger, the perfect treat after a long day of work. Our signature, best-selling, founder recommended, juicy double smash burger, the perfect treat after a long day of work. With two slices of American cheddar cheese in buttery brioche bun and our signature sauce on the side. . at SMASH - DHA Phase 2 . in DHA"
item_2694,10,SMASH - DHA Phase 2,menu_item,Tender Sheikh,Meat Mains,595.0,4.2,DHA,"Tender Sheikh . Meat Mains . Oh! So tender!!! Tenders, strips or whatever you want to call them are marinated in our secret blend before freshly breaded , fried to perfection and dipped in our special Comeback sauce. . at SMASH - DHA Phase 2 . in DHA"
item_2695,10,SMASH - DHA Phase 2,menu_item,Clown 2.O,Other,1345.0,4.2,DHA,Clown 2.O . Other . Two perfectly smashed beef patties layered with melted American cheddar crisp lettuce fresh onions and tangy pickles stacked inside three slices of toasted sesame seeded bun for that signature triple-layer bite Finished with our bold new Bigman Sauce that hits harder richer and saucier than ever . at SMASH - DHA Phase 2 . in DHA
item_2696,10,SMASH - DHA Phase 2,menu_item,Bigman Sauce,Add-ons & Condiments,110.0,4.2,DHA,"Bigman Sauce . Add-ons & Condiments . The legend, reimagined. Its that familiar, creamy, ""how-did-they-do-it"" flavor that hits every nostalgia nerve. Think of it as the original burger soulmate only better because its from Smash. . at SMASH - DHA Phase 2 . in DHA"
item_2697,10,SMASH - DHA Phase 2,menu_item,Comeback Sauce,Add-ons & Condiments,110.0,4.2,DHA,"Comeback Sauce . Add-ons & Condiments . Warning This sauce has a Nashville attitude. Its tangy, bold, and brings a spicy kick that will have you crawling back for more. Its the ex you actually should text back. . at SMASH - DHA Phase 2 . in DHA"
item_2698,10,SMASH - DHA Phase 2,menu_item,Honey Mustard Sauce,Add-ons & Condiments,110.0,4.2,DHA,"Honey Mustard Sauce . Add-ons & Condiments . The perfect toxic relationship sweet, sharp, and totally addictive. Its smooth honey meeting a mustard sting. Sweet enough to take home to mom; bold enough to keep things interesting . at SMASH - DHA Phase 2 . in DHA"
item_2699,10,SMASH - DHA Phase 2,menu_item,Nashville Sauce,Add-ons & Condiments,110.0,4.2,DHA,Nashville Sauce . Add-ons & Condiments . Rich creamy sauce as a perfect combination of sweet and spicy flavor . at SMASH - DHA Phase 2 . in DHA
item_2700,10,SMASH - DHA Phase 2,menu_item,Signature Sauce,Add-ons & Condiments,110.0,4.2,DHA,"Signature Sauce . Add-ons & Condiments . Our best-kept secret. We would tell you whats in it, but then we would have to... well, you know. Its the mysterious, savory magic that makes everything taste like a win. . at SMASH - DHA Phase 2 . in DHA"
item_2701,10,SMASH - DHA Phase 2,menu_item,Cheese Fries,Sides & Appetizers,595.0,4.2,DHA,"Cheese Fries . Sides & Appetizers . Golden crispy fries prepared fresh and generously topped with creamy, melted cheese sauce. Perfectly seasoned and served hot, delivering a rich, cheesy flavor in every bite . at SMASH - DHA Phase 2 . in DHA"
item_2702,10,SMASH - DHA Phase 2,menu_item,Loaded Fries-Beef,Sides & Appetizers,1195.0,4.2,DHA,"Loaded Fries-Beef . Sides & Appetizers . Crispy smash fries buried under cheese sauce, signature sauce, and jammy caramelized onions. Two perfectly smashed beef patties deliver ultimate smoky, meaty, umami flavors. Its not just a side, its a lifestyle choice . at SMASH - DHA Phase 2 . in DHA"
item_2703,10,SMASH - DHA Phase 2,menu_item,Nugg Sheikh,Sides & Appetizers,495.0,4.2,DHA,"Nugg Sheikh . Sides & Appetizers . We took premium chicken and gave the Smash treatment and created the Nugg Sheikhs. No mystery meat, no parts, just juicy fillet fried for maximum crunch and a heavy protein punch. It is the nugget Lahore deserved, but was not brave enough to ask for. Comes with a side of honey mustard Sauce . at SMASH - DHA Phase 2 . in DHA"
item_2704,10,SMASH - DHA Phase 2,menu_item,Regular Masala Fries,Sides & Appetizers,415.0,4.2,DHA,Regular Masala Fries . Sides & Appetizers . Serve 1 . at SMASH - DHA Phase 2 . in DHA
item_2705,10,SMASH - DHA Phase 2,menu_item,Regular Plain Fries,Sides & Appetizers,395.0,4.2,DHA,Regular Plain Fries . Sides & Appetizers . Serve 1 . at SMASH - DHA Phase 2 . in DHA
item_2706,10,SMASH - DHA Phase 2,menu_item,Smash Lemonade,Other,295.0,4.2,DHA,Smash Lemonade . Other . Refreshing ice-cold lemonade with the perfect balance of sweet and tangy flavors made to beat the heat. When life gives us lemons we Smash them. . at SMASH - DHA Phase 2 . in DHA
item_2707,10,SMASH - DHA Phase 2,menu_item,Fries & 345Ml Drink,Other,495.0,4.2,DHA,Fries & 345Ml Drink . Other . Fried potatoes paired with fizzy twist . at SMASH - DHA Phase 2 . in DHA
item_2708,10,SMASH - DHA Phase 2,menu_item,Chocolate Sheikh,Beverages,495.0,4.2,DHA,"Chocolate Sheikh . Beverages . Rich, velvety, and blended to perfection, for a deep, indulgent flavor in every sip. Our classic chocolate shake is the perfect treat for every chocolate lover. . at SMASH - DHA Phase 2 . in DHA"
item_2709,10,SMASH - DHA Phase 2,menu_item,Strawberry Sheikh,Beverages,495.0,4.2,DHA,"Strawberry Sheikh . Beverages . Bursting with the fresh, sweet taste of strawberries, blended to a perfectly creamy finish. A refreshing twist that is deliciously fruity. . at SMASH - DHA Phase 2 . in DHA"
item_2710,10,SMASH - DHA Phase 2,menu_item,Vanilla Sheikh,Beverages,495.0,4.2,DHA,"Vanilla Sheikh . Beverages . A classic choice, with the pure taste of vanilla in a luxuriously creamy base. Simple, timeless, and oh-so-satisfying. . at SMASH - DHA Phase 2 . in DHA"
item_2711,10,SMASH - DHA Phase 2,menu_item,Sheikh Starter Pack,Sides & Appetizers,625.0,4.2,DHA,Sheikh Starter Pack . Sides & Appetizers . Little Sheikh or Baby Sheikh with 345ml soft drink . at SMASH - DHA Phase 2 . in DHA
item_2712,10,SMASH - DHA Phase 2,menu_item,Lycheeade,Beverages,295.0,4.2,DHA,"Lycheeade . Beverages . Sweet, juicy lychee blended into a bright and refreshing cooler with a light citrus kick. Fruity, ice cold, and dangerously easy to finish. . at SMASH - DHA Phase 2 . in DHA"
item_2713,10,SMASH - DHA Phase 2,menu_item,Mintarita,Beverages,295.0,4.2,DHA,"Mintarita . Beverages . A sharp, ice cold blend of zesty lemon and refreshing mint. Sweet, tangy, and seriously refreshing the perfect drink to cut through all that juicy, cheesy Smash goodness . at SMASH - DHA Phase 2 . in DHA"
item_2714,10,SMASH - DHA Phase 2,menu_item,Smashilatte,Beverages,495.0,4.2,DHA,"Smashilatte . Beverages . A smooth, creamy iced coffee with a bold caffeine kick, made to cool you down and keep you going. Rich, chilled, and exactly what your Smash meal was missing . at SMASH - DHA Phase 2 . in DHA"
item_2715,10,SMASH - DHA Phase 2,menu_item,Smash Taco,Other,1195.0,4.2,DHA,"Smash Taco . Other . A hot golden tortilla pressed into sizzling smashed beef, then folded with melted cheese, jalapeños, and onions for that crackly crunch, juicy bite, and full beef-loaded hit. Golden, cheesy, sizzling, and crisped till every bite snaps, served with fresh salsa on the side. . at SMASH - DHA Phase 2 . in DHA"
item_2716,10,SMASH - DHA Phase 2,menu_item,Fiery Sheikh,Other,675.0,4.2,DHA,"Fiery Sheikh . Other . The All New Fiery Sheikh A succulent beef patty smashed with chopped jalapenos and smoky onions, grilled to perfection, with a mayonnaise, in our signature butter brioche buns - for an irresistibly tangy, smoky flavor! . at SMASH - DHA Phase 2 . in DHA"
item_2717,10,SMASH - DHA Phase 2,menu_item,Wedded Sheikh 2.O,Other,1345.0,4.2,DHA,"Wedded Sheikh 2.O . Other . A new beef blend, more flavourful, and new gourmet seeded brioche buns.Two seasoned patties with perfectly melted slices of cheese, Lettuce, Pickles, Jalapenos, and Sauce inside. . at SMASH - DHA Phase 2 . in DHA"
item_2718,160,Sultan Shawarma - DHA,menu_item,7up - 345 ml,Beverages,119.0,4.8,DHA,7up - 345 ml . Beverages . A Light & Refreshing Lemon-lime soda to pair with your food! Click to add to your meal. . at Sultan Shawarma - DHA . in DHA
item_2719,160,Sultan Shawarma - DHA,menu_item,Mint Margarita,Beverages,280.0,4.8,DHA,Mint Margarita . Beverages . Icy cool mint margarita made with real lemons & mint is sure to leave you refreshed. . at Sultan Shawarma - DHA . in DHA
item_2720,160,Sultan Shawarma - DHA,menu_item,Pepsi - 345 ml,Beverages,119.0,4.8,DHA,"Pepsi - 345 ml . Beverages . The Bold, Refreshing & STRONG cola! Click to add to your meal. . at Sultan Shawarma - DHA . in DHA"
item_2721,160,Sultan Shawarma - DHA,menu_item,Dip,Other,70.0,4.8,DHA,Dip . Other . In house special sauce . at Sultan Shawarma - DHA . in DHA
item_2722,160,Sultan Shawarma - DHA,menu_item,Pita Bread,Other,50.0,4.8,DHA,Pita Bread . Other . Classic white pita bread toasted to perfection . at Sultan Shawarma - DHA . in DHA
item_2723,160,Sultan Shawarma - DHA,menu_item,Masala Fries,Sides & Appetizers,250.0,4.8,DHA,"Masala Fries . Sides & Appetizers . Crispy, hot seasoned with masala . at Sultan Shawarma - DHA . in DHA"
item_2724,160,Sultan Shawarma - DHA,menu_item,Plain Fries,Sides & Appetizers,250.0,4.8,DHA,"Plain Fries . Sides & Appetizers . The piping hot crunchy yet fluffy fries seasoned with the right amount of salt will definitely want you to dip again. Sauces for dip includes smoky, chipotle, garlic, spicy, honey mustard & salsa. . at Sultan Shawarma - DHA . in DHA"
item_2725,160,Sultan Shawarma - DHA,menu_item,Shawarma Fries,Sides & Appetizers,649.0,4.8,DHA,Shawarma Fries . Sides & Appetizers . Shawarma over Fries hits just right. Not your regular sauce drenched loaded fries. All the shawarma ingredients dressed in classic shawarma setting. . at Sultan Shawarma - DHA . in DHA
item_2726,160,Sultan Shawarma - DHA,menu_item,Grilled Jalapeno Cheddar Melt,Other,600.0,4.8,DHA,Grilled Jalapeno Cheddar Melt . Other . The grilled variant of jcm tastes so much better. Grilled juicy cuts of chicken with hot melted cheddar cheese coupled with jalapenos & other veggies wrapped in perfectly toasted pita. Change bread to high fiber bran for Rs.40. . at Sultan Shawarma - DHA . in DHA
item_2727,160,Sultan Shawarma - DHA,menu_item,Grilled Shawarma,Other,480.0,4.8,DHA,Grilled Shawarma . Other . The grilled variant tastes so much better. Fat free grilled chicken with canola oil based garlic sauce is so light on the body. Option to choose from high fiber bran pita & white pita. . at Sultan Shawarma - DHA . in DHA
item_2728,160,Sultan Shawarma - DHA,menu_item,Grilled Shawarma Platter,Other,899.0,4.8,DHA,"Grilled Shawarma Platter . Other . Chicken stripes with vinegar dipped fresh onions, capsicum, carrots, cucumbers, olives, jalapenos, served with sultan’s famous white sauce, red sauce & perfectly toasted pitas. . at Sultan Shawarma - DHA . in DHA"
item_2729,160,Sultan Shawarma - DHA,menu_item,Regular Jalapeno Cheddar Melt,Other,550.0,4.8,DHA,Regular Jalapeno Cheddar Melt . Other . This popular variant of shawarma launched back in 2016 took us to new heights. The perfect combination of jalapenos and melted cheese will surely make your day. . at Sultan Shawarma - DHA . in DHA
item_2730,160,Sultan Shawarma - DHA,menu_item,Regular Shawarma,Other,430.0,4.8,DHA,"Regular Shawarma . Other . The best shawarma there is. With option to choose from white and high fiber bran pita. The white sauce made with fresh garlic & canola oil is the best youll ever taste. Add on options include fries in wrap, jalapenos, olives, pickles & mozzarella sticks. To change bread to high fiber bran for (30) would be added. . at Sultan Shawarma - DHA . in DHA"
item_2731,160,Sultan Shawarma - DHA,menu_item,Shawarma Platter,Other,799.0,4.8,DHA,"Shawarma Platter . Other . Carefully cut chicken stripes with vinegar dipped fresh onions, capsicum, carrots, cucumbers, olives, jalapenos, served with sultan’s famous white sauce, red sauce & perfectly toasted pitas. . at Sultan Shawarma - DHA . in DHA"
item_2732,160,Sultan Shawarma - DHA,menu_item,Quesadilla,Other,650.0,4.8,DHA,"Quesadilla . Other . Tortilla bread sandwiched with savory mixture of meat, spices and vegetables crisped on a griddle, topped with shredded cheddar and mozzarella cheese. . at Sultan Shawarma - DHA . in DHA"
item_2733,160,Sultan Shawarma - DHA,menu_item,Breaded Fillet Wrap,Shawarma & Wraps,650.0,4.8,DHA,"Breaded Fillet Wrap . Shawarma & Wraps . Carefully hand breaded chicken fried to golden brown topped with lettuce, tomato & sauce of choice. This is what chicken tenders are in a wrap. Get it topped with double cheese, fries & jalapenos to make it heavenly. . at Sultan Shawarma - DHA . in DHA"
item_2734,160,Sultan Shawarma - DHA,menu_item,Charcoal Grilled Fillet,Shawarma & Wraps,560.0,4.8,DHA,"Charcoal Grilled Fillet . Shawarma & Wraps . Tender char grilled chicken fillets with lettuce, tomatoes and sauce of choice in a wrap with lots of customization options to choose from. . at Sultan Shawarma - DHA . in DHA"
item_2735,160,Sultan Shawarma - DHA,menu_item,Durum,Shawarma & Wraps,650.0,4.8,DHA,"Durum . Shawarma & Wraps . Fresh chicken charcoal grilled to perfection wrapped in premium quality tortilla bread with vinegar dipped onions, cucumbers, capsicum, jalapenos, olives, tomatoes and iceberg lettuce topped with salsa and sultan’s signature sauce. . at Sultan Shawarma - DHA . in DHA"
item_2736,160,Sultan Shawarma - DHA,menu_item,The Arabian,Shawarma & Wraps,580.0,4.8,DHA,"The Arabian . Shawarma & Wraps . Smells like Arabia, tastes like wonder includes fries, smoked garlic sauce & grilled chicken . at Sultan Shawarma - DHA . in DHA"
item_2737,161,Urwa's Kitchen,menu_item,Aloo Paratha Deal,Deals & Combos,648.0,4.8,Lahore,Aloo Paratha Deal . Deals & Combos . 2 Aloo Paratha with a raita . at Urwa's Kitchen . in Lahore
item_2738,161,Urwa's Kitchen,menu_item,Alu Paratha,Deals & Combos,329.0,4.8,Lahore,Alu Paratha . Deals & Combos . Boiled and mashed aloo with added spices stuffed in paratha dough then fried till crispy golden brown . at Urwa's Kitchen . in Lahore
item_2739,161,Urwa's Kitchen,menu_item,Anda Paratha,Deals & Combos,315.0,4.8,Lahore,Anda Paratha . Deals & Combos . Single serving . at Urwa's Kitchen . in Lahore
item_2740,161,Urwa's Kitchen,menu_item,Anda Shami Burger,Deals & Combos,332.0,4.8,Lahore,Anda Shami Burger . Deals & Combos . Single Serving . at Urwa's Kitchen . in Lahore
item_2741,161,Urwa's Kitchen,menu_item,Anda Shami Burger Deal,Deals & Combos,817.0,4.8,Lahore,Anda Shami Burger Deal . Deals & Combos . 2 anda shami burgers with soft drink . at Urwa's Kitchen . in Lahore
item_2742,161,Urwa's Kitchen,menu_item,Boil Egg,Deals & Combos,114.0,4.8,Lahore,Boil Egg . Deals & Combos . Single . at Urwa's Kitchen . in Lahore
item_2743,161,Urwa's Kitchen,menu_item,Lachha Paratha,Deals & Combos,202.0,4.8,Lahore,Lachha Paratha . Deals & Combos . single . at Urwa's Kitchen . in Lahore
item_2744,161,Urwa's Kitchen,menu_item,Meetha Paratha,Deals & Combos,210.0,4.8,Lahore,"Meetha Paratha . Deals & Combos . Sweet, flaky flatbread served warm, often enjoyed with syrup or honey for breakfast. . at Urwa's Kitchen . in Lahore"
item_2745,161,Urwa's Kitchen,menu_item,Namak Mirch Ka Anda,Deals & Combos,147.0,4.8,Lahore,Namak Mirch Ka Anda . Deals & Combos . Serves single . at Urwa's Kitchen . in Lahore
item_2746,161,Urwa's Kitchen,menu_item,Omelet,Deals & Combos,255.0,4.8,Lahore,"Omelet . Deals & Combos . Onion, hara dhania, timatar green chilies along with seasoning-Single Serving . at Urwa's Kitchen . in Lahore"
item_2747,161,Urwa's Kitchen,menu_item,Plain Paratha With Pickle,Deals & Combos,258.0,4.8,Lahore,"Plain Paratha With Pickle . Deals & Combos . Flaky flatbread served with tangy condiment, perfect for a satisfying breakfast experience. . at Urwa's Kitchen . in Lahore"
item_2748,161,Urwa's Kitchen,menu_item,Shami Burger,Deals & Combos,299.0,4.8,Lahore,Shami Burger . Deals & Combos . single serving . at Urwa's Kitchen . in Lahore
item_2749,161,Urwa's Kitchen,menu_item,Shami paratha,Deals & Combos,470.0,4.8,Lahore,"Shami paratha . Deals & Combos . 2 shami made with lentils, chicken and added spices served with 1 crispy golden fried paratha . at Urwa's Kitchen . in Lahore"
item_2750,161,Urwa's Kitchen,menu_item,Square Paratha,Deals & Combos,178.0,4.8,Lahore,Square Paratha . Deals & Combos . Single . at Urwa's Kitchen . in Lahore
item_2751,161,Urwa's Kitchen,menu_item,7up,Beverages,157.0,4.8,Lahore,7up . Beverages . 350 ml . at Urwa's Kitchen . in Lahore
item_2752,161,Urwa's Kitchen,menu_item,Mint Margarita,Beverages,406.0,4.8,Lahore,Mint Margarita . Beverages . A glass . at Urwa's Kitchen . in Lahore
item_2753,161,Urwa's Kitchen,menu_item,Namkeen Lassi,Beverages,232.0,4.8,Lahore,Namkeen Lassi . Beverages . Single Serving. . at Urwa's Kitchen . in Lahore
item_2754,161,Urwa's Kitchen,menu_item,Rooh Afza Drink,Beverages,260.0,4.8,Lahore,Rooh Afza Drink . Beverages . Single Serving. . at Urwa's Kitchen . in Lahore
item_2755,161,Urwa's Kitchen,menu_item,Sandal Sharbat,Beverages,203.0,4.8,Lahore,Sandal Sharbat . Beverages . Single glass . at Urwa's Kitchen . in Lahore
item_2756,161,Urwa's Kitchen,menu_item,Soft Drink-345 Ml,Beverages,157.0,4.8,Lahore,"Soft Drink-345 Ml . Beverages . The Bold, Refreshing & STRONG cola! Click to add to your meal. . at Urwa's Kitchen . in Lahore"
item_2757,161,Urwa's Kitchen,menu_item,Sweet Lassi,Beverages,272.0,4.8,Lahore,"Sweet Lassi . Beverages . A creamy, sweet yogurt drink flavored with cardamom and often garnished with nuts. . at Urwa's Kitchen . in Lahore"
item_2758,161,Urwa's Kitchen,menu_item,Tea,Beverages,285.0,4.8,Lahore,"Tea . Beverages . Creamy, rich, and comforting milk tea
(Doodh pati) . at Urwa's Kitchen . in Lahore"
item_2759,161,Urwa's Kitchen,menu_item,Water Bottle,Beverages,130.0,4.8,Lahore,"Water Bottle . Beverages . 500 ml.
Natural water sourced from protected underground aquifers, containing consistent levels of dissolved minerals . at Urwa's Kitchen . in Lahore"
item_2760,161,Urwa's Kitchen,menu_item,Nashta Deal 1,Deals & Combos,606.0,4.8,Lahore,Nashta Deal 1 . Deals & Combos . 2 aloo paratha with raita . at Urwa's Kitchen . in Lahore
item_2761,161,Urwa's Kitchen,menu_item,Nashta Deal 3,Deals & Combos,853.0,4.8,Lahore,"Nashta Deal 3 . Deals & Combos . Half fry egg, plain paratha,aloo paratha also chicken shami kabab and also tea . at Urwa's Kitchen . in Lahore"
item_2762,161,Urwa's Kitchen,menu_item,Nashta Deal 4,Deals & Combos,770.0,4.8,Lahore,"Nashta Deal 4 . Deals & Combos . Omelet with paratha, shami kabab,also tea(doodh pati) . at Urwa's Kitchen . in Lahore"
item_2763,161,Urwa's Kitchen,menu_item,Chicken Tikka Paratha Roll,Other,607.0,4.8,Lahore,Chicken Tikka Paratha Roll . Other . BBQ Chicken Tikka Chunks wrapped around crispy paratha and added sauces . at Urwa's Kitchen . in Lahore
item_2764,161,Urwa's Kitchen,menu_item,Chicken Achari Handi,Pakistani,599.0,4.8,Lahore,"Chicken Achari Handi . Pakistani . Single serving. Chicken achar masala, gravy & spices . at Urwa's Kitchen . in Lahore"
item_2765,161,Urwa's Kitchen,menu_item,Moong Masoor Ki Daal,Pakistani,235.0,4.8,Lahore,Moong Masoor Ki Daal . Pakistani . Single serving . at Urwa's Kitchen . in Lahore
item_2766,161,Urwa's Kitchen,menu_item,Boiled Rice,Rice & Biryani,282.0,4.8,Lahore,"Boiled Rice . Rice & Biryani . Plain steam rice,boiled till perfection can fulfill almost all dishes . at Urwa's Kitchen . in Lahore"
item_2767,161,Urwa's Kitchen,menu_item,Daal Chawal,Rice & Biryani,385.0,4.8,Lahore,"Daal Chawal . Rice & Biryani . Daal made with chana, moong, masoor daal with added spices and deshi ghe tarka for perfection served with boiled rice . at Urwa's Kitchen . in Lahore"
item_2768,161,Urwa's Kitchen,menu_item,Ketchup Sauce,Sides & Appetizers,35.0,4.8,Lahore,Ketchup Sauce . Sides & Appetizers . per shot . at Urwa's Kitchen . in Lahore
item_2769,161,Urwa's Kitchen,menu_item,Mixed Pickle,Sides & Appetizers,90.0,4.8,Lahore,Mixed Pickle . Sides & Appetizers . Single serving . at Urwa's Kitchen . in Lahore
item_2770,161,Urwa's Kitchen,menu_item,Podina Raita,Sides & Appetizers,87.0,4.8,Lahore,Podina Raita . Sides & Appetizers . Single serving. (Picture is for advertisement purposes only) . at Urwa's Kitchen . in Lahore
item_2771,161,Urwa's Kitchen,menu_item,Roti,Sides & Appetizers,60.0,4.8,Lahore,Roti . Sides & Appetizers . Single serving . at Urwa's Kitchen . in Lahore
item_2772,161,Urwa's Kitchen,menu_item,Salad,Sides & Appetizers,95.0,4.8,Lahore,"Salad . Sides & Appetizers . various mixtures of raw or cooked vegetables, usually seasoned with oil, vinegar, or other dressing such as lemon and salt/pepper . at Urwa's Kitchen . in Lahore"
item_2773,161,Urwa's Kitchen,menu_item,Vegetable Raita,Sides & Appetizers,210.0,4.8,Lahore,"Vegetable Raita . Sides & Appetizers . A cooling yogurt dish with diced vegetables and spices, perfect for balancing flavors. . at Urwa's Kitchen . in Lahore"
item_2774,161,Urwa's Kitchen,menu_item,Chicken Shami Kabab,Sides & Appetizers,149.0,4.8,Lahore,"Chicken Shami Kabab . Sides & Appetizers . Single serving. Minced lentils mashed, ball form & fried . at Urwa's Kitchen . in Lahore"
item_2775,161,Urwa's Kitchen,menu_item,Daal Chawal Popular Deal,Deals & Combos,1255.0,4.8,Lahore,"Daal Chawal Popular Deal . Deals & Combos . Daal chawal with 2 shami kabab, 1 paratha, raita and 2 soft drinks 345 ml . at Urwa's Kitchen . in Lahore"
item_2776,161,Urwa's Kitchen,menu_item,Deal 8,Deals & Combos,690.0,4.8,Lahore,Deal 8 . Deals & Combos . Daal chawal with chicken shami kabab with 345ml Soft drink . at Urwa's Kitchen . in Lahore
item_2777,161,Urwa's Kitchen,menu_item,Flash Deal,Deals & Combos,1380.0,4.8,Lahore,Flash Deal . Deals & Combos . Buy two daal chawal with two chicken shami kababs & also two soft drinks 345ml . at Urwa's Kitchen . in Lahore
item_2778,161,Urwa's Kitchen,menu_item,Mega Burger Deal,Deals & Combos,1323.0,4.8,Lahore,Mega Burger Deal . Deals & Combos . 4 Anda Shami Burgers . at Urwa's Kitchen . in Lahore
item_2779,161,Urwa's Kitchen,menu_item,Trio Burger Deal,Deals & Combos,1269.0,4.8,Lahore,Trio Burger Deal . Deals & Combos . 3 Anda shami burgers with 3 drinks . at Urwa's Kitchen . in Lahore
item_2780,161,Urwa's Kitchen,menu_item,Kari Pakora,Other,364.0,4.8,Lahore,Kari Pakora . Other . Single serving . at Urwa's Kitchen . in Lahore
item_2781,161,Urwa's Kitchen,menu_item,Shami Kabab Paratha Roll,Other,395.0,4.8,Lahore,Shami Kabab Paratha Roll . Other . Shami kabab wrapped in paratha . at Urwa's Kitchen . in Lahore
item_2782,161,Urwa's Kitchen,menu_item,Value deal 1,Deals & Combos,820.0,4.8,Lahore,Value deal 1 . Deals & Combos . Daal chawal with Aloo ka paratha also podina raita and 345 ml drink . at Urwa's Kitchen . in Lahore
item_2783,161,Urwa's Kitchen,menu_item,Value deal 2,Deals & Combos,680.0,4.8,Lahore,"Value deal 2 . Deals & Combos . 2 aloo paratha with shami kabab,raita . at Urwa's Kitchen . in Lahore"
item_2784,161,Urwa's Kitchen,menu_item,Value deal 3,Deals & Combos,855.0,4.8,Lahore,"Value deal 3 . Deals & Combos . 1 aloo paratha, 1 anda shami burger and 2 soft drinks 345 . at Urwa's Kitchen . in Lahore"
item_2785,161,Urwa's Kitchen,menu_item,Value deal 4,Deals & Combos,890.0,4.8,Lahore,Value deal 4 . Deals & Combos . 2 daal chawal with 2 chicken shami kababs . at Urwa's Kitchen . in Lahore
item_2786,161,Urwa's Kitchen,menu_item,Value deal 5,Deals & Combos,749.0,4.8,Lahore,"Value deal 5 . Deals & Combos . Moong masoor daal,two rotis & anda chicken shami burger,soft drink . at Urwa's Kitchen . in Lahore"
item_2787,161,Urwa's Kitchen,menu_item,Value deal 6,Deals & Combos,1090.0,4.8,Lahore,Value deal 6 . Deals & Combos . 3 daal chawal . at Urwa's Kitchen . in Lahore
item_2788,162,Wafir - DHA,menu_item,Beef Shawarma Meat,Add-ons & Condiments,449.0,4.7,DHA,Beef Shawarma Meat . Add-ons & Condiments . 50 grams . at Wafir - DHA . in DHA
item_2789,162,Wafir - DHA,menu_item,Chicken Meat Fifty Grams,Add-ons & Condiments,249.0,4.7,DHA,Chicken Meat Fifty Grams . Add-ons & Condiments . Sauces . at Wafir - DHA . in DHA
item_2790,162,Wafir - DHA,menu_item,Falafel,Add-ons & Condiments,449.0,4.7,DHA,Falafel . Add-ons & Condiments . Made with finest ingredients . at Wafir - DHA . in DHA
item_2791,162,Wafir - DHA,menu_item,Garlic Sauce,Add-ons & Condiments,149.0,4.7,DHA,Garlic Sauce . Add-ons & Condiments . Sauces . at Wafir - DHA . in DHA
item_2792,162,Wafir - DHA,menu_item,Gourmet Cola TIN,Add-ons & Condiments,149.0,4.7,DHA,Gourmet Cola TIN . Add-ons & Condiments . Soft Drink . at Wafir - DHA . in DHA
item_2793,162,Wafir - DHA,menu_item,Gourmet Diet Cola TIN,Add-ons & Condiments,149.0,4.7,DHA,Gourmet Diet Cola TIN . Add-ons & Condiments . Soft Drink . at Wafir - DHA . in DHA
item_2794,162,Wafir - DHA,menu_item,Gourmet Diet Lemon Up,Add-ons & Condiments,149.0,4.7,DHA,Gourmet Diet Lemon Up . Add-ons & Condiments . Soft Drink 500ml . at Wafir - DHA . in DHA
item_2795,162,Wafir - DHA,menu_item,Gourmet Lemon Up TIN,Add-ons & Condiments,149.0,4.7,DHA,Gourmet Lemon Up TIN . Add-ons & Condiments . Soft Drink . at Wafir - DHA . in DHA
item_2796,162,Wafir - DHA,menu_item,Pickles,Add-ons & Condiments,149.0,4.7,DHA,Pickles . Add-ons & Condiments . Serve-1 . at Wafir - DHA . in DHA
item_2797,162,Wafir - DHA,menu_item,Saj Bread,Add-ons & Condiments,149.0,4.7,DHA,Saj Bread . Add-ons & Condiments . 2 Pieces . at Wafir - DHA . in DHA
item_2798,162,Wafir - DHA,menu_item,Tahini Sauce,Add-ons & Condiments,149.0,4.7,DHA,Tahini Sauce . Add-ons & Condiments . Sauces . at Wafir - DHA . in DHA
item_2799,162,Wafir - DHA,menu_item,Wafir Special Sauce,Add-ons & Condiments,149.0,4.7,DHA,Wafir Special Sauce . Add-ons & Condiments . Chilli Sauce . at Wafir - DHA . in DHA
item_2800,162,Wafir - DHA,menu_item,Chicken Madhbi Full,Meat Mains,2339.1,4.7,DHA,Chicken Madhbi Full . Meat Mains . Middle eastern dish with rich aromas and slow-cooked perfection. . at Wafir - DHA . in DHA
item_2801,162,Wafir - DHA,menu_item,Chicken Madhbi Half,Meat Mains,1259.1,4.7,DHA,Chicken Madhbi Half . Meat Mains . Middle eastern dish with rich aromas and slow-cooked perfection. . at Wafir - DHA . in DHA
item_2802,162,Wafir - DHA,menu_item,Chicken Mandi Full,Meat Mains,2069.1,4.7,DHA,Chicken Mandi Full . Meat Mains . Middle eastern dish with rich aromas and slow-cooked perfection . at Wafir - DHA . in DHA
item_2803,162,Wafir - DHA,menu_item,Chicken Mandi Half,Meat Mains,1079.1,4.7,DHA,Chicken Mandi Half . Meat Mains . Middle eastern dish with rich aromas and slow-cooked perfection. . at Wafir - DHA . in DHA
item_2804,162,Wafir - DHA,menu_item,Felafel & Drink,Deals & Combos,499.0,4.7,DHA,Felafel & Drink . Deals & Combos . Combo . at Wafir - DHA . in DHA
item_2805,162,Wafir - DHA,menu_item,Beef Pita Wrap,Shawarma & Wraps,799.0,4.7,DHA,Beef Pita Wrap . Shawarma & Wraps . Beef Pita Wrap in Khubz Bread . at Wafir - DHA . in DHA
item_2806,162,Wafir - DHA,menu_item,Chicken Pita Wrap,Shawarma & Wraps,599.0,4.7,DHA,Chicken Pita Wrap . Shawarma & Wraps . Chicken Pita Wrap in Khubz Bread . at Wafir - DHA . in DHA
item_2807,162,Wafir - DHA,menu_item,Rice Beef Shawarma,Rice & Biryani,1394.1,4.7,DHA,"Rice Beef Shawarma . Rice & Biryani . Rice Bowl - Tender, succulent beef paired with fragrant, perfectly cooked rice creates a flavor combination that lingers long after the last bite. . at Wafir - DHA . in DHA"
item_2808,162,Wafir - DHA,menu_item,Rice Chicken Kebab,Rice & Biryani,1034.1,4.7,DHA,Rice Chicken Kebab . Rice & Biryani . Rice Bowl . at Wafir - DHA . in DHA
item_2809,162,Wafir - DHA,menu_item,Rice Chicken Shawarma,Rice & Biryani,1034.1,4.7,DHA,Rice Chicken Shawarma . Rice & Biryani . Rice Bowl . at Wafir - DHA . in DHA
item_2810,162,Wafir - DHA,menu_item,Rice Chicken Shish Tawak,Rice & Biryani,1214.1,4.7,DHA,Rice Chicken Shish Tawak . Rice & Biryani . Rice Bowl . at Wafir - DHA . in DHA
item_2811,162,Wafir - DHA,menu_item,Rice Falafel,Rice & Biryani,854.1,4.7,DHA,Rice Falafel . Rice & Biryani . Rice Bowl . at Wafir - DHA . in DHA
item_2812,162,Wafir - DHA,menu_item,Rice Mix Beef & Chicken Shawarma,Rice & Biryani,1304.1,4.7,DHA,Rice Mix Beef & Chicken Shawarma . Rice & Biryani . Rice Bowl . at Wafir - DHA . in DHA
item_2813,162,Wafir - DHA,menu_item,Rice Mix Beef & Chicken Shwarma,Rice & Biryani,1349.1,4.7,DHA,Rice Mix Beef & Chicken Shwarma . Rice & Biryani . Rice Bowl . at Wafir - DHA . in DHA
item_2814,162,Wafir - DHA,menu_item,Salad Beef Shawarma,Salads,1549.0,4.7,DHA,Salad Beef Shawarma . Salads . Salad Bowl . at Wafir - DHA . in DHA
item_2815,162,Wafir - DHA,menu_item,Salad Chicken Kebab,Salads,1149.0,4.7,DHA,Salad Chicken Kebab . Salads . Salad Bowl . at Wafir - DHA . in DHA
item_2816,162,Wafir - DHA,menu_item,Salad Chicken Shawarma,Salads,1149.0,4.7,DHA,Salad Chicken Shawarma . Salads . Salad Bowl . at Wafir - DHA . in DHA
item_2817,162,Wafir - DHA,menu_item,Salad Chicken Shish Tawak,Salads,1349.0,4.7,DHA,Salad Chicken Shish Tawak . Salads . Salad Bowl . at Wafir - DHA . in DHA
item_2818,162,Wafir - DHA,menu_item,Salad Falafel,Salads,949.0,4.7,DHA,Salad Falafel . Salads . Salad Bowl . at Wafir - DHA . in DHA
item_2819,162,Wafir - DHA,menu_item,Salad Mix Beef & Chicken Shawarma,Salads,1499.0,4.7,DHA,Salad Mix Beef & Chicken Shawarma . Salads . Salad Bowl . at Wafir - DHA . in DHA
item_2820,162,Wafir - DHA,menu_item,Fattoush Salad,Salads,599.0,4.7,DHA,"Fattoush Salad . Salads . Its a celebration for your health and a festival for your taste buds, bringing the true essence of Levantine flavors to life. . at Wafir - DHA . in DHA"
item_2821,162,Wafir - DHA,menu_item,Greek Salad,Salads,599.0,4.7,DHA,"Greek Salad . Salads . Its a celebration for your health and a festival for your taste buds, bringing the true essence of Levantine flavors to life. . at Wafir - DHA . in DHA"
item_2822,162,Wafir - DHA,menu_item,Beef Shawarma,Shawarma & Wraps,1259.1,4.7,DHA,"Beef Shawarma . Shawarma & Wraps . Enhanced by tangy pickles, crisp salad, and Wafir signature sauce, this wrap delivers an irresistible explosion of flavors. . at Wafir - DHA . in DHA"
item_2823,162,Wafir - DHA,menu_item,Chicken Kabab Wrap,Shawarma & Wraps,809.1,4.7,DHA,Chicken Kabab Wrap . Shawarma & Wraps . Serves 1 . at Wafir - DHA . in DHA
item_2824,162,Wafir - DHA,menu_item,Chicken Shawarma,Shawarma & Wraps,809.1,4.7,DHA,"Chicken Shawarma . Shawarma & Wraps . Savor the succulent tenderness of expertly seasoned chicken shavings, wrapped in soft Saj bread and bursting with a harmonious medley of savory flavors. Complimented by fresh veggies, tangy pickles and our special sauce, this is a taste sensation you wont want to miss! . at Wafir - DHA . in DHA"
item_2825,162,Wafir - DHA,menu_item,Chicken Shish Taouk Wrap,Shawarma & Wraps,989.1,4.7,DHA,Chicken Shish Taouk Wrap . Shawarma & Wraps . Serves 1 . at Wafir - DHA . in DHA
item_2826,162,Wafir - DHA,menu_item,Falafel Wrap,Shawarma & Wraps,629.1,4.7,DHA,"Falafel Wrap . Shawarma & Wraps . Packed with crispy, golden falafel, fresh veggies, and a drizzle of signature sauces, this wrap offers a taste of the Levant in every bite. Whether you are on the go or craving a hearty, flavorful meal, Wafirs Falafel Wrap is sure to hit the spot! . at Wafir - DHA . in DHA"
item_2827,162,Wafir - DHA,menu_item,Mix Beef & Chicken Shawarma,Shawarma & Wraps,1124.1,4.7,DHA,Mix Beef & Chicken Shawarma . Shawarma & Wraps . Wraps... . at Wafir - DHA . in DHA
item_2828,163,XO Chinese Chips - DHA,menu_item,Manchurian Lollipop,Meat Mains,850.0,4.7,DHA,Manchurian Lollipop . Meat Mains . Wok-Tossed Chicken Lollipops in Manchurian Sauce . at XO Chinese Chips - DHA . in DHA
item_2829,163,XO Chinese Chips - DHA,menu_item,Salt & Pepper Lollipop,Meat Mains,850.0,4.7,DHA,Salt & Pepper Lollipop . Meat Mains . Wok-Tossed Chicken Lollipops in Chinese Salt & Pepper . at XO Chinese Chips - DHA . in DHA
item_2830,163,XO Chinese Chips - DHA,menu_item,XO Chilli Lollipop,Meat Mains,850.0,4.7,DHA,XO Chilli Lollipop . Meat Mains . Wok-Tossed Chicken Lollipops in XO Chilli Sauce . at XO Chinese Chips - DHA . in DHA
item_2831,163,XO Chinese Chips - DHA,menu_item,Classic Chilli Crisp Dumplings,Other,1200.0,4.7,DHA,Classic Chilli Crisp Dumplings . Other . Steamed Chicken Dumplings with XO Chilli Oil . at XO Chinese Chips - DHA . in DHA
item_2832,163,XO Chinese Chips - DHA,menu_item,Crispy Wontons - Dumplings,Other,1050.0,4.7,DHA,Crispy Wontons - Dumplings . Other . Deep-fried Chicken Dumplings with Chilli Oil . at XO Chinese Chips - DHA . in DHA
item_2833,163,XO Chinese Chips - DHA,menu_item,Dynamite Sauce,Add-ons & Condiments,120.0,4.7,DHA,Dynamite Sauce . Add-ons & Condiments . Tangy Dynamite Dip . at XO Chinese Chips - DHA . in DHA
item_2834,163,XO Chinese Chips - DHA,menu_item,House Mayo,Add-ons & Condiments,120.0,4.7,DHA,House Mayo . Add-ons & Condiments . House Special Lemongrass Mayo Dip . at XO Chinese Chips - DHA . in DHA
item_2835,163,XO Chinese Chips - DHA,menu_item,XO Spice Mix,Add-ons & Condiments,120.0,4.7,DHA,XO Spice Mix . Add-ons & Condiments . Signature Asian Spice Blend . at XO Chinese Chips - DHA . in DHA
item_2836,163,XO Chinese Chips - DHA,menu_item,Coca-Cola,Beverages,150.0,4.7,DHA,Coca-Cola . Beverages . 350ml . at XO Chinese Chips - DHA . in DHA
item_2837,163,XO Chinese Chips - DHA,menu_item,Coke Zero,Beverages,150.0,4.7,DHA,Coke Zero . Beverages . 350ml . at XO Chinese Chips - DHA . in DHA
item_2838,163,XO Chinese Chips - DHA,menu_item,Sprite,Beverages,150.0,4.7,DHA,Sprite . Beverages . 350ml . at XO Chinese Chips - DHA . in DHA
item_2839,163,XO Chinese Chips - DHA,menu_item,Water,Beverages,120.0,4.7,DHA,Water . Beverages . 500ml . at XO Chinese Chips - DHA . in DHA
item_2840,163,XO Chinese Chips - DHA,menu_item,Honey Crunchy Chicken & Chips,Deals & Combos,1170.0,4.7,DHA,Honey Crunchy Chicken & Chips . Deals & Combos . Wok-Tossed Fries in Honey Crunchy Chicken . at XO Chinese Chips - DHA . in DHA
item_2841,163,XO Chinese Chips - DHA,menu_item,Katsu Noodles,Deals & Combos,1260.0,4.7,DHA,Katsu Noodles . Deals & Combos . Wok-Tossed Noodles topped with Chicken Katsu . at XO Chinese Chips - DHA . in DHA
item_2842,163,XO Chinese Chips - DHA,menu_item,Kung Pao Chicken & Chips,Deals & Combos,1035.0,4.7,DHA,Kung Pao Chicken & Chips . Deals & Combos . Wok-Tossed Fries in Kung Pao Chicken . at XO Chinese Chips - DHA . in DHA
item_2843,163,XO Chinese Chips - DHA,menu_item,Lo Mein With Coke,Deals & Combos,1215.0,4.7,DHA,Lo Mein With Coke . Deals & Combos . Wok-Tossed Chicken Lo Mein with Crispy Wontons & Coca Cola (350ml) . at XO Chinese Chips - DHA . in DHA
item_2844,163,XO Chinese Chips - DHA,menu_item,Xo Chili Chicken & Chips,Deals & Combos,1035.0,4.7,DHA,Xo Chili Chicken & Chips . Deals & Combos . Wok-Tossed Fries in Chicken Chilli Dry . at XO Chinese Chips - DHA . in DHA
item_2845,163,XO Chinese Chips - DHA,menu_item,Chicken Lo Mein,Noodles & Pasta,1300.0,4.7,DHA,Chicken Lo Mein . Noodles & Pasta . Wok-Tossed Noodles with Chicken . at XO Chinese Chips - DHA . in DHA
item_2846,163,XO Chinese Chips - DHA,menu_item,XO Chilli Noodles,Noodles & Pasta,1150.0,4.7,DHA,XO Chilli Noodles . Noodles & Pasta . Wok-Tossed Noodles in XO Chilli Sauce with Crispy Chicken Wontons . at XO Chinese Chips - DHA . in DHA
item_2847,163,XO Chinese Chips - DHA,menu_item,Buldak Fried Rice,Rice & Biryani,1550.0,4.7,DHA,"Buldak Fried Rice . Rice & Biryani . Wok-Tossed Buldak Fried Rice with Prawns, Beef Sausage & Chicken . at XO Chinese Chips - DHA . in DHA"
item_2848,163,XO Chinese Chips - DHA,menu_item,Supreme Fried Rice,Rice & Biryani,1050.0,4.7,DHA,"Supreme Fried Rice . Rice & Biryani . Wok-tossed Fried Rice with Prawns, Beef & Chicken . at XO Chinese Chips - DHA . in DHA"
item_2849,163,XO Chinese Chips - DHA,menu_item,Honey Crunchy Dumplings,Other,1100.0,4.7,DHA,Honey Crunchy Dumplings . Other . Wok-Tossed Chicken Dumplings in Honey Crunchy Sauce . at XO Chinese Chips - DHA . in DHA
item_2850,163,XO Chinese Chips - DHA,menu_item,Kung Pao Dumplings,Other,1100.0,4.7,DHA,Kung Pao Dumplings . Other . Wok-Tossed Chicken Dumplings in Kung Pao Sauce . at XO Chinese Chips - DHA . in DHA
item_2851,163,XO Chinese Chips - DHA,menu_item,Manchurian Dumplings,Other,1100.0,4.7,DHA,Manchurian Dumplings . Other . Wok-Tossed Chicken Dumplings in Manchurian Sauce . at XO Chinese Chips - DHA . in DHA
item_2852,163,XO Chinese Chips - DHA,menu_item,XO Chilli Dumplings,Other,1300.0,4.7,DHA,XO Chilli Dumplings . Other . Wok-Tossed Chicken Dumplings in Chilli Dry Sauce . at XO Chinese Chips - DHA . in DHA
item_2853,163,XO Chinese Chips - DHA,menu_item,Beef Chili Dry & Chips,Sides & Appetizers,1350.0,4.7,DHA,Beef Chili Dry & Chips . Sides & Appetizers . Wok-Tossed Fries in Beef Chilli Dry . at XO Chinese Chips - DHA . in DHA
item_2854,163,XO Chinese Chips - DHA,menu_item,Honey Crunchy Beef & Chips,Sides & Appetizers,1350.0,4.7,DHA,Honey Crunchy Beef & Chips . Sides & Appetizers . Wok-Tossed Fries in Honey Crunchy Beef . at XO Chinese Chips - DHA . in DHA
item_2855,163,XO Chinese Chips - DHA,menu_item,Chicken Manchurian & Chips,Sides & Appetizers,1150.0,4.7,DHA,Chicken Manchurian & Chips . Sides & Appetizers . Wok-Tossed Fries in Chicken Manchurian . at XO Chinese Chips - DHA . in DHA
item_2856,163,XO Chinese Chips - DHA,menu_item,Dynamite Chicken & Chips,Sides & Appetizers,1300.0,4.7,DHA,Dynamite Chicken & Chips . Sides & Appetizers . Wok-Tossed Fries in Dynamite Chicken . at XO Chinese Chips - DHA . in DHA
item_2857,163,XO Chinese Chips - DHA,menu_item,Hot Garlic Chicken & Chips,Sides & Appetizers,1150.0,4.7,DHA,Hot Garlic Chicken & Chips . Sides & Appetizers . Wok-Tossed Fries in Hot Garlic Chicken . at XO Chinese Chips - DHA . in DHA
item_2858,163,XO Chinese Chips - DHA,menu_item,Dynamite Prawn & Chips,Sides & Appetizers,1650.0,4.7,DHA,Dynamite Prawn & Chips . Sides & Appetizers . Wok-Tossed Fries in Dynamite Prawns . at XO Chinese Chips - DHA . in DHA
item_2859,163,XO Chinese Chips - DHA,menu_item,Hot Garlic Chips,Sides & Appetizers,850.0,4.7,DHA,Hot Garlic Chips . Sides & Appetizers . Wok-Tossed Fries in Hot Garlic Sauce . at XO Chinese Chips - DHA . in DHA
item_2860,163,XO Chinese Chips - DHA,menu_item,Kung Pao Chips,Sides & Appetizers,850.0,4.7,DHA,Kung Pao Chips . Sides & Appetizers . Wok-Tossed Fries in Kung Pao Sauce . at XO Chinese Chips - DHA . in DHA
item_2861,163,XO Chinese Chips - DHA,menu_item,Manchurian Chips,Sides & Appetizers,850.0,4.7,DHA,Manchurian Chips . Sides & Appetizers . Wok-Tossed Fries in Manchurian Sauce . at XO Chinese Chips - DHA . in DHA
item_2862,163,XO Chinese Chips - DHA,menu_item,Tamarind Chips,Sides & Appetizers,900.0,4.7,DHA,Tamarind Chips . Sides & Appetizers . Wok-Tossed Fries in Tamarind Sauce . at XO Chinese Chips - DHA . in DHA
item_2863,163,XO Chinese Chips - DHA,menu_item,XO Chilli & Chips,Sides & Appetizers,850.0,4.7,DHA,XO Chilli & Chips . Sides & Appetizers . Wok-Tossed Fries in XO Chilli Sauce . at XO Chinese Chips - DHA . in DHA
item_2864,163,XO Chinese Chips - DHA,menu_item,Beef Chilli Dry With Rice,Rice & Biryani,1350.0,4.7,DHA,Beef Chilli Dry With Rice . Rice & Biryani . Egg Fried Rice with Beef Chilli Dry . at XO Chinese Chips - DHA . in DHA
item_2865,163,XO Chinese Chips - DHA,menu_item,Chicken Manchurian With Rice,Rice & Biryani,1150.0,4.7,DHA,Chicken Manchurian With Rice . Rice & Biryani . Egg Fried Rice with Chicken Manchurian . at XO Chinese Chips - DHA . in DHA
item_2866,163,XO Chinese Chips - DHA,menu_item,Honey Crunchy Beef With Rice,Rice & Biryani,1350.0,4.7,DHA,Honey Crunchy Beef With Rice . Rice & Biryani . Egg Fried Rice with Honey Crunchy Beef . at XO Chinese Chips - DHA . in DHA
item_2867,163,XO Chinese Chips - DHA,menu_item,Honey Crunchy Chicken With Rice,Rice & Biryani,1300.0,4.7,DHA,Honey Crunchy Chicken With Rice . Rice & Biryani . Egg Fried Rice with Honey Crunchy Chicken . at XO Chinese Chips - DHA . in DHA
item_2868,163,XO Chinese Chips - DHA,menu_item,Hot Garlic Chicken With Rice,Rice & Biryani,1150.0,4.7,DHA,Hot Garlic Chicken With Rice . Rice & Biryani . Egg Fried Rice with Hot Garlic Chicken . at XO Chinese Chips - DHA . in DHA
item_2869,163,XO Chinese Chips - DHA,menu_item,Kung Pao Chicken With Rice,Rice & Biryani,1150.0,4.7,DHA,Kung Pao Chicken With Rice . Rice & Biryani . Egg Fried Rice with Kung Pao Chicken . at XO Chinese Chips - DHA . in DHA
item_2870,163,XO Chinese Chips - DHA,menu_item,XO Chilli Chicken With Rice,Rice & Biryani,1150.0,4.7,DHA,XO Chilli Chicken With Rice . Rice & Biryani . Egg Fried Rice with XO Chilli Chicken . at XO Chinese Chips - DHA . in DHA
item_2871,163,XO Chinese Chips - DHA,menu_item,Honey Crunchy Wings,Wings & Fried,1200.0,4.7,DHA,Honey Crunchy Wings . Wings & Fried . Wok-Tossed Chicken Wings in Honey Crunchy Sauce . at XO Chinese Chips - DHA . in DHA
item_2872,163,XO Chinese Chips - DHA,menu_item,Hot Garlic Wings,Wings & Fried,1100.0,4.7,DHA,Hot Garlic Wings . Wings & Fried . Wok-Tossed Chicken Wings in Hot Garlic Sauce . at XO Chinese Chips - DHA . in DHA
item_2873,163,XO Chinese Chips - DHA,menu_item,Manchurian Wings,Wings & Fried,1100.0,4.7,DHA,Manchurian Wings . Wings & Fried . Wok-Tossed Chicken Wings in Manchurian Sauce . at XO Chinese Chips - DHA . in DHA
item_2874,163,XO Chinese Chips - DHA,menu_item,Tamarind Wings,Wings & Fried,1200.0,4.7,DHA,Tamarind Wings . Wings & Fried . Wok-Tossed Chicken Wings in Tamarind Sauce . at XO Chinese Chips - DHA . in DHA
item_2875,163,XO Chinese Chips - DHA,menu_item,XO Chili Wings,Wings & Fried,1100.0,4.7,DHA,XO Chili Wings . Wings & Fried . Wok-Tossed Chicken Wings in XO Chilli Sauce . at XO Chinese Chips - DHA . in DHA
item_2876,164,Zero Degree - DHA,menu_item,360 Degree Fries,Burgers,486.0,4.8,DHA,360 Degree Fries . Burgers . Potato chips with our special 360degree sauce . at Zero Degree - DHA . in DHA
item_2877,164,Zero Degree - DHA,menu_item,BBQ Fries,Burgers,441.0,4.8,DHA,BBQ Fries . Burgers . Potato chips with BBQ sauce . at Zero Degree - DHA . in DHA
item_2878,164,Zero Degree - DHA,menu_item,Chocolate Fries,Burgers,441.0,4.8,DHA,Chocolate Fries . Burgers . Potato chips with chocolate spread . at Zero Degree - DHA . in DHA
item_2879,164,Zero Degree - DHA,menu_item,Crispy Italian Fries,Burgers,405.0,4.8,DHA,Crispy Italian Fries . Burgers . Crispy golden fries seasoned with Italian herbs and spices served hot with a sprinkle of garlic for an authentic Italian twist . at Zero Degree - DHA . in DHA
item_2880,164,Zero Degree - DHA,menu_item,Crispy Wild Fries,Burgers,405.0,4.8,DHA,Crispy Wild Fries . Burgers . Crispy golden fries seasoned with special spices and served piping hot. A perfect side to complement any burger or meal with an irresistible crunch and savory taste. . at Zero Degree - DHA . in DHA
item_2881,164,Zero Degree - DHA,menu_item,Crunchy Chicken Fillet Burger,Burgers,711.0,4.8,DHA,"Crunchy Chicken Fillet Burger . Burgers . Scrumptious chicken fillet, our very special sauce, iceberg served with fries on side . at Zero Degree - DHA . in DHA"
item_2882,164,Zero Degree - DHA,menu_item,Dynamite Fries,Burgers,405.0,4.8,DHA,Dynamite Fries . Burgers . Crispy golden fries seasoned with bold spices and a fiery kick that will ignite your taste buds. Served hot and perfect for sharing or enjoying solo with your favorite dipping sauce. . at Zero Degree - DHA . in DHA
item_2883,164,Zero Degree - DHA,menu_item,Loaded Fries,Burgers,585.0,4.8,DHA,Loaded Fries . Burgers . Golden crispy fries generously loaded with tender seasoned chicken and topped with special sauces blended with aromatic mixed spices . at Zero Degree - DHA . in DHA
item_2884,164,Zero Degree - DHA,menu_item,Mayo Garlic Fries,Burgers,441.0,4.8,DHA,Mayo Garlic Fries . Burgers . Crispy golden fries tossed with creamy mayo and aromatic garlic seasoning. A perfect side that combines the comfort of fresh fries with rich garlicky flavors. . at Zero Degree - DHA . in DHA
item_2885,164,Zero Degree - DHA,menu_item,Plain Fries,Burgers,351.0,4.8,DHA,Plain Fries . Burgers . Plain fries with tomato sauce . at Zero Degree - DHA . in DHA
item_2886,164,Zero Degree - DHA,menu_item,Typical Classic Chicken Burger,Burgers,495.0,4.8,DHA,"Typical Classic Chicken Burger . Burgers . Crispy chicken patty, fresh iceberg, zero degree special sauce . at Zero Degree - DHA . in DHA"
item_2887,164,Zero Degree - DHA,menu_item,Choco Pleasure,Japanese,765.0,4.8,DHA,"Choco Pleasure . Japanese . Chocolate crepe filled with premium chocolate, topped with rich sauce and crunchy bites for a perfectly indulgent dessert. . at Zero Degree - DHA . in DHA"
item_2888,164,Zero Degree - DHA,menu_item,Crepe 360,Japanese,945.0,4.8,DHA,"Crepe 360 . Japanese . Chocolate crepe filled with premium chocolate, topped with rich sauce and crunchy bites for a perfectly indulgent dessert. . at Zero Degree - DHA . in DHA"
item_2889,164,Zero Degree - DHA,menu_item,Crepe Bounty,Japanese,945.0,4.8,DHA,"Crepe Bounty . Japanese . Chocolate crepe filled with premium chocolate, topped with rich sauce and crunchy bites for a perfectly indulgent dessert. . at Zero Degree - DHA . in DHA"
item_2890,164,Zero Degree - DHA,menu_item,Crepe Choco Desire,Japanese,765.0,4.8,DHA,"Crepe Choco Desire . Japanese . Chocolate crepe filled with premium chocolate, topped with rich sauce and crunchy bites for a perfectly indulgent dessert. . at Zero Degree - DHA . in DHA"
item_2891,164,Zero Degree - DHA,menu_item,Crepe Ferrero,Japanese,1161.0,4.8,DHA,"Crepe Ferrero . Japanese . Chocolate crepe filled with premium chocolate, topped with rich sauce and crunchy bites for a perfectly indulgent dessert. . at Zero Degree - DHA . in DHA"
item_2892,164,Zero Degree - DHA,menu_item,Crepe Galaxy,Japanese,891.0,4.8,DHA,"Crepe Galaxy . Japanese . Chocolate crepe filled with premium chocolate, topped with rich sauce and crunchy bites for a perfectly indulgent dessert. . at Zero Degree - DHA . in DHA"
item_2893,164,Zero Degree - DHA,menu_item,Crepe Kinder Beuno,Japanese,1125.0,4.8,DHA,"Crepe Kinder Beuno . Japanese . Chocolate crepe filled with premium chocolate, topped with rich sauce and crunchy bites for a perfectly indulgent dessert. . at Zero Degree - DHA . in DHA"
item_2894,164,Zero Degree - DHA,menu_item,Crepe KitKat,Japanese,801.0,4.8,DHA,"Crepe KitKat . Japanese . Chocolate crepe filled with premium chocolate, topped with rich sauce and crunchy bites for a perfectly indulgent dessert. . at Zero Degree - DHA . in DHA"
item_2895,164,Zero Degree - DHA,menu_item,Crepe Oreo,Japanese,711.0,4.8,DHA,"Crepe Oreo . Japanese . Chocolate crepe filled with premium chocolate, topped with rich sauce and crunchy bites for a perfectly indulgent dessert. . at Zero Degree - DHA . in DHA"
item_2896,164,Zero Degree - DHA,menu_item,Crepe Pistachio,Japanese,1071.0,4.8,DHA,"Crepe Pistachio . Japanese . Chocolate crepe filled with premium chocolate, topped with rich sauce and crunchy bites for a perfectly indulgent dessert. . at Zero Degree - DHA . in DHA"
item_2897,164,Zero Degree - DHA,menu_item,Crepe Snicker,Japanese,1125.0,4.8,DHA,"Crepe Snicker . Japanese . Chocolate crepe filled with premium chocolate, topped with rich sauce and crunchy bites for a perfectly indulgent dessert. . at Zero Degree - DHA . in DHA"
item_2898,164,Zero Degree - DHA,menu_item,Crepe Toblerone,Japanese,1125.0,4.8,DHA,"Crepe Toblerone . Japanese . Chocolate crepe filled with premium chocolate, topped with rich sauce and crunchy bites for a perfectly indulgent dessert. . at Zero Degree - DHA . in DHA"
item_2899,164,Zero Degree - DHA,menu_item,Sushi Crepe Banana,Japanese,855.0,4.8,DHA,"Sushi Crepe Banana . Japanese . Chocolate crepe filled with premium chocolate, topped with rich sauce and crunchy bites for a perfectly indulgent dessert. . at Zero Degree - DHA . in DHA"
item_2900,164,Zero Degree - DHA,menu_item,Sushi Crepe Bounty,Japanese,1305.0,4.8,DHA,"Sushi Crepe Bounty . Japanese . Chocolate crepe filled with premium chocolate, topped with rich sauce and crunchy bites for a perfectly indulgent dessert. . at Zero Degree - DHA . in DHA"
item_2901,164,Zero Degree - DHA,menu_item,Sushi Crepe Brownie,Japanese,1341.0,4.8,DHA,"Sushi Crepe Brownie . Japanese . Chocolate crepe filled with premium chocolate, topped with rich sauce and crunchy bites for a perfectly indulgent dessert. . at Zero Degree - DHA . in DHA"
item_2902,164,Zero Degree - DHA,menu_item,Italian Fries,Sides & Appetizers,405.0,4.8,DHA,Italian Fries . Sides & Appetizers . Crispy golden fries seasoned with Italian herbs and garlic served hot with a side of marinara sauce for dipping . at Zero Degree - DHA . in DHA
item_2903,164,Zero Degree - DHA,menu_item,Wild Fries,Sides & Appetizers,405.0,4.8,DHA,Wild Fries . Sides & Appetizers . Golden crispy fries seasoned with bold spices and served piping hot. A delicious side that pairs perfectly with any meal . at Zero Degree - DHA . in DHA
item_2904,164,Zero Degree - DHA,menu_item,Treat Share Box,Other,2691.0,4.8,DHA,"Treat Share Box . Other . A festive Treat Share box filled with fresh strawberries, cookies, mini pancakes, and rich dessert dips in flavors like chocolate, pistachio, and kunafa. Perfect for sharing sweet moments with family and friends. . at Zero Degree - DHA . in DHA"
item_2905,164,Zero Degree - DHA,menu_item,Mineral Water Can,Other,108.0,4.8,DHA,Mineral Water Can . Other . Pure mineral water in a convenient can format. Refreshing hydration sourced from natural mineral springs and packaged for your on-the-go wellness needs . at Zero Degree - DHA . in DHA
item_2906,164,Zero Degree - DHA,menu_item,Small Water Bottle,Other,72.0,4.8,DHA,Small Water Bottle . Other . mineral water bottle . at Zero Degree - DHA . in DHA
item_2907,164,Zero Degree - DHA,menu_item,Cappuccino,Beverages,531.0,4.8,DHA,"Cappuccino . Beverages . rich aromatic blend of espresso, steamed milk. . at Zero Degree - DHA . in DHA"
item_2908,164,Zero Degree - DHA,menu_item,Caramel Latte,Beverages,666.0,4.8,DHA,"Caramel Latte . Beverages . Rich, velvety espresso meets caramel sweetness. . at Zero Degree - DHA . in DHA"
item_2909,164,Zero Degree - DHA,menu_item,Hazelnut Latte,Beverages,666.0,4.8,DHA,"Hazelnut Latte . Beverages . Rich, creamy coffee with a velvety hazelnut twist . at Zero Degree - DHA . in DHA"
item_2910,164,Zero Degree - DHA,menu_item,Irish Latte,Beverages,693.0,4.8,DHA,"Irish Latte . Beverages . Rich, creamy whiskey-infused coffee delight . at Zero Degree - DHA . in DHA"
item_2911,164,Zero Degree - DHA,menu_item,Latte,Beverages,576.0,4.8,DHA,Latte . Beverages . Rich espresso and velvety steamed milk blended. . at Zero Degree - DHA . in DHA
item_2912,164,Zero Degree - DHA,menu_item,Mocha,Beverages,711.0,4.8,DHA,"Mocha . Beverages . Rich, velvety blend of coffee and chocolate. . at Zero Degree - DHA . in DHA"
item_2913,164,Zero Degree - DHA,menu_item,Vanilla Latte,Beverages,666.0,4.8,DHA,Vanilla Latte . Beverages . Rich vanilla and smooth espresso fusion. . at Zero Degree - DHA . in DHA
item_2914,164,Zero Degree - DHA,menu_item,Chocolate,Desserts,225.0,4.8,DHA,Chocolate . Desserts . Smooth and creamy chocolate ice cream with rich cocoa flavor perfect for any occasion . at Zero Degree - DHA . in DHA
item_2915,164,Zero Degree - DHA,menu_item,Mango,Desserts,225.0,4.8,DHA,Mango . Desserts . Creamy mango ice cream crafted from fresh ripe mangoes with a smooth velvety texture and natural tropical flavor. A refreshing frozen treat perfect for warm days. . at Zero Degree - DHA . in DHA
item_2916,164,Zero Degree - DHA,menu_item,Pistachio,Desserts,225.0,4.8,DHA,Pistachio . Desserts . Creamy pistachio ice cream with a rich nutty flavor and vibrant green hue. Made from premium pistachios and smooth cream for a delightful frozen treat. . at Zero Degree - DHA . in DHA
item_2917,164,Zero Degree - DHA,menu_item,Praline,Desserts,225.0,4.8,DHA,Praline . Desserts . Smooth and creamy praline ice cream with roasted nuts and rich caramel notes. A delightful frozen treat perfect for any occasion. . at Zero Degree - DHA . in DHA
item_2918,164,Zero Degree - DHA,menu_item,Strawberry,Desserts,225.0,4.8,DHA,Strawberry . Desserts . Creamy strawberry ice cream made with strawberries and smooth vanilla base. A delightful frozen treat perfect for warm days . at Zero Degree - DHA . in DHA
item_2919,164,Zero Degree - DHA,menu_item,Vanilla,Desserts,225.0,4.8,DHA,Vanilla . Desserts . Smooth and creamy vanilla ice cream made with pure vanilla extract. A classic favorite that melts delightfully on your tongue. . at Zero Degree - DHA . in DHA
item_2920,164,Zero Degree - DHA,menu_item,Blueberry Iced Tea,Beverages,441.0,4.8,DHA,Blueberry Iced Tea . Beverages . Flavored iced tea . at Zero Degree - DHA . in DHA
item_2921,164,Zero Degree - DHA,menu_item,Green Apple  Iced Tea,Beverages,441.0,4.8,DHA,Green Apple  Iced Tea . Beverages . Flavored  Iced Tea . at Zero Degree - DHA . in DHA
item_2922,164,Zero Degree - DHA,menu_item,Mint  Iced Tea,Beverages,441.0,4.8,DHA,Mint  Iced Tea . Beverages . Flavored  Iced Tea . at Zero Degree - DHA . in DHA
item_2923,164,Zero Degree - DHA,menu_item,Peach  Iced Tea,Beverages,441.0,4.8,DHA,Peach  Iced Tea . Beverages . Flavored  Iced Tea . at Zero Degree - DHA . in DHA
item_2924,164,Zero Degree - DHA,menu_item,360 Degree Lollipop Waffle,Desserts,531.0,4.8,DHA,"360 Degree Lollipop Waffle . Desserts . Oreo, m&m, dairy milk, kit kat & choco spread . at Zero Degree - DHA . in DHA"
item_2925,164,Zero Degree - DHA,menu_item,Choco Desire Lollipop Waffle,Desserts,396.0,4.8,DHA,Choco Desire Lollipop Waffle . Desserts . Dairy milk & choco spread . at Zero Degree - DHA . in DHA
item_2926,164,Zero Degree - DHA,menu_item,Choco Pleasure Lollipop Waffle,Desserts,441.0,4.8,DHA,Choco Pleasure Lollipop Waffle . Desserts . M&M & choco spread . at Zero Degree - DHA . in DHA
item_2927,164,Zero Degree - DHA,menu_item,Choco psread Lollipop,Desserts,315.0,4.8,DHA,Choco psread Lollipop . Desserts . choco spread with chocolate syrup . at Zero Degree - DHA . in DHA
item_2928,164,Zero Degree - DHA,menu_item,Cocoa Crunch Lollipop,Desserts,396.0,4.8,DHA,Cocoa Crunch Lollipop . Desserts . choco spread topped with cocoa crunch . at Zero Degree - DHA . in DHA
item_2929,164,Zero Degree - DHA,menu_item,Kit Kat Break Lollipop Waffle,Desserts,441.0,4.8,DHA,Kit Kat Break Lollipop Waffle . Desserts . Kit kat & choco spread . at Zero Degree - DHA . in DHA
item_2930,164,Zero Degree - DHA,menu_item,Oreo Treat Lollipop Waffle,Desserts,351.0,4.8,DHA,Oreo Treat Lollipop Waffle . Desserts . Oreo & choco spread . at Zero Degree - DHA . in DHA
item_2931,164,Zero Degree - DHA,menu_item,Smooth Galaxy Lollipop Waffle,Desserts,495.0,4.8,DHA,Smooth Galaxy Lollipop Waffle . Desserts . Galaxy & choco spread . at Zero Degree - DHA . in DHA
item_2932,164,Zero Degree - DHA,menu_item,Toblerone Zero Lollipop Waffle,Desserts,531.0,4.8,DHA,Toblerone Zero Lollipop Waffle . Desserts . Toblerone & choco spread . at Zero Degree - DHA . in DHA
item_2933,164,Zero Degree - DHA,menu_item,360 Degree Pancake,Desserts,765.0,4.8,DHA,"360 Degree Pancake . Desserts . Oreo, m&m, dairy milk, kit kat & choco spread . at Zero Degree - DHA . in DHA"
item_2934,164,Zero Degree - DHA,menu_item,Choco Desire Pancake,Desserts,621.0,4.8,DHA,Choco Desire Pancake . Desserts . Milk chocolate & choco spread . at Zero Degree - DHA . in DHA
item_2935,164,Zero Degree - DHA,menu_item,Choco Dip,Desserts,180.0,4.8,DHA,Choco Dip . Desserts . Serve 1 . at Zero Degree - DHA . in DHA
item_2936,164,Zero Degree - DHA,menu_item,Choco Pleasure Pancake,Desserts,675.0,4.8,DHA,Choco Pleasure Pancake . Desserts . Choco beans & choco spread . at Zero Degree - DHA . in DHA
item_2937,164,Zero Degree - DHA,menu_item,Kit Kat Break Pancake,Desserts,675.0,4.8,DHA,Kit Kat Break Pancake . Desserts . Kit kat & choco spread . at Zero Degree - DHA . in DHA
item_2938,164,Zero Degree - DHA,menu_item,Marshmallow Pancake,Desserts,621.0,4.8,DHA,Marshmallow Pancake . Desserts . choco spread with marshmallow . at Zero Degree - DHA . in DHA
item_2939,164,Zero Degree - DHA,menu_item,Oreo Treat Pancake,Desserts,531.0,4.8,DHA,Oreo Treat Pancake . Desserts . Oreo & choco spread . at Zero Degree - DHA . in DHA
item_2940,164,Zero Degree - DHA,menu_item,Smooth Galaxy Pancake,Desserts,711.0,4.8,DHA,Smooth Galaxy Pancake . Desserts . Galaxy & choco spread . at Zero Degree - DHA . in DHA
item_2941,164,Zero Degree - DHA,menu_item,Toblerone Zero Pancake,Desserts,801.0,4.8,DHA,Toblerone Zero Pancake . Desserts . Toblerone & choco spread . at Zero Degree - DHA . in DHA
item_2942,164,Zero Degree - DHA,menu_item,Ice Mocha,Other,756.0,4.8,DHA,"Ice Mocha . Other . Rich, frosty coffee blend with chocolate swirl . at Zero Degree - DHA . in DHA"
item_2943,164,Zero Degree - DHA,menu_item,Iced Americano,Other,486.0,4.8,DHA,"Iced Americano . Other . Rich espresso with chilled, velvety smooth texture . at Zero Degree - DHA . in DHA"
item_2944,164,Zero Degree - DHA,menu_item,Iced Caramel Latte,Other,711.0,4.8,DHA,Iced Caramel Latte . Other . Velvety caramel and rich espresso fusion. . at Zero Degree - DHA . in DHA
item_2945,164,Zero Degree - DHA,menu_item,Iced Hazelnut Latte,Other,711.0,4.8,DHA,Iced Hazelnut Latte . Other . Rich hazelnut in velvety iced coffee bliss . at Zero Degree - DHA . in DHA
item_2946,164,Zero Degree - DHA,menu_item,Iced Irish Latte,Other,711.0,4.8,DHA,"Iced Irish Latte . Other . Rich, creamy coffee with smooth irish twist. . at Zero Degree - DHA . in DHA"
item_2947,164,Zero Degree - DHA,menu_item,Iced Latte,Other,621.0,4.8,DHA,"Iced Latte . Other . Smooth, velvety coffee blended with chilled milk . at Zero Degree - DHA . in DHA"
item_2948,164,Zero Degree - DHA,menu_item,Iced Vanilla Latte,Other,711.0,4.8,DHA,"Iced Vanilla Latte . Other . Rich, velvety vanilla latte on ice. . at Zero Degree - DHA . in DHA"
item_2949,164,Zero Degree - DHA,menu_item,Pistachio Lollipop,Other,531.0,4.8,DHA,Pistachio Lollipop . Other . A delightful pistachio flavored lollipop with a smooth creamy taste and vibrant green hue. Perfect for a sweet treat that captures the rich nutty essence of premium pistachios in every lick. . at Zero Degree - DHA . in DHA
item_2950,164,Zero Degree - DHA,menu_item,Pistachio Pancake,Other,801.0,4.8,DHA,"Pistachio Pancake . Other . Pistachio spread , Pistachio Chunks . at Zero Degree - DHA . in DHA"
item_2951,164,Zero Degree - DHA,menu_item,Pistachio Sandwich,Other,981.0,4.8,DHA,Pistachio Sandwich . Other . Pistachio Spread & Pistachio Chunks . at Zero Degree - DHA . in DHA
item_2952,164,Zero Degree - DHA,menu_item,Pistachio Square Waffles,Other,801.0,4.8,DHA,Pistachio Square Waffles . Other . Pistachio Spread & Pistachio Chunks . at Zero Degree - DHA . in DHA
item_2953,164,Zero Degree - DHA,menu_item,Bounty Mini Pancakes,Desserts,801.0,4.8,DHA,Bounty Mini Pancakes . Desserts . Bounty Chocolate - Chocolate Spread - Chocolate Syrup . at Zero Degree - DHA . in DHA
item_2954,164,Zero Degree - DHA,menu_item,Cocoa Crunch Mini Pancakes,Desserts,630.0,4.8,DHA,Cocoa Crunch Mini Pancakes . Desserts . Tiger cocoa crunch - chocolate spread - chocolate syrup . at Zero Degree - DHA . in DHA
item_2955,164,Zero Degree - DHA,menu_item,Ferrero Rocher   Mini Pancakes,Desserts,1161.0,4.8,DHA,Ferrero Rocher   Mini Pancakes . Desserts . Ferrero rocher chocolate - chocolate spread - chocolate syrup . at Zero Degree - DHA . in DHA
item_2956,164,Zero Degree - DHA,menu_item,Kinder Bueno   Mini Pancakes,Desserts,981.0,4.8,DHA,Kinder Bueno   Mini Pancakes . Desserts . Kinder bueno chocolate - chocolate spread - chocolate syrup . at Zero Degree - DHA . in DHA
item_2957,164,Zero Degree - DHA,menu_item,Snickers  Mini Pancakes,Desserts,765.0,4.8,DHA,Snickers  Mini Pancakes . Desserts . Snickers chocolate - chocolate spread - chocolate syrup . at Zero Degree - DHA . in DHA
item_2958,164,Zero Degree - DHA,menu_item,Bounty Sandwich Waffles,Sandwiches,891.0,4.8,DHA,Bounty Sandwich Waffles . Sandwiches . Bounty chocolate - chocolate spread - chocolate syrup . at Zero Degree - DHA . in DHA
item_2959,164,Zero Degree - DHA,menu_item,Cocoa Crunch Sandwich,Sandwiches,801.0,4.8,DHA,Cocoa Crunch Sandwich . Sandwiches . Tiger cocoa crunch - chocolate spread - chocolate syrup . at Zero Degree - DHA . in DHA
item_2960,164,Zero Degree - DHA,menu_item,Ferrero Rocher Sandwich Waffle,Sandwiches,1215.0,4.8,DHA,Ferrero Rocher Sandwich Waffle . Sandwiches . Ferrero Rocher chocolate - chocolate spread - chocolate syrup . at Zero Degree - DHA . in DHA
item_2961,164,Zero Degree - DHA,menu_item,Kinder Bueno Sandwich Waffle,Sandwiches,1071.0,4.8,DHA,Kinder Bueno Sandwich Waffle . Sandwiches . Kinder Bueno Chocolate - chocolate spread - chocolate syrup . at Zero Degree - DHA . in DHA
item_2962,164,Zero Degree - DHA,menu_item,Marshamallow Double Waffle,Sandwiches,801.0,4.8,DHA,Marshamallow Double Waffle . Sandwiches . choco spread topped with marshmallow . at Zero Degree - DHA . in DHA
item_2963,164,Zero Degree - DHA,menu_item,Snickers Sandwich Waffles,Sandwiches,891.0,4.8,DHA,Snickers Sandwich Waffles . Sandwiches . Snickers chocolate -  chocolate spread - chocolate syrup . at Zero Degree - DHA . in DHA
item_2964,164,Zero Degree - DHA,menu_item,Bounty Square Waffle,Desserts,801.0,4.8,DHA,Bounty Square Waffle . Desserts . Bounty Chocolate - Chocolate spread - chocolate syrup . at Zero Degree - DHA . in DHA
item_2965,164,Zero Degree - DHA,menu_item,Ferrero Rocher Block Waffle,Desserts,1161.0,4.8,DHA,Ferrero Rocher Block Waffle . Desserts . choco spread topped with original ferrero rocher chocolate . at Zero Degree - DHA . in DHA
item_2966,164,Zero Degree - DHA,menu_item,Kinder Bueno Block Waffle,Desserts,1071.0,4.8,DHA,Kinder Bueno Block Waffle . Desserts . kinder bueno chocolate with choco spread . at Zero Degree - DHA . in DHA
item_2967,164,Zero Degree - DHA,menu_item,Blueberry Bull,Beverages,854.1,4.8,DHA,Blueberry Bull . Beverages . Red bull with blueberry & lemon . at Zero Degree - DHA . in DHA
item_2968,164,Zero Degree - DHA,menu_item,Bull Passion,Beverages,854.1,4.8,DHA,"Bull Passion . Beverages . Red bull with passion, fruit & lemon . at Zero Degree - DHA . in DHA"
item_2969,164,Zero Degree - DHA,menu_item,Spicy Strawberry Bull,Beverages,854.1,4.8,DHA,Spicy Strawberry Bull . Beverages . Red bull with strawberry & chilies . at Zero Degree - DHA . in DHA
item_2970,164,Zero Degree - DHA,menu_item,360 Degree Sandwich Waffle,Sandwiches,846.0,4.8,DHA,"360 Degree Sandwich Waffle . Sandwiches . Oero, m&m, dairy milk, kit kat & choco spread . at Zero Degree - DHA . in DHA"
item_2971,164,Zero Degree - DHA,menu_item,Choco Desire Sandwich Waffle,Sandwiches,756.0,4.8,DHA,Choco Desire Sandwich Waffle . Sandwiches . Milk chocolate & choco . at Zero Degree - DHA . in DHA
item_2972,164,Zero Degree - DHA,menu_item,Choco Pleasure Sandwich Waffle,Sandwiches,801.0,4.8,DHA,Choco Pleasure Sandwich Waffle . Sandwiches . Choco beans & choco spread . at Zero Degree - DHA . in DHA
item_2973,164,Zero Degree - DHA,menu_item,Choco Spread Sandwich Waffle,Sandwiches,711.0,4.8,DHA,Choco Spread Sandwich Waffle . Sandwiches . Crispy golden waffle sandwich generously filled with rich creamy chocolate spread. A delightful treat perfect for breakfast or snack time with its warm fluffy texture and indulgent chocolate flavor . at Zero Degree - DHA . in DHA
item_2974,164,Zero Degree - DHA,menu_item,Choco spread pancake,Sandwiches,531.0,4.8,DHA,Choco spread pancake . Sandwiches . choco spread with chocolate syrup . at Zero Degree - DHA . in DHA
item_2975,164,Zero Degree - DHA,menu_item,Kit Kat Break Sandwich Waffle,Sandwiches,801.0,4.8,DHA,Kit Kat Break Sandwich Waffle . Sandwiches . Kit kat & choco spread . at Zero Degree - DHA . in DHA
item_2976,164,Zero Degree - DHA,menu_item,Oreo Treat Sandwich Waffle,Sandwiches,675.0,4.8,DHA,Oreo Treat Sandwich Waffle . Sandwiches . Oreo & Choco spread . at Zero Degree - DHA . in DHA
item_2977,164,Zero Degree - DHA,menu_item,Smooth Galaxy Sandwich Waffle,Sandwiches,846.0,4.8,DHA,Smooth Galaxy Sandwich Waffle . Sandwiches . Galaxy & choco spread . at Zero Degree - DHA . in DHA
item_2978,164,Zero Degree - DHA,menu_item,Toblerone Zero Sandwich Waffle,Sandwiches,846.0,4.8,DHA,Toblerone Zero Sandwich Waffle . Sandwiches . Toblerone & choco spread . at Zero Degree - DHA . in DHA
item_2979,164,Zero Degree - DHA,menu_item,Grilled Chicken Panini Sandwich,Sandwiches,711.0,4.8,DHA,Grilled Chicken Panini Sandwich . Sandwiches . Tender grilled chicken breast topped with our signature special sauce fresh crisp lettuce and ripe tomatoes pressed between toasted panini bread for a delicious warm sandwich . at Zero Degree - DHA . in DHA
item_2980,164,Zero Degree - DHA,menu_item,Chicken Hot Shots,Sides & Appetizers,531.0,4.8,DHA,"Chicken Hot Shots . Sides & Appetizers . Boneless chicken, all purpose flour, egg, crumbs, mixed spices, chili flakes . at Zero Degree - DHA . in DHA"
item_2981,164,Zero Degree - DHA,menu_item,Crispy Chicken Shots,Sides & Appetizers,495.0,4.8,DHA,"Crispy Chicken Shots . Sides & Appetizers . Boneless chicken, all purpose flour, egg, crumbs, mixed spices served with tomato sauce . at Zero Degree - DHA . in DHA"
item_2982,164,Zero Degree - DHA,menu_item,Tender Chicken Strips,Sides & Appetizers,495.0,4.8,DHA,"Tender Chicken Strips . Sides & Appetizers . Boneless chicken strips, mixed spices served with fries, iceberg & tomato sauce . at Zero Degree - DHA . in DHA"
item_2983,164,Zero Degree - DHA,menu_item,360 Degree Square Waffle,Desserts,756.0,4.8,DHA,"360 Degree Square Waffle . Desserts . Oreo, m&m, dairy milk, kit kat & choco spread . at Zero Degree - DHA . in DHA"
item_2984,164,Zero Degree - DHA,menu_item,Choco Desire Square Waffle,Desserts,621.0,4.8,DHA,Choco Desire Square Waffle . Desserts . Milk chocolate & choco spread . at Zero Degree - DHA . in DHA
item_2985,164,Zero Degree - DHA,menu_item,Choco Pleasure Square Waffle,Desserts,1035.0,4.8,DHA,"Choco Pleasure Square Waffle . Desserts . Choco beans , choco spread . at Zero Degree - DHA . in DHA"
item_2986,164,Zero Degree - DHA,menu_item,Choco spread Block Waffle,Desserts,531.0,4.8,DHA,Choco spread Block Waffle . Desserts . choco spread with chocolate syrup . at Zero Degree - DHA . in DHA
item_2987,164,Zero Degree - DHA,menu_item,Cocoa Crunch Square Waffle,Desserts,711.0,4.8,DHA,Cocoa Crunch Square Waffle . Desserts . Indulge in our delicious Cocoa Crunch Square Waffle featuring crispy golden exterior with a soft fluffy interior topped with rich cocoa crunch pieces and a drizzle of chocolate sauce . at Zero Degree - DHA . in DHA
item_2988,164,Zero Degree - DHA,menu_item,Kit Kat Break Square Waffle,Desserts,711.0,4.8,DHA,Kit Kat Break Square Waffle . Desserts . Kit kat & choco spread . at Zero Degree - DHA . in DHA
item_2989,164,Zero Degree - DHA,menu_item,Marshmallow Block Waffle,Desserts,666.0,4.8,DHA,Marshmallow Block Waffle . Desserts . choco spread with marshmallow . at Zero Degree - DHA . in DHA
item_2990,164,Zero Degree - DHA,menu_item,Oreo Treat Square Waffle,Desserts,531.0,4.8,DHA,Oreo Treat Square Waffle . Desserts . Oreo & choco spread . at Zero Degree - DHA . in DHA
item_2991,164,Zero Degree - DHA,menu_item,Smooth Galaxy Square Waffle,Desserts,711.0,4.8,DHA,Smooth Galaxy Square Waffle . Desserts . Galaxy & choco spread . at Zero Degree - DHA . in DHA
item_2992,164,Zero Degree - DHA,menu_item,Snickers Square Waffle,Desserts,801.0,4.8,DHA,"Snickers Square Waffle . Desserts . Crispy golden waffle topped with rich chocolate sauce, roasted peanuts, and caramel drizzle. A delightful combination of textures and flavors that brings together the beloved Snickers experience in every bite. . at Zero Degree - DHA . in DHA"
item_2993,164,Zero Degree - DHA,menu_item,Toblerone Zero Square Waffle,Desserts,801.0,4.8,DHA,Toblerone Zero Square Waffle . Desserts . Toblerone & choco spread . at Zero Degree - DHA . in DHA
item_2994,164,Zero Degree - DHA,menu_item,Brownies Shake,Beverages,666.0,4.8,DHA,Brownies Shake . Beverages . Decadent brownie-infused shake blended with rich chocolate for the ultimate treat. . at Zero Degree - DHA . in DHA
item_2995,164,Zero Degree - DHA,menu_item,Chocolate Thick Shake,Beverages,666.0,4.8,DHA,Chocolate Thick Shake . Beverages . Indulgent chocolate shake made for true chocolate lovers with every thick sip. . at Zero Degree - DHA . in DHA
item_2996,164,Zero Degree - DHA,menu_item,Mango Thick Shake,Beverages,666.0,4.8,DHA,Mango Thick Shake . Beverages . Refreshing tropical mango shake bursting with fruity flavor and creamy delight. . at Zero Degree - DHA . in DHA
item_2997,164,Zero Degree - DHA,menu_item,Pistachio Thick Shake,Beverages,756.0,4.8,DHA,Pistachio Thick Shake . Beverages . A rich and creamy pistachio blend topped with nutty goodness in every sip. . at Zero Degree - DHA . in DHA
item_2998,164,Zero Degree - DHA,menu_item,Vanilla Thick Shake,Beverages,666.0,4.8,DHA,Vanilla Thick Shake . Beverages . Smooth classic vanilla shake with a velvety thick texture and sweet aroma. . at Zero Degree - DHA . in DHA
item_2999,164,Zero Degree - DHA,menu_item,Zero Blueberry,Other,153.0,4.8,DHA,"Zero Blueberry . Other . Sweet and tangy, antioxidant-rich blueberry drink . at Zero Degree - DHA . in DHA"
item_3000,164,Zero Degree - DHA,menu_item,Zero Lychee,Other,153.0,4.8,DHA,Zero Lychee . Other . Sweet and refreshing lychee flavored sports drink. . at Zero Degree - DHA . in DHA
item_3001,164,Zero Degree - DHA,menu_item,Zero Peach,Other,153.0,4.8,DHA,"Zero Peach . Other . Vibrant peach flavor, with zero sugar added. . at Zero Degree - DHA . in DHA"
item_3002,164,Zero Degree - DHA,menu_item,Zero Raspberry,Other,153.0,4.8,DHA,Zero Raspberry . Other . Fizzy raspberry flavor in every bite . at Zero Degree - DHA . in DHA
item_3003,164,Zero Degree - DHA,menu_item,Zero Strawberry,Other,153.0,4.8,DHA,Zero Strawberry . Other . Refreshing zero-calorie strawberry flavor drink . at Zero Degree - DHA . in DHA
item_3004,164,Zero Degree - DHA,menu_item,Berry Cube,Other,171.0,4.8,DHA,"Berry Cube . Other . Blueberry, raspberry & strawberry . at Zero Degree - DHA . in DHA"
item_3005,164,Zero Degree - DHA,menu_item,Berry Square,Other,171.0,4.8,DHA,Berry Square . Other . Strawberry & blueberry . at Zero Degree - DHA . in DHA
item_3006,164,Zero Degree - DHA,menu_item,Double up Bubble up,Other,171.0,4.8,DHA,"Double up Bubble up . Other . Peach, lemon & green apple . at Zero Degree - DHA . in DHA"
item_3007,164,Zero Degree - DHA,menu_item,Fruit Punch,Other,171.0,4.8,DHA,Fruit Punch . Other . Flavors of your choice . at Zero Degree - DHA . in DHA
item_3008,164,Zero Degree - DHA,menu_item,Zero Green Apple,Other,153.0,4.8,DHA,"Zero Green Apple . Other . Crisp, refreshing green apple soda. . at Zero Degree - DHA . in DHA"
item_3009,164,Zero Degree - DHA,menu_item,Zero Mint Lemonade,Other,153.0,4.8,DHA,Zero Mint Lemonade . Other . Revitalizing zero-calorie minty zest lemonade . at Zero Degree - DHA . in DHA
item_3010,164,Zero Degree - DHA,menu_item,Zero Power Charger,Other,171.0,4.8,DHA,Zero Power Charger . Other . I think there's been a mistake. zero power charger doesn't seem like a food or beverage item. . at Zero Degree - DHA . in DHA
restaurant_2,2,Flavor Cartel,restaurant,Flavor Cartel,Food,,5.0,DHA,Flavor Cartel . Food . in DHA
restaurant_4,4,Brim Burgers ( DHA Phase 6 Raya),restaurant,Brim Burgers ( DHA Phase 6 Raya),Food,,4.7,DHA,Brim Burgers ( DHA Phase 6 Raya) . Food . in DHA
restaurant_5,5,FOUR Restaurant,restaurant,FOUR Restaurant,Food,,4.6,DHA,FOUR Restaurant . Food . in DHA
restaurant_6,6,Cheezious - DHA Phase 4,restaurant,Cheezious - DHA Phase 4,Food,,4.6,DHA,Cheezious - DHA Phase 4 . Food . in DHA
restaurant_7,7,Brim Burgers ( DHA Phase 4 FF),restaurant,Brim Burgers ( DHA Phase 4 FF),Food,,4.4,DHA,Brim Burgers ( DHA Phase 4 FF) . Food . in DHA
restaurant_8,8,Grub Shack,restaurant,Grub Shack,Food,,4.5,DHA,Grub Shack . Food . in DHA
restaurant_9,9,SMASH - DHA Phase 6,restaurant,SMASH - DHA Phase 6,Food,,4.0,DHA,SMASH - DHA Phase 6 . Food . in DHA
restaurant_11,11,SALT Z PHASE3 DHA LHR,restaurant,SALT Z PHASE3 DHA LHR,Cafe,,4.1,DHA,SALT Z PHASE3 DHA LHR . Cafe . in DHA
restaurant_12,12,Uncle Dave Hot Chicken,restaurant,Uncle Dave Hot Chicken,Food,,4.4,DHA,Uncle Dave Hot Chicken . Food . in DHA
restaurant_13,13,Magnet Burgers,restaurant,Magnet Burgers,Food,,5.0,DHA,Magnet Burgers . Food . in DHA
restaurant_14,14,MUSTRD,restaurant,MUSTRD,Food,,4.0,DHA,MUSTRD . Food . in DHA
restaurant_15,15,HungerFuel,restaurant,HungerFuel,Food,,4.7,DHA,HungerFuel . Food . in DHA
restaurant_16,16,BRGR - Fairways DHA,restaurant,BRGR - Fairways DHA,Food,,4.6,DHA,BRGR - Fairways DHA . Food . in DHA
restaurant_17,17,Chicago street,restaurant,Chicago street,Food,,4.1,DHA,Chicago street . Food . in DHA
restaurant_18,18,BonBird Dolmen Mall Lahore,restaurant,BonBird Dolmen Mall Lahore,Food,,3.9,DHA,BonBird Dolmen Mall Lahore . Food . in DHA
restaurant_19,19,Lahore Broast - DHA,restaurant,Lahore Broast - DHA,Broast,,4.1,DHA,Lahore Broast - DHA . Broast . in DHA
restaurant_20,20,Butt Sweets & Bakers - DHA,restaurant,Butt Sweets & Bakers - DHA,Cakes & Bakery,,3.9,DHA,Butt Sweets & Bakers - DHA . Cakes & Bakery . in DHA
restaurant_21,21,Jalal Sons - G Block DHA,restaurant,Jalal Sons - G Block DHA,Fast Food,,4.1,DHA,Jalal Sons - G Block DHA . Fast Food . in DHA
restaurant_22,22,Bait-Ul-Shawarma - DHA H Block,restaurant,Bait-Ul-Shawarma - DHA H Block,Middle Eastern,,4.1,DHA,Bait-Ul-Shawarma - DHA H Block . Middle Eastern . in DHA
restaurant_23,23,The Halal Boys- DHA,restaurant,The Halal Boys- DHA,Fast Food,,4.2,DHA,The Halal Boys- DHA . Fast Food . in DHA
restaurant_24,24,Simply Sufi XPRS - DHA Phase 1,restaurant,Simply Sufi XPRS - DHA Phase 1,Fast Food,,4.2,DHA,Simply Sufi XPRS - DHA Phase 1 . Fast Food . in DHA
restaurant_25,25,Yousaf Falooda - Dha,restaurant,Yousaf Falooda - Dha,Ice Cream,,4.2,DHA,Yousaf Falooda - Dha . Ice Cream . in DHA
restaurant_26,26,Red Apple - DHA Phase 1,restaurant,Red Apple - DHA Phase 1,Fast Food,,4.3,DHA,Red Apple - DHA Phase 1 . Fast Food . in DHA
restaurant_27,27,Pizza Time - Dha,restaurant,Pizza Time - Dha,Pizza,,4.1,DHA,Pizza Time - Dha . Pizza . in DHA
restaurant_28,28,Balochi Dera - DHA,restaurant,Balochi Dera - DHA,Pakistani,,4.1,DHA,Balochi Dera - DHA . Pakistani . in DHA
restaurant_29,29,Bar.B.Q. HUB - H Block DHA,restaurant,Bar.B.Q. HUB - H Block DHA,Pakistani,,4.3,DHA,Bar.B.Q. HUB - H Block DHA . Pakistani . in DHA
restaurant_30,30,Dumplings by Sai’s Pantry (DHA),restaurant,Dumplings by Sai’s Pantry (DHA),Chinese,,3.8,DHA,Dumplings by Sai’s Pantry (DHA) . Chinese . in DHA
restaurant_31,31,BNB Club-DHA,restaurant,BNB Club-DHA,Fast Food,,4.3,DHA,BNB Club-DHA . Fast Food . in DHA
restaurant_32,32,Tandoor Restaurant- DHA,restaurant,Tandoor Restaurant- DHA,Pakistani,,4.3,DHA,Tandoor Restaurant- DHA . Pakistani . in DHA
restaurant_33,33,Butt Karahi - DHA,restaurant,Butt Karahi - DHA,Pakistani,,4.0,DHA,Butt Karahi - DHA . Pakistani . in DHA
restaurant_34,34,La Downtown - DHA,restaurant,La Downtown - DHA,Pasta,,4.0,DHA,La Downtown - DHA . Pasta . in DHA
restaurant_35,35,"Health""n""Goodness - Dha",restaurant,"Health""n""Goodness - Dha",Healthy Food,,4.5,DHA,"Health""n""Goodness - Dha . Healthy Food . in DHA"
restaurant_36,36,Biryani Express - DHA,restaurant,Biryani Express - DHA,Pasta,,4.1,DHA,Biryani Express - DHA . Pasta . in DHA
restaurant_37,37,Kunafa Inn - DHA Phase 1,restaurant,Kunafa Inn - DHA Phase 1,Desserts,,3.9,DHA,Kunafa Inn - DHA Phase 1 . Desserts . in DHA
restaurant_38,38,Al Beirut Lebanese Cuisine - DHA,restaurant,Al Beirut Lebanese Cuisine - DHA,21205 min,,4.5,DHA,Al Beirut Lebanese Cuisine - DHA . 21205 min . in DHA
restaurant_39,39,Baskin Robbins - DHA,restaurant,Baskin Robbins - DHA,Ice Cream,,4.2,DHA,Baskin Robbins - DHA . Ice Cream . in DHA
restaurant_40,40,Bundu Khan Restaurant - DHA Z Block,restaurant,Bundu Khan Restaurant - DHA Z Block,Pakistani,,4.3,DHA,Bundu Khan Restaurant - DHA Z Block . Pakistani . in DHA
restaurant_41,41,Pickadeli - DHA,restaurant,Pickadeli - DHA,Pasta,,3.9,DHA,Pickadeli - DHA . Pasta . in DHA
restaurant_42,42,Mandarin Kitchen - DHA,restaurant,Mandarin Kitchen - DHA,Chinese,,4.1,DHA,Mandarin Kitchen - DHA . Chinese . in DHA
restaurant_43,43,Gloria Jean's Coffees- DHA Z Block,restaurant,Gloria Jean's Coffees- DHA Z Block,Beverages,,3.7,DHA,Gloria Jean's Coffees- DHA Z Block . Beverages . in DHA
restaurant_44,44,Shahida's Special - DHA,restaurant,Shahida's Special - DHA,Pakistani,,3.9,DHA,Shahida's Special - DHA . Pakistani . in DHA
restaurant_45,45,Cosa Nostra - DHA Y Block,restaurant,Cosa Nostra - DHA Y Block,Continental,,4.2,DHA,Cosa Nostra - DHA Y Block . Continental . in DHA
restaurant_46,46,Third Culture Coffee - Dha,restaurant,Third Culture Coffee - Dha,Cakes & Bakery,,4.5,DHA,Third Culture Coffee - Dha . Cakes & Bakery . in DHA
restaurant_47,47,MHK Fast Food - DHA,restaurant,MHK Fast Food - DHA,Pasta,,4.5,DHA,MHK Fast Food - DHA . Pasta . in DHA
restaurant_48,48,Twins Pizza - DHA,restaurant,Twins Pizza - DHA,Pasta,,4.0,DHA,Twins Pizza - DHA . Pasta . in DHA
restaurant_49,49,A Taste Place - DHA,restaurant,A Taste Place - DHA,Fast Food,,3.3,DHA,A Taste Place - DHA . Fast Food . in DHA
restaurant_50,50,Wasabi - DHA,restaurant,Wasabi - DHA,Japanese,,4.0,DHA,Wasabi - DHA . Japanese . in DHA
restaurant_51,51,Captain Cook's - Q-Block DHA,restaurant,Captain Cook's - Q-Block DHA,Fast Food,,3.9,DHA,Captain Cook's - Q-Block DHA . Fast Food . in DHA
restaurant_52,52,Burning Brownie (DHA),restaurant,Burning Brownie (DHA),Desserts,,2.6,DHA,Burning Brownie (DHA) . Desserts . in DHA
restaurant_53,53,Krem - DHA,restaurant,Krem - DHA,Pasta,,3.6,DHA,Krem - DHA . Pasta . in DHA
restaurant_54,54,Mastani - DHA,restaurant,Mastani - DHA,Pasta,,3.5,DHA,Mastani - DHA . Pasta . in DHA
restaurant_55,55,Gloria Jeans Coffees DHA XX Block,restaurant,Gloria Jeans Coffees DHA XX Block,Pasta,,4.0,DHA,Gloria Jeans Coffees DHA XX Block . Pasta . in DHA
restaurant_56,56,Sally's- DHA,restaurant,Sally's- DHA,Fast Food,,4.5,DHA,Sally's- DHA . Fast Food . in DHA
restaurant_57,57,Novu Pan Asian - DHA,restaurant,Novu Pan Asian - DHA,Chinese,,4.0,DHA,Novu Pan Asian - DHA . Chinese . in DHA
restaurant_58,58,Amavi - DHA,restaurant,Amavi - DHA,Pasta,,4.4,DHA,Amavi - DHA . Pasta . in DHA
restaurant_59,59,Go Flour - DHA Phase 4,restaurant,Go Flour - DHA Phase 4,Continental,,4.4,DHA,Go Flour - DHA Phase 4 . Continental . in DHA
restaurant_60,60,The Burger Cart - DHA,restaurant,The Burger Cart - DHA,Burgers,,4.3,DHA,The Burger Cart - DHA . Burgers . in DHA
restaurant_61,61,Bagh - DHA,restaurant,Bagh - DHA,Pakistani,,3.4,DHA,Bagh - DHA . Pakistani . in DHA
restaurant_62,62,Home Grown - DHA,restaurant,Home Grown - DHA,Burgers,,4.1,DHA,Home Grown - DHA . Burgers . in DHA
restaurant_63,63,Munch -Dha,restaurant,Munch -Dha,Fast Food,,4.2,DHA,Munch -Dha . Fast Food . in DHA
restaurant_64,64,Muhammad Din Dogar Restaurant - DD DHA,restaurant,Muhammad Din Dogar Restaurant - DD DHA,Pakistani,,3.5,DHA,Muhammad Din Dogar Restaurant - DD DHA . Pakistani . in DHA
restaurant_65,65,ProPasta - DHA,restaurant,ProPasta - DHA,Fast Food,,3.3,DHA,ProPasta - DHA . Fast Food . in DHA
restaurant_66,66,NY 212 - DHA,restaurant,NY 212 - DHA,Pizza,,4.2,DHA,NY 212 - DHA . Pizza . in DHA
restaurant_67,67,Defence Bar.B.Q,restaurant,Defence Bar.B.Q,Pakistani,,4.1,DHA,Defence Bar.B.Q . Pakistani . in DHA
restaurant_68,68,Defence Dhaba Bar.B.Q & Pakwan Center,restaurant,Defence Dhaba Bar.B.Q & Pakwan Center,Pakistani,,4.0,DHA,Defence Dhaba Bar.B.Q & Pakwan Center . Pakistani . in DHA
restaurant_69,69,THE HOTSPOT CAFE - DD BLOCK DHA,restaurant,THE HOTSPOT CAFE - DD BLOCK DHA,Pasta,,4.5,DHA,THE HOTSPOT CAFE - DD BLOCK DHA . Pasta . in DHA
restaurant_70,70,Philly's - DHA,restaurant,Philly's - DHA,Burgers,,4.2,DHA,Philly's - DHA . Burgers . in DHA
restaurant_71,71,It's Cheesy - DHA Phase 8 (Ex. Park View),restaurant,It's Cheesy - DHA Phase 8 (Ex. Park View),Fast Food,,4.2,DHA,It's Cheesy - DHA Phase 8 (Ex. Park View) . Fast Food . in DHA
restaurant_72,72,14Th Street Pizza Co. - Dha Phase 5,restaurant,14Th Street Pizza Co. - Dha Phase 5,Pizza,,4.1,DHA,14Th Street Pizza Co. - Dha Phase 5 . Pizza . in DHA
restaurant_73,73,Cinnabon - DHA Phase 5,restaurant,Cinnabon - DHA Phase 5,Pasta,,4.6,DHA,Cinnabon - DHA Phase 5 . Pasta . in DHA
restaurant_74,74,Pie in the Sky - Dha phase 5,restaurant,Pie in the Sky - Dha phase 5,Cakes & Bakery,,4.3,DHA,Pie in the Sky - Dha phase 5 . Cakes & Bakery . in DHA
restaurant_75,75,SALT - My Dainty Kitchen -DHA Phase 8,restaurant,SALT - My Dainty Kitchen -DHA Phase 8,Pakistani,,4.0,DHA,SALT - My Dainty Kitchen -DHA Phase 8 . Pakistani . in DHA
restaurant_76,76,Haagen Dazs - DHA,restaurant,Haagen Dazs - DHA,Desserts,,4.2,DHA,Haagen Dazs - DHA . Desserts . in DHA
restaurant_77,77,Arabian Shawarma Abu Alman - DHA 5 M Block near Askari 11,restaurant,Arabian Shawarma Abu Alman - DHA 5 M Block near Askari 11,Shawarma,,4.3,DHA,Arabian Shawarma Abu Alman - DHA 5 M Block near Askari 11 . Shawarma . in DHA
restaurant_78,78,Kulchay RESTAUARNT -DHA,restaurant,Kulchay RESTAUARNT -DHA,Pakistani,,4.0,DHA,Kulchay RESTAUARNT -DHA . Pakistani . in DHA
restaurant_80,80,Movenpick Ice Cream - Dha,restaurant,Movenpick Ice Cream - Dha,Ice Cream,,4.6,DHA,Movenpick Ice Cream - Dha . Ice Cream . in DHA
restaurant_81,81,Layers Bakeshop - DHA Phase 6,restaurant,Layers Bakeshop - DHA Phase 6,Cakes & Bakery,,4.5,DHA,Layers Bakeshop - DHA Phase 6 . Cakes & Bakery . in DHA
restaurant_82,82,Ice Bear – DHA,restaurant,Ice Bear – DHA,Desserts,,4.7,DHA,Ice Bear – DHA . Desserts . in DHA
restaurant_83,83,Lahore Chatkhara - Dha phase 6,restaurant,Lahore Chatkhara - Dha phase 6,Pakistani,,3.7,DHA,Lahore Chatkhara - Dha phase 6 . Pakistani . in DHA
restaurant_84,84,Kickstart Cafe - DHA Phase 6,restaurant,Kickstart Cafe - DHA Phase 6,Fast Food,,4.1,DHA,Kickstart Cafe - DHA Phase 6 . Fast Food . in DHA
restaurant_85,85,Karachi Kanteen - Defence Raya,restaurant,Karachi Kanteen - Defence Raya,Fast Food,,3.4,DHA,Karachi Kanteen - Defence Raya . Fast Food . in DHA
restaurant_86,86,Saku Hana-DHA Raya,restaurant,Saku Hana-DHA Raya,Chinese,,4.5,DHA,Saku Hana-DHA Raya . Chinese . in DHA
restaurant_87,87,My Karak Chai-DHA Raya,restaurant,My Karak Chai-DHA Raya,Pakistani,,4.4,DHA,My Karak Chai-DHA Raya . Pakistani . in DHA
restaurant_88,88,Costa Coffee - Defence Raya,restaurant,Costa Coffee - Defence Raya,Continental,,4.1,DHA,Costa Coffee - Defence Raya . Continental . in DHA
restaurant_89,89,Gauchos DHA Raya,restaurant,Gauchos DHA Raya,Fast Food,,2.6,DHA,Gauchos DHA Raya . Fast Food . in DHA
restaurant_90,90,Baranh - DHA Raya,restaurant,Baranh - DHA Raya,Pakistani,,4.3,DHA,Baranh - DHA Raya . Pakistani . in DHA
restaurant_91,91,Caprinos - DHA Raya,restaurant,Caprinos - DHA Raya,Fast Food,,4.1,DHA,Caprinos - DHA Raya . Fast Food . in DHA
restaurant_92,92,The Canvas - DHA Raya,restaurant,The Canvas - DHA Raya,Pakistani,,4.9,DHA,The Canvas - DHA Raya . Pakistani . in DHA
restaurant_93,93,Pink Pistachio - DHA Raya,restaurant,Pink Pistachio - DHA Raya,Fast Food,,3.8,DHA,Pink Pistachio - DHA Raya . Fast Food . in DHA
restaurant_94,94,Cafe Beirut - DHA Raya,restaurant,Cafe Beirut - DHA Raya,Continental,,3.3,DHA,Cafe Beirut - DHA Raya . Continental . in DHA
restaurant_95,95,The Tipsy Co - DHA Raya,restaurant,The Tipsy Co - DHA Raya,Continental,,4.5,DHA,The Tipsy Co - DHA Raya . Continental . in DHA
restaurant_96,96,Luxury Lounge- DHA,restaurant,Luxury Lounge- DHA,Fast Food,,3.0,DHA,Luxury Lounge- DHA . Fast Food . in DHA
restaurant_97,97,Mommmy's Kitchen - DHA,restaurant,Mommmy's Kitchen - DHA,Pakistani,,4.2,DHA,Mommmy's Kitchen - DHA . Pakistani . in DHA
restaurant_98,98,Mashallah Alamgir Hotel - Dha Lhe,restaurant,Mashallah Alamgir Hotel - Dha Lhe,Pakistani,,3.1,DHA,Mashallah Alamgir Hotel - Dha Lhe . Pakistani . in DHA
restaurant_99,99,Ashiq Fresh Juice - DHA,restaurant,Ashiq Fresh Juice - DHA,Burgers,,2.2,DHA,Ashiq Fresh Juice - DHA . Burgers . in DHA
restaurant_100,100,Red Chilli's - DHA,restaurant,Red Chilli's - DHA,Fast Food,,2.8,DHA,Red Chilli's - DHA . Fast Food . in DHA
restaurant_101,101,Awami Pulao - DHA,restaurant,Awami Pulao - DHA,Pakistani,,3.0,DHA,Awami Pulao - DHA . Pakistani . in DHA
restaurant_102,102,Asli Karachi Paratha Roll - DHA,restaurant,Asli Karachi Paratha Roll - DHA,Pakistani,,4.0,DHA,Asli Karachi Paratha Roll - DHA . Pakistani . in DHA
restaurant_103,103,English Tea House - DHA,restaurant,English Tea House - DHA,Continental,,4.5,DHA,English Tea House - DHA . Continental . in DHA
restaurant_104,104,Forks n Knives Pizza Kitchen - DHA Y Block,restaurant,Forks n Knives Pizza Kitchen - DHA Y Block,Pizza,,3.9,DHA,Forks n Knives Pizza Kitchen - DHA Y Block . Pizza . in DHA
restaurant_105,105,Sadiq Halwa Puri - DHA,restaurant,Sadiq Halwa Puri - DHA,Pakistani,,3.7,DHA,Sadiq Halwa Puri - DHA . Pakistani . in DHA
restaurant_106,106,Grato Jalaybi -DHA,restaurant,Grato Jalaybi -DHA,Pakistani,,4.7,DHA,Grato Jalaybi -DHA . Pakistani . in DHA
restaurant_107,107,Khalis 365 - DHA,restaurant,Khalis 365 - DHA,Desserts,,4.1,DHA,Khalis 365 - DHA . Desserts . in DHA
restaurant_108,108,Amritsari Kashmiri Harissa - DHA,restaurant,Amritsari Kashmiri Harissa - DHA,Pakistani,,2.1,DHA,Amritsari Kashmiri Harissa - DHA . Pakistani . in DHA
restaurant_109,109,Dairy Culture - DHA,restaurant,Dairy Culture - DHA,Pakistani,,3.7,DHA,Dairy Culture - DHA . Pakistani . in DHA
restaurant_110,110,Thoughtful Kitchen - DHA Phase 2,restaurant,Thoughtful Kitchen - DHA Phase 2,Healthy Food,,2.8,DHA,Thoughtful Kitchen - DHA Phase 2 . Healthy Food . in DHA
restaurant_111,111,Munching Minion - DHA,restaurant,Munching Minion - DHA,Fast Food,,3.6,DHA,Munching Minion - DHA . Fast Food . in DHA
restaurant_112,112,Gloria Jeans - DHA T Block,restaurant,Gloria Jeans - DHA T Block,Continental,,3.4,DHA,Gloria Jeans - DHA T Block . Continental . in DHA
restaurant_113,113,Pizza Town - DHA,restaurant,Pizza Town - DHA,Fast Food,,3.9,DHA,Pizza Town - DHA . Fast Food . in DHA
restaurant_114,114,BLENDZ-DHA,restaurant,BLENDZ-DHA,Desserts,,4.3,DHA,BLENDZ-DHA . Desserts . in DHA
restaurant_115,115,Sweet Affairs - DHA,restaurant,Sweet Affairs - DHA,Fast Food,,2.5,DHA,Sweet Affairs - DHA . Fast Food . in DHA
restaurant_116,116,Ghar Say Ghar Tak - DHA,restaurant,Ghar Say Ghar Tak - DHA,Pakistani,,3.5,DHA,Ghar Say Ghar Tak - DHA . Pakistani . in DHA
restaurant_117,117,Chinese Min - DHA,restaurant,Chinese Min - DHA,Chinese,,4.0,DHA,Chinese Min - DHA . Chinese . in DHA
restaurant_118,118,De Cafe & Restaurant - DHA,restaurant,De Cafe & Restaurant - DHA,Fast Food,,1.0,DHA,De Cafe & Restaurant - DHA . Fast Food . in DHA
restaurant_119,119,Juicy Chuck-Barki Road DHA phase 8,restaurant,Juicy Chuck-Barki Road DHA phase 8,Pasta,,3.6,DHA,Juicy Chuck-Barki Road DHA phase 8 . Pasta . in DHA
restaurant_120,120,Uncles Grill - DHA,restaurant,Uncles Grill - DHA,BBQ,,4.0,DHA,Uncles Grill - DHA . BBQ . in DHA
restaurant_121,121,Pak Broast-DHA,restaurant,Pak Broast-DHA,Pakistani,,4.4,DHA,Pak Broast-DHA . Pakistani . in DHA
restaurant_122,122,Spice Bazaar - DHA,restaurant,Spice Bazaar - DHA,Pakistani,,3.8,DHA,Spice Bazaar - DHA . Pakistani . in DHA
restaurant_123,123,ZINGO-DHA PHASE 6,restaurant,ZINGO-DHA PHASE 6,Burgers,,4.2,DHA,ZINGO-DHA PHASE 6 . Burgers . in DHA
restaurant_124,124,Eto Burgers - DHA Phase 6,restaurant,Eto Burgers - DHA Phase 6,Fast Food,,4.4,DHA,Eto Burgers - DHA Phase 6 . Fast Food . in DHA
restaurant_125,125,CVCL- DHA Raya,restaurant,CVCL- DHA Raya,Fast Food,,1.5,DHA,CVCL- DHA Raya . Fast Food . in DHA
restaurant_126,126,Forks n Knives Pizza Kitchen - DHA,restaurant,Forks n Knives Pizza Kitchen - DHA,Pizza,,3.5,DHA,Forks n Knives Pizza Kitchen - DHA . Pizza . in DHA
