item_id,restaurant_id,item_name,category,raw_category,price,currency,description,variations,variation_min_price,variation_max_price,is_available
1,127,Beef Hara Bhara Kabab,BBQ & Grill,Bar BQ,850.0,PKR,Single serving,Half: 850.0; Full: 1700.0,850.0,1700.0,True
2,127,Beef Kabab,BBQ & Grill,Bar BQ,400.0,PKR,Tender beef chunks marinated in aromatic spices and grilled to perfection over charcoal A single serving of authentic Bar BQ beef kabab served with fresh onions and lemon,Half: 800.0; Full: 1600.0; Quarter: 400.0,400.0,1600.0,True
3,127,Chicken Cheese Hara Bhara Kabab,BBQ & Grill,Bar BQ,900.0,PKR,Single serving,Half: 900.0; Full: 1800.0,900.0,1800.0,True
4,127,Chicken Kabab,BBQ & Grill,Bar BQ,400.0,PKR,"Single serving. Minced chicken boneless, made into small patty-like shape, crispy & tender",Quarter: 400.0; Half: 800.0; Full: 1600.0,400.0,1600.0,True
5,127,Chicken Leg Piece,BBQ & Grill,Bar BQ,360.0,PKR,Single serving,,,,True
6,127,Chicken Malai Boti,BBQ & Grill,Bar BQ,450.0,PKR,Single serving. Creamy smoky BBQ chicken that will melt in your mouth,Quarter: 450.0; Half: 900.0; Full: 1800.0,450.0,1800.0,True
7,127,Chicken Tikka Boti,BBQ & Grill,Bar BQ,350.0,PKR,Single serving. Chicken baked using skewers after marinating in  spices and yogurt,Quarter: 350.0; Half: 699.0; Full: 1400.0,350.0,1400.0,True
8,127,Nablet,BBQ & Grill,Bar BQ,450.0,PKR,Choose Serving Size,Quarter: 450.0; Half: 900.0; Full: 1800.0,450.0,1800.0,True
9,127,Coca-Cola Can - 250 ml,Beverages,Beverages,120.0,PKR,The best combination for all food choices.,Coke Half Ltr: 120.0; Coke 1.5 Ltr: 200.0,1.5,200.0,True
10,127,Coke Can - 250 Ml,Beverages,Beverages,125.0,PKR,The best combination for all food choices,Coke Half Ltr: 125.0; Coke 1.5 Ltr: 250.0,1.5,250.0,True
11,127,Mineral Water 1.5 Litre,Beverages,Beverages,150.0,PKR,"Fresh, soothing water to replenish you throughout the day",,,,True
12,127,Sprite 1 Liter,Beverages,Beverages,125.0,PKR,The perfect carbonated experience,Sprit 1.5 Ltr: 250.0; Sprit Half Ltr: 125.0,1.5,250.0,True
13,127,Degi Chargha,BBQ & Grill,Chargha,499.0,PKR,Single serving,Quarter: 499.0; Half: 700.0; Full: 1400.0,499.0,1400.0,True
14,127,Special Offer Deal,Deals & Combos,Exclusive Discounted Deals,1445.0,PKR,"Special mixed platter. Quarter tikka boti, quarter malai boti, 3 chicken kabab, 3 beef kabab, leg piece, 2 roghni naan & 500ml soft drink",,,,True
15,127,Two Person Deal,Deals & Combos,Exclusive Discounted Deals,1300.5,PKR,"Half Chicken Karahi with 4 roti, raita and drink",,,,True
16,127,Chicken Achari Karahi,BBQ & Grill,Karahi,1000.0,PKR,Single serving,Half: 1000.0; Full: 1800.0,1000.0,1800.0,True
17,127,Chicken Black Pepper Karahi,BBQ & Grill,Karahi,950.0,PKR,Single serving,Half: 950.0; Full: 1800.0,950.0,1800.0,True
18,127,Chicken Karahi,BBQ & Grill,Karahi,899.0,PKR,Single serving. Homestyle chicken curry with fragrant spices and fresh ginger,Half: 899.0; Full: 1600.0,899.0,1600.0,True
19,127,Chicken Makhni Karahi,BBQ & Grill,Karahi,1000.0,PKR,Single serving,Half: 1000.0; Full: 2000.0,1000.0,2000.0,True
20,127,Chicken Tikka Karahi,BBQ & Grill,Karahi,1000.0,PKR,Single serving,Half: 1000.0; Full: 1900.0,1000.0,1900.0,True
21,127,Chicken White Karahi,BBQ & Grill,Karahi,1099.0,PKR,Single serving,Half: 1099.0; Full: 2200.0,1099.0,2200.0,True
22,127,Special Beef Boneless Karahi,BBQ & Grill,Karahi,1200.0,PKR,Single serving,Half: 1200.0; Full: 2400.0,1200.0,2400.0,True
23,127,Special Mutton Karahi,BBQ & Grill,Karahi,1999.0,PKR,Single serving,Half: 1999.0; Full: 3999.0,1999.0,3999.0,True
24,127,Beef Kabab Masala,Other,Mains,900.0,PKR,"Juicy, spiced beef kebabs cooked with rich masala.",,,,True
25,127,Chicken Kabab Masala,Other,Mains,1000.0,PKR,Flavorful kababs made with a rich masala coating.,,,,True
26,127,Chicken Tawa Piece,Other,Mains,700.0,PKR,Tender chicken piece cooked on a traditional tawa with aromatic spices and served hot as a single serving portion,,,,True
27,127,Khubani Chutney,Sides & Appetizers,Sides,40.0,PKR,Single Serving,,,,True
28,127,Raita,Sides & Appetizers,Sides,70.0,PKR,Yoghurt infused with multiple spices to go with your desi meals,,,,True
29,127,Salad,Sides & Appetizers,Sides,70.0,PKR,Well-seasoned cut up crunchy vegetables as a refreshing side,,,,True
30,127,Deal 1 (One-Person BBQ Deal),Deals & Combos,Smokin’ Hot Deals,499.2,PKR,"1x Leg or Chest Piece 
1x Raita 
1x Salad 
2x Roti 
1x Drink",,,,True
31,127,Deal 2 (BBQ Kabab Feast),Deals & Combos,Smokin’ Hot Deals,599.2,PKR,"4x Chicken Kabab
1x Afghani Naan 
1x Raita 
1x Salad 
1x Drink",,,,True
32,127,Deal 3 (BBQ Tikka Combo),Deals & Combos,Smokin’ Hot Deals,499.2,PKR,"1x Seekh Chicken Tikka Boti 
2x Naan
1x Raita 
1x Drink",,,,True
33,127,Deal 4 (BBQ Malai Combo),Deals & Combos,Smokin’ Hot Deals,599.2,PKR,"1x Malai Boti 
2x Naan
1x Raita 
1x Salad 
1x Drink",,,,True
34,127,Beef Naan,BBQ & Grill,Tandoor,400.0,PKR,Single Serving,,,,True
35,127,Chicken Naan,BBQ & Grill,Tandoor,400.0,PKR,Single Serving,,,,True
36,127,Garlic Naan,BBQ & Grill,Tandoor,90.0,PKR,Single Serving,,,,True
37,127,Kulcha Naan,BBQ & Grill,Tandoor,70.0,PKR,Single Serving,,,,True
38,127,Kulwangi Naan,BBQ & Grill,Tandoor,90.0,PKR,Single Serving,,,,True
39,127,Rohgni Naan,BBQ & Grill,Tandoor,120.0,PKR,Flatbread baked in the oven until golden and crisped on the outside,,,,True
40,127,Sada Naan,BBQ & Grill,Tandoor,50.0,PKR,Straight out of tandoor fresh and fluffy,,,,True
41,127,Sada Roti,BBQ & Grill,Tandoor,35.0,PKR,The desi way to eat everything desi,,,,True
42,128,Fizz Up Lemon,Add-ons & Condiments,Add Ons,85.0,PKR,A refreshing lemon fizz add-on that brings a zesty citrus burst to your beverage with bright tangy notes and effervescent bubbles,300ml: 85; 500ml: 127.5; 1000ml: 170; 1500ml: 212.5,85.0,1500.0,True
43,128,Mint Raita,Add-ons & Condiments,Add Ons,170.0,PKR,Traditional South Asian style mint yogurt condiment featuring a refreshing and aromatic flavor.,170,170.0,170.0,True
44,128,Next Cola,Add-ons & Condiments,Add Ons,85.0,PKR,Refreshing Next Cola served ice-cold to complement your meal perfectly,300ml: 85; 500ml: 127.5; 1000ml: 170; 1500ml: 212.5,85.0,1500.0,True
45,128,Puri Paratha,Add-ons & Condiments,Add Ons,59.5,PKR,South Asian style pan fried flatbread featuring a flaky texture and comforting savory flavor.,59.5,59.5,59.5,True
46,128,Roghni Naan,Add-ons & Condiments,Add Ons,102.0,PKR,Soft and fluffy naan bread brushed generously with ghee and sesame seeds for a rich buttery flavor and aromatic finish,102,102.0,102.0,True
47,128,Sada Naan,Add-ons & Condiments,Add Ons,42.5,PKR,Soft and fluffy traditional naan bread freshly baked in a tandoor oven. Perfect complement to any curry or meal with its warm pillowy texture and subtle charred edges,42.5,42.5,42.5,True
48,128,Tandoori Roti,Add-ons & Condiments,Add Ons,34.0,PKR,Soft and fluffy tandoori roti freshly baked in a traditional clay oven with a light char and smoky flavor. Perfect complement to any curry or main dish.,34,34.0,34.0,True
49,128,Chicken Cheese Boti,BBQ & Grill,Bar B Q,765.0,PKR,Succulent chunks of tender chicken marinated in aromatic spices and grilled to perfection with melted cheese. A smoky delight.,Half (6 PCS): 765; Full (12 PCS): 1530,6.0,1530.0,True
50,128,Chicken Gola Kabab,BBQ & Grill,Bar B Q,701.25,PKR,Tender chicken minced and marinated in traditional aromatic spices and grilled to perfection on skewers. Juicy succulent and infused with traditional flavors.,Half (6 PCS): 701.25; Full (12 PCS): 1402.5,6.0,1402.5,True
51,128,Chicken Malai Boti,BBQ & Grill,Bar B Q,680.0,PKR,Tender chicken pieces marinated in a rich blend of cream yogurt and aromatic spices then grilled to perfection over charcoal A classic favorite with a smoky flavor and succulent texture,Half (6 PCS): 680; Full (12 PCS): 1360,6.0,1360.0,True
52,128,Chicken Reshmi Kabab,BBQ & Grill,Bar B Q,701.25,PKR,Tender and juicy chicken mince blended with aromatic spices and fresh herbs grilled to perfection on skewers.,Half (3 PCS): 701.25; Full (6 PCS): 1402.5,3.0,1402.5,True
53,128,Chicken Seekh Kabaab,BBQ & Grill,Bar B Q,637.5,PKR,Succulent minced chicken blended with aromatic spices and fresh herbs grilled on skewers until golden and smoky,Half (3 PCS): 637.5; Full (6 PCS): 1275,3.0,1275.0,True
54,128,Chicken Tikka Boti,BBQ & Grill,Bar B Q,616.25,PKR,Succulent chicken tikka boti marinated in aromatic spices and yogurt then grilled to perfection over charcoal.,Half (6 PCS): 616.25; Full (12 PCS): 1232.5,6.0,1232.5,True
55,128,Chicken Tikka Breast Piece,BBQ & Grill,Bar B Q,552.5,PKR,Grilled South Asian style chicken breast featuring a savory and aromatic flavor.,552.5,552.5,552.5,True
56,128,Chicken Tikka Leg Piece,BBQ & Grill,Bar B Q,510.0,PKR,Grilled South Asian style chicken featuring a savory and aromatic flavor.,510,510.0,510.0,True
57,128,Chicken Chutni Roll,Shawarma & Wraps,Rolls,467.5,PKR,Tender chicken tikka chunks infused with savory and tangy flavors wrapped in soft pori paratha for an authentic Pakistani experience,467.5,467.5,467.5,True
58,128,Chicken Kabab Roll,Shawarma & Wraps,Rolls,467.5,PKR,Tender chicken seekh kabab with savory and aromatic flavors wrapped in crispy pori paratha for an authentic South Asian experience,467.5,467.5,467.5,True
59,128,Chicken Malai Boti Roll,Shawarma & Wraps,Rolls,488.75,PKR,Tender chicken malai boti pieces charred to perfection with rich aromatic flavors wrapped in soft pori paratha for an authentic South Asian experience,488.75,488.75,488.75,True
60,129,Mint Raita,Add-ons & Condiments,Add Ons,170.0,PKR,Traditional South Asian style yogurt condiment featuring a refreshing and aromatic flavor.,,,,True
61,129,Puri Paratha,Add-ons & Condiments,Add Ons,59.5,PKR,Golden fried puri paratha with layers of flaky dough fried until crispy and light Perfect accompaniment to any curry or gravy dish,,,,True
62,129,Sada Naan,Add-ons & Condiments,Add Ons,42.5,PKR,Traditional soft and fluffy naan bread baked fresh in a tandoor oven with a light brushing of ghee. Perfect complement to any curry or meal,,,,True
63,129,Tandoori Roti,Add-ons & Condiments,Add Ons,34.0,PKR,Freshly baked tandoori roti with a smoky charred finish and soft texture. Perfect complement to any curry or main dish,,,,True
64,129,Chicken Malai Boti,BBQ & Grill,Bar B Q,680.0,PKR,Tender chicken pieces marinated in creamy yogurt and aromatic spices then grilled to perfection over charcoal A succulent Bar B Q favorite with a smoky flavor and juicy texture,Half (6 PCS): 680.0; Full (12 PCS): 1360.0,6.0,1360.0,True
65,129,Chicken Tikka Boti,BBQ & Grill,Bar B Q,616.25,PKR,Succulent chicken tikka boti marinated in aromatic spices and yogurt then grilled to perfection over charcoal. Tender juicy pieces with a smoky flavor and charred exterior best served with fresh lemon and mint chutney,Half (6 PCS): 616.25; Full (12 PCS): 1232.5,6.0,1232.5,True
66,129,Chicken Tikka Leg Piece,BBQ & Grill,Bar B Q,510.0,PKR,Tender chicken leg piece marinated in aromatic spices and then grilled to perfection over charcoal. Tender juicy meat with a smoky char and vibrant flavors that make it an irresistible Bar B Q favorite,,,,True
67,129,Chicken Chutni Roll,Shawarma & Wraps,Roll,467.5,PKR,Tender diced chicken tikka wrapped in a soft Pori Paratha with tangy chutney and fresh vegetables. A flavorful and satisfying roll perfect for any meal,,,,True
68,129,Chicken Malai Boti Roll,Shawarma & Wraps,Roll,488.75,PKR,Tender chicken pieces marinated in creamy malai sauce with aromatic spices grilled to perfection and wrapped in soft pori paratha with fresh vegetables and mint chutney,,,,True
69,130,Extra Chowmein,Add-ons & Condiments,Add Ons,600.0,PKR,Topping,,,,True
70,130,Extra Cracker,Add-ons & Condiments,Add Ons,400.0,PKR,Topping,,,,True
71,130,Extra Egg,Add-ons & Condiments,Add Ons,250.0,PKR,Topping,,,,True
72,130,Extra Nuts,Add-ons & Condiments,Add Ons,350.0,PKR,Topping,,,,True
73,130,Extra Sole Fish,Add-ons & Condiments,Add Ons,600.0,PKR,Topping,,,,True
74,130,Extra Tobiko,Add-ons & Condiments,Add Ons,550.0,PKR,Seafood,,,,True
75,130,Extra Tofu,Add-ons & Condiments,Add Ons,400.0,PKR,Chinese veg,,,,True
76,130,Chicken Drumstick,Sides & Appetizers,Appetizer,1270.0,PKR,Minced chicken seasoned in signature sauce to form an In-house chicken drum stick,3 Pieces: 1270.0; 6 Pieces: 1750.0,3.0,1750.0,True
77,130,Chicken Nachos,Sides & Appetizers,Appetizer,1320.0,PKR,"Serves 1-2. . Crispy nachos with  a blend of flavorful ingredients, for a satisfying and delicious snack. Comes with cheese",,,,True
78,130,Dumplings Chicken,Sides & Appetizers,Appetizer,1470.0,PKR,"Serves 1-2. Tender chicken dumplings served in a light, flavorful style, perfect as a savory and satisfying treat.",,,,True
79,130,Dumplings Prawns,Sides & Appetizers,Appetizer,2200.0,PKR,"Serves 1-2. Soft and tender dumplings filled with succulent prawns, offering a delicate and flavorful bite in every serving.",,,,True
80,130,Fiery Tempura Prawns,Sides & Appetizers,Appetizer,1780.0,PKR,Mild spicy crispy tempura prawns delivering a perfect balance of crunch and heat in every bite.,3 Pieces: 1780.0; 6 Pieces: 2690.0,3.0,2690.0,True
81,130,Fire Cracker Prawns,Sides & Appetizers,Appetizer,1760.0,PKR,"Serves 1. Mild spicy juicy prawns with a flavorful sauce, delivering a spicy kick and a deliciously satisfying bite every time.",3 Pieces: 1760.0; 6 Pieces: 2690.0,3.0,2690.0,True
82,130,Ginsu Prawns,Sides & Appetizers,Appetizer,2360.0,PKR,"Serves 1-2. Spicy crispy prawns tossed in a bold, flavorful sauce, offering a perfect balance of crunch and zest in every bite.",,,,True
83,130,Gyoza Dumplings,Sides & Appetizers,Appetizer,1720.0,PKR,"Serves 1-2. Soft and tender dumplings filled with savory ingredients, offering a delicate and satisfying bite in every spoonful.",,,,True
84,130,Nana Chicken,Sides & Appetizers,Appetizer,1470.0,PKR,"Serves 1-2. Spicy Tender chicken pieces cooked in a flavorful, mildly spiced sauce, offering a delicious and satisfying taste in every bite.",,,,True
85,130,Nana Prawns,Sides & Appetizers,Appetizer,2360.0,PKR,"Serves 1. Tender prawns cooked in a mildly spiced, flavorful sauce, offering a delicious and satisfying bite every time.",,,,True
86,130,Pan Seared Spicy Dumplings,Sides & Appetizers,Appetizer,1560.0,PKR,"Serves 1-2. Mild spicy crispy pan-seared dumplings with a spicy, flavorful filling, perfect as a savory and satisfying appetizer.",,,,True
87,130,Red Hot Wings,Sides & Appetizers,Appetizer,1490.0,PKR,"Serves 1-2. Mild spicy juicy chicken wings tossed in a fiery, flavorful sauce, delivering a bold and satisfying kick in every bite.",,,,True
88,130,Beef Bibimbap,Meat Mains,Beef,2190.0,PKR,"Serves 1. A hearty Korean-style bowl with tender beef, rice, and fresh vegetables, served with a flavorful sauce for a satisfying and balanced meal.. Comes with egg",,,,True
89,130,Beef Chilli Dry,Meat Mains,Beef,2180.0,PKR,"Serves 1. Tender beef pieces tossed in a bold and spicy sauce, creating a dry, flavorful, and satisfying dish.",,,,True
90,130,Beef in Black Bean Sauce,Meat Mains,Beef,2180.0,PKR,"Serves 1. Tender beef cooked in a rich and savory black bean sauce, delivering a bold and satisfying flavor in every bite.",,,,True
91,130,Crunchy Honey Beef,Meat Mains,Beef,2180.0,PKR,"Serves 1. Tender beef coated in a sweet honey glaze with a light crunch, offering a flavorful and satisfying dish.",,,,True
92,130,Dragon Beef,Meat Mains,Beef,2190.0,PKR,Serves 1. Stir-fried mild spicy beef simmered in spicy tangy sauce,,,,True
93,130,Lettuce Wraps In Wok-Fried Beef,Meat Mains,Beef,1980.0,PKR,"Serves 1. Crisp lettuce with tender wok-fried beef and flavorful ingredients, creating a light and satisfying bite.. Comes with nuts",,,,True
94,130,Mongolian Beef,Meat Mains,Beef,2160.0,PKR,"Serves 1. Tender beef stir-fried in a savory Mongolian-style sauce, delivering a rich, flavorful, and satisfying dish.",,,,True
95,130,Oyster Beef,Meat Mains,Beef,2190.0,PKR,Serves 1. Stir-fried beef with red & green chilies seasoned in signature oyster sauce,,,,True
96,130,Shanghai Beef,Meat Mains,Beef,2190.0,PKR,Serves 1. Tender beef chunks seasoned in a dark mushroom soy sauce with shallots.,,,,True
97,130,Spicy Basil Beef,Meat Mains,Beef,2190.0,PKR,"Serves 1. Tender beef stir-fried with aromatic basil and spices, delivering a bold, savory, and satisfying dish",,,,True
98,130,White Sesame Beef Bulgogi,Meat Mains,Beef,2190.0,PKR,"Serves 1. Tender beef cooked in a savory bulgogi-style sauce with a hint of sesame, offering a rich and flavorful Korean-inspired dish.",,,,True
99,130,Dasani Water - 500 Ml,Beverages,Beverages,195.0,PKR,Bottled hydration,,,,True
100,130,Fresh Lime,Beverages,Beverages,290.0,PKR,Serves 1.Sprite Fresh Lime,COKE: 290.0; DIET COKE: 290.0; Sprite: 290.0; Zero Sprite: 290.0,290.0,290.0,True
101,130,Mint Margarita,Beverages,Beverages,610.0,PKR,"Serves 1. A cool and refreshing drink with fresh mint and lime, perfect to enjoy anytime.",,,,True
102,130,Pina Colada,Beverages,Beverages,750.0,PKR,"Single Serving. A sweet and creamy tropical drink with pineapple and coconut, perfect for a refreshing treat.",,,,True
103,130,Almond Chicken,Meat Mains,Chicken,1970.0,PKR,"Serves 1. Tender chicken cooked with crunchy almonds in a savory sauce, creating a flavorful and satisfying dish. Comes with nuts",,,,True
104,130,Basil Chicken,Meat Mains,Chicken,1930.0,PKR,Serves 1. Minced chicken served in signature spicy basil sauce & topped with fresh basil leave,,,,True
105,130,Black Pepper Chicken,Meat Mains,Chicken,1930.0,PKR,Serves 1. Stir-fried chicken seasoned with signature black pepper sauce,,,,True
106,130,Chicken Chilli Dry,Meat Mains,Chicken,1960.0,PKR,"Serves 1. Tender chicken pieces tossed in a spicy, flavorful sauce, creating a bold and satisfying dry-style dish.",,,,True
107,130,Chicken In Garlic Sauce,Meat Mains,Chicken,1910.0,PKR,"Serves 1. Tender chicken cooked in a savory garlic sauce, delivering a flavorful and satisfying dish.",,,,True
108,130,Chicken With Cashew Nuts,Meat Mains,Chicken,1990.0,PKR,"Serves 1. Tender chicken stir-fried with crunchy cashew nuts in a flavorful sauce, creating a savory and satisfying dish.. Comes with nuts",,,,True
109,130,Crunchy Honey Chicken,Meat Mains,Chicken,1960.0,PKR,Serves 1. Crunchy chicken bites seasoned & topped with signature honey sauce,,,,True
110,130,Desi Manchurian,Meat Mains,Chicken,1960.0,PKR,"Serves 1. Crispy Manchurian-style chicken tossed in a bold, savory sauce with a local twist, offering a flavorful and satisfying bite.",,,,True
111,130,Dragon Chicken,Meat Mains,Chicken,1940.0,PKR,Serves 1. Stir-fried mild spicy chicken simmered in spicy tangy sauce,,,,True
112,130,Extreme Spicy Chicken,Meat Mains,Chicken,1910.0,PKR,"Serves 1. Tender chicken tossed in a fiery, bold sauce, delivering an intense and flavorful spicy kick in every bite.",,,,True
113,130,Green Curry,Meat Mains,Chicken,1960.0,PKR,"Serves 1. Tender chicken cooked in a rich and mildly spiced green curry sauce, offering a flavorful and satisfying Thai-inspired dish.",,,,True
114,130,Hot & Sour Chicken,Meat Mains,Chicken,1960.0,PKR,"Serves 1. Tender chicken in a bold hot and sour sauce, offering a perfect balance of spice and tang for a flavorful and satisfying dish",,,,True
115,130,Kung Pao Chicken,Meat Mains,Chicken,1960.0,PKR,"Serves 1. Tender chicken stir-fried with peanuts and vegetables in a bold, savory sauce, delivering a flavorful and satisfying bite. Comes with nuts",,,,True
116,130,Lettuce Wraps With Wok-Fried Chicken,Meat Mains,Chicken,1880.0,PKR,"Serves 1. Crisp lettuce filled with tender wok-fried chicken and flavorful ingredients, creating a light and satisfying bite. Comes with nuts",,,,True
117,130,Mapo Tofu,Meat Mains,Chicken,1940.0,PKR,Serves 1. Mild spicy. Spicy tofu served with minced chicken & rice,Fried: 1940.0; Boiled: 1940.0,1940.0,1940.0,True
118,130,Mongolian Chicken,Meat Mains,Chicken,1940.0,PKR,"Serves 1. Tender chicken stir-fried in a savory Mongolian-style sauce, offering a rich, flavorful, and satisfying dish.",,,,True
119,130,Orange Chicken,Meat Mains,Chicken,1950.0,PKR,Serves 1. Stir-fried chicken in signature sauce and orange chilli sambal,,,,True
120,130,Oyster Chicken,Meat Mains,Chicken,1960.0,PKR,Serves 1. Stir-fried chicken with red & green chilies seasoned in signature oyster sauce,,,,True
121,130,Penang Curry,Meat Mains,Chicken,1980.0,PKR,"Serves 1. A flavorful Thai-style Penang curry with a rich, mildly spiced sauce, offering a creamy and satisfying meal.",,,,True
122,130,Red Curry,Meat Mains,Chicken,1960.0,PKR,"Serves 1. A rich and mildly spiced Thai-style red curry, packed with bold flavors for a warm and satisfying meal.",,,,True
123,130,Sesame Chicken,Meat Mains,Chicken,1960.0,PKR,Serves 1. Signature battered-chicken seasoned in signature sweet sesame sauce,,,,True
124,130,Spicy Black Bean Chicken,Meat Mains,Chicken,1960.0,PKR,"Serves 1. Tender chicken cooked in a bold and spicy black bean sauce, delivering a rich and flavorful dish.",,,,True
125,130,Sweet & Sour Special Manchurian,Meat Mains,Chicken,1920.0,PKR,"Serves 1. Crispy Manchurian pieces tossed in a tangy sweet and sour sauce, offering a flavorful and satisfying bite.",,,,True
126,130,Sweet & Sour Spicy Chicken,Meat Mains,Chicken,1920.0,PKR,"Serves 1. Tender chicken in a tangy sweet and spicy sauce, delivering a flavorful and satisfying bite with every serving.",,,,True
127,130,Szechuan Chicken Gravy,Meat Mains,Chicken,1920.0,PKR,"Serves 1. Tender chicken cooked in a bold Szechuan-style gravy, delivering a spicy and flavorful dish perfect for a satisfying meal..",,,,True
128,130,Szechuan Chilli Dry,Meat Mains,Chicken,1920.0,PKR,"Serves 1. Tender pieces tossed in a bold Szechuan chili sauce, delivering a dry, spicy, and flavorful dish.",,,,True
129,130,American Chop Suey,Other,Chop Suey,1810.0,PKR,"Serves 1. Tender meat and vegetables stir-fried with noodles in a savory sauce, offering a classic and satisfying American-style dish.",,,,True
130,130,Prawn Chop Suey,Other,Chop Suey,2180.0,PKR,"Serves 1. Juicy prawns stir-fried with vegetables and noodles in a savory sauce, creating a flavorful and satisfying meal.",,,,True
131,130,Beef Chow Mein,Other,Chow Mein,1950.0,PKR,"Serves 1. Soft noodles stir-fried with tender beef and vegetables in a savory sauce, delivering a rich and satisfying meal.",,,,True
132,130,Chicken Chow Mein,Other,Chow Mein,1610.0,PKR,"Serves 1. Soft noodles stir-fried with tender chicken and vegetables in a savory sauce, delivering a flavorful and satisfying meal.",,,,True
133,130,Prawn Chow Mein,Other,Chow Mein,2270.0,PKR,"Serves 1. Soft noodles stir-fried with juicy prawns and vegetables in a savory sauce, creating a flavorful and satisfying meal.",,,,True
134,130,Molten Lava,Desserts,Desserts,1200.0,PKR,"Serves 1. A warm chocolate cake with a gooey molten center, offering a rich and indulgent dessert experience.",,,,True
135,130,Red Velvet Cake Slice,Desserts,Desserts,750.0,PKR,"Serves 1. A moist and rich red velvet cake slice with a smooth cream cheese frosting, offering a sweet and indulgent treat.",Slice: 750.0; 2 Pound: 2000.0; 3 Pound: 2800.0,2.0,2800.0,True
136,130,Tiramisu,Desserts,Desserts,800.0,PKR,"Serves 1. A classic Italian dessert with layers of coffee-soaked sponge and creamy mascarpone, offering a rich and indulgent treat.",,,,True
137,130,Meal For 1,Deals & Combos,Exclusive Combos,1350.0,PKR,"Szechuan Chicken Gravy (Half Serving), Egg Fried Rice (Half Serving), 2 spring rolls & one 350ml Drink",,,,True
138,130,Meal For 2,Deals & Combos,Exclusive Combos,1725.0,PKR,"2pcs Mini Drum Stick, Chicken Chili Onion (Half Serving), Szechuan Chicken Gravy (Half Serving), Chicken Chowmein (Half Serving), Egg Fried Rice & 2 Drinks (350ml)",,,,True
139,130,Meal For 4,Deals & Combos,Exclusive Combos,3500.0,PKR,"8Pcs Honey Wings, Chicken Manchurian (Full serving), Chicken in Garlic Sauce (Full serving), Chicken Chowmein (Full serving),  Egg Fried Rice (Full serving) & 4 350ml Drinks",,,,True
140,130,Assorted Sushi Balls,Japanese,Japanese,2580.0,PKR,Serves 1,,,,True
141,130,Bamboo Maki,Japanese,Japanese,3650.0,PKR,"Serves 1. In-house battered prawns topped with seasoned sushi rice & layer of pink salmon served with shogha, wasabi & soy sauce",,,,True
142,130,Batter Fried Tempura Roll,Japanese,Japanese,2900.0,PKR,"Serves 1. Battered-fried spicy prawns topped with in-house crunchy sticky rice served with shogha, wasabi & soy sauce",,,,True
143,130,Beef Tataki,Japanese,Japanese,3180.0,PKR,"Serves 1. Smoked Beef slices marinated in signature sauce, topped with crispy garlic & green onion",,,,True
144,130,Beef Teppanyaki,Japanese,Japanese,3580.0,PKR,"Tender beef strips stir-fried with fresh vegetables in a rich and savory Japanese teppanyaki sauce. Served sizzling hot with aromatic sticky garlic rice, this dish delivers a bold combination of smoky, sweet, and umami flavors in every bite.",,,,True
145,130,California Roll,Japanese,Japanese,2090.0,PKR,"Serves 1-2. Blanched-prawns topped with crab stick, avocado, and pickled cucumber, sticky rice & tobiko orange served with shogha, ginger & soy sauce",4 Pcs: 2090.0; 8 Pcs: 2890.0,4.0,2890.0,True
146,130,Chicken Teppanyaki,Japanese,Japanese,3180.0,PKR,Serves 1. Slices chicken in signature teppanyaki sauce & veggies in butter & served with sticky garlic rice,,,,True
147,130,Crazy Salmon Roll,Japanese,Japanese,3500.0,PKR,"Salmon roll topped with potato crunch & sesame, stuffed with cheese & served with shogha & soy sauce",,,,True
148,130,Crunchy California Maki,Japanese,Japanese,3100.0,PKR,"Serves 1-2. Crunchy combo of prawn & crab stuffed with pickled cucumber, served with shogha, wasabi & soy sauce",,,,True
149,130,Crunchy Maki,Japanese,Japanese,1990.0,PKR,"Serves 1. Signature battered-prawn topped with in-house crunch & sticky rice served with shogha, wasabi & soy sauce",5 Pcs: 1990.0; 10 Pcs: 2950.0,5.0,2950.0,True
150,130,Dynamite Roll,Japanese,Japanese,3150.0,PKR,"A delicious combination of sushi prawn, cucumber, and crabstick, topped with a creamy crab and cucumber salad with spicy mayo. Finished with black and white sesame seeds and colorful tobiko.",,,,True
151,130,Edamame,Japanese,Japanese,1600.0,PKR,Japanese beans seasoned salted,SALTED: 1600.0; SPICY: 1650.0,1600.0,1650.0,True
152,130,Explosion Roll,Japanese,Japanese,3560.0,PKR,"A bold and flavorful roll with crispy prawn tempura, topped with fresh salmon, jalapeños, crabstick, cucumber, crunch, and spicy mayo. Finished with diced tuna and a touch of wasabi sauce.",,,,True
153,130,Fish Teppanyaki,Japanese,Japanese,2890.0,PKR,Serves 1. Fish in signature teppanyaki sauce & veggies in butter & served with sticky garlic rice,2 Pcs: 2890.0; 4pcs: 3790.0,2.0,3790.0,True
154,130,Kappa Maki,Japanese,Japanese,2150.0,PKR,A classic Japanese sushi roll made with crisp cucumber wrapped in seasoned sushi rice and nori seaweed,,,,True
155,130,Prawn Nigiri,Japanese,Japanese,2290.0,PKR,Nigiri featuring succulent shrimp served over hand-pressed seasoned sushi rice,,,,True
156,130,Prawn Teppanyaki,Japanese,Japanese,3990.0,PKR,"Succulent prawns stir-fried with fresh vegetables in a rich and savory Japanese teppanyaki sauce. Served sizzling hot with aromatic sticky garlic rice, this dish delivers a delicious balance of smoky and umami flavors in every bite.",,,,True
157,130,Rainbow Roll,Japanese,Japanese,3750.0,PKR,"Serves 1-2. Raw crab stick topped with signature mayo, sticky rice & a further topping of salmon, tuna & avocado. Served with shogha, wasabi & soy sauce",,,,True
158,130,Ramen Beef,Japanese,Japanese,2080.0,PKR,Serves 1. Egg noodles cooked in a special stock with beef,,,,True
159,130,Ramen Chicken,Japanese,Japanese,1950.0,PKR,Serves 1. Egg noodles cooked in a special stock with chicken,,,,True
160,130,Salmon California Maki,Japanese,Japanese,3680.0,PKR,"Serves 1. Pink salmon with sticky rice topped with signature mayo served with shogha, wasabi & soy sauce",,,,True
161,130,Salmon Dragon Maki,Japanese,Japanese,3880.0,PKR,"Serves 1-2. Battered-fried prawns topped with sticky rice, salmon & signature sauce, served with shogha, wasabi & soy sauce",,,,True
162,130,Salmon Edamame Poke Bowl,Japanese,Japanese,3280.0,PKR,"fresh salmon and protein-rich edamame served over sushi rice, accompanied by crisp vegetables, creamy avocado, and flavorful toppings. Finished with our signature poke sauce, this vibrant bowl offers a refreshing and wholesome balance of fresh, savory, and satisfying flavors.",,,,True
163,130,Salmon Edamame Salad,Japanese,Japanese,2550.0,PKR,Cubes of raw salmon in a mild mayo base with edamame,,,,True
164,130,Salmon Fillet Roll 8 Pcs,Japanese,Japanese,3560.0,PKR,"Crunchy prawn tempura wrapped in sushi rice and topped with delicate slices of fresh salmon, spicy mayo, and a sprinkle of togarashi spices for a mildly spicy finish.",,,,True
165,130,Salmon Nigiri,Japanese,Japanese,2650.0,PKR,"In-house sticky rice topped with finely diced salmon, served with shogha, wasabi & soy sauce",3 Pcs: 2650.0; 5 Pcs: 3750.0,3.0,3750.0,True
166,130,Salmon Poke Bowl,Japanese,Japanese,2960.0,PKR,"Serves 1. Raw salmon cubes served in a bowl of sticky rice, fresh cucumber, green onion, tomatoes & signature poke sauce",,,,True
167,130,Salmon Sushi Balls,Japanese,Japanese,2580.0,PKR,"Serves 1. Ball of Japanese sticky rice topped with pink salmon signature sauce, served with shogha, wasabi & soy sauce",,,,True
168,130,Salmon Tataki,Japanese,Japanese,3950.0,PKR,"Delicate slices of lightly seared salmon served with a refreshing citrus ponzu sauce. Garnished with finely chopped ginger, scallions, and fresh tsuma, this elegant dish offers a perfect balance of zesty, savory, and delicate flavors.",,,,True
169,130,Smoked Spicy Salmon Roll,Japanese,Japanese,3550.0,PKR,Serves 1. Raw salmon & spicy mayo hand-rolled with Japanese rice topped with torch-smoked aalmon.,,,,True
170,130,Smoked Spicy Tuna Roll,Japanese,Japanese,3550.0,PKR,Raw tuna with crushed pickles and spicy mayo hand-called with Japanese rice topped with torch-smoked Tuna,,,,True
171,130,Spicy Salmon Maki,Japanese,Japanese,2190.0,PKR,"Raw salmon rolled in Japanese rice and wrapped with seaweed, served with shogha, wasabi and soy sauce.",4 PCS: 2190.0; 8 Pcs: 3490.0,4.0,3490.0,True
172,130,Spicy Tempura Maki,Japanese,Japanese,1850.0,PKR,"Serves 1-2. Battered-fried prawns topped with sticky rice, tongarashi signature chili mayo sauce & extra prawns on top served with shogha, wasabi & soy sauce",4 Pcs: 1850.0; 8 PCS: 2690.0,4.0,2690.0,True
173,130,Spicy Tuna Maki,Japanese,Japanese,2190.0,PKR,"Raw tuna rolled in Japanese rice and wrapped with seaweed, served with shogha, wasabi and soy sauce",4 Pcs: 2190.0; 8 Pcs: 3490.0,4.0,3490.0,True
174,130,Sunset Roll,Japanese,Japanese,3400.0,PKR,"Crispy prawn tempura rolled with sushi rice and topped with a creamy cucumber and crabstick salad, crunchy bits, and mayo. Finished with spicy mayo, teriyaki sauce, and black sesame seeds.",,,,True
175,130,Surfer Roll,Japanese,Japanese,3480.0,PKR,"A crispy and flavorful sushi roll filled with crabstick, togarashi, and creamy mayo. Coated with crunchy crab flakes and finished with our signature Surfer Sauce, this roll delivers the perfect balance of crunch, spice, and rich umami flavors.",,,,True
176,130,Truffle Mayo Roll,Japanese,Japanese,3780.0,PKR,"A luxurious sushi roll featuring crispy prawn tempura, topped with chef’s special sauce and premium truffle mayo. Lightly torched and smoked for a dramatic finish, then garnished with black and green tobiko for an indulgent and aromatic experience.",,,,True
177,130,Tuna Poke Bowl,Japanese,Japanese,2990.0,PKR,"a vibrant bowl of fresh marinated tuna served over sushi rice and paired with crisp vegetables, creamy avocado, and flavorful toppings. Finished with a savory poke sauce and garnishes, it delivers a refreshing balance of light, healthy, and bold flavors in every bite.",,,,True
178,130,Tuna Tataki,Japanese,Japanese,3950.0,PKR,"Serves 1-2. Smoked tuna slices marinated in signature sauce, topped with crispy garlic & green onion",,,,True
179,130,Umami Roll 8 Pcs,Japanese,Japanese,3190.0,PKR,"Crispy prawn tempura and creamy cheddar cheese rolled in sushi rice, topped with pickled cucumber, crab sauce, crunchy cashews and pistachios, and finished with a drizzle of teriyaki sauce.",,,,True
180,130,Union Special Platter,Japanese,Japanese,4870.0,PKR,"Serves 1-2. Signature platter served with salmon nigiri, California maki, tempura maki & salmon maki",,,,True
181,130,Chicken Katsu,Other,Kiddy Bowls,1350.0,PKR,"Serves 1. Crispy breaded chicken cutlet, golden-fried to perfection, offering a crunchy and satisfying meal.",,,,True
182,130,Noodle Bowl With Chicken,Other,Kiddy Bowls,1150.0,PKR,"Serves 1. A hearty bowl of noodles with tender chicken and flavorful ingredients, offering a warm and satisfying meal.",,,,True
183,130,Rice with Chicken,Other,Kiddy Bowls,1090.0,PKR,"Serves 1. Fluffy rice served with tender chicken, creating a simple, flavorful, and satisfying meal.",,,,True
184,130,Bangkok Curry Noodles,Noodles & Pasta,Noodles,1850.0,PKR,"Serves 1. Spicy, creamy coconut curry with noodles, vegetables, and aromatic herbs, served hot and flavorful.",,,,True
185,130,Beet Root Beef Noodle,Noodles & Pasta,Noodles,1900.0,PKR,Serves 1. Minced beef served with In-house egg noodles dipped in beetroot,,,,True
186,130,Pad Ki Mao,Noodles & Pasta,Noodles,1950.0,PKR,Serves 1. Extra spicy beef noodles. Comes with egg,Beef: 2180.0; Chicken: 1950.0,1950.0,2180.0,True
187,130,Pad Thai With Chicken,Noodles & Pasta,Noodles,1990.0,PKR,"Serves 1. Spicy Pad Thai noodles with tender chicken, served with egg, crunchy nuts, and tofu for a flavorful and satisfying meal.",,,,True
188,130,Pad Thai With Prawns,Noodles & Pasta,Noodles,2290.0,PKR,"Serves 1. Spicy Pad Thai noodles with juicy prawns, served with egg, crunchy nuts, and tofu for a flavorful and satisfying meal.",,,,True
189,130,Red Chili Butter Shrimps Noodles,Noodles & Pasta,Noodles,2390.0,PKR,Serves 1. Stir-fried shrimps served with egg noodles & an in-house red chilli sauce,,,,True
190,130,Tokyo Noodles Beef,Noodles & Pasta,Noodles,1990.0,PKR,"Serves 1. Stir-fried beef with Thai veggies, served with egg noodles and a spicy sauce",,,,True
191,130,Tokyo Noodles Chicken,Noodles & Pasta,Noodles,1800.0,PKR,"Serves 1. Stir-fried chicken with Thai veggies, served with egg noodles and a spicy sauce",,,,True
192,130,Union Special Noodles,Noodles & Pasta,Noodles,2000.0,PKR,"Serves 1. A house-style noodle dish with a mix of fresh ingredients, offering a flavorful and satisfying meal.",,,,True
193,130,Egg Fried Rice,Rice & Biryani,Rice,1000.0,PKR,"Serves 1. Fluffy fried rice tossed with eggs and light seasonings, creating a simple, flavorful, and satisfying dish. Served with egg",,,,True
194,130,Garlic Rice,Rice & Biryani,Rice,1050.0,PKR,"Serves 1. Fragrant rice cooked with garlic for a flavorful and aromatic side, perfect to complement any meal.",,,,True
195,130,Nasi Goreng,Rice & Biryani,Rice,2290.0,PKR,Serves 1. Mild spicy rice with chicken & prawns topped with a fried egg. Comes with egg,,,,True
196,130,Sticky Garlic Rice,Rice & Biryani,Rice,1050.0,PKR,"Serves 1. Fragrant rice cooked with a sticky garlic glaze, offering a flavorful and satisfying accompaniment to any meal.",,,,True
197,130,Fire Crushed Cucumber Salad,Salads,Salads,800.0,PKR,"Serves 1. Crisp cucumber pieces tossed in a fiery, tangy dressing, creating a refreshing and flavorful salad with a spicy kick.",Small: 800.0; Medium: 950.0,800.0,950.0,True
198,130,Mango Salad Prawn,Salads,Salads,780.0,PKR,"Serves 1. A refreshing salad with juicy prawns and sweet, tangy mango, tossed with crisp vegetables for a light and flavorful bite.",,,,True
199,130,Thai Beef Salad,Salads,Salads,1250.0,PKR,"Serves 1. Tender beef tossed with fresh vegetables and a zesty Thai-style dressing, delivering a light, flavorful, and satisfying salad.",,,,True
200,130,Thai Chicken Salad,Salads,Salads,1170.0,PKR,"Serves 1. Tender chicken mixed with fresh vegetables and a zesty Thai-style dressing, offering a light, flavorful, and satisfying salad.",,,,True
201,130,Thai Seafood Salad,Salads,Salads,1400.0,PKR,"Serves 1. A vibrant Thai-style salad with a mix of fresh seafood and crisp vegetables, tossed in a zesty, flavorful dressing for a light and satisfying bite.",,,,True
202,130,Wok-Fried Broccoli Salad,Salads,Salads,900.0,PKR,"Serves 1. Fresh broccoli lightly wok-fried and tossed with a flavorful dressing, creating a crisp, savory, and satisfying salad.",Small: 900.0; Medium: 1100.0,900.0,1100.0,True
203,130,Char-Grill Prawns,Seafood,Seafood,2890.0,PKR,Serves 1-2. Six medium-sized prawns served with spicy Thai sauce,,,,True
204,130,Coconut Butter Prawns,Seafood,Seafood,2890.0,PKR,Serves 1. Stir-fried prawns seasoned in creamy coconut buttery sauce seasoned to be mild,,,,True
205,130,Fish Chilli Dry,Seafood,Seafood,2740.0,PKR,"Serves 1. Tender fish pieces tossed in a bold and spicy chili sauce, creating a dry, flavorful, and satisfying dish.",,,,True
206,130,Grilled Fish,Seafood,Seafood,2470.0,PKR,"Serves 1. Fresh fish grilled to perfection, delivering a smoky, tender, and flavorful dish thats both light and satisfying",4 Pieces: 3060.0; 3 Pieces: 2470.0,3.0,3060.0,True
207,130,Kung Pao Fish,Seafood,Seafood,2690.0,PKR,"Serves 1. Tender fish stir-fried with a bold Kung Pao sauce, delivering a flavorful and slightly spicy dish. Comes with nuts",,,,True
208,130,Kung Pao Prawns,Seafood,Seafood,2860.0,PKR,"Serves 1. Juicy prawns stir-fried in a bold Kung Pao sauce with a hint of spice, delivering a flavorful and satisfying dish. Comes with nuts",,,,True
209,130,Szechuan Fish Gravy,Seafood,Seafood,2690.0,PKR,"Serves 1. Tender fish cooked in a bold Szechuan-style gravy, offering a spicy and flavorful dish perfect for a satisfying meal.",,,,True
210,130,Tamarind Fish,Seafood,Seafood,2450.0,PKR,"Tender fish cooked in a tangy tamarind sauce, offering a flavorful and satisfying dish with a perfect balance of sweet and sour.",3 Pieces: 2450.0; 4 Pieces: 2900.0,3.0,2900.0,True
211,130,Union Special Fish,Seafood,Seafood,2450.0,PKR,"Serves 1. Fresh fish cooked in a special house-style sauce, delivering a flavorful and satisfying meal.",3 Pieces: 2450.0; 4 Pieces: 2900.0,3.0,2900.0,True
212,130,Union Special Prawns,Seafood,Seafood,2990.0,PKR,Serves 1. Stir-fried medium prawns seasoned in signature sweet sauce paired with spicy tom yum flavored rice,,,,True
213,130,Wok-fried Prawns,Seafood,Seafood,2850.0,PKR,"Serves 1. Juicy prawns wok-fried to perfection, seasoned for a flavorful and satisfying dish. Served with garlic & chillies",,,,True
214,130,Chicken Corn Soup,Soups,Soups,945.0,PKR,"Serves 1. A classic, comforting soup made with tender chicken and sweet corn in a smooth, flavorful broth, perfect for a light and satisfying start. Comes with nuts.",Small: 945.0; Medium: 1820.0,945.0,1820.0,True
215,130,Chicken Noodle Soup,Soups,Soups,970.0,PKR,"Serves 1. A spicy warm and comforting soup made with tender chicken and noodles in a flavorful broth, perfect for a light yet satisfying meal.",Small: 970.0; Medium: 1820.0,970.0,1820.0,True
216,130,Chinese Treasure Soup,Soups,Soups,1100.0,PKR,"Serves 1. A spicy hearty and flavorful soup loaded with a mix of meats, seafood, and vegetables, delivering a satisfying and rich Chinese-style taste in every spoonful. Comes with nuts",Small: 1100.0; Medium: 1950.0,1100.0,1950.0,True
217,130,Dumpling Soup,Soups,Soups,970.0,PKR,"A light and soothing clear soup served with tender stuffed chicken dumplings, offering a delicate yet satisfying flavor in every bite.",Small: 970.0; Medium: 1820.0,970.0,1820.0,True
218,130,Hot & Sour Soup,Soups,Soups,970.0,PKR,"Serves 1. A bold and comforting soup with a perfect balance of heat and tang, packed with rich flavors for a satisfying and warming bowl. Comes with nuts",Small: 970.0; Medium: 1870.0,970.0,1870.0,True
219,130,Szechuan Soup,Soups,Soups,1100.0,PKR,"A spicy, rich and flavorful soup inspired by Szechuan-style cooking, offering a bold, slightly spicy profile with a comforting depth of taste. Comes with nuts",Small: 1100.0; Medium: 1950.0,1100.0,1950.0,True
220,130,Tom Kha Gaye,Soups,Soups,1020.0,PKR,"Serves 1. A creamy Thai-style chicken soup with tender pieces of chicken, lightly spiced and balanced with a rich, mildly tangy flavor for a smooth and comforting bowl.",,,,True
221,130,Tom Kha Goong,Soups,Soups,1200.0,PKR,"Serves 1. A creamy Thai-style soup made with tender prawns, gently spiced and balanced with a rich, mildly tangy flavor for a smooth and comforting experience.",,,,True
222,130,Tom Yum Gaye,Soups,Soups,970.0,PKR,"Serves 1. A flavorful Thai-style hot and sour chicken soup, lightly spiced and tangy, perfect for a comforting and satisfying bowl.",,,,True
223,130,Tom Yum Goong,Soups,Soups,1150.0,PKR,"Serves 1. An extra spicy comforting Thai-style hot and sour soup with tender prawns, balanced with bold flavors, light spice, and a refreshing tang for a warming and satisfying start.",,,,True
224,130,Wonton Soup,Soups,Soups,970.0,PKR,"Serves 1-2 Person. A light and comforting soup with delicate wontons filled with savory meat, served in a clear, flavorful broth.",Small: 970.0; Medium: 1820.0,970.0,1820.0,True
225,130,Dynamite Poke Bowl,Other,Summer Specials,2350.0,PKR,Fresh sushi-grade fish cubed and marinated in a bold spicy sauce served over seasoned rice with crisp vegetables edamame and sesame seeds,,,,True
226,130,Korean corn cheese,Other,Summer Specials,1460.0,PKR,Sweet corn kernels topped with melted mozzarella cheese and a drizzle of creamy sauce. A popular Korean-style side dish with a perfect blend of savory and sweet flavors,,,,True
227,130,Lemon Fire Chicken,Other,Summer Specials,1960.0,PKR,Tender chicken marinated in zesty lemon and fiery spices then grilled to perfection A bold summer favorite with a tangy citrus kick and smoky heat,,,,True
228,130,Lemon Grass Honey Prawn,Other,Summer Specials,2960.0,PKR,Succulent prawns infused with aromatic lemongrass and drizzled with golden honey creating a perfect balance of citrus brightness and natural sweetness A delightful summer specialty,,,,True
229,130,Salmon Truffle Roll,Other,Summer Specials,3850.0,PKR,Delicate salmon fillet infused with aromatic truffle essence rolled in crispy rice paper and served with a light citrus glaze and fresh garden vegetables,,,,True
230,131,Nova Burger Meal,Other,Boomerang Signature Meals,1090.0,PKR,"Chicken Nova Burger 
Select Your Fries 
Select Your Drink",1090,1090.0,1090.0,True
231,131,Sando Meal,Other,Boomerang Signature Meals,1190.0,PKR,"Chicken Nova Sando 
Select Your Fries 
Select Your Drink",1190,1190.0,1190.0,True
232,131,Tenders Meal,Other,Boomerang Signature Meals,1090.0,PKR,"3 PCs OR 5 PCs Tender
Select Your Fries 
Select Your Drink",1090,1090.0,1090.0,True
233,131,Chicken Nova Burger,Burgers,Burgers,895.0,PKR,"Nova Burger comes with a Brioche Bun toasted to perfection with butter and filled with Spicy & Buttery Glazed Mega Chicken Fillet, our Signature Sauce, Iceberg Lettuce & toppings of your choice.",895,895.0,895.0,True
234,131,Chicken Nova Sando,Burgers,Burgers,995.0,PKR,"Brioche Bread filled with Spicy & Buttery Glazed Mega Chicken Fillet, our Signature Sauce, Iceberg Lettuce & toppings of your choice.",995,995.0,995.0,True
235,131,Nova Bigg Burger,Burgers,Burgers,1295.0,PKR,A hearty and satisfying burger loaded with premium chicken double patty topped with melted cheese crispy bacon fresh lettuce tomato and special sauce served on a toasted bun,1295,1295.0,1295.0,True
236,131,Astro Dip Sauce - Garlic Herbs,Add-ons & Condiments,Dip Sauces,125.0,PKR,"Creamy, spicy galactic dipping sauce",125,125.0,125.0,True
237,131,Honey Sauce,Add-ons & Condiments,Dip Sauces,125.0,PKR,"Rich, sweet honey dipping delight",125,125.0,125.0,True
238,131,Remoulade Sauce - Creamy Tangy,Add-ons & Condiments,Dip Sauces,125.0,PKR,"Rich, creamy condiment with tangy herb flavor.",125,125.0,125.0,True
239,131,Volcanic Sauce - Spicy,Add-ons & Condiments,Dip Sauces,125.0,PKR,"Smoky, spicy lava in a tangy dip.",125,125.0,125.0,True
240,131,Bigg Coke,Beverages,Drinks,180.0,PKR,Classic refreshing fizzy cola,180,180.0,180.0,True
241,131,Bigg Sprite,Beverages,Drinks,180.0,PKR,Refreshingly crisp lemon-lime soda,180,180.0,180.0,True
242,131,Littul Coke,Beverages,Drinks,150.0,PKR,Classic refreshing cola,150,150.0,150.0,True
243,131,Water,Beverages,Drinks,90.0,PKR,"Refreshing, crisp, and clear hydration.",90,90.0,90.0,True
244,131,Curly Fries,Sides & Appetizers,Fries,445.0,PKR,300 grams of Golden crunchy twisted potato fries,445,445.0,445.0,True
245,131,Littul Curly Fries,Sides & Appetizers,Fries,245.0,PKR,"150 grams of golden, crunchy twisted potato",245,245.0,245.0,True
246,131,Littul Straight Fries,Sides & Appetizers,Fries,195.0,PKR,"150 grams of golden, crunchy, straight-cut potato",195,195.0,195.0,True
247,131,Loaded Fries,Sides & Appetizers,Fries,995.0,PKR,Crispy fries smothered in rich saucy goodness,995,995.0,995.0,True
248,131,Saucy Fries,Sides & Appetizers,Fries,495.0,PKR,"Get ready for a flavor explosion! Our signature straight-cut fries, sprinkled with magical Star Dust seasoning, paired with your favourite sauce.",495,495.0,495.0,True
249,131,Straight Fries,Sides & Appetizers,Fries,395.0,PKR,"300 grams of Golden, crunchy straight cut potato fries",395,395.0,395.0,True
250,131,Curly Littul Meal,Deals & Combos,Make it a Meal,345.0,PKR,Our Golden crunchy twisted potato with refreshing cola,345,345.0,345.0,True
251,131,Straight Littul Meal,Deals & Combos,Make it a Meal,295.0,PKR,"Our Golden, crunchy, straight-cut potato with a refreshing drink",295,295.0,295.0,True
252,131,Chicken Tenders,Other,Tenders,895.0,PKR,Crispy juicy chicken strips with golden crunch,3 Pieces: 895; 5 Pieces: 1395,3.0,1395.0,True
253,1,Buffalo Wings,Sides & Appetizers,Appetizers,699.0,PKR,6 pcs of wings tossed in buffalo sauce.,6 Pieces: 699.0; 12 Pieces: 1149.0,6.0,1149.0,True
254,1,Crispy Wings,Sides & Appetizers,Appetizers,699.0,PKR,"6 pcs chicken wings infused with our unique in-house flavors, served with a delectable sauce.",6 Pieces: 699.0; 12 Pieces: 1149.0,6.0,1149.0,True
255,1,Honey Mustard Wings,Sides & Appetizers,Appetizers,699.0,PKR,6 pcs of wings tossed in honey mustard sauce.,6 Pieces: 699.0; 12 Pieces: 1149.0,6.0,1149.0,True
256,1,Nuggets,Sides & Appetizers,Appetizers,599.0,PKR,"6 pcs nuggets, crispy and golden on the outside, juicy on the inside.",,,,True
257,1,Peri Bites,Sides & Appetizers,Appetizers,899.0,PKR,"5 pcs spicy chicken filled in a chili, coated in crispy breading, served with a dipping sauce.",,,,True
258,1,Smoky BBQ Wings,Sides & Appetizers,Appetizers,699.0,PKR,6 pcs of wings tossed in smoky BBQ sauce.,6 Pieces: 699.0; 12 Pieces: 1149.0,6.0,1149.0,True
259,1,Tender Chicken,Sides & Appetizers,Appetizers,899.0,PKR,"5 pcs of crispy chicken delight, with a juicy surprise inside.",,,,True
260,1,Beef Belt Buster - Four Patty,Burgers,BEEF BURGERS,1799.0,PKR,"4 juicy smash beef patties, 4 cheese slices and our special BOC secret sauce.",,,,True
261,1,Beef Cheese,Burgers,BEEF BURGERS,949.0,PKR,"5 oz. Juicy smash beef patty, BOC secret sauce, cheese slice, mayonnaise, and ketchup.",Single Patty: 949.0; Double Patty: 1249.0,949.0,1249.0,True
262,1,Beef Mushroom Madness,Burgers,BEEF BURGERS,1049.0,PKR,"Smashed beef patty topped with imported mushrooms, perfectly sautéed onions, and melty cheese slice with BOC special mayo sauce.",Single Patty: 1049.0; Double Patty: 1349.0,1049.0,1349.0,True
263,1,Beef Old School,Burgers,BEEF BURGERS,949.0,PKR,"Taste the essence of nostalgia with 5 oz. Juicy smash beef patty, BOC secret sauce, cheese slices, tomato slices, onions, pickled cucumber, and iceberg lettuce.",Single Patty: 949.0; Double Patty: 1249.0,949.0,1249.0,True
264,1,Beef Smoky Tang,Burgers,BEEF BURGERS,999.0,PKR,"Juicy smash beef patty, BOC secret sauce, cheese slice, beef pepperoni, sautéed onions, BBQ sauce, BBQ mayo sauce, and iceberg lettuce.",Single Patty: 999.0; Double Patty: 1299.0,999.0,1299.0,True
265,1,Blazin Bird,Burgers,BREAST FILLET BURGER,999.0,PKR,"Crisp up your meal with a hint of spice! Description: Crispy chicken Breast fillet, chipotle mayo sauce, and iceberg lettuce.",,,,True
266,1,Jalapeno Blast,Burgers,BREAST FILLET BURGER,1049.0,PKR,"Crispy chicken Breast Fillet, BOC secret sauce, jalapenos, jalapeno mayo sauce and, iceberg lettuce.",,,,True
267,1,Smoky Bliss,Burgers,BREAST FILLET BURGER,1049.0,PKR,"Crispy chicken Breast Fillet, BOC secret sauce, cheese slice, chicken pepperoni, sautéed onions, BBQ sauce, BBQ mayo sauce, and iceberg lettuce.",,,,True
268,1,The OG Burger,Burgers,BREAST FILLET BURGER,999.0,PKR,"Crispy chicken Breast Fillet, BOC secret sauce, mayonnaise, and iceberg lettuce.",,,,True
269,1,Coca Cola - 350 Ml,Beverages,Beverages,149.0,PKR,Flavored drink to make you happy,,,,True
270,1,Coca Zero - 350 Ml,Beverages,Beverages,149.0,PKR,Flavored drink to make you happy,,,,True
271,1,FANTA - 500 ML,Beverages,Beverages,199.0,PKR,Flavored drink to make you happy,,,,True
272,1,Mineral Water (Dasani),Beverages,Beverages,89.0,PKR,Refreshing Bottle of Water,,,,True
273,1,Sprite - 350 Ml,Beverages,Beverages,149.0,PKR,Flavored drink to make you happy,,,,True
274,1,Chick N Crisp Jalapeno Spark,Burgers,CRISPY CHICKEN BURGER,899.0,PKR,"Crispy chicken patty, BOC secret sauce, jalapenos, jalapeno mayo sauce and, iceberg lettuce.",,,,True
275,1,Chick N Crisp Smoky Tang,Burgers,CRISPY CHICKEN BURGER,899.0,PKR,"Crispy chicken patty, BOC secret sauce, cheese slice, chicken pepperoni, sautéed onions, BBQ sauce, BBQ mayo sauce, and iceberg lettuce.Crispy chicken patty, BOC secret sauce, cheese slice, chicken pepperoni, sautéed onions, BBQ sauce, BBQ mayo sauce, and iceberg lettuce.",,,,True
276,1,Chick n' Crisp Burger,Burgers,CRISPY CHICKEN BURGER,849.0,PKR,"Crispy chicken patty, BOC secret sauce, mayonnaise, and iceberg lettuce.",,,,True
277,1,Fiery Gigantic,Burgers,CRISPY CHICKEN BURGER,1149.0,PKR,"Crispy chicken double patties, cheese slice, chipotle mayo sauce, jalapenos, pickled cucumber, and iceberg lettuce.",,,,True
278,1,Fire Bird Burger,Burgers,CRISPY CHICKEN BURGER,849.0,PKR,"Crisp up your meal with a hint of spice! Crispy chicken patty, chipotle mayo sauce, and iceberg lettuce.",,,,True
279,1,Gigantic Burger,Burgers,CRISPY CHICKEN BURGER,1149.0,PKR,"Crispy chicken double patties, cheese slice, mayo and BOC secret sauce, and iceberg lettuce.",,,,True
280,1,Chick n Crisp Burger With 350ml Drink,Deals & Combos,Delicious Deals,798.4,PKR,"Crispy chicken patty, BO’C secret sauce, mayonnaise, and iceberg lettuce.",,,,True
281,1,Fire Bird Burger With 350ml Drink,Deals & Combos,Delicious Deals,798.4,PKR,"Crisp up your meal with a hint of spice! Crispy chicken patty, chipotle mayo sauce, and iceberg lettuce.",,,,True
282,1,Grill Chicken Jalapeno Spark,Burgers,GRILLED CHICKEN BURGER,999.0,PKR,"Juicy grilled chicken fillet, BOC secret sauce, cheese slice, jalapenos, jalapeno mayo sauce, and iceberg lettuce.",,,,True
283,1,Grill Chicken Smoky Tang,Burgers,GRILLED CHICKEN BURGER,999.0,PKR,"Juicy grilled chicken fillet, BOC secret sauce, cheese slice, chicken pepperoni, sautéed onions, BBQ sauce, BBQ mayo sauce, and iceberg lettuce.",,,,True
284,1,Grilled Chicken,Burgers,GRILLED CHICKEN BURGER,949.0,PKR,"Juicy grilled chicken fillet, BOC secret sauce, cheese slice, tomato slices, sautéed onions, chili garlic sauce, pickled cucumber, and iceberg lettuce.",,,,True
285,1,Fries,Sides & Appetizers,Gourmet Fries,349.0,PKR,"Crispy and crunchy perfection, straight from the deep-fried crispy and golden french fries seasoned with salt.",,,,True
286,1,Zesty BBQ Fries,Sides & Appetizers,Gourmet Fries,549.0,PKR,"Feel the crunch with a smoky kick, Fries seasoned with black pepper, chicken pepperoni, topped with smoky bbq mayo sauce, and a sprinkle of parsley.",,,,True
287,1,Burger Meal,Other,KIDDY MEALS,699.0,PKR,"1 fried chicken burger, 1 fries, 1 flavored milk, and 1 surprise cool toy.",,,,True
288,1,Nuggets Meal,Other,KIDDY MEALS,699.0,PKR,"4 pcs nuggets, 1 fries, 1 flavored milk, and 1 surprise cool toy.",,,,True
289,1,Cheese Burger Fries,Sides & Appetizers,LOADED FRIES,799.0,PKR,"The delicious mashup you did not know you needed! Fries topped with beef patty, cheese slice, lettuce, onions, tomato, jalapeno, lines of BOC secret sauce, and a sprinkle of parsley.",,,,True
290,1,Messy Fries,Sides & Appetizers,LOADED FRIES,799.0,PKR,Nacho cheese sauce and beef chili cooked in a tomato based sauce this fries will remind of you texas,,,,True
291,1,Sriracha Loaded Fries,Sides & Appetizers,LOADED FRIES,799.0,PKR,"Fries topped with crispy chicken chunks tossed in Sriracha sauce, lines of ranch sauce and Sriracha mayo, with a sprinkle of parsley.",,,,True
292,1,Creamy Wrap,Shawarma & Wraps,NEW ARRIVAL ( GRAB THE WRAPS ),799.0,PKR,"Wrap up your cravings with creamy perfection! Crispy chicken tenders wrapped in a soft, warm tortilla, with juicy tomato and crunchy iceberg lettuce. Pro Tip: Add fries inside your wrap to make it more loaded.",,,,True
293,1,Dynamite Wrap,Shawarma & Wraps,NEW ARRIVAL ( GRAB THE WRAPS ),799.0,PKR,"Spice meets creamy in this flavor explosion! Crispy chicken tenders wrapped in a soft, warm tortilla, signature dynamite sauce and crunchy iceberg lettuce. Pro Tip: Add fries inside your wrap for that perfect crunch!",,,,True
294,1,Fiery Wrap,Shawarma & Wraps,NEW ARRIVAL ( GRAB THE WRAPS ),799.0,PKR,"Feel the fire in every bite! Crispy chicken tenders wrapped in a soft, warm tortilla, jalapenos, blend of zesty sauce and crunchy iceberg lettuce. Pro Tip: Make it extra loaded by adding fries inside your wrap. 
Crispy chicken chunks wrapped in a soft, warm tortilla, jalapenos, blend of zesty sauce and crunchy iceberg lettuce.",,,,True
295,1,Peri Peri Wrap,Shawarma & Wraps,NEW ARRIVAL ( GRAB THE WRAPS ),799.0,PKR,"This is no ordinary wrap! Its bold spicy and addictive! Crispy chicken tenders wrapped in a soft warm tortilla, peri peri sauce and crunchy iceberg lettuce. Pro Tip: Give your wrap that extra crunch by adding fries inside.",,,,True
296,1,Smoky Wrap,Shawarma & Wraps,NEW ARRIVAL ( GRAB THE WRAPS ),799.0,PKR,"A barbecue lovers dream! Crispy chicken tenders wrapped in a soft, warm tortilla, sautéed onions, chicken pepperoni, hickory smoky BBQ sauce and crunchy iceberg lettuce. Pro Tip: Load it with fries inside for a serious flavor boost.",,,,True
297,1,Crunchos Burger,Burgers,PREMIUM BURGER,1199.0,PKR,"5 Oz juicy beef patty / grilled chicken fillet, 2 oz mozzarella cheese patty, cucumber pickles, jalapenos, nachos, chipotle mayo sauce and iceberg lettuce",Beef: 1199.0; Chicken: 1199.0,1199.0,1199.0,True
298,1,Messy Meat Burger,Burgers,PREMIUM BURGER,1199.0,PKR,"7 oz. Juicy smash beef patty, warm nacho cheese, chili in a tomato-based sauce, onion rings, jalapenos, pickles, dijon mayo sauce, and iceberg lettuce.",,,,True
299,1,Philly Cheesesteak Burger,Burgers,PREMIUM BURGER,1499.0,PKR,"Philly Cheesesteak Burger! All the Philly feels, stacked in a burger! Smashed juicy beef patty, premium beef strips, sauteed onions, capsicum, pickles, cheese sauce, and a hint of Dijon  the perfect bite awaits!",,,,True
300,1,Share The Goodness 1,Other,SHARE BOX,3099.0,PKR,"A feast to share! Enjoy any 2 burgers (except premium and breast fillet burger), 1 appetizer, 1 gourmet fries, and 2 soft drinks. - perfect for sharing!",,,,True
301,1,Share The Goodness 2,Other,SHARE BOX,3699.0,PKR,"Share the love, Share the goodness! Any 2 premium burgers, 1 appetizer, 1 gourmet fries, and 2 soft drinks.",,,,True
302,1,Beef Sliders,Other,Sliders - Party In A Box,2099.0,PKR,"Slide into satisfaction with our beef slider box: Enjoy 4 juicy beef sliders, your choice of gourmet fries (wild or mayo garlic), and 2 soft drinks.",,,,True
303,1,Chicken Sliders,Other,Sliders - Party In A Box,1899.0,PKR,"Enjoy a feast of flavors with our chicken sliders box: 4 sliders, 1 gourmet fries (wild or mayo garlic), and 2 soft drinks.",,,,True
304,1,Party Box,Other,Sliders - Party In A Box,3599.0,PKR,"Make any gathering a hit with our party box: Enjoy 6 sliders (mix of beef and chicken), your choice of gourmet fries (wild or mayo garlic), 1 appetizer, and 3 soft drinks. Perfect for sharing and enjoying with friends!",,,,True
305,1,Beef Cheese Burger With 350ml Drink,Deals & Combos,Summer Deals,878.4,PKR,"4 oz. juicy smash beef patty, BOC secret sauce, cheese slice, and burger sauce.",,,,True
306,1,Beef Mushroom Madness With 350ml Drink,Deals & Combos,Summer Deals,958.4,PKR,"Smashed beef patty topped with imported mushrooms, perfectly sautéed onions, and melty cheese slice with BOC special mayo sauce.",,,,True
307,1,Beef Old School With 350ml Drink,Deals & Combos,Summer Deals,878.4,PKR,"Taste the essence of nostalgia with 4 oz. juicy smash beef patty, BOC secret sauce, cheese slices, tomato slices, onions, pickled cucumber, and iceberg lettuce.",,,,True
308,1,Beef Smoky Tang With 350ml Drink,Deals & Combos,Summer Deals,918.4,PKR,"Juicy smash beef patty, BOC secret sauce, cheese slice, beef pepperoni, sautéed onions, BBQ sauce, BBQ mayo sauce, and iceberg lettuce.",,,,True
309,1,Grill Chicken Burger With 350ml Drink,Deals & Combos,Summer Deals,878.4,PKR,"Juicy grilled chicken fillet, BOC secret sauce, cheese slice, tomato slices, sautéed onions, chili garlic sauce, pickled cucumber, and iceberg lettuce.",,,,True
310,1,Grill Chicken Smoky Tang With 350ml Drink,Deals & Combos,Summer Deals,918.4,PKR,"Juicy grilled chicken fillet, BOC secret sauce, cheese slice, chicken pepperoni, sautéed onions, BBQ sauce, BBQ mayo sauce, and iceberg lettuce.",,,,True
311,1,Mayo Garlic Fries,Deals & Combos,Summer Deals,439.2,PKR,"Unleash the garlic mayo magic on your fries seasoned with salt, topped with garlic mayo sauce, and a sprinkle of parsley.",,,,True
312,1,Wild Fries,Deals & Combos,Summer Deals,439.2,PKR,"Take a bite on the wild side with our Fries with chipotle seasoning topped with spicy chipotle sauce, jalapenos, and a sprinkle of parsley.",,,,True
313,1,Oklahoma Beef,Snacks,THE CLASSICS ( NEW ARRIVAL ),1299.0,PKR,"4 oz. X 2 juicy smash beef patties, 2 cheese slices, lots of onions, mayo sauce and Burger sauce.",,,,True
314,1,The OG Beef,Snacks,THE CLASSICS ( NEW ARRIVAL ),1299.0,PKR,"4 oz. X 2 juicy smash beef patties, 2 cheese slices, pickles, onions, mayo sauce, mustard sauce, ketchup and our special BOC secret sauce.",,,,True
315,132,Chicken Drum Sticks 3 PC,Sides & Appetizers,Appetizer,810.0,PKR,"🍗 Drum Sticks
Flavorful chicken drumsticks, perfectly seasoned and fried till crispy and delicious.",,,,True
316,132,Cripsy Chicken Wings 6PC,Sides & Appetizers,Appetizer,950.0,PKR,"🍗 Crispy Wings
Golden fried wings with an irresistible crunch on the outside and juicy tenderness inside.",,,,True
317,132,Stuffed Chicken Strips 2 PC,Sides & Appetizers,Appetizer,1190.0,PKR,"🍗 Stuff Chicken Strips
Juicy chicken strips stuffed with rich flavors, coated in a crispy golden crust for the perfect bite.",,,,True
318,132,BBQ Mix Platter,BBQ & Grill,Bar B Q,2100.0,PKR,A delicious assortment featuring 2 pieces of chicken cheese kabab 2 pieces of chicken kabab half portion of tender malai boti half portion of flavorful tikka boti and 2 gola kabab. A perfect mix of grilled specialties cooked to perfection,,,,True
319,132,Chicken Boneless Boti 10 pc,BBQ & Grill,Bar B Q,1200.0,PKR,Tender boneless chicken pieces marinated in traditional spices and grilled to perfection. Ten succulent pieces of juicy chicken boti with a smoky charred exterior and aromatic flavors ideal for any occasion,,,,True
320,132,Chicken Breast Piece,BBQ & Grill,Bar B Q,600.0,PKR,Tender grilled chicken breast piece marinated in aromatic spices and cooked over charcoal to perfection. Juicy succulent and bursting with smoky flavors served hot with your choice of dipping sauces,,,,True
321,132,Chicken Cheese Boneless Boti - 12 Pieces,BBQ & Grill,Bar B Q,1450.0,PKR,Tender boneless chicken pieces marinated in aromatic spices and melted cheese grilled to perfection. Twelve succulent boti pieces with a smoky char and juicy interior served hot,,,,True
322,132,Chicken Cheese Kabab 6 pc,BBQ & Grill,Bar B Q,1450.0,PKR,Six succulent grilled chicken kababs infused with melted cheese creating a delicious smoky flavor. Tender marinated chicken pieces perfectly charred on the outside and juicy within paired with creamy cheese for an irresistible taste.,,,,True
323,132,Chicken Leg Piece,BBQ & Grill,Bar B Q,550.0,PKR,Succulent chicken leg piece marinated in aromatic spices and grilled to perfection with a smoky charred exterior and tender juicy meat inside,,,,True
324,132,Chicken Malai Boti 10pc,BBQ & Grill,Bar B Q,1200.0,PKR,Tender chicken pieces marinated in creamy malai yogurt and aromatic spices then grilled to perfection over charcoal A succulent Bar B Q favorite with a rich smoky flavor and soft juicy texture,,,,True
325,132,Chicken Seekh Kabab (6 Pc),BBQ & Grill,Bar B Q,1200.0,PKR,"Six succulent pieces of tender chicken marinated in aromatic spices and grilled to perfection over charcoal. Juicy and flavorful with a smoky char, served hot and ready to enjoy.",,,,True
326,132,Chicken TWA Leg Piece,BBQ & Grill,Bar B Q,800.0,PKR,Tender chicken leg piece marinated in aromatic spices and grilled to perfection with a smoky charred exterior and juicy succulent meat inside,,,,True
327,132,Chicken Tikka Boti 12 pc,BBQ & Grill,Bar B Q,1050.0,PKR,Tender boneless and bone chicken pieces marinated in aromatic spices and yogurt then grilled to perfection over charcoal A succulent Bar B Q specialty with a smoky flavor and juicy texture,,,,True
328,132,Chicken Twa Breast Pieces,BBQ & Grill,Bar B Q,850.0,PKR,Succulent chicken breast pieces grilled to perfection with aromatic spices and smoky flavors. Tender juicy meat with a charred exterior served hot and ready to enjoy.,,,,True
329,132,Chicken Petty Burger,Burgers,Chicken Burger,400.0,PKR,"Juicy beef patty cooked to perfection, topped with fresh ingredients and flavorful sauces in a soft bun.",,,,True
330,132,Crispy Chicken Burger,Burgers,Chicken Burger,540.0,PKR,Golden fried crispy chicken fillet with fresh veggies and creamy sauce in a soft toasted bun.,,,,True
331,132,Double Crunch Burger,Burgers,Chicken Burger,810.0,PKR,"Extra crispy double-layered chicken with crunchy texture, cheese, and bold sauces for a powerful bite.",,,,True
332,132,Grilled Chicken Burger,Burgers,Chicken Burger,745.0,PKR,"Perfectly grilled patty with smoky flavor, layered with fresh toppings and our signature sauces.",,,,True
333,132,Stuffed Chicken Burger,Burgers,Chicken Burger,990.0,PKR,stuffed chicken burger with special cheese etc,,,,True
334,132,Beef Chowmein,Chinese,Chinese,880.0,PKR,"🥩 Beef Chowmein
Flavorful noodles tossed with tender beef and fresh veggies in classic Chinese sauces.",,,,True
335,132,Black pepper chicken Half ( with rice),Chinese,Chinese,740.0,PKR,"🍗 Chicken Black Pepper with rice 
Juicy chicken cooked in a bold black pepper sauce with a rich, spicy aroma.",,,,True
336,132,Black pepper chicken Large ( with rice),Chinese,Chinese,1950.0,PKR,"🍗 Chicken Black Pepper with rice
Juicy chicken cooked in a bold black pepper sauce with a rich, spicy aroma.",,,,True
337,132,Cashew Nut Chicken Large (with rice),Chinese,Chinese,2480.0,PKR,"Chicken Cashew Nut
Crunchy cashew nuts stir-fried with spices and chili sauce for a unique, rich taste.",,,,True
338,132,Cashew Nut chicken Half (with rice),Chinese,Chinese,960.0,PKR,"Cashew Nut chicken
Crunchy cashew nuts stir-fried with spices and chili sauce for a unique, rich taste.",,,,True
339,132,Chicken Chowmein,Chinese,Chinese,740.0,PKR,"🍜 Chicken Chowmein
Stir-fried noodles with tender chicken, fresh vegetables, and savory sauces.",,,,True
340,132,Chicken Manchurian Half,Chinese,Chinese,820.0,PKR,"🥢 Manchurian
Soft, juicy pieces tossed in a rich, tangy Manchurian sauce with a perfect balance of spices.",,,,True
341,132,Chicken Manchurian Large,Chinese,Chinese,1950.0,PKR,"🥢 Manchurian
Soft, juicy pieces tossed in a rich, tangy Manchurian sauce with a perfect balance of spices.",,,,True
342,132,Chicken Shaslik Half(with Rice),Chinese,Chinese,820.0,PKR,"Chicken Shashlik 
Tender chicken cubes cooked with onions, capsicum, and rich sauces for a sizzling taste.",,,,True
343,132,Chicken Shaslik Large (with Rice),Chinese,Chinese,1950.0,PKR,"Chicken Shashlik 
Tender Chicken cubes cooked with onions, capsicum, and rich sauces for a sizzling taste.",,,,True
344,132,Chicken chili Dry Half with rice,Chinese,Chinese,890.0,PKR,"🌶️ Chili Dry with rice
Stir-fried in bold chili sauce with peppers and spices for a spicy, flavorful dry dish.",,,,True
345,132,Chicken chili Dry Large with rice,Chinese,Chinese,2050.0,PKR,"🌶️ Chili Dry with rice
Stir-fried in bold chili sauce with peppers and spices for a spicy, flavorful dry dish.",,,,True
346,132,Masala Rice Half,Chinese,Chinese,480.0,PKR,"🍛 Masala Rice
A fusion of spices and rice cooked together for a rich, aromatic, and flavorful dish.",,,,True
347,132,Masala Rice Large,Chinese,Chinese,1280.0,PKR,"🍛 Masala Rice
A fusion of spices and rice cooked together for a rich, aromatic, and flavorful dish.",,,,True
348,132,Vegetable Rice Half,Chinese,Chinese,390.0,PKR,"🥦 Vegetable Rice
Steamed rice mixed with fresh vegetables and mild seasoning for a healthy option.",,,,True
349,132,Vegetable Rice Large,Chinese,Chinese,1150.0,PKR,"🥦 Vegetable Rice
Steamed rice mixed with fresh vegetables and mild seasoning for a healthy option.",,,,True
350,132,🍳 Egg Fried Rice Large,Chinese,Chinese,1150.0,PKR,"🍳 Egg Fried Rice
Fragrant rice stir-fried with eggs, light spices, and classic Chinese flavors.",,,,True
351,132,🍳 Egg Fried Rice Small,Chinese,Chinese,390.0,PKR,"🍳 Egg Fried Rice
Fragrant rice stir-fried with eggs, light spices, and classic Chinese flavors.",,,,True
352,132,French Fries,Sides & Appetizers,Fries,270.0,PKR,"French Fries – Classic golden fries, perfectly crispy on the outside and soft on the inside. A timeless favorite!",,,,True
353,132,Garlic Fries,Sides & Appetizers,Fries,410.0,PKR,"Garlic Fries – Tossed in rich garlic butter and herbs, these fries are aromatic, savory, and totally irresistible.",,,,True
354,132,Loaded Fries,Sides & Appetizers,Fries,890.0,PKR,"Loaded Fries – Our golden fries smothered in melted cheese, crispy bacon bits, and drizzled with creamy sauces for an indulgent treat.",,,,True
355,132,Masala Fries,Sides & Appetizers,Fries,410.0,PKR,"Masala Fries – Spiced to perfection with our signature masala seasoning, giving every bite a flavorful, zesty kick.",,,,True
356,132,Chicken Achari Karahi,Pakistani,Pakistani Cuisine,1250.0,PKR,"Tender chicken cooked in a traditional karahi with aromatic achari spices, tangy pickles and fresh herbs, creating a rich, spicy and irresistible Pakistani classic",Half Kg: 1250.0; Full 1 KG: 2450.0,1.0,2450.0,True
357,132,Chicken BBQ Karahi,Pakistani,Pakistani Cuisine,1250.0,PKR,Succulent chicken pieces cooked in a traditional karahi with smoky grilled flavors aromatic spices and fresh herbs served piping hot in an iron wok,Half Kg: 1250.0; Full 1 KG: 2500.0,1.0,2500.0,True
358,132,Chicken Karahi,Pakistani,Pakistani Cuisine,1200.0,PKR,Tender chicken pieces cooked in a traditional karahi with fresh tomatoes ginger garlic and aromatic spices served piping hot with naan bread,Half Kg: 1200.0; Full 1 KG: 2350.0,1.0,2350.0,True
359,132,White Chicken Karahi,Pakistani,Pakistani Cuisine,1250.0,PKR,Tender chicken cooked in a creamy rich white gravy with aromatic spices and fresh ingredients. Smooth and delicious in every bite with traditional flavors,Half Kg: 1250.0; Full 1 KG: 2500.0,1.0,2500.0,True
360,132,🍝 Fettuccine Alfredo Pasta,Noodles & Pasta,Pasta,1250.0,PKR,"🍝 Fettuccine Alfredo Pasta
Classic fettuccine pasta in a creamy Alfredo sauce, perfectly blended with cheese for a rich and indulgent flavor.",,,,True
361,132,🍝 Fettuccine Arrabiata Pasta,Noodles & Pasta,Pasta,1250.0,PKR,"🍝 Fettuccine Arrabiata Pasta
Flat fettuccine noodles coated in a zesty, spicy tomato sauce for a rich and tangy taste.",,,,True
362,132,🍝 Penne Alfredo Pasta,Noodles & Pasta,Pasta,1380.0,PKR,"🍝 Penne Alfredo Pasta
Creamy Alfredo sauce tossed with penne pasta, loaded with rich flavors and a smooth, cheesy finish.",,,,True
363,132,🍝 Penne Arrabiata Pasta Red sauce,Noodles & Pasta,Pasta,1250.0,PKR,"🍝 Penne Arrabiata Pasta
Penne pasta cooked in a spicy Arrabiata sauce with bold tomato flavors and a hint of chili heat.",,,,True
364,132,BBQ Sandwich,Sandwiches,Sandwich,612.0,PKR,"Juicy, seasoned chicken layered with fresh veggies and creamy sauces in soft toasted bread.",,,,True
365,132,Club Sandwich,Sandwiches,Sandwich,666.0,PKR,"Triple-layered club sandwiches loaded with chicken, eggs, cheese, and fresh crunch.",,,,True
366,132,grilled sandwich,Sandwiches,Sandwich,612.0,PKR,"Golden grilled sandwiches with flavorful fillings, served hot and fresh.",,,,True
367,132,Fresh Salad,Sides & Appetizers,Side Orders,80.0,PKR,Single Serving,,,,True
368,132,Podina Raita,Sides & Appetizers,Side Orders,80.0,PKR,Single Serving,,,,True
369,132,Zeera Raita,Sides & Appetizers,Side Orders,100.0,PKR,Single Serving,,,,True
370,132,🔥 Chop & Grill Special Smash Burger,Burgers,Smash Burger,1080.0,PKR,"🔥 Chop & Grill Special Smash Burger
Our signature smash burger featuring a juicy, perfectly smashed patty with a crispy seared crust, layered with melted cheese, fresh toppings, and our special house sauces in a soft toasted bun for an unforgettable flavor.",,,,True
371,132,Chipotle Wrap,Shawarma & Wraps,Wraps,549.0,PKR,"Smoky chipotle-flavored chicken wrapped with fresh veggies, and creamy spicy sauce in a soft tortilla.",,,,True
372,132,Chop & Grill Special Wrap,Shawarma & Wraps,Wraps,675.0,PKR,"A signature mix of grilled meat, fresh toppings, and our special house sauces, wrapped for a rich and satisfying taste.",,,,True
373,132,Crunchy Wrap,Shawarma & Wraps,Wraps,675.0,PKR,"Crispy chicken with fresh lettuce, cheese, and creamy sauces, wrapped in a soft tortilla for a perfect crunch in every bite.",,,,True
374,133,Chocolate Chip Walnut,Desserts,Cookies,350.0,PKR,Perfect harmony of chocolate chunks and roasted walnuts for a delightful texture,350,350.0,350.0,True
375,133,Chocolate Filled Hazelnut,Desserts,Cookies,390.0,PKR,"Decadent surprise oozing hazelnut filled center within a soft, gooey, chocolate chunk delight",390,390.0,390.0,True
376,133,Classic Chocolate Chip,Desserts,Cookies,350.0,PKR,"Irresistible blend of soft, gooey center and crisp exterior with luscious chocolate chunks",350,350.0,350.0,True
377,133,Double Chocolate,Desserts,Cookies,350.0,PKR,Deeply indulgent cookie with rich cocoa and generous chocolate chunks,350,350.0,350.0,True
378,133,Hannan Staple,Desserts,Cookies,390.0,PKR,"A rich dark chocolate cookie filled with smooth white chocolate, crafted in collaboration with Abdul Hannan. Crisp at the edges, soft at the center, and finished with premium chocolate chunks.",390,390.0,390.0,True
379,133,Kunafa Double Chocolate,Desserts,Cookies,390.0,PKR,A rich chocolate cookie topped with crispy golden kunafa and filled with a smooth double chocolate center. A perfect blend of crunchy kunafa texture and indulgent chocolate flavor in every bite.,390,390.0,390.0,True
380,133,Lotus Lava,Desserts,Cookies,390.0,PKR,A rich Lotus-filled cookie featuring a caramel-based dough with white chocolate chunks.,390,390.0,390.0,True
381,133,Midnight Cookies & Cream,Desserts,Cookies,350.0,PKR,"A decadent cookies in cream base, packed with white and dark chocolate chips for the bite.",350,350.0,350.0,True
382,133,Peanut Butter Chocolate Chip,Desserts,Cookies,350.0,PKR,"Heavenly Combination Of JIFs Peanut Butter, Cocoa infused Dough, Chocolate Chunks, And Roasted peanuts",350,350.0,350.0,True
383,133,Red Velvet Cream Cheese,Desserts,Cookies,390.0,PKR,A bold red velvet cookie featuring a cream cheese-filled center and white chocolate chunks.,390,390.0,390.0,True
384,133,Kiwi Green Apple,Other,Crumble Cold,550.0,PKR,"Crisp kiwi and green apple come together for a bold, refreshing hit that tastes way too clean to stop at one sip.",550,550.0,550.0,True
385,133,Passion Fruit Wild Berry,Other,Crumble Cold,550.0,PKR,Tangy passion fruit meets wild berries in a dangerously addictive blend that refuses to be shared.,550,550.0,550.0,True
386,133,Strawberry Watermelon Chiller,Other,Crumble Cold,550.0,PKR,"Sweet strawberries, watermelon and pure summer chaos blended into one refreshing sip.",550,550.0,550.0,True
387,133,Sukoon and Sunsets,Other,Crumble Cold,550.0,PKR,"A vibrant fruit cooler combining peach and passion fruit with zesty lemon, gentle ginger notes, and sparkling soda.",550,550.0,550.0,True
388,133,Crumble Pot Classic,Other,Crumble Pot,2950.0,PKR,"A rich, buttery Classic cookie baked fresh inside a premium metal tin, layered with 2–3 sheets of butter paper for perfect texture and moisture retention. This warm, aromatic dessert is crafted as a premium Ramadan gifting item soft, indulgent, and made to enjoy straight from the pot. Presented in Crumble’s signature packaging for a luxurious experience.",2950,2950.0,2950.0,True
389,133,Cookies N Cream Shake,Desserts,Ice Cream Shakes,570.0,PKR,"Crushed Oreos mixed into vanilla ice cream, topped with chocolate syrup for that perfect cookie-chocolate combo.",570,570.0,570.0,True
390,133,Lotus Shake,Desserts,Ice Cream Shakes,570.0,PKR,"Creamy vanilla ice cream blended with Lotus spread, topped with Lotus syrup for a rich, caramelized finish.",570,570.0,570.0,True
391,133,Strawberry Shake,Desserts,Ice Cream Shakes,570.0,PKR,"Fresh strawberry pure blended with ice cream, finished with strawberry syrup for a fruity burst.",570,570.0,570.0,True
392,133,Vanilla Shake,Desserts,Ice Cream Shakes,570.0,PKR,"A classic blend of premium vanilla ice cream, smooth and nostalgic in every sip.",570,570.0,570.0,True
393,134,Fried Chicken Fingers,Sides & Appetizers,Appetizers,650.0,PKR,4 Pieces of long cut crispy fried tender chicken served with salted fries,650,650.0,650.0,True
394,134,Mozzarella Cheese Sticks,Sides & Appetizers,Appetizers,470.0,PKR,"4 Pieces of fried mozzarella cheese sticks, crispy on the outside and stretchy and gooey on the inside",470,470.0,470.0,True
395,134,Coke,Beverages,Beverages,135.0,PKR,"The Bold, Refreshing & STRONG cola! Click to add to your meal.",135,135.0,135.0,True
396,134,Fanta,Beverages,Beverages,135.0,PKR,"A vibrant, tongue-tingling, and Flavorful Orange refreshment! Click to add to your meal.",135,135.0,135.0,True
397,134,Peach Iced Tea,Beverages,Beverages,280.0,PKR,Chilled Peach Iced Tea,280,280.0,280.0,True
398,134,Sprite,Beverages,Beverages,135.0,PKR,A Light & Refreshing Lemon-lime soda to pair with your food! Click to add to your meal.,135,135.0,135.0,True
399,134,Water,Beverages,Beverages,100.0,PKR,500 ml,100,100.0,100.0,True
400,134,GLAZED ON (BEEF),Burgers,Designer Burger,770.0,PKR,"Buttered Buns, Mayonnaise, Sweetened Glazed Onions",Single Patty 100gms: 770; Double Patty 200gms (Recommended): 1130; Triple Patty 300gms: 1490,100.0,1490.0,True
401,134,SWISS MUSHROOM (BEEF),Burgers,Designer Burger,880.0,PKR,"Buttered Buns, Swiss Cheese Slice, Mushroom Sauce & Sauteed Mushrooms",Single Patty 100gms: 880; Double Patty 200gms (Recommended): 1240; Triple Patty 300gms: 1600,100.0,1600.0,True
402,134,THE SIMPLE BURGER (BEEF),Burgers,Designer Burger,740.0,PKR,"Buttered Buns, Patty with Cheese (Served with Spicy Mayo)",Single Patty 100gms: 740; Double Patty 200gms (Recommended): 1100; Triple Patty 300gms: 1460,100.0,1460.0,True
403,134,THE SUNNY ROCKET (BEEF),Burgers,Designer Burger,920.0,PKR,"Buttered Buns, Rocket Leaves, Pickled Onions, Sundried Tomatoes & Chipotle Sauce",Single Patty 100gms: 920; Double Patty 200gms (Recommended): 1280; Triple Patty 300gms: 1640,100.0,1640.0,True
404,134,Curly Fries Large,Sides & Appetizers,Fries,470.0,PKR,Crispy and Addictive,470,470.0,470.0,True
405,134,Garlic Masala Fries,Sides & Appetizers,Fries,420.0,PKR,The crispiest fries sprinkled with the right combination of garlic masala,420,420.0,420.0,True
406,134,Garlic Mayo Fries,Sides & Appetizers,Fries,410.0,PKR,"Freshly cut, deep fried and topped with garlic mayo",410,410.0,410.0,True
407,134,Masala Fries,Sides & Appetizers,Fries,330.0,PKR,Masala fries that will be making you come back for more,330,330.0,330.0,True
408,134,Plain Fries,Sides & Appetizers,Fries,320.0,PKR,Crinkle cut salted fries,320,320.0,320.0,True
409,134,Waffle Fries Large,Sides & Appetizers,Fries,470.0,PKR,Crispy Criss Cut Fries,470,470.0,470.0,True
410,134,Little Meal - Chicken Burger,Other,Little Meal,800.0,PKR,A Tasty chicken burger with crunchy veggies & mayonnaise and surprise toy,800,800.0,800.0,True
411,134,Little Meal - Chicken Nuggets,Other,Little Meal,800.0,PKR,5 Pcs tender chicken nuggets with fries & drink of your choice and surprise toy,800,800.0,800.0,True
412,134,Little Meal - Chicken Strips,Other,Little Meal,800.0,PKR,"3 pcs of juicy and tender meat covered with a crispy coating and fries, choice of your drink and surprise Toy",800,800.0,800.0,True
413,134,Cheesy Mushroom Burger,Burgers,Original Burgers,800.0,PKR,"Patty with cheese, butter sauteed mushrooms and onions",100 Grams (Junior Size): 800; 150 Grams (Standard Size): 1000,100.0,1000.0,True
414,134,DD Classic Burger,Burgers,Original Burgers,800.0,PKR,"Lettuce, Tomato, Onions and Mayonnaise with Cheese on a patty",100 Grams (Junior Size): 800; 150 Grams (Standard Size): 1000,100.0,1000.0,True
415,134,DD Signature Burger,Burgers,Original Burgers,800.0,PKR,"Original daily deli style juicy burger with a tender patty along with leaf lettuce, tomatoes, mustard, pickled cucumbers and sweet relish",100 Grams (Junior Size): 800; 150 Grams (Standard Size): 1000,100.0,1000.0,True
416,134,DD Smokey House Burger,Burgers,Original Burgers,800.0,PKR,"Patty with cheese, fried Onion Rings, Bologna slices and Smokehouse sauce",100 Grams (Junior Size): 800; 150 Grams (Standard Size): 1000,100.0,1000.0,True
417,134,Double Cheese with American Sauce,Burgers,Original Burgers,1000.0,PKR,"Our own creation of a classic old school American burger. Pickles, American Sauce and 2 slices of melted cheddar cheese",Single Patty: 1000; Double Patty: 1470,1000.0,1470.0,True
418,134,Tangy Jalapeno Burger,Burgers,Original Burgers,800.0,PKR,"Patty with cheese, Jalapenos, Tomato and Lettuce with Tangy Sauce",100 Grams (Junior Size): 800; 150 Grams (Standard Size): 1000,100.0,1000.0,True
419,134,The BBQ Burger,Burgers,Original Burgers,800.0,PKR,"Leaf Lettuce, Tomato, Fried Onion Rings and BBQ Sauce served with Cheese on a patty",100 Grams (Junior Size): 800; 150 Grams (Standard Size): 1000,100.0,1000.0,True
420,134,Chicken Alfredo Pasta,Noodles & Pasta,Pasta,1280.0,PKR,Creamy and flavorful white alfredo past with just the perfect balance of spices and herbs,1280,1280.0,1280.0,True
421,134,Molten Lava Burger,Other,Premium Bugers,1200.0,PKR,Our all time Customer favorite. Patty with cheese topped with 3 x mozzarella cheese sticks. You can select the flavor of your choice.,1200,1200.0,1200.0,True
422,134,The Messi,Other,Premium Bugers,1170.0,PKR,"2 x 100gms patty with cheese, Jalapenos, Iceberg, Salsa Sauce and Spicy Sauce on buns.",1170,1170.0,1170.0,True
423,134,Chocolate Banana Shake,Beverages,Premium Shakes,595.0,PKR,The perfect blend of healthy and sweet,595,595.0,595.0,True
424,134,Chocolate Overdoze Shake,Beverages,Premium Shakes,595.0,PKR,Give yourself a mid-day energy rush with this all time favorite shake,595,595.0,595.0,True
425,134,Cold Coffee Shake,Beverages,Premium Shakes,595.0,PKR,"Freshly brewed coffee, blended with milk",595,595.0,595.0,True
426,134,Hersheys Chocolate Shake,Beverages,Premium Shakes,595.0,PKR,A milkshake beloved and enjoyed by all ages,595,595.0,595.0,True
427,134,Oreo Shake,Beverages,Premium Shakes,595.0,PKR,"All time favorite duo, cookies and milk, blended together with the perfect balance",595,595.0,595.0,True
428,134,Strawberry Banana Shake,Beverages,Premium Shakes,595.0,PKR,"Naturally sweetened by the humble strawberry and banana, this shake is both healthy and tasty",595,595.0,595.0,True
429,134,Chicken Thunder Fillet,Other,Thunder Fillet,825.0,PKR,"Cheese-filled burger with flavorful chicken patty made of minced meat coated in bread crumbs, topped with crunchy veggies",Without Cheese: 825; With Cheese: 895,825.0,895.0,True
430,135,Cheesy Garlic Bread,Other,BREADS,600.0,PKR,Freshly-baked garlic bread topped with herbs & cheese,,,,True
431,135,Garlic Bread Sticks,Other,BREADS,400.0,PKR,Freshly baked garlic bread sticks topped with oregano.,BBQ Dip: 400.0; Hot Sauce Dip: 400.0; Marinara Dip: 400.0; Garlic Mayo Dip: 400.0; Peri Peri Dip: 400.0; Ranch Dip: 400.0,400.0,400.0,True
432,135,Parmesan Bread Bites,Other,BREADS,600.0,PKR,"Freshly baked dough bites with garlic paste, topped with parmesan cheese, and served with marinara dipping sauce",,,,True
433,135,12 Pcs Chicken Kickers,Meat Mains,CHICKEN CORNER,1150.0,PKR,"12 pieces of 100% chicken breast, lightly coated with spicy golden crumbing, served with a dip of your choice",Dynamite: 1150.0; Garlic Mayo: 1150.0; BBQ: 1150.0; Hot Sauce: 1150.0; Marinara: 1150.0; Peri Peri: 1150.0; Ranch: 1150.0,1150.0,1150.0,True
434,135,12 Pcs Chicken Wings,Meat Mains,CHICKEN CORNER,1150.0,PKR,"12 Pieces of scrumptious oven baked spicy wings available in Mild, BBQ, Hot and Peri Peri flavors",Peri Peri: 1150.0; Ranch: 1150.0; BBQ: 1150.0; Hot Sauce: 1150.0; Dynamite: 1150.0,1150.0,1150.0,True
435,135,4 Pcs Chicken Kickers,Meat Mains,CHICKEN CORNER,450.0,PKR,"4 pieces of 100% chicken breast, lightly coated with spicy golden crumbing, served with a dip of your choice",BBQ: 450.0; Garlic Mayo: 450.0; Hot Sauce: 450.0; Marinara: 450.0; Ranch: 450.0; Dynamite: 450.0,450.0,450.0,True
436,135,4 Pcs Chicken Strips,Meat Mains,CHICKEN CORNER,600.0,PKR,Enjoy 4 strips of our oven-baked crispy chicken with a dip of your choice,Marinara: 600.0; BBQ: 600.0; Ranch: 600.0; Hot Sauce: 600.0; Garlic Mayo: 600.0; Peri Peri: 600.0,600.0,600.0,True
437,135,4 Pcs Chicken Wings,Meat Mains,CHICKEN CORNER,450.0,PKR,"Oven baked spicy wings, tossed with sauce of your choice",Dynamite: 450.0; BBQ: 450.0; Hot Sauce: 450.0; Peri Peri: 450.0; Ranch: 450.0,450.0,450.0,True
438,135,6 Pcs Chicken Kickers,Meat Mains,CHICKEN CORNER,650.0,PKR,"6 pieces of 100% chicken breast, lightly coated with spicy golden crumbing, served with a dip of your choice",BBQ: 650.0; Garlic Mayo: 650.0; Hot Sauce: 650.0; Dynamite: 650.0; Marinara: 650.0; Peri Peri: 650.0; Ranch: 650.0,650.0,650.0,True
439,135,6 Pcs Chicken Strips,Meat Mains,CHICKEN CORNER,750.0,PKR,Enjoy 6 strips of our oven-baked crispy chicken with a dip of your choice,Marinara: 750.0; BBQ: 750.0; Hot Sauce: 750.0; Garlic Mayo: 750.0; Peri Peri: 750.0; Ranch: 750.0,750.0,750.0,True
440,135,6 Pcs Chicken Wings,Meat Mains,CHICKEN CORNER,650.0,PKR,"6 Pieces of scrumptious oven baked spicy wings available in Mild, BBQ, Hot and Peri Peri flavors",BBQ: 650.0; Hot Sauce: 650.0; Peri Peri: 650.0; Ranch: 650.0; Dynamite: 650.0,650.0,650.0,True
441,135,8 Pcs Chicken Strips,Meat Mains,CHICKEN CORNER,1150.0,PKR,Enjoy 8 strips of our oven-baked crispy chicken with two dips of your choice,Marinara: 1150.0; BBQ: 1150.0; Hot Sauce: 1150.0; Garlic Mayo: 1150.0; Peri Peri: 1150.0; Ranch: 1150.0,1150.0,1150.0,True
442,135,Chicken and Chips,Meat Mains,CHICKEN CORNER,850.0,PKR,Enjoy 5 strips of our oven-baked crispy chicken with fries combo.,,,,True
443,135,Alfredo Pizza,Desserts,CLASSIC FLAVORS,650.0,PKR,"Alfredo sauce, oregano, cheddar cheese, marinated grilled chicken, mushrooms and mozzarella cheese",Small: 650.0; Medium: 1250.0; Large: 1700.0; Extra Large: 2550.0,650.0,2550.0,True
444,135,Chicken Fajita,Desserts,CLASSIC FLAVORS,650.0,PKR,"Pizza sauce base, mozzarella cheese, spicy chicken chunks, onions, and green peppers.",Small: 650.0; Medium: 1250.0; Large: 1700.0; Extra Large: 2750.0,650.0,2750.0,True
445,135,Chicken Tikka,Desserts,CLASSIC FLAVORS,650.0,PKR,"Pizza sauce base, mozzarella cheese, chicken tikka chunks and onions.",Small: 650.0; Medium: 1250.0; Large: 1700.0; Extra Large: 2550.0,650.0,2550.0,True
446,135,Creamy Tikka,Desserts,CLASSIC FLAVORS,650.0,PKR,"Cheese mayo base, mozzarella cheese, chicken tikka chunks, onions and jalapenos.",Small: 650.0; Medium: 1250.0; Large: 1700.0; Extra Large: 2550.0,650.0,2550.0,True
447,135,Only Veggie,Desserts,CLASSIC FLAVORS,650.0,PKR,"Pizza sauce base, mozzarella cheese, onions, green peppers, mushrooms and black olives",Small: 650.0; Medium: 1250.0; Large: 1700.0; Extra Large: 2550.0,650.0,2550.0,True
448,135,Secret Sauce Boss,Desserts,CLASSIC FLAVORS,650.0,PKR,"Secret Sauce Base, Mozzarella Cheese, Tex Mex Chicken, Olives, Capsicum, Onions, and topped with our Secret Sauce.",Small: 650.0; Medium: 1250.0; Large: 1700.0; Extra Large: 2550.0,650.0,2550.0,True
449,135,Super Cheese,Desserts,CLASSIC FLAVORS,650.0,PKR,Pizza sauce base with cheese and cheese some more cheese.,Small: 650.0; Medium: 1250.0; Large: 1700.0; Extra Large: 2550.0,650.0,2550.0,True
450,135,Alfredo Pizza Roll + Dip,Shawarma & Wraps,CLASSIC LOADED PIZZA ROLLS,500.0,PKR,"Alfredo sauce, oregano, cheddar cheese, mozzarella cheese, marinated grilled chicken and mushrooms wrapped in our oven-baked, always fresh dough.",BBQ Dip: 500.0; Hot Sauce: 500.0; Marinara Dip: 500.0; Garlic Mayo Dip: 500.0; Peri Peri Dip: 500.0; Ranch Dip: 500.0,500.0,500.0,True
451,135,Chicken Seekh Kebab Pizza Roll + Dip,Shawarma & Wraps,CLASSIC LOADED PIZZA ROLLS,500.0,PKR,"Pizza sauce, mozzarella cheese, chicken seekh kebab, green chilies, onions, and ranch sauce wrapped in our oven baked, always fresh dough.",BBQ Dip: 500.0; Garlic Mayo Dip: 500.0; Hot Sauce Dip: 500.0; Marinara Dip: 500.0; Peri Peri Dip: 500.0; Ranch Dip: 500.0,500.0,500.0,True
452,135,Chicken Tikka Pizza Roll + Dip,Shawarma & Wraps,CLASSIC LOADED PIZZA ROLLS,500.0,PKR,"Pizza sauce, mozzarella cheese, chicken tikka chunks, onions, and dynamite sauce wrapped in our oven baked, always fresh dough.",Garlic Mayo Dip: 500.0; Marinara Dip: 500.0; Peri Peri Dip: 500.0; Ranch Dip: 500.0; BBQ Dip: 500.0; Hot Sauce Dip: 550.0,500.0,550.0,True
453,135,Only Veggie Pizza Roll + Dip,Shawarma & Wraps,CLASSIC LOADED PIZZA ROLLS,500.0,PKR,"Pizza sauce, mozzarella cheese, onions, green peppers, mushrooms, olives and cheese mayo wrapped in our oven baked always fresh dough.",BBQ Dip: 500.0; Garlic Mayo Dip: 500.0; Hot Sauce Dip: 500.0; Marinara Dip: 500.0; Peri Peri Dip: 500.0; Ranch Dip: 500.0,500.0,500.0,True
454,135,Peri Peri Pizza Roll + Dip,Shawarma & Wraps,CLASSIC LOADED PIZZA ROLLS,500.0,PKR,"Cheese mayo, mozzarella cheese, spicy chicken chunks, onions, green peppers and Peri Peri sauce wrapped in our oven baked, always fresh dough.",BBQ Dip: 500.0; Garlic Mayo Dip: 500.0; Hot Sauce Dip: 500.0; Marinara Dip: 500.0; Peri Peri Dip: 500.0; Ranch Dip: 500.0,500.0,500.0,True
455,135,Secret Sauce Boss Pizza Roll + Dip,Shawarma & Wraps,CLASSIC LOADED PIZZA ROLLS,500.0,PKR,"Secret sauce, mozzarella cheese, Tex Mex chicken, olives, capsicum, and onions wrapped in our oven baked, always fresh dough.",BBQ Dip: 500.0; Garlic Mayo Dip: 500.0; Hot Sauce Dip: 500.0; Marinara Dip: 500.0; Peri Peri Dip: 500.0; Ranch Dip: 500.0,500.0,500.0,True
456,135,Small Pizza Deal in Rs. 550,Deals & Combos,DAILY DEALS,550.0,PKR,Rs. 100 Rs Off on Small Pizza,,,,True
457,135,Small Pizzas Special,Deals & Combos,DAILY DEALS,850.0,PKR,2 Small Pizzas,,,,True
458,135,Strong Pepsi Deal,Deals & Combos,DAILY DEALS,550.0,PKR,Meltz + 345ml Drink.,,,,True
459,135,Too Loaded For Two,Deals & Combos,DAILY DEALS,1350.0,PKR,2 Pizza rolls (Any flavor) + 2 drinks + 1 lave cake.,,,,True
460,135,Choco Bread,Desserts,DESSERTS,400.0,PKR,Freshly-baked bread covered with chocolate & sprinkled with icing sugar,,,,True
461,135,Choco Bread Twists,Desserts,DESSERTS,400.0,PKR,Freshly baked twisted  soft bread served with Chocolate DIP,,,,True
462,135,Choco Crunchy Fold,Desserts,DESSERTS,600.0,PKR,"A thick layer of chocolate and cream cheese topped with cinnamon, all packed in a crispy crunchy baked bread and served with vanilla icing.",,,,True
463,135,Cinna Bites,Desserts,DESSERTS,400.0,PKR,Bite sized oven baked bread topped with cinnamon & served with vanilla icing.,,,,True
464,135,Lava Cake - 1 Pc,Desserts,DESSERTS,400.0,PKR,"Milk chocolate cake with a molten center, dusted with icing sugar",,,,True
465,135,Lava Cake - 2 Pcs,Desserts,DESSERTS,750.0,PKR,"Milk chocolate cake with a molten center, dusted with icing sugar",,,,True
466,135,Lava Cake - 3 Pcs,Desserts,DESSERTS,1100.0,PKR,"Milk chocolate cake with a molten center, dusted with icing sugar",,,,True
467,135,Pop Dots,Desserts,DESSERTS,400.0,PKR,"Eight chocolate-filled, crunchy treats sprinkled with icing sugar",,,,True
468,135,BBQ,Add-ons & Condiments,DIPS,85.0,PKR,BBQ Sauce,,,,True
469,135,Chili Garlic,Add-ons & Condiments,DIPS,50.0,PKR,Big Dip Chilli garlic,,,,True
470,135,Condiment Bag,Add-ons & Condiments,DIPS,25.0,PKR,"Ketchup, chili garlic sauce, and chili flakes sachets served.",,,,True
471,135,Garlic Mayo,Add-ons & Condiments,DIPS,85.0,PKR,Garlic Mayo Sauce,,,,True
472,135,Hot,Add-ons & Condiments,DIPS,85.0,PKR,Chili Hot Sauce,,,,True
473,135,Ketchup,Add-ons & Condiments,DIPS,50.0,PKR,Big Dip Ketchup,,,,True
474,135,Marinara,Add-ons & Condiments,DIPS,85.0,PKR,Traditional Marinara Sauce,,,,True
475,135,Peri Peri,Add-ons & Condiments,DIPS,85.0,PKR,Peri Peri Sauce,,,,True
476,135,Ranch,Add-ons & Condiments,DIPS,85.0,PKR,Classic Ranch Sauce,,,,True
477,135,7UP,Beverages,DRINKS,130.0,PKR,7UP,345ML: 130.0; 1.5L: 250.0,1.5,345.0,True
478,135,7UP MINT LEMONADE,Beverages,DRINKS,130.0,PKR,MINT LEMONADE,,,,True
479,135,AQUAFINA,Beverages,DRINKS,50.0,PKR,AQUAFINA,500 ML: 50.0; 1.5 L: 100.0,1.5,500.0,True
480,135,MIRINDA,Beverages,DRINKS,130.0,PKR,MIRINDA,345ML: 130.0; 1.5L: 250.0,1.5,345.0,True
481,135,MOUNTAIN DEW,Beverages,DRINKS,130.0,PKR,Mountain Dew,345ML: 130.0; 1.5L: 250.0,1.5,345.0,True
482,135,PEPSI,Beverages,DRINKS,130.0,PKR,PEPSI,345ML: 130.0; 1.5L: 250.0,1.5,345.0,True
483,135,PEPSI ZERO,Beverages,DRINKS,130.0,PKR,Pepsi Zero,,,,True
484,135,STING,Beverages,DRINKS,150.0,PKR,STING,,,,True
485,135,Epic Double Large,Deals & Combos,EPIC LARGE DEALS,3400.0,PKR,2 Large Classic Pizzas + FREE 1.5 LTR Drink,,,,True
486,135,Epic Large,Deals & Combos,EPIC LARGE DEALS,1800.0,PKR,1 Large Pizza and 1.5 Ltr Drink.,,,,True
487,135,Epic Double Medium,Deals & Combos,EPIC MEDIUM DEALS,2500.0,PKR,2 Medium Classic Pizzas + FREE 1.5 LTR Drink​,,,,True
488,135,Epic Medium,Deals & Combos,EPIC MEDIUM DEALS,1350.0,PKR,1 Medium Pizza and 2 Small Drinks.,,,,True
489,135,American BBQ Chicken,Desserts,FAVORITE FLAVORS,750.0,PKR,"BBQ sauce base, mozzarella cheese, spicy chicken chunks and onions.",Small: 750.0; Medium: 1350.0; Large: 1800.0; Extra Large: 2650.0,750.0,2650.0,True
490,135,Chicken Seekh Kebab,Desserts,FAVORITE FLAVORS,750.0,PKR,"Pizza sauce base, mozzarella cheese, chicken seekh kebab, green chilies and onions topped with ranch sauce.",Small: 750.0; Medium: 1350.0; Large: 1800.0; Extra Large: 2650.0,750.0,2650.0,True
491,135,Creamy Peri Peri,Desserts,FAVORITE FLAVORS,750.0,PKR,"Cheese mayo base, mozzarella cheese, spicy chicken chunks, green peppers, onions and jalapenos topped with peri peri sauce.",Small: 750.0; Medium: 1350.0; Large: 1800.0; Extra Large: 2650.0,750.0,2650.0,True
492,135,Crispy Chicken Cheese Burger,Desserts,FAVORITE FLAVORS,750.0,PKR,"Cheddar sauce base, mozzarella cheese, crispy chicken chunks and pickled cucumbers topped with burger sauce and ranch sauce",Small: 750.0; Medium: 1350.0; Large: 1800.0; Extra Large: 2650.0,750.0,2650.0,True
493,135,Flaming Crispy Chicken Cheese Burger,Desserts,FAVORITE FLAVORS,750.0,PKR,"Cheddar sauce base, mozzarella cheese, crispy chicken chunks, onions and pickled cucumbers topped with burger sauce and peri peri sauce",Small: 750.0; Medium: 1350.0; Large: 1800.0; Extra Large: 2650.0,750.0,2650.0,True
494,135,Hawaiian Chicken,Desserts,FAVORITE FLAVORS,750.0,PKR,"Pizza sauce base, mozzarella cheese, chicken chunks and pineapples.",Small: 750.0; Medium: 1350.0; Large: 1800.0; Extra Large: 2650.0,750.0,2650.0,True
495,135,Legend Dynamite,Desserts,FAVORITE FLAVORS,750.0,PKR,"Cheddar cheese base, mozzarella cheese, grilled chicken, onions and oregano topped dynamite sauce.",Small: 750.0; Medium: 1350.0; Large: 1800.0; Extra Large: 2650.0,750.0,2650.0,True
496,135,Legend Ranch,Desserts,FAVORITE FLAVORS,750.0,PKR,"Cheddar cheese base, mozzarella cheese, grilled chicken, onions and oregano topped with ranch sauce.",Small: 750.0; Medium: 1350.0; Large: 1800.0; Extra Large: 2650.0,750.0,2650.0,True
497,135,Pakistani Hot,Desserts,FAVORITE FLAVORS,750.0,PKR,"Pizza sauce base, mozzarella cheese, spicy chicken chunks, onions, green peppers and green chilies.",Small: 750.0; Medium: 1350.0; Large: 1800.0; Extra Large: 2650.0,750.0,2650.0,True
498,135,Smoked Sausage,Desserts,FAVORITE FLAVORS,750.0,PKR,"Pizza sauce base, mozzarella cheese, smoked chicken sausages and mushrooms topped with BBQ seasoning.",Small: 750.0; Medium: 1350.0; Large: 1800.0; Extra Large: 2650.0,750.0,2650.0,True
499,135,Tex-Mex,Desserts,FAVORITE FLAVORS,750.0,PKR,"Pizza sauce base, mozzarella cheese, Tex-Mex chicken chunks, onions, green peppers, jalapenos, black olives and oregano.",Small: 750.0; Medium: 1350.0; Large: 1800.0; Extra Large: 2650.0,750.0,2650.0,True
500,135,American BBQ Chicken Pizza Roll +Dip,Shawarma & Wraps,FAVORITE LOADED PIZZA ROLL,550.0,PKR,"American BBQ sauce, mozzarella cheese, chicken tikka, onions, and cheese mayo sauce wrapped in our oven baked always fresh dough",BBQ Dip: 550.0; Garlic Mayo Dip: 550.0; Hot Sauce Dip: 550.0; Marinara Dip: 550.0; Peri Peri Dip: 550.0; Ranch Dip: 550.0,550.0,550.0,True
501,135,Chicken Supreme Pizza Roll + Dip,Shawarma & Wraps,FAVORITE LOADED PIZZA ROLL,550.0,PKR,"Pizza sauce, mozzarella cheese, chicken tikka chunks, Tex Mex chicken chunks, chicken sausages, black olives, jalapenos, green chilies, onions, green peppers, and cheese mayo wrapped in our oven baked, always fresh dough.",BBQ Dip: 550.0; Garlic Mayo Dip: 550.0; Hot Sauce Dip: 550.0; Marinara Dip: 550.0; Peri Peri Dip: 550.0; Ranch Dip: 550.0,550.0,550.0,True
502,135,Flaming Chicken Cheese Pizza Roll,Shawarma & Wraps,FAVORITE LOADED PIZZA ROLL,550.0,PKR,"Cheddar Sauce, Peri peri sauce, mozzarella cheese, onions, pickled cucumbers, Kickers and Burger sauce wrapped in our oven baked always fresh dough",BBQ Dip: 550.0; Garlic Mayo Dip: 550.0; Hot Sauce Dip: 550.0; Marinara Dip: 550.0; Peri Peri Dip: 550.0; Ranch Dip: 550.0,550.0,550.0,True
503,135,Mushroom and Pepperoni  Pizza Roll,Shawarma & Wraps,FAVORITE LOADED PIZZA ROLL,550.0,PKR,"Pizza sauce, mozzarella cheese, pepperoni, and mushrooms wrapped in our oven baked always fresh dough.",BBQ Dip: 550.0; Garlic Mayo Dip: 550.0; Hot Sauce Dip: 550.0; Marinara Dip: 550.0; Peri Peri Dip: 550.0; Ranch: 550.0,550.0,550.0,True
504,135,Smoked Sausage Pizza Roll + Dip,Shawarma & Wraps,FAVORITE LOADED PIZZA ROLL,550.0,PKR,"Pizza sauce, mozzarella cheese, Chicken sausages, Mushrooms, and cheese mayo sauce wrapped in our oven baked always fresh dough",BBQ Dip: 550.0; Garlic Mayo Dip: 550.0; Hot Sauce Dip: 550.0; Marinara Dip: 550.0; Peri Peri Dip: 550.0; Ranch Dip: 550.0,550.0,550.0,True
505,135,Crinkle Oven Baked Fries,Sides & Appetizers,FRIES,400.0,PKR,"Oven-baked, crunchy crinkle-cut chips",Regular: 400.0; Large: 600.0,400.0,600.0,True
506,135,Potato Wedges,Sides & Appetizers,FRIES,450.0,PKR,"Oven-baked, crispy potato chunks with our secret seasoning",,,,True
507,135,Gathering For Four,Deals & Combos,GATHERING DEALS,3200.0,PKR,2 Medium Classic Pizza’s + 2 Sides + 1.5 LTR Drink.,,,,True
508,135,Gathering For Six,Deals & Combos,GATHERING DEALS,5250.0,PKR,2 Large Classic Pizza’s + 2 Sides + 1.5 LTR Drink.,,,,True
509,135,Pizza N Wings,Deals & Combos,GATHERING DEALS,1700.0,PKR,1 Medium Classic Pizza’s + 6 pcs Wings + 2 Small Drinks.,,,,True
510,135,Meltz Alfredo,Other,MELTZ FAVORITE,500.0,PKR,"Alfredo sauce, oregano, cheddar cheese, mozzarella cheese, marinated grilled chicken and mushrooms, packed in our signature crunchy thin crust.",,,,True
511,135,Meltz Creamy Peri,Other,MELTZ FAVORITE,500.0,PKR,"Cheese mayo, mozzarella cheese, spicy chicken chunks, green peppers, jalapenos, black olives, and oregano folded & packed with our signature Crunchy Thin crust.",,,,True
512,135,Meltz Flaming Cheese Burger,Other,MELTZ FAVORITE,500.0,PKR,"Cheddar sauce, mozzarella cheese, crispy chicken chunks, onions, pickled cucumbers and our secret burger sauce folded & packed with our signature Crunchy Thin crust.",,,,True
513,135,Meltz Legend Ranch,Other,MELTZ FAVORITE,500.0,PKR,"Cheddar sauce, mozzarella cheese, grilled chicken, onions, oregano, and ranch sauce folded & packed with our signature Crunchy Thin crust.",,,,True
514,135,Meltz Only Veggie,Other,MELTZ FAVORITE,500.0,PKR,"Pizza sauce, mozzarella cheese, onions, green peppers, mushrooms, and black olives folded & packed with our signature Crunchy Thin crust.",,,,True
515,135,Meltz Smokey Chicken Tikka,Other,MELTZ FAVORITE,500.0,PKR,"Pizza sauce, mozzarella cheese, chicken tikka chunks, onions, and jalapenos folded & packed with our signature Crunchy Thin crust.",,,,True
516,135,Meltz Beef Cheese Burger,Other,MELTZ PREMIUM,550.0,PKR,"Cheddar sauce mozzarella cheese, beef chunks, pickled cucumbers, and secret burger sauce folded & packed with our signature Crunchy Thin crust.",,,,True
517,135,Meltz Chicken Supreme,Other,MELTZ PREMIUM,550.0,PKR,"Pizza sauce, mozzarella cheese, chicken tikka chunks, tex-mex chicken chunks, chicken sausages, black olives, jalapenos, green chilies, onions, green peppers folded & packed with our signature Crunchy Thin crust.",,,,True
518,135,Meltz Four Cheese,Other,MELTZ PREMIUM,550.0,PKR,"Pizza sauce topped with cheese, cheese and some more cheese folded & packed with our signature Crunchy Thin crust.",,,,True
519,135,Meltz Pakistani Hot,Other,MELTZ PREMIUM,550.0,PKR,"Pizza sauce, mozzarella cheese, beef pepperoni, jalapenos, and siracha hot sauce folded & packed with our signature Crunchy Thin crust.",,,,True
520,135,Meltz Pepperoni,Other,MELTZ PREMIUM,550.0,PKR,"Our signature Thin N Crispy crust, folded & packed with flavor",,,,True
521,135,MyBox Meltz + 1 Side + Dip,Other,MYBOX MELTZ,750.0,PKR,"Create your own Combo by selecting from a variety of Meltz, Sides, Desserts, and Chicken.",,,,True
522,135,MyBox Meltz + 1 Side + Dip + Drink,Other,MYBOX MELTZ,850.0,PKR,"Create your own Combo by selecting from a variety of Meltz, Sides, Desserts, Chicken & Drink.",,,,True
523,135,MyBox Meltz + 2 Sides + Dip,Other,MYBOX MELTZ,1050.0,PKR,"Create your own Combo by selecting from a variety of Meltz, Sides, Desserts, Chicken.",,,,True
524,135,MyBox Meltz + 2 Sides + Dip + Drink,Other,MYBOX MELTZ,1150.0,PKR,"Create your own Combo by selecting from a variety of Meltz, Sides, Desserts, Chicken & Drink.",,,,True
525,135,MyBox Pizza + 1 Side,Pizza,MYBOX PIZZA,750.0,PKR,"Create your own Combo by selecting from a variety of Pizzas, Sides, Desserts, and Chicken.",,,,True
526,135,MyBox Pizza + 1 Side + Drink,Pizza,MYBOX PIZZA,850.0,PKR,"Create your own Combo by selecting from a variety of Pizzas, Sides, Desserts, Chicken & Drink.",,,,True
527,135,MyBox Pizza + 2 Sides,Pizza,MYBOX PIZZA,1050.0,PKR,"Create your own Combo by selecting from a variety of Pizzas, Sides, Desserts, Chicken.",,,,True
528,135,MyBox Pizza + 2 Sides with Drink,Pizza,MYBOX PIZZA,1150.0,PKR,"Create your own Combo by selecting from a variety of Pizzas, Sides, Desserts, Chicken & Drink.",,,,True
529,135,MyBox Loaded Pizza Roll + 1 Side + Dip + Drink,Shawarma & Wraps,MYBOX PIZZA ROLLS,850.0,PKR,"Create your own Combo by selecting from a variety of Loaded Pizza Rolls, Sides, Desserts, Chicken & Drink.",,,,True
530,135,MyBox Loaded Pizza Roll + 2 Sides + Dip,Shawarma & Wraps,MYBOX PIZZA ROLLS,1050.0,PKR,"Create your own Combo by selecting from a variety of Loaded Pizza Rolls, Sides, Desserts, Chicken.",,,,True
531,135,MyBox Loaded Pizza Roll + 2 Sides + Dip + Drink,Shawarma & Wraps,MYBOX PIZZA ROLLS,1150.0,PKR,"Create your own Combo by selecting from a variety of Loaded Pizza Rolls, Sides, Desserts, Chicken & Drink.",,,,True
532,135,MyBox Loaded Pizza Roll+ 1 Side + Dip,Shawarma & Wraps,MYBOX PIZZA ROLLS,750.0,PKR,"Create your own Combo by selecting from a variety of Loaded Pizza Rolls, Sides, Desserts, and Chicken.",,,,True
533,135,Cheese Burst Large,Deals & Combos,PREMIUM DEALS,2300.0,PKR,1 Large Cheese Burst Pizza with Large Drink..,,,,True
534,135,Creamy Kebab Stuffed Crust,Deals & Combos,PREMIUM DEALS,2000.0,PKR,1 Creamy Kebab Stuffed Crust Pizza with 1.5 Ltr drink.,,,,True
535,135,Double Melt Deal Large,Deals & Combos,PREMIUM DEALS,2900.0,PKR,1 Large Double Melt Pizza with Large Drink.,,,,True
536,135,Mozzarella Stuffed Crust,Deals & Combos,PREMIUM DEALS,2000.0,PKR,1 Mozzarella Stuffed Crust Pizza with 1.5 Ltr drink.,,,,True
537,135,Super Loaded Large,Deals & Combos,PREMIUM DEALS,2000.0,PKR,1 Super Loaded Large Pizza + 1.5 Ltr Drink,,,,True
538,135,Beef Cheese Burger,Desserts,PREMIUM FLAVORS,850.0,PKR,"Cheddar sauce base, mozzarella cheese, beef chunks, pickled cucumbers, topped with burger sauce and ketchup.",Small: 850.0; Medium: 1450.0; Large: 1900.0; Extra Large: 2750.0,850.0,2750.0,True
539,135,Chicken Supreme,Desserts,PREMIUM FLAVORS,850.0,PKR,"Pizza sauce base, mozzarella cheese, chicken tikka chunks, Tex-Mex chicken chunks, chicken sausages, black olives, jalapenos, green chilies, onions and green peppers",Small: 850.0; Medium: 1450.0; Large: 1900.0; Extra Large: 2750.0,850.0,2750.0,True
540,135,Extravaganza,Desserts,PREMIUM FLAVORS,850.0,PKR,"Pizza sauce base, mozzarella cheese, beef chunks, beef pepperoni, onions, green peppers, mushrooms and black olives",Small: 850.0; Medium: 1450.0; Large: 1900.0; Extra Large: 2750.0,850.0,2750.0,True
541,135,Italiano,Desserts,PREMIUM FLAVORS,850.0,PKR,"Pepperoni, mushrooms & beef.",Small: 850.0; Medium: 1450.0; Large: 1900.0; Extra Large: 2750.0,850.0,2750.0,True
542,135,Mushroom & Pepperoni,Desserts,PREMIUM FLAVORS,850.0,PKR,"Pizza sauce base, mozzarella cheese, fresh mushrooms and beef pepperoni.",Small: 850.0; Medium: 1450.0; Large: 1900.0; Extra Large: 2750.0,850.0,2750.0,True
543,135,Pepperoni Hot,Desserts,PREMIUM FLAVORS,850.0,PKR,"Pizza sauce base, mozzarella cheese, pepperoni and jalapenos and topped with sriracha hot sauce",Small: 850.0; Medium: 1450.0; Large: 1900.0; Extra Large: 2750.0,850.0,2750.0,True
544,135,Pepperoni Passion,Desserts,PREMIUM FLAVORS,850.0,PKR,"Pizza sauce base, mozzarella cheese and beef pepperoni.",Small: 850.0; Medium: 1450.0; Large: 1900.0; Extra Large: 2750.0,850.0,2750.0,True
545,135,Super Loaded Creamy Tikka,Pizza,SUPER LOADED PIZZAS,2000.0,PKR,50% More Cheese and 50% More Chicken with onions and jalapeños with cheesy mayo base sauce.,,,,True
546,135,Super Loaded Fajita,Pizza,SUPER LOADED PIZZAS,2000.0,PKR,"50% More Cheese and 50% More Chicken with onions, green peppers, jalapeños, black olives, and oregano.",,,,True
547,135,Super Loaded Pepperoni Passion,Pizza,SUPER LOADED PIZZAS,2000.0,PKR,50% More Cheese and 50% More Pepperoni with pizza sauce base.,,,,True
548,135,Super Loaded Peri Peri,Pizza,SUPER LOADED PIZZAS,2000.0,PKR,"50% More Cheese and 50% More Chicken with onions, and green peppers topped with Peri Peri Sauce.",,,,True
549,135,Super Loaded Seekh Kebab,Pizza,SUPER LOADED PIZZAS,2000.0,PKR,"50% More Cheese and 50% More Chicken seekh kebab chunks, onions, and green chilies with pizza base sauce topped with ranch sauce.",,,,True
550,135,Super Loaded Tex Mex,Pizza,SUPER LOADED PIZZAS,2000.0,PKR,"50% More Cheese and 50% More Chicken with onions, green peppers, jalapeños, black olives, and oregano.",,,,True
551,136,Bagel With Cream Cheese,Breakfast,Breakfast,840.0,PKR,"Soft, toasted bagel with rich cream cheese",,,,True
552,136,Berry Blast XXL,Beverages,Canned Drinks,1040.0,PKR,Refreshing Berry Blast XXL canned drink bursting with vibrant mixed berry flavors,,,,True
553,136,Cold Brew Coffee,Beverages,Canned Drinks,1250.0,PKR,Smooth and refreshing cold brew coffee made from premium roasted beans steeped for hours to deliver a rich bold flavor,,,,True
554,136,Spanish Latte XXL,Beverages,Canned Drinks,1010.0,PKR,Triple shot espresso with velvety milk and condensed milk creating a rich creamy indulgent beverage perfect for coffee lovers,,,,True
555,136,Dark Chocolate Cortado,Desserts,Dark Chocolate Series,910.0,PKR,"Rich espresso blended with smooth dark chocolate for a bold, velvety sip.

Serving: 8oz  -  Calories: 180",,,,True
556,136,Hot Chocolate Bounty,Desserts,Dark Chocolate Series,980.0,PKR,Indulge in rich dark chocolate blended with smooth hot cocoa creating a luxurious and warming beverage perfect for any occasion,,,,True
557,136,Hot Chocolate Classic,Desserts,Dark Chocolate Series,980.0,PKR,Indulge in our classic hot chocolate crafted from premium dark chocolate blended with steamed milk and topped with a velvety foam for a rich and comforting experience,,,,True
558,136,Hot Chocolate Mint,Desserts,Dark Chocolate Series,980.0,PKR,Rich dark chocolate infused with refreshing mint flavors creating a smooth and indulgent hot chocolate experience perfect for any season,,,,True
559,136,Hot Chocolate Orange,Desserts,Dark Chocolate Series,980.0,PKR,Indulge in our Hot Chocolate Orange blend featuring rich dark chocolate infused with bright citrus notes A luxurious warm beverage that combines smooth cocoa with refreshing orange essence perfect for any occasion,,,,True
560,136,Iced Chocolate Bounty,Desserts,Dark Chocolate Series,980.0,PKR,Chilled chocolate drink with coconut for a bounty twist,,,,True
561,136,Iced Chocolate Classic,Desserts,Dark Chocolate Series,980.0,PKR,Chilled creamy chocolate drink with a rich cocoa flavor,,,,True
562,136,Iced Chocolate Mint,Desserts,Dark Chocolate Series,980.0,PKR,Cool mint meets rich chocolate in this refreshing iced drink,,,,True
563,136,Orange Cocoa,Desserts,Dark Chocolate Series,980.0,PKR,"Rich cocoa blended with a fresh burst of orange for a warm, citrusy twist.

Serving: 8oz  -  Calories: 280",,,,True
564,136,Americano hot,Beverages,Espresso (hot),585.0,PKR,Double shot of calibrated espresso combined with hot water for a bold smooth coffee experience with just 5 calories,,,,True
565,136,Cappuccino hot,Beverages,Espresso (hot),720.0,PKR,Rich shot of espresso topped with velvety frothed and steamed milk creating the perfect balance of bold coffee and creamy texture. Approximately 103 calories per serving.,,,,True
566,136,Caramel Latte hot,Beverages,Espresso (hot),785.0,PKR,Rich and smooth caramel latte crafted with double shot espresso steamed milk and sweet caramel syrup. A delightful coffee experience with approximately 175 calories per serving.,,,,True
567,136,Cortado hot,Beverages,Espresso (hot),615.0,PKR,A perfectly balanced cortado featuring a double shot of rich espresso combined with velvety steamed milk in a 1:2 ratio served in an 8 oz cup. Approximately 50 calories per serving.,,,,True
568,136,Dark Latte Hot,Beverages,Espresso (hot),870.0,PKR,"The Dark Latte Hot is a bold blend of espresso, steamed milk, and rich dark chocolate for a smooth, indulgent treat.",,,,True
569,136,Double Shot Espresso hot,Beverages,Espresso (hot),540.0,PKR,Two rich shots of freshly pulled espresso with a bold intense flavor and velvety crema. A pure concentrated coffee experience with minimal calories.,,,,True
570,136,Flat White hot,Beverages,Espresso (hot),680.0,PKR,Double shot espresso with velvety steamed milk prepared in ristretto style for a rich concentrated flavor. Approximately 66 calories per serving.,,,,True
571,136,Hazelnut Latte hot,Beverages,Espresso (hot),785.0,PKR,"Calories - 175 (Double Shot Espresso, Steamed/Frothed Milk, Syrup)",,,,True
572,136,Honey Latte hot,Beverages,Espresso (hot),785.0,PKR,Smooth shot of espresso combined with steamed and frothed milk sweetened with pure honey. A rich and creamy beverage with natural sweetness and bold coffee flavor. Approximately 175 calories per serving.,,,,True
573,136,Hot Coconut Latte,Beverages,Espresso (hot),1650.0,PKR,"A smooth coconut milk latte with rich espresso and creamy, dairy-free coconut milk for a lightly sweet, velvety finish.
Calories - 100",,,,True
574,136,Hot Latte,Beverages,Espresso (hot),710.0,PKR,Smooth and creamy latte made with rich espresso combined with steamed and frothed milk. Approximately 121 calories per serving.,,,,True
575,136,Mocha 101 Hot latte,Beverages,Espresso (hot),795.0,PKR,Rich mocha latte crafted with double shot espresso velvety steamed milk and smooth chocolate syrup topped with creamy froth. Approximately 202 calories per serving,,,,True
576,136,Orange Americano Hot,Beverages,Espresso (hot),650.0,PKR,Bold Americano with a zesty orange twist,,,,True
577,136,Peppermint Mocha hot,Beverages,Espresso (hot),980.0,PKR,"A rich chocolatey mocha blended with refreshing peppermint, perfectly crafted for a cozy festive treat.

Serving: 8oz  -  Calories: 240",,,,True
578,136,Salted Caramel Latte Hot,Beverages,Espresso (hot),910.0,PKR,Double shot espresso combined with rich salted caramel puree and velvety frothed steamed milk. Approximately 245 calories per serving.,,,,True
579,136,Spanish Latte hot,Beverages,Espresso (hot),785.0,PKR,"Calories - 187 (Double Shot Espresso, Steamed/Frothed Milk, Condensed Milk)",,,,True
580,136,Toffee Nut Latte hot,Beverages,Espresso (hot),785.0,PKR,Rich shot of espresso blended with velvety steamed milk and smooth toffee nut syrup for a delightful nutty sweetness. Approximately 175 calories per serving.,,,,True
581,136,V60 Hot,Beverages,Espresso (hot),1095.0,PKR,"Hand-brewed hot coffee with clean, rich flavor.",,,,True
582,136,Vanilla Latte hot,Beverages,Espresso (hot),785.0,PKR,Smooth and creamy vanilla latte made with shot of espresso steamed milk and rich vanilla syrup. Approximately 175 calories per serving.,,,,True
583,136,Whipped Latte Hot,Beverages,Espresso (hot),720.0,PKR,Smooth espresso topped with velvety whipped cream and steamed milk creating a rich creamy texture perfect for a warm comforting beverage,,,,True
584,136,Caramel Frappuccino,Beverages,Iced Drinks,880.0,PKR,"A rich and creamy iced beverage blending smooth caramel flavors with chilled milk and ice, with over 500 calories. This indulgent drink delivers a sweet caramel taste perfect for warm days",,,,True
585,136,Caramel Iced Latte,Beverages,Iced Drinks,785.0,PKR,Smooth espresso blended with chilled milk and rich caramel syrup served over ice. Approximately 180 calories per serving.,,,,True
586,136,Coconut Americano,Beverages,Iced Drinks,900.0,PKR,Double shot espresso with coconut water,,,,True
587,136,Dark Iced Latte,Beverages,Iced Drinks,870.0,PKR,Dark chocolate with orange puree and espresso shot,,,,True
588,136,Espresso Protein Shake,Beverages,Iced Drinks,980.0,PKR,"Calories: 146, protein: 11.6g",,,,True
589,136,Frosted Toffee Super Frappe,Beverages,Iced Drinks,1220.0,PKR,Double shot of espresso blended with creamy ice cream and chilled milk topped with rich caramel and lotus sauce for an indulgent frozen treat,,,,True
590,136,Hazel rush Super frappe,Beverages,Iced Drinks,1210.0,PKR,espresso shot with hazelnut and peanut butter sauce blended into creamy ice cream for a smooth refreshing iced drink,,,,True
591,136,Hazelnut Frappuccino,Beverages,Iced Drinks,880.0,PKR,"Smooth and creamy hazelnut frappuccino blended with ice and topped with whipped cream, with over 500 calories. A refreshing iced beverage with rich hazelnut flavor",,,,True
592,136,Hazelnut Iced Latte,Beverages,Iced Drinks,785.0,PKR,Smooth espresso blended with cold milk and rich hazelnut flavor served over ice. A refreshing coffee drink with approximately 180 calories per serving,,,,True
593,136,Honey Iced Latte,Beverages,Iced Drinks,785.0,PKR,"Smooth espresso blended with chilled milk and sweet honey drizzle creating a refreshing iced latte with 180 calories, perfect for any time of day",,,,True
594,136,Iced Americano,Beverages,Iced Drinks,585.0,PKR,Refreshing iced Americano with bold espresso shots served over ice and chilled water for a smooth crisp taste with only 5 calories,,,,True
595,136,Iced Coconut Latte,Beverages,Iced Drinks,1650.0,PKR,Smooth and refreshing iced latte blended with creamy coconut milk served chilled with ice. A perfect beverage for warm days with approximately 100 calories per serving,,,,True
596,136,Iced Cortado,Beverages,Iced Drinks,615.0,PKR,Double shot espresso perfectly balanced with steamed and frothed milk in a 1:2 ratio served over ice in an 8 oz cup. Approximately 50 calories.,,,,True
597,136,Iced Latte,Beverages,Iced Drinks,710.0,PKR,Smooth and refreshing iced latte made with rich espresso and chilled milk served over ice approximately 121 calories per serving,,,,True
598,136,Iced Orange Americano,Beverages,Iced Drinks,695.0,PKR,Refreshing Americano over ice with a citrusy orange kick,,,,True
599,136,Iced Pistachio Latte,Beverages,Iced Drinks,995.0,PKR,Refreshing iced latte blended with smooth pistachio flavor creating a delightfully nutty and creamy beverage perfect for warm days,,,,True
600,136,Iced Salted Caramel Latte,Beverages,Iced Drinks,910.0,PKR,A refreshing iced latte featuring a double shot of rich espresso combined with smooth salted caramel puree and chilled milk served over ice. Contains approximately 245 calories.,,,,True
601,136,Iced Spanish Latte,Beverages,Iced Drinks,785.0,PKR,Calories - 187,,,,True
602,136,Iced V60,Beverages,Iced Drinks,1095.0,PKR,Smooth chilled pour-over with bright clean notes A refreshing coffee experience crafted with precision and served ice-cold,,,,True
603,136,Iced flat white,Beverages,Iced Drinks,680.0,PKR,Double shot espresso combined with velvety steamed milk in ristretto style served over ice cubes. Only 66 calories of pure coffee perfection.,,,,True
604,136,Java Chip Chocolate Super Frappe,Beverages,Iced Drinks,1250.0,PKR,Java Chip Frappuccino with double shot of espresso,,,,True
605,136,Kunafa Super Frappe,Beverages,Iced Drinks,1290.0,PKR,Espresso shot with pistachio sauce and chocolate sauce blended in ice cream and milk,,,,True
606,136,Mocha 101 Iced,Beverages,Iced Drinks,795.0,PKR,A refreshing blend of chilled espresso and creamy milk with rich chocolate flavors served over ice. Perfect for a cool pick me up with approximately 202 calories per serving,,,,True
607,136,Mocha Frappuccino,Beverages,Iced Drinks,880.0,PKR,"Indulgent iced mocha blending rich espresso with creamy milk and chocolate flavors served cold and refreshing, with over 500 calories",,,,True
608,136,Toffee Nut Frappuccino,Beverages,Iced Drinks,880.0,PKR,Indulgent iced beverage blending creamy milk with rich toffee and nutty flavors topped with whipped cream and caramel drizzle with 500 plus calories,,,,True
609,136,Toffee Nut Iced Latte,Beverages,Iced Drinks,785.0,PKR,Smooth espresso blended with creamy milk and rich toffee nut flavoring served over ice. Approximately 180 calories per serving.,,,,True
610,136,Vanilla Frappuccino,Beverages,Iced Drinks,880.0,PKR,"Creamy vanilla frappuccino blended with ice and topped with whipped cream. A refreshing iced beverage with smooth vanilla flavor perfect for warm days, with over 500 calories",,,,True
611,136,Vanilla Iced Latte,Beverages,Iced Drinks,785.0,PKR,Smooth espresso blended with chilled milk and vanilla flavoring served over ice. A refreshing coffee drink perfect for warm days with approximately 180 calories per serving,,,,True
612,136,Whipped Latte Cool,Beverages,Iced Drinks,720.0,PKR,Smooth whipped latte served over ice with a rich espresso base and velvety milk foam creating a refreshing cold coffee experience,,,,True
613,136,Elderflower Iced Matcha,Desserts,Matcha,840.0,PKR,A delicate blend of premium matcha powder infused with floral elderflower notes creating a smooth refreshing beverage with subtle sweetness and vibrant green color,,,,True
614,136,Hot Matcha,Desserts,Matcha,840.0,PKR,Aromatic hot matcha blended with creamy steamed and frothed milk sweetened with honey. A soothing and energizing beverage approximately 166 calories per serving,,,,True
615,136,Iced Blueberry Matcha,Desserts,Matcha,1040.0,PKR,Refreshing iced matcha blended with sweet blueberry flavors creating a vibrant and energizing beverage perfect for any time of day. Contains 166 calories,,,,True
616,136,Iced Citrus Earl Matcha,Desserts,Matcha,1040.0,PKR,A refreshing iced matcha blend featuring premium matcha powder condensed milk and signature puree layered over a smooth Earl Grey tea base with 170 calories per serving,,,,True
617,136,Iced Coconut Matcha,Desserts,Matcha,1040.0,PKR,Refreshing iced matcha blended with creamy coconut milk and smooth coconut puree for a tropical twist. Approximately 245 calories per serving.,,,,True
618,136,Iced Matcha,Desserts,Matcha,840.0,PKR,Refreshing iced matcha blended with creamy milk and sweet honey approximately 166 calories per serving A smooth energizing beverage perfect for any time of day,,,,True
619,136,Iced Strawberry Matcha,Desserts,Matcha,1040.0,PKR,"Refreshing iced strawberry matcha blend combining vibrant green matcha powder with sweet strawberry flavor served chilled over ice, with app 122 calories.",,,,True
620,136,Iced Toasted Banana Matcha,Desserts,Matcha,1040.0,PKR,Refreshing iced matcha blended with creamy banana milk and rich toffee nut syrup for a smooth indulgent treat at 270 calories,,,,True
621,136,Iced Vanilla Matcha,Desserts,Matcha,1040.0,PKR,Smooth and refreshing iced vanilla matcha blending vibrant green tea with creamy vanilla notes. A perfect chilled beverage with approximately 100 calories per serving,,,,True
622,136,Mango Matcha,Desserts,Matcha,1040.0,PKR,Vibrant matcha blended with sweet tropical mango,,,,True
623,136,Matcha Frappuccino,Desserts,Matcha,1040.0,PKR,Refreshing matcha frappuccino blended with creamy milk and ice creating a smooth vibrant green beverage with a delicate earthy flavor and natural energy boost with over 450 calories,,,,True
624,136,Berry Smoothie,Beverages,Other Drinks,840.0,PKR,"Creamy blend of mixed berries, chilled and refreshing.",,,,True
625,136,Berry Smoothie Upsize,Beverages,Other Drinks,1190.0,PKR,"Creamy blend of mixed berries, chilled and refreshing.",,,,True
626,136,Chai Latte,Beverages,Other Drinks,650.0,PKR,Aromatic chai blended with steamed milk and topped with a layer of creamy foam. A warm comforting beverage with traditional chai spices. Approximately 220 calories per serving,,,,True
627,136,Mango Drift Smoothie,Beverages,Other Drinks,840.0,PKR,Our in-house recipe blending smooth mango puree with creamy yogurt and skim milk for a refreshing tropical smoothie,,,,True
628,136,Mango Drift Smoothie Upsize,Beverages,Other Drinks,1190.0,PKR,Mango puree with skim milk and yogurt smoothie,,,,True
629,136,Peanut Butter Date Smoothie,Beverages,Other Drinks,840.0,PKR,"A rich and creamy smoothie made with banana milk, peanut butter, yogurt, and sweet date purée.",,,,True
630,136,Pistachio Frappe,Beverages,Other Drinks,1220.0,PKR,Creamy nutty pistachio blend served ice-cold,,,,True
631,136,Pistachio Frappe Upsize,Beverages,Other Drinks,1570.0,PKR,Creamy nutty pistachio blend served ice-cold in an upsize portion for the perfect refreshing treat,,,,True
632,136,Bacon Cheese,Snacks,Savoury Items,1260.0,PKR,Delicious sandwich featuring crispy bacon and melted cheese on toasted bread. A savory delight perfect for any meal.,,,,True
633,136,Beef Brisket,Snacks,Savoury Items,1260.0,PKR,Tender slow-cooked beef brisket served between soft bread with caramelized onions and savory gravy for a hearty satisfying meal,,,,True
634,136,Chicken & Mushroom Tart,Snacks,Savoury Items,1070.0,PKR,Savoury chicken and mushroom puff pastry delight with tender poultry and earthy mushrooms baked in golden crispy pastry,,,,True
635,136,Chicken Caesar Pesto on Parmesan,Snacks,Savoury Items,1320.0,PKR,"Grilled chicken with Caesar and pesto on a Parmesan base, rich, savoury, and satisfying.",,,,True
636,136,Jalapeno French Cheese,Snacks,Savoury Items,1260.0,PKR,Spicy jalapeno and rich French cheese fusion. A delightful combination of fiery heat and creamy indulgence perfect for those seeking bold flavors,,,,True
637,136,Korean beef baguette,Snacks,Savoury Items,1260.0,PKR,"Build in flavour, with a Korean kick finished in a baguette.",,,,True
638,136,Roast Chicken,Snacks,Savoury Items,1260.0,PKR,Tender slow-roasted chicken layered on toasted sourdough bread,,,,True
639,136,Smoked Zucchini Vegan Sandwich,Snacks,Savoury Items,1260.0,PKR,Fresh veggies and plant-based fillings in a hearty sandwich,,,,True
640,136,Spiced Chicken Sesame,Snacks,Savoury Items,1320.0,PKR,A flavorful spiced chicken sandwich layered with toasted sesame goodness,,,,True
641,136,Tuscan Chicken tart,Snacks,Savoury Items,1130.0,PKR,"Buttery puff pastry filled with creamy Tuscan chicken, herbs, and melted cheese.",,,,True
642,136,Banana Bread,Desserts,Sweet Items,685.0,PKR,Moist banana bread infused with warm cinnamon swirls and a hint of vanilla. A delightful sweet treat perfect for breakfast or tea time.,,,,True
643,136,Brownie,Desserts,Sweet Items,755.0,PKR,Rich fudgy decadent chocolate brownie squares with a moist interior and crispy edges perfect for chocolate lovers,,,,True
644,136,Carrot Cake,Desserts,Sweet Items,995.0,PKR,Moist carrot cake with sweet spices and nuts and cream cheese frosting,,,,True
645,136,Cheese Cake,Desserts,Sweet Items,1260.0,PKR,Creamy velvety cheesecake with a buttery biscuit base,,,,True
646,136,Chocolate Cake,Desserts,Sweet Items,1175.0,PKR,A decadent slice of moist chocolate cake layered with creamy chocolate frosting,,,,True
647,136,Chocolate Chip Cookie,Desserts,Sweet Items,755.0,PKR,Soft-baked chocolate chip cookie loaded with premium chocolate chips and baked to golden perfection for a delightful treat,,,,True
648,136,Cinnamon Babka Bun,Desserts,Sweet Items,745.0,PKR,Soft golden pastry swirled with sweet cinnamon goodness. A delightful treat with layers of buttery dough and aromatic cinnamon filling perfect for any time of day,,,,True
649,136,Classic Coffee Muffin,Desserts,Sweet Items,780.0,PKR,A delightful muffin infused with rich coffee flavor,,,,True
650,136,Oatmeal Cookie,Desserts,Sweet Items,755.0,PKR,Soft-baked oatmeal with sweet cinnamon crunch.,,,,True
651,136,Oreo coffee cheesecake,Desserts,Sweet Items,1320.0,PKR,Decadent Oreo coffee cheesecake featuring a crumbly Oreo biscuit base topped with creamy coffee infused cheese layer and finished with rich chocolate ganache,,,,True
652,136,Silk Tart,Desserts,Sweet Items,875.0,PKR,"A rich chocolate silk tart with a crunchy biscuit base, topped with a smooth layer of dark chocolate.",,,,True
653,136,Caramel Frappuccino Upsize,Beverages,Upsize Iced Drinks,1230.0,PKR,Rich velvety coffee with a sweet caramel swirl blended to creamy perfection and served in an upsize portion for ultimate indulgence,,,,True
654,136,Caramel Iced Latte Upsize,Beverages,Upsize Iced Drinks,1135.0,PKR,Rich velvety latte with smooth caramel undertones served ice cold in an upsize portion,,,,True
655,136,Coconut Americano Upsize,Beverages,Upsize Iced Drinks,1250.0,PKR,espresso shot with coconut water,,,,True
656,136,Dark latte Iced upsize,Beverages,Upsize Iced Drinks,1220.0,PKR,Dark chocolate with espresso shot,,,,True
657,136,Espresso Protein Shake Upsize,Beverages,Upsize Iced Drinks,1270.0,PKR,A blend of double shot espresso with protein and natural sweetness,,,,True
658,136,Frosted Toffee Upsize frappe,Beverages,Upsize Iced Drinks,1520.0,PKR,Caramel syrup and lotus sauce frappe with double shot of espresso,,,,True
659,136,Hazel Rush Upsize frappe,Beverages,Upsize Iced Drinks,1510.0,PKR,Hazelnut syrup and peanut butter frappe with double shot of espresso,,,,True
660,136,Hazelnut Frappuccino Upsize,Beverages,Upsize Iced Drinks,1230.0,PKR,Rich hazelnut coffee in a smooth velvety blend served ice cold for the ultimate refreshing experience,,,,True
661,136,Hazelnut Iced Latte Upsize,Beverages,Upsize Iced Drinks,1135.0,PKR,Rich hazelnut flavor in every velvety latte sip.,,,,True
662,136,Honey Iced Latte Upsize,Beverages,Upsize Iced Drinks,1135.0,PKR,Velvety espresso with a drizzle of pure honey blended with creamy milk and ice for a smooth refreshing iced latte,,,,True
663,136,Iced Americano Upsize,Beverages,Upsize Iced Drinks,935.0,PKR,Bold and refreshing triple shot espresso served over ice with crisp cold water for a smooth invigorating iced americano experience,,,,True
664,136,Iced Coconut Latte Upsize,Beverages,Upsize Iced Drinks,2000.0,PKR,"Smooth iced latte infused with creamy coconut flavor, perfectly chilled and upsized for a refreshing treat that delights with every sip",,,,True
665,136,Iced Honey Americano Upsize,Beverages,Upsize Iced Drinks,1040.0,PKR,Smooth cold brew espresso blended with rich smoky honey and chilled water for the perfect americano experience. Served upsize over ice for maximum refreshment.,,,,True
666,136,Iced Latte Upsize,Beverages,Upsize Iced Drinks,1060.0,PKR,Rich velvety espresso meets icy cold milk in this refreshing upsize iced latte perfect for any time of day,,,,True
667,136,Iced Mocha 101 Upsize,Beverages,Upsize Iced Drinks,1145.0,PKR,Rich chilled mocha with a velvety cream topping served in an upsize portion for maximum indulgence,,,,True
668,136,Iced Orange Americano Upsize,Beverages,Upsize Iced Drinks,1045.0,PKR,Refreshing Americano over ice with a citrusy orange kick,,,,True
669,136,Iced Salted Caramel Latte Upsize,Beverages,Upsize Iced Drinks,1260.0,PKR,Iced salted caramel latte with espresso shot and rich caramel purée,,,,True
670,136,Iced Spanish Latte Upsize,Beverages,Upsize Iced Drinks,1135.0,PKR,"Rich, velvety spanish latte over ice, upsized.",,,,True
671,136,Java chip chocolate Upsize frappe,Beverages,Upsize Iced Drinks,1550.0,PKR,Java chip chocolate frappe with triple shot of espresso,,,,True
672,136,Kunafa Upsize Frappe,Beverages,Upsize Iced Drinks,1590.0,PKR,Pistachio sauce and chocolate frappe with triple shot of espresso,,,,True
673,136,Mocha Frappuccino Upsize,Beverages,Upsize Iced Drinks,1230.0,PKR,Rich frosty coffee blended with decadent chocolate in an upsize serving for maximum indulgence,,,,True
674,136,Pistachio latte Iced Upsize,Beverages,Upsize Iced Drinks,1345.0,PKR,"A refreshing iced latte with triple espresso and rich pistachio purée for a smooth, nutty flavor.",,,,True
675,136,Toffee Nut Frappuccino Upsize,Beverages,Upsize Iced Drinks,1230.0,PKR,Rich aromatic coffee blended with toffee and nuts creating a smooth creamy frappuccino perfect for any time of day,,,,True
676,136,Toffee Nut Iced Latte Upsize,Beverages,Upsize Iced Drinks,1135.0,PKR,Rich smooth latte infused with nutty toffee flavor notes Creamy espresso blended with velvety steamed milk and sweet toffee syrup for an indulgent cold beverage,,,,True
677,136,Vanilla Frappuccino Upsize,Beverages,Upsize Iced Drinks,1230.0,PKR,Rich velvety vanilla coffee blended with ice and topped with whipped cream for a refreshing indulgence,,,,True
678,136,Vanilla Iced Latte Upsize,Beverages,Upsize Iced Drinks,1135.0,PKR,"Creamy vanilla, rich espresso, icy perfection",,,,True
679,136,Elderflower Iced Matcha Upsize,Desserts,Upsize Matcha,1190.0,PKR,Refreshing iced matcha blended with delicate elderflower notes for a smooth and invigorating beverage. This upsize portion delivers a perfect balance of earthy matcha and floral sweetness ideal for a revitalizing treat,,,,True
680,136,Iced Citrus Earl Matcha Upsize,Desserts,Upsize Matcha,1390.0,PKR,A refreshing blend of premium matcha whisked with condensed milk and signature citrus puree over an Earl Grey tea base topped with cold milk and ice for a smooth creamy experience,,,,True
681,136,Iced Coconut Matcha Upsize,Desserts,Upsize Matcha,1390.0,PKR,Refreshing iced matcha blended with smooth coconut puree and creamy coconut milk over ice for a tropical twist on this classic green tea beverage,,,,True
682,136,Iced Honey Matcha Upsize,Desserts,Upsize Matcha,1190.0,PKR,Refreshing vibrant green matcha tea served ice cold with a smooth velvety texture and delicate earthy flavor perfect for any season,,,,True
683,136,Iced Toasted Banana Matcha Upsize,Desserts,Upsize Matcha,1390.0,PKR,Refreshing iced matcha blended with smooth banana milk and rich Toffee Nut Syrup over ice. A delightful upsize serving that combines earthy matcha with creamy sweetness.,,,,True
684,136,Mango Matcha Upsize,Desserts,Upsize Matcha,1390.0,PKR,Vibrant matcha blended with sweet tropical mango for a refreshing and energizing beverage,,,,True
685,136,Matcha Blueberry Upsize,Desserts,Upsize Matcha,1390.0,PKR,Vibrant green matcha tea blended with sweet blueberry notes creating a refreshing and antioxidant-rich beverage with a delightful fruity twist,,,,True
686,136,Matcha Frappuccino Upsize,Desserts,Upsize Matcha,1390.0,PKR,Rich green tea blended icy refresher with smooth matcha powder creating a vibrant and invigorating beverage perfect for any time,,,,True
687,136,Matcha Strawberry Upsize,Desserts,Upsize Matcha,1390.0,PKR,Vibrant green matcha tea blended with luscious strawberry creating a delightful fusion of earthy and fruity flavors in an upsize serving,,,,True
688,136,Matcha Vanilla Bean Upsize,Desserts,Upsize Matcha,1390.0,PKR,Grassy matcha meets sweet vanilla bean bliss in this perfectly balanced upsize beverage. Smooth earthy matcha powder blends harmoniously with rich vanilla bean notes creating a delightful and refreshing drink,,,,True
689,136,Berry Blast Spritz,Other,Zero Shot,670.0,PKR,Fruity berry blend sparkling summer refresher,Regular: 670.0; Upsize: 1020.0,670.0,1020.0,True
690,136,Coconut Lemon Spritz,Other,Zero Shot,700.0,PKR,Refreshing coconut and zesty lemon beverage,Regular: 700.0; Upsize: 1050.0,700.0,1050.0,True
691,136,Elderflower Iced Tea Upsize,Other,Zero Shot,1020.0,PKR,Delicate elderflower tea served ice-cold with a subtle sweetness and crisp refreshing taste. Perfect for warm days and light moments.,,,,True
692,136,Elderflower Iced tea,Other,Zero Shot,670.0,PKR,A delightfully refreshing Elderflower Iced Tea with subtle floral sweetness and cooling notes Perfect for warm days and gatherings,,,,True
693,136,Honey Lemon Spritz,Other,Zero Shot,700.0,PKR,Zesty lemon and sweet honey in a sparkling spritz.,,,,True
694,136,Honey Lemon Spritz Upsize,Other,Zero Shot,1050.0,PKR,Zesty lemon and sweet honey in a sparkling spritz.,,,,True
695,136,Peach Iced Tea,Other,Zero Shot,670.0,PKR,"Refreshing peach iced tea with a smooth fruity flavor and light sweetness. Only 50 calories per serving, perfect for a guilt-free refreshment.",Regular: 670.0; Upsize: 1020.0,670.0,1020.0,True
696,136,Peach Iced Tea Upsize,Other,Zero Shot,1020.0,PKR,Cool iced tea with a tangy pomegranate twist.,,,,True
697,136,Pomegranate Iced Tea,Other,Zero Shot,670.0,PKR,Cool iced tea with a tangy pomegranate twist.,,,,True
698,136,Pomegranate Iced Tea Upsize,Other,Zero Shot,1020.0,PKR,Refreshing iced tea infused with bold pomegranate flavor.,,,,True
699,137,Americano,Beverages,Coffee,850.0,PKR,American style espresso beverage featuring a rich and comforting flavor.,Hot: 850; Iced: 1000,850.0,1000.0,True
700,137,Cappuccino,Beverages,Coffee,850.0,PKR,Italian style espresso coffee beverage with a rich and comforting flavor.,Hot: 850; Iced: 1000,850.0,1000.0,True
701,137,Expresso Shake,Beverages,Coffee,1100.0,PKR,Blended style espresso beverage featuring a refreshing and mildly sweet flavor.,Hot: 1100; Iced: 1300,1100.0,1300.0,True
702,137,Latte,Beverages,Coffee,850.0,PKR,Chilled espresso beverage with milk featuring a refreshing flavor.,Hot: 850; Iced: 1000,850.0,1000.0,True
703,137,Butterscotch,Desserts,Flavor Latte,950.0,PKR,Café style espresso beverage featuring a rich and mildly sweet flavor.,Medium: 950; Large: 1050,950.0,1050.0,True
704,137,French Vanilla,Desserts,Flavor Latte,950.0,PKR,Espresso style milk and coffee beverage with a comforting flavor.,Medium: 950; Large: 1050,950.0,1050.0,True
705,137,Hazelnut,Desserts,Flavor Latte,950.0,PKR,Café style espresso coffee beverage with a rich and mildly sweet flavor.,Medium: 950; Large: 1050,950.0,1050.0,True
706,137,Popcorn,Desserts,Flavor Latte,950.0,PKR,Air popped style corn kernels featuring a savory flavor.,Medium: 950; Large: 1050,950.0,1050.0,True
707,137,Roasted Hazelnut,Desserts,Flavor Latte,950.0,PKR,Roasted style coffee beverage with a rich and mildly sweet flavor.,Medium: 950; Large: 1050,950.0,1050.0,True
708,137,Spanish,Desserts,Flavor Latte,1000.0,PKR,Spanish style brewed espresso beverage featuring a rich and mildly sweet flavor.,Medium: 1000; Large: 1100,1000.0,1100.0,True
709,137,ABC,Beverages,Fresh Juices,800.0,PKR,"Apple, beetroot & carrot",Medium: 800; Large: 900,800.0,900.0,True
710,137,All Clear,Beverages,Fresh Juices,800.0,PKR,"Apple, lemon & ginger",Medium: 800; Large: 900,800.0,900.0,True
711,137,DR. Cleanse,Beverages,Fresh Juices,900.0,PKR,"Apple, beetroot, spinach & lemon",Medium: 900; Large: 1000,900.0,1000.0,True
712,137,High Metabolism,Beverages,Fresh Juices,900.0,PKR,"Beetroot, apple, orange grapes, cucumber, mint & ginger",Medium: 900; Large: 1000,900.0,1000.0,True
713,137,Immuno Kick,Beverages,Fresh Juices,900.0,PKR,"Apple, carrot, grapes & orange",Medium: 900; Large: 1000,900.0,1000.0,True
714,137,Liver Cleanser,Beverages,Fresh Juices,900.0,PKR,"Beetroot, grapes, orange, apple, carrot & celery",Medium: 900; Large: 1000,900.0,1000.0,True
715,137,Mighty Charger,Beverages,Fresh Juices,900.0,PKR,"Apple, orange, lemon, pomegranate & carrot",Medium: 900; Large: 1000,900.0,1000.0,True
716,137,Peach N Plum,Beverages,Fresh Juices,900.0,PKR,"Peach, plum, grapes & apple",Medium: 900; Large: 1000,900.0,1000.0,True
717,137,Plumy Morning,Beverages,Fresh Juices,900.0,PKR,"Plum, peach, orange & ginger",Medium: 900; Large: 1000,900.0,1000.0,True
718,137,Power House,Beverages,Fresh Juices,900.0,PKR,"Grapes, orange, apple, carrot & beetroot",Medium: 900; Large: 1000,900.0,1000.0,True
719,137,Red Retreat,Beverages,Fresh Juices,900.0,PKR,"Apple, beetroot, carrot, celery, orange & ginger",Medium: 900; Large: 1000,900.0,1000.0,True
720,137,Reviver,Beverages,Fresh Juices,900.0,PKR,"Apple, lemon & mint",Medium: 900; Large: 1000,900.0,1000.0,True
721,137,Super Green,Beverages,Fresh Juices,900.0,PKR,"Apple, celery, parsley, cucumber, spinach, lemon & ginger",Medium: 900; Large: 1000,900.0,1000.0,True
722,137,Vital Clinic,Beverages,Fresh Juices,900.0,PKR,"Apple, beetroot, gropes, lemon, celery, ginger, orange & grapefruit",Medium: 900; Large: 1000,900.0,1000.0,True
723,137,Blueberry,Beverages,Iced Tea,1000.0,PKR,Chilled style berry beverage with a refreshing and mildly sweet flavor.,Medium: 1000; Large: 1100,1000.0,1100.0,True
724,137,Green Apple Iced Tea,Beverages,Iced Tea,1000.0,PKR,Chilled style green apple beverage with a refreshing flavor.,Medium: 1000; Large: 1100,1000.0,1100.0,True
725,137,Lemon,Beverages,Iced Tea,1000.0,PKR,Chilled brew style lemon beverage with a refreshing flavor.,Medium: 1000; Large: 1100,1000.0,1100.0,True
726,137,Peach,Beverages,Iced Tea,1000.0,PKR,Chilled style black tea with peach featuring a refreshing and mildly sweet flavor.,Medium: 1000; Large: 1100,1000.0,1100.0,True
727,137,Pomegrante,Beverages,Iced Tea,1000.0,PKR,Chilled style pomegranate beverage with a refreshing and mildly sweet flavor.,Medium: 1000; Large: 1100,1000.0,1100.0,True
728,137,Raspberry,Beverages,Iced Tea,1000.0,PKR,Fruity style brewed raspberry beverage with a refreshing and mildly sweet flavor.,Medium: 1000; Large: 1100,1000.0,1100.0,True
729,137,Apple Juice,Beverages,Juicer and Tea,750.0,PKR,Freshly blended apple beverage featuring a refreshing flavor.,Medium: 750; Large: 850,750.0,850.0,True
730,137,Carrot Juice,Beverages,Juicer and Tea,600.0,PKR,Freshly squeezed style carrot juice with a refreshing flavor.,Medium: 600; Large: 700,600.0,700.0,True
731,137,Lemon Iced Tea,Beverages,Juicer and Tea,1000.0,PKR,Chilled style tea beverage featuring a refreshing and tangy flavor.,Medium: 1000; Large: 1100,1000.0,1100.0,True
732,137,Lemonade,Beverages,Juicer and Tea,700.0,PKR,Classic style lemon beverage with a refreshing and tangy flavor.,Medium: 700; Large: 800,700.0,800.0,True
733,137,Orange Juice,Beverages,Juicer and Tea,700.0,PKR,Freshly squeezed style orange beverage with a refreshing flavor.,Medium: 700; Large: 800,700.0,800.0,True
734,137,Peach Iced Tea,Beverages,Juicer and Tea,1000.0,PKR,Cold brewed style black tea with a refreshing and mildly sweet flavor.,Medium: 1000; Large: 1100,1000.0,1100.0,True
735,137,Peach Juice,Beverages,Juicer and Tea,900.0,PKR,Blended peach beverage featuring a refreshing and mildly sweet flavor.,Medium: 900; Large: 1000,900.0,1000.0,True
736,137,Phalsa Juice,Beverages,Juicer and Tea,700.0,PKR,South Asian style blended phalsa berries beverage with a refreshing flavor.,Medium: 700; Large: 800,700.0,800.0,True
737,137,Rasberry Iced Tea,Beverages,Juicer and Tea,1000.0,PKR,Brewed style black tea and raspberry beverage with a refreshing and mildly sweet flavor.,Medium: 1000; Large: 1100,1000.0,1100.0,True
738,137,Soda,Beverages,Juicer and Tea,800.0,PKR,Carbonated beverage with a refreshing flavor.,Medium: 800; Large: 900,800.0,900.0,True
739,137,Sugar Cane,Beverages,Juicer and Tea,700.0,PKR,Fresh pressed sugarcane beverage with a refreshing and mildly sweet flavor.,Medium: 700; Large: 800,700.0,800.0,True
740,137,Sweet Lemonade,Beverages,Juicer and Tea,900.0,PKR,Chilled style lemon beverage with a refreshing and mildly sweet flavor.,Medium: 900; Large: 1000,900.0,1000.0,True
741,137,Watermelon Juice,Beverages,Juicer and Tea,850.0,PKR,Freshly blended watermelon beverage with a refreshing flavor.,Medium: 850; Large: 950,850.0,950.0,True
742,137,Banana Shake,Beverages,Shakes,800.0,PKR,"Milk, banana, fresh cream & honey",Medium: 800; Large: 900,800.0,900.0,True
743,137,Chocolate Shake,Beverages,Shakes,900.0,PKR,Miik & chocolate ice cream,Medium: 900; Large: 1000,900.0,1000.0,True
744,137,Mango the Day,Beverages,Shakes,950.0,PKR,"Milk, mango, fresh cream & honey",Medium: 950; Large: 1050,950.0,1050.0,True
745,137,Oreo Shake,Beverages,Shakes,900.0,PKR,"Milk, Oreo ice cream & honey",Medium: 900; Large: 1000,900.0,1000.0,True
746,137,Peach Shake,Beverages,Shakes,900.0,PKR,"Milk, peaches, fresh cream & honey",Medium: 900; Large: 1000,900.0,1000.0,True
747,137,Power Shake,Beverages,Shakes,1000.0,PKR,"Almond, dates, banana, milk & honey",Medium: 1000; Large: 1100,1000.0,1100.0,True
748,137,Strawberry Shake,Beverages,Shakes,900.0,PKR,"Milk, strawberry, fresh cream & honey",Medium: 900; Large: 1000,900.0,1000.0,True
749,137,Berry Bloom,Beverages,Smoothies,1300.0,PKR,"Apple juice, banana, strawberry, blueberry, blackberry, raspberry & honey",Medium: 1300; Large: 1500,1300.0,1500.0,True
750,137,Berry Refreshing,Beverages,Smoothies,1000.0,PKR,"Apple juice, strawberry, banana, yogurt & honey",Medium: 1000; Large: 1100,1000.0,1100.0,True
751,137,Blueberry Bloom,Beverages,Smoothies,1250.0,PKR,"Blueberry, banana, yogurt, milk & almond",Medium: 1250; Large: 1400,1250.0,1400.0,True
752,137,Chocolate Peanut Magic,Beverages,Smoothies,1100.0,PKR,"Milk, banana, peanut butter, chocolate ice cream & cocoa powder",Medium: 1100; Large: 1250,1100.0,1250.0,True
753,137,Coco Naughty,Beverages,Smoothies,1000.0,PKR,"Milk, banana, almond, dates, yogurt & honey",Medium: 1000; Large: 1100,1000.0,1100.0,True
754,137,Dream Date,Beverages,Smoothies,1000.0,PKR,"Milk, banana, dates, ice cream & fresh cream",Medium: 1000; Large: 1100,1000.0,1100.0,True
755,137,Fit for A King,Beverages,Smoothies,1000.0,PKR,"Apple juice, banana, strawberry, guava, yogurt & honey",Medium: 1000; Large: 1100,1000.0,1100.0,True
756,137,I Love Myself,Beverages,Smoothies,1000.0,PKR,"Strawberry, banana, milk, yogurt, fresh cream & vanilia ice cream",Medium: 1000; Large: 1100,1000.0,1100.0,True
757,137,Nutty Energy,Beverages,Smoothies,1200.0,PKR,"Milk, banana, almond, pistachio, walnuts, dates, yogurt & honey",Medium: 1200; Large: 1300,1200.0,1300.0,True
758,137,Pinky Promise,Beverages,Smoothies,1000.0,PKR,"Strawberry, yogurt, honey, dates, banana & milk",Medium: 1000; Large: 1100,1000.0,1100.0,True
759,137,Smooth Criminal,Beverages,Smoothies,1200.0,PKR,"Milk, banana, almond, pistachio & wolunt",Medium: 1200; Large: 1300,1200.0,1300.0,True
760,137,Smooth Sunrise,Beverages,Smoothies,1000.0,PKR,"Apple juice, banana, strawberry & honey",Medium: 1000; Large: 1100,1000.0,1100.0,True
761,137,Wake up Like This,Beverages,Smoothies,1000.0,PKR,"Milk, banana, fresh cream, peanut butter, honey & ice cream",Medium: 1000; Large: 1100,1000.0,1100.0,True
762,137,Berry,Beverages,Soda,700.0,PKR,Carbonated berry beverage with a refreshing and mildly sweet flavor.,Medium: 700; Large: 800,700.0,800.0,True
763,137,Green Apple,Beverages,Soda,700.0,PKR,Carbonated style apple beverage with a refreshing and mildly sweet flavor.,Medium: 700; Large: 800,700.0,800.0,True
764,137,Lemon Soda,Beverages,Soda,800.0,PKR,Refreshing carbonated beverage with a tangy flavor.,Medium: 800; Large: 900,800.0,900.0,True
765,137,Lemonde,Beverages,Soda,700.0,PKR,Refreshing carbonated beverage with a mildly sweet flavor.,Medium: 700; Large: 800,700.0,800.0,True
766,137,Mint Lemonade,Beverages,Soda,900.0,PKR,Blended mint and lemon beverage with a refreshing flavor.,Medium: 900; Large: 1000,900.0,1000.0,True
767,137,Passion Fruit,Beverages,Soda,700.0,PKR,Tropical style carbonated beverage with a mildly sweet flavor.,Medium: 700; Large: 800,700.0,800.0,True
768,137,Pomegranate,Beverages,Soda,700.0,PKR,Carbonated style pomegranate beverage featuring a refreshing and mildly sweet flavor.,Medium: 700; Large: 800,700.0,800.0,True
769,137,Sweet Lemonade Soda,Beverages,Soda,900.0,PKR,Carbonated style lemon beverage with a refreshing flavor.,Medium: 900; Large: 1000,900.0,1000.0,True
770,79,Crunch,Add-ons & Condiments,Add Ons,60.0,PKR,Single Serving,,,,True
771,79,Dynamite Sauce,Add-ons & Condiments,Add Ons,60.0,PKR,Single Serving,,,,True
772,79,Soy Sauce,Add-ons & Condiments,Add Ons,60.0,PKR,Single Serving,,,,True
773,79,Spicy Mayo,Add-ons & Condiments,Add Ons,60.0,PKR,Single Serving,,,,True
774,79,Umami Sauce,Add-ons & Condiments,Add Ons,60.0,PKR,Single Serving,,,,True
775,79,Azadi Deal,Deals & Combos,Azadi Deals,960.0,PKR,4 Pcs of Classic Sushi & 250ml drink,,,,True
776,79,7up Can - 250 ml,Beverages,Beverages,230.0,PKR,A Light & Refreshing Lemon-lime soda to pair with your food! Click to add to your meal.,,,,True
777,79,Diet Pepsi Can - 250 ml,Beverages,Beverages,230.0,PKR,Pepsi Zero Sugar is the only soda with Zero Calories & Maximum Pepsi taste! Click to add to your meal.,,,,True
778,79,Iced Tea,Beverages,Beverages,550.0,PKR,Serves 1-2 persons.,,,,True
779,79,Mint Margarita,Beverages,Beverages,550.0,PKR,Serves 1-2 persons.,,,,True
780,79,Pepsi Can - 250 ml,Beverages,Beverages,230.0,PKR,"The Bold, Refreshing & STRONG cola! Click to add to your meal.",,,,True
781,79,Chicken Cashewnut With Rice,Other,Chefs Special,1750.0,PKR,Serves 1-2 persons.,,,,True
782,79,Chicken Kyoto,Other,Chefs Special,1750.0,PKR,Curry with rice,,,,True
783,79,Katsu Chicken Noodles,Other,Chefs Special,1750.0,PKR,Serves 1-2 persons.,,,,True
784,79,chicken katsu with rice,Other,Chefs Special,1750.0,PKR,Curry with rice,,,,True
785,79,spicy chicken ramen,Other,Chefs Special,1750.0,PKR,new dish,,,,True
786,79,Crunchy Maki,Deals & Combos,Classic Box,1599.0,PKR,Serving for 2 to 3 persons. 8 Pieces,,,,True
787,79,Dynamite Roll,Deals & Combos,Classic Box,1599.0,PKR,"Served with soy sauce, wasabi & gari",,,,True
788,79,Honey Mustard Roll,Deals & Combos,Classic Box,1599.0,PKR,"Served with soy sauce, wasabi & gari",,,,True
789,79,Hot Cheetos Roll,Deals & Combos,Classic Box,1599.0,PKR,"Served with soy sauce, wasabi & gari",,,,True
790,79,Katsu Chicken Roll,Deals & Combos,Classic Box,1599.0,PKR,"Served with soy sauce, wasabi & gari",,,,True
791,79,Spicy California Rolls,Deals & Combos,Classic Box,1599.0,PKR,"Served with soy sauce, wasabi & gari",,,,True
792,79,Spicy Crunchy Makki,Deals & Combos,Classic Box,1599.0,PKR,8 pcs roll,,,,True
793,79,Teriyaki Roll,Deals & Combos,Classic Box,1599.0,PKR,Serving for 2 to 3 persons. 8 Pieces,,,,True
794,79,BYOB-Premium,Deals & Combos,Exclusive Discounted Deals,2199.0,PKR,Choose any Two Flavors From Options 1 to 7,,,,True
795,79,Dynamite Chicken,Other,Omakase Menu,1650.0,PKR,Tender chicken prepared with a fiery spiced glaze delivering bold flavors and perfect heat A signature omakase selection that serves 1-2,,,,True
796,79,Dynamite Prawns,Other,Omakase Menu,1750.0,PKR,Served with Dynamite & Tempura Sauce,,,,True
797,79,Nana chicken,Other,Omakase Menu,1450.0,PKR,Nana chicken Go sushi,,,,True
798,79,Prawns Tempura 5pcs,Other,Omakase Menu,2050.0,PKR,Single Serving,,,,True
799,79,Soup Of The Day,Other,Omakase Menu,750.0,PKR,Single serving,,,,True
800,79,BYOB-Classic,Other,Pau Pau Fav,1599.0,PKR,Choose any Two Flavours From Our Classic Menu Only,,,,True
801,79,Sushi Dream,Other,Pau Pau Fav,3399.0,PKR,1x Box Crunchy Makki and 1x Box Hot Cheeto Roll,,,,True
802,79,Winter Wonders,Other,Pau Pau Fav,3399.0,PKR,1 Classic Box and 1 Pan Asian,,,,True
803,79,Crispy Tempura roll,Deals & Combos,Premium Box Menu,2199.0,PKR,Prawns Tempura phildiphia cheese  jalapino,,,,True
804,79,Crunchzilla Roll,Deals & Combos,Premium Box Menu,2199.0,PKR,prawns tempura wrapped in sushi rice topped with golden patato flakes,,,,True
805,79,Double Crunch Roll,Deals & Combos,Premium Box Menu,2199.0,PKR,Prawn Tempura Dynamite Sauce And Prawns topping with crunch,,,,True
806,79,Dragon Roll,Deals & Combos,Premium Box Menu,2199.0,PKR,Serving for 2 to 3 persons. 8 Pieces,,,,True
807,79,Dynamite California Roll,Deals & Combos,Premium Box Menu,2199.0,PKR,"Served with soy sauce, wasabi & garlic",,,,True
808,79,Firecracker Roll,Deals & Combos,Premium Box Menu,2199.0,PKR,prwans tempura crabsticks,,,,True
809,79,GO Roll,Deals & Combos,Premium Box Menu,2599.0,PKR,Our signature roll tempura prawn topped with salmon & crunch with tobikos & mix of our sauces,,,,True
810,79,Philadelphia Roll,Deals & Combos,Premium Box Menu,2599.0,PKR,Serving for 2 to 3 persons. 8 Pieces,,,,True
811,79,Rainbow Roll,Deals & Combos,Premium Box Menu,2599.0,PKR,Serving for 2 to 3 persons. 8 Pieces,,,,True
812,79,Spicy Salmon Roll,Deals & Combos,Premium Box Menu,2199.0,PKR,Serving for 2 to 3 persons. 8 Pieces,,,,True
813,79,The OG Roll,Deals & Combos,Premium Box Menu,2199.0,PKR,The OG GoSushi Roll,,,,True
814,79,Volcano Maki,Deals & Combos,Premium Box Menu,2199.0,PKR,Serving for 2 to 3 persons. 8 Pieces,,,,True
815,79,Crab Kanikama Nigiri 5Pcs,Other,SASHIMI AND NIGRI,2999.0,PKR,Crabstick with rice & nori band.,,,,True
816,79,Salmon Nigiri 5Pcs,Other,SASHIMI AND NIGRI,2999.0,PKR,Fresh hand cut salmon on sushi rice,,,,True
817,79,Salmon Sashimi 5Pcs,Other,SASHIMI AND NIGRI,2999.0,PKR,Fresh cuts of thick sliced salmon with cucumber & lemon.,,,,True
818,79,SIX PERSON DEAL,Japanese,Sushi platter,6749.25,PKR,SERVE FOR 6 PERSOSN,,,,True
819,138,Angus Philly Cheesesteak,Burgers,100% Angus Beef Thick Burgers,2030.0,PKR,"Packed with flavor, our Angus Philly Cheesesteak features premium, juicy Angus beef layered with melted cheese.",,,,True
820,138,Angus Steak Loader,Burgers,100% Angus Beef Thick Burgers,1890.0,PKR,"Angus Steak Loader stacked high with tender, juicy 100% Angus beef, smothered in layers of melted cheese, and loaded with rich, savory goodness.",,,,True
821,138,Classic Angus Thick Burger,Burgers,100% Angus Beef Thick Burgers,1590.0,PKR,"All in juicy 100% Angus beef, chargrilled over an open flame, topped with two slices of delicious Swiss cheese, signature black pepper mayo and fresh vegetables on our toasted brioche style bun.",Ala Carte: 1590.0; Medium Combo (Medium Fries & Drink): 2060.0; Large Combo (Large Fries & Drink): 2260.0; Regular Combo (Reg fries & Drink): 1910.0,1590.0,2260.0,True
822,138,Jalapeno Angus Thick Burger,Burgers,100% Angus Beef Thick Burgers,1740.0,PKR,"All in juicy 100% Angus beef, chargrilled over open flames, topped with Jalapenos coins covered with two slices of melted Swiss cheese, signature Santa Fe sauce and fresh vegetables, all in our toasted brioche style bun.",,,,True
823,138,Mushroom & Swiss Angus Thick Burger,Burgers,100% Angus Beef Thick Burgers,1890.0,PKR,"All in juicy 100% Angus beef, chargrilled over an open flame, covered in our unique Mushroom sauce, topped with two slices of melted Swiss cheese and signature black pepper mayo on our toasted brioche style bun.",,,,True
824,138,Delicious Deal,Deals & Combos,Azadi Deals,550.0,PKR,A satisfying combo featuring a crispy golden chicken fillet sandwich paired with a refreshing 350ml beverage bottle. Perfect for a quick meal on the go.,,,,True
825,138,Coca Cola,Beverages,Beverages,180.0,PKR,A sizzling cold beverage to quench your thirst.,Regular: 180.0; Medium: 220.0; Large: 270.0,180.0,270.0,True
826,138,Coca Cola Zero,Beverages,Beverages,180.0,PKR,A sizzling cold beverage to quench your thirst.,Regular: 180.0; Medium: 220.0; Large: 270.0,180.0,270.0,True
827,138,Coffee,Beverages,Beverages,250.0,PKR,Enjoy a strong coffee brew to start your day!,Cappuccino: 250.0; Espresso: 250.0; Long Black: 250.0; Mochaccino: 250.0; Black Coffee: 250.0; Latte: 250.0,250.0,250.0,True
828,138,Fanta,Beverages,Beverages,180.0,PKR,A sizzling cold beverage to quench your thirst.,Regular: 180.0; Large: 270.0; Medium: 220.0,180.0,270.0,True
829,138,Iced Tea,Beverages,Beverages,250.0,PKR,A refreshing blend of premium ingredients for a perfect sip.,Regular: 250.0; Large: 350.0,250.0,350.0,True
830,138,Mineral Water,Beverages,Beverages,90.0,PKR,A sizzling cold beverage to quench your thirst.,,,,True
831,138,Sprite,Beverages,Beverages,180.0,PKR,A sizzling cold beverage to quench your thirst.,Regular: 180.0; Medium: 220.0; Large: 270.0,180.0,270.0,True
832,138,Tea,Beverages,Beverages,250.0,PKR,Your favorite cup of Karak chai,Hot Tea: 250.0; Cardamom Tea: 250.0,250.0,250.0,True
833,138,Big Burger,Burgers,Chargrilled Burgers,940.0,PKR,"100% All-beef chargrilled patty, topped with a slice of melted American cheese, mustard, ketchup, dill pickles and onions in our special Hardees sesame bun.",Ala Carte: 940.0; Medium Combo (Medium Fries & Drink): 1410.0; Large Combo (Large Fries & Drink): 1610.0; Regular Combo (Reg fries & Drink): 1260.0,940.0,1610.0,True
834,138,Cheese Steak Burger,Burgers,Chargrilled Burgers,1490.0,PKR,"Cheese Steak Burger juicy, cheesy, chargrilled beef perfection, layered with fresh ingredients for an unforgettable bite with our special Hardees sesame bun.",,,,True
835,138,Famous Star Burger,Burgers,Chargrilled Burgers,1090.0,PKR,"100% All-beef chargrilled patty, topped with a slice of melted American cheese, covered with unique Special sauce, mayo, dill pickles, fresh tomatoes, onions and crunchy lettuce, all in our special Hardees sesame bun.",Ala Carte: 1090.0; Medium Combo (Medium Fries & Drink): 1560.0; Large Combo (Large Fries & Drink): 1760.0; Regular Combo (Reg fries & Drink): 1410.0,1090.0,1760.0,True
836,138,Jalapeno Burger,Burgers,Chargrilled Burgers,1190.0,PKR,"100% All-beef chargrilled patty topped with jalapenos coins and a slice of melted Swiss cheese, covered in signature Santa Fe sauce and fresh vegetables in our special Hardees sesame bun.",Ala Carte: 1190.0; Medium Combo (Medium Fries & Drink): 1660.0; Large Combo (Large Fries & Drink): 1860.0; Regular Combo (Reg fries & Drink): 1510.0,1190.0,1860.0,True
837,138,Mushroom & Swiss Burger,Burgers,Chargrilled Burgers,1330.0,PKR,100% All-beef chargrilled patty covered with two slices of melted Swiss cheese and our unique Mushroom sauce in our special Hardees sesame bun.,Ala Carte: 1330.0; Medium Combo (Medium Fries & Drink): 1800.0; Large Combo (Large Fries & Drink): 2000.0; Regular Combo (Reg fries & Drink): 1650.0,1330.0,2000.0,True
838,138,Steak Loader,Burgers,Chargrilled Burgers,1430.0,PKR,"Premium Philly cheesesteak featuring thinly-Sliced steak, Grilled Onion, Green Paper, on top of 100% beef patty, chargrilled over open flame, topped with Swiss and American Cheese, Special signature Black paper mayo wrapped in toasted tortilla bread.",Alacarte : 1430.0; Combo ( Reg Drink): 1610.0; Combo (Reg Fries Reg Drink): 1750.0; Combo ( Medium Fries Medium Drink): 1900.0; Combo ( Large Fries Large Drink): 2100.0,1430.0,2100.0,True
839,138,Super Star Burger,Burgers,Chargrilled Burgers,1590.0,PKR,"Two chargrilled 100% all-beef patties, topped with two slices of melted American cheese, covered in unique Special sauce, mayo, dill pickles, fresh tomatoes, onions and crunchy lettuce, all in our special Hardees sesame bun.",Ala Carte: 1590.0; Medium Combo (Medium Fries & Drink): 2060.0; Large Combo (Large Fries & Drink): 2260.0; Regular Combo (Reg fries & Drink): 1910.0,1590.0,2260.0,True
840,138,Chicken Fillet Sandwich,Sandwiches,Chicken Sandwiches,690.0,PKR,100% whole muscle chicken fillet on a layer of lettuce and mayonnaise on our special Hardees sesame bun.,Medium Combo (Medium Fries & Drink): 1160.0; Large Combo (Large Fries & Drink): 1360.0; Regular Combo (Reg Fries & Drink): 1010.0; Ala Carte: 690.0,690.0,1360.0,True
841,138,Crispy Chicken Sandwich,Sandwiches,Chicken Sandwiches,590.0,PKR,"100% real chicken meat, hand-breaded and fried to golden brown on a layer of crunchy lettuce and mayonnaise, inside our special toasted bun.",,,,True
842,138,Grilled Chicken Jr Sandwich,Sandwiches,Chicken Sandwiches,490.0,PKR,"Grilled chicken Fillet along with lettuce, tomatoes, mayonnaise served with our plain bun.",A La Carte: 490.0; Medium Combo (Medium Fries & Drink): 960.0; Large Combo (Large Fries & Drink): 1160.0; Regular Combo (Reg Fries & Drink): 810.0,490.0,1160.0,True
843,138,Grilled Chicken Sandwich,Sandwiches,Chicken Sandwiches,760.0,PKR,"100% all-white meat chicken fillet, marinated in lemon herb seasoning, chargrilled to perfection, topped with mayo, fresh tomatoes and crunchy lettuce on our special Hardees sesame bun.",Medium Combo (Medium Fries & Drink): 1230.0; Large Combo (Large Fries & Drink): 1430.0; Regular Combo (Reg Fries & Drink): 1080.0; Ala Carte: 760.0,760.0,1430.0,True
844,138,Jalapeno Chicken Sandwich,Sandwiches,Chicken Sandwiches,990.0,PKR,"100% whole muscle chicken fillet topped with melted Swiss cheese, Jalapeno coins, covered with signature Santa fe sauce on a layer of fresh tomatoes and crunchy lettuce on our special Hardees sesame bun.",Ala Carte: 990.0; Medium Combo (Medium Fries & Drink): 1460.0; Large Combo (Large Fries & Drink): 1660.0; Regular Combo (Reg Fries & Drink): 1310.0,990.0,1660.0,True
845,138,Jalapeno Crispy Chicken,Sandwiches,Chicken Sandwiches,790.0,PKR,"100% real chicken meat, hand-breaded and fried to golden brown topped with melted Swiss cheese, Jalapeno coins, covered with signature Santa fe sauce on a layer of fresh tomatoes and crunchy lettuce on our special toasted bun.",,,,True
846,138,Mushroom n Swiss Chicken Sandwich,Sandwiches,Chicken Sandwiches,1030.0,PKR,100% whole muscle chicken fillet covered with two slices of melted Swiss cheese and our unique Mushroom sauce on our special Hardees sesame bun.,A La Carte: 1030.0; Medium Combo (Medium Fries & Drink): 1500.0; Large Combo (Large Fries & Drink): 1700.0; Regular Combo (Reg Fries & Drink): 1350.0,1030.0,1700.0,True
847,138,Super Star Chicken Sandwich,Sandwiches,Chicken Sandwiches,1290.0,PKR,"Two, 100% whole muscle chicken fillets, topped with two slices of melted Swiss cheese, covered in signature Santa fe sauce, fresh tomatoes and crunchy lettuce, all in our special Hardees sesame bun.",Medium Combo (Medium Fries & Drink): 1760.0; Large Combo (Large Fries & Drink): 1960.0; Regular Combo (Reg Fries & Drink): 1610.0; A La Carte: 1290.0,1290.0,1960.0,True
848,138,3 Pieces Hand Breaded Chicken Tenders,Meat Mains,Chicken Tenders,690.0,PKR,"Three pieces of 100% whole muscle Chicken tenders, breaded with our special spices and fried to golden brown. Served with a sauce of your choice.",Ala Carte: 690.0; Medium Combo (Medium Fries & Drink): 1160.0; Large Combo (Large Fries & Drink): 1360.0; Regular Combo (Reg fries & Drink): 1010.0,690.0,1360.0,True
849,138,Chicken Tenders 5 Pieces,Meat Mains,Chicken Tenders,990.0,PKR,"Five pieces of 100% whole muscle Chicken tenders, breaded with our special spices and fried to golden brown. Served with a sauce of your choice.",Ala Carte: 990.0; Regular Combo (Reg fries & Drink): 1310.0; Medium Combo (Medium Fries & Drink): 1460.0; Large Combo (Large Fries & Drink): 1660.0,990.0,1660.0,True
850,138,Golden Chicken Bites - 9 Pieces,Meat Mains,Chicken Tenders,690.0,PKR,Premium all white chicken meat for the ultimate crunch of bite-sized chicken,Ala Carte: 690.0; Medium Combo (Medium Fries & Drink): 1160.0; Large Combo (Large Fries & Drink): 1360.0; Regular Combo (Reg fries & Drink): 1010.0,690.0,1360.0,True
851,138,Chocolate Chip Cookie,Desserts,Desserts,250.0,PKR,Delicious chocolate chip cookie,,,,True
852,138,Churros,Desserts,Desserts,599.0,PKR,"A sweet treat of five churros, seasoned with cinnamon and paired with warm chocolate syrup.",,,,True
853,138,Deal for 3,Deals & Combos,Discounted Deals,1599.0,PKR,2 Crispy Chicken Sandwiches 1 Value Chicken 1 Medium Fries and 3 regular drinks,,,,True
854,138,Deal for 4,Deals & Combos,Discounted Deals,2099.0,PKR,4 Crispy Chicken Sandwiches 4 drinks and 1 Large fries,,,,True
855,138,Double Feast,Deals & Combos,Discounted Deals,1199.0,PKR,1 Chicken Fillet 1 Crispy Chicken Sandwich 1 regular fries 2 regular drinks,,,,True
856,138,Hand Scooped Coconut Ice Cream Shake,Desserts,Ice Cream Shakes,1100.0,PKR,A smooth and refreshing shake made with hand-scooped coconut ice cream for the perfect tropical treat,,,,True
857,138,Hand Scooped Ice Cream Matcha Shake,Desserts,Ice Cream Shakes,990.0,PKR,Hand scooped ice cream matcha shake from the heart of Japan Creamy and smooth with authentic matcha flavor blended to perfection,,,,True
858,138,Hand Scooped Ice Cream Shake,Desserts,Ice Cream Shakes,790.0,PKR,"CREAMY, HAND-SCOOPED DAIRY ICE CREAM BLENDED WITH REAL MILK AND TOPPED WITH WHIPPED TOPPING. AVAILABLE IN CHOCOLATE, VANILLA, COFFEE, STRAWBERRY AND LOTUS BISCOFF",Large: 990.0; Regular: 790.0,790.0,990.0,True
859,138,Lotus Shake,Desserts,Ice Cream Shakes,1100.0,PKR,"Nutty caramel, silky cream cheese and cookie crumble served in a glass! Enjoy your favorite cake as our signature milkshake!",,,,True
860,138,Chicken Tender Sandwich Combo,Other,Kids Meals,590.0,PKR,"1 Chicken Tender Sandwich, 1 Regular Fries, 1 Drink (Drink can be replaced With Milo) (Toy can be added seperately)",,,,True
861,138,Chicken Tender Wrap Combo,Other,Kids Meals,590.0,PKR,"1 Chicken Tender wrap, 1 Regular Fries, 1 Drink (Drink can be replaced With Milo) (Toy can be added seperately)",,,,True
862,138,Grilled Chicken Jr. Combo,Other,Kids Meals,590.0,PKR,"1 Grilled chicken JR. Sandwich, 1 Regular Fries, 1 Drink (Drink can be replaced With Milo) (Toy can be added seperately)",,,,True
863,138,Hand-Breaded Chicken Tenders Combo,Other,Kids Meals,590.0,PKR,"2 Pieces Hand-Breaded chicken tenders, 1 Regular Fries, 1
Drink (Drink can be replaced With Milo) (Toy can be added seperately)",,,,True
864,138,Low Carb Wrap,Shawarma & Wraps,Low Carb Lettuce Wraps,1530.0,PKR,"All in juicy 100% Angus beef, chargrilled over an open flame, topped with a slice of melted American cheese, ketchup, mayo, mustard, crunchy lettuce, fresh tomatoes, onions and dill pickles, all wrapped in iceberg lettuce leaves.",,,,True
865,138,Famous Star Paratha Wrap,Shawarma & Wraps,New Paratha Wraps,1050.0,PKR,"Enjoy the perfect fusion of smoky and savory with a chargrilled beef patty, fresh onion, tomato slices, crisp lettuce,  pickles, cheese slice ,creamy mayonnaise, and our special sauce, wrapped in a soft, flaky paratha.",Ala Carte: 1050.0; Regular Combo (Reg fries & Drink): 1370.0; Medium Combo ( Medium Fries & Drink): 1520.0; Large Combo (Large Fries & Drink): 1720.0,1050.0,1720.0,True
866,138,Jalapeño Crispy Paratha Wrap,Shawarma & Wraps,New Paratha Wraps,850.0,PKR,Bold flavors wrapped to perfection  A crispy chicken patty fresh lettuce cheese slice  spicy jalapeños  and signature Santa Fe sauce all tucked inside a warm flaky paratha for a satisfying bite every time,Ala Carte: 850.0; Regular Combo (Reg fries & Drink): 1170.0; Medium Combo ( Medium Fries & Drink): 1320.0; Large Combo (Large Fries & Drink): 1520.0,850.0,1520.0,True
867,138,BBQ Sauce,Add-ons & Condiments,Sauces,100.0,PKR,A flavorful condiment to enhance your meal.,,,,True
868,138,Honey Mustard Sauce,Add-ons & Condiments,Sauces,100.0,PKR,A flavorful condiment to enhance your meal.,,,,True
869,138,Mustard Sauce,Add-ons & Condiments,Sauces,100.0,PKR,A flavorful condiment to enhance your meal.,,,,True
870,138,Ranch Dressing Sauce,Add-ons & Condiments,Sauces,100.0,PKR,A flavorful condiment to enhance your meal.,,,,True
871,138,Santafe Sauce,Add-ons & Condiments,Sauces,100.0,PKR,A flavorful condiment to enhance your meal.,,,,True
872,138,Crispy Curls,Sides & Appetizers,Sides,750.0,PKR,"Premium quality skin on, seasoned crispy curly fries",Crispy Curls Medium: 750.0; Crispy Curls Large: 890.0,750.0,890.0,True
873,138,Loaded Fries,Sides & Appetizers,Sides,1050.0,PKR,"Natural cut french fries loaded with cheese, santa fe sauce and jalapeno coins",,,,True
874,138,Natural Cut Fries,Sides & Appetizers,Sides,290.0,PKR,"Premium quality skin on, natural cut french fries",Regular: 290.0; Medium: 380.0; Large: 460.0,290.0,460.0,True
875,138,6 Pieces Chicken Golden Bites,Other,Star Savers,350.0,PKR,Crispy breaded chicken bites cooked to a golden crisp.,,,,True
876,138,Hand Breaded One Tender Wrap,Other,Star Savers,199.0,PKR,Crunchy hand-breaded chicken tender rolled in a warm wrap for classic flavor,,,,True
877,138,Hand-Breaded Chicken Tender Sandwich,Other,Star Savers,350.0,PKR,"Two pieces of 100% all-white chicken tenders, hand-breaded and fried to golden brown, on a layer of crunchy lettuce and topped with mayonnaise in our special toasted bun.",,,,True
878,138,Santa Fe Curly Chicken Sandwich,Other,Star Savers,450.0,PKR,Crispy chicken tender paired with crispy Curls and a creamy Santa Fe sauce in a soft bun.,,,,True
879,138,Chicken Loader,Shawarma & Wraps,Wraps,990.0,PKR,"Fully loaded with premium Philly chicken steak on 100% chargrilled chicken patty, topped with American and Swiss cheese, sautéed onions and special black pepper mayo in a unique boxed shape tortilla bread toasted to perfection.",Ala Carte: 990.0; Medium Combo (Medium Fries & Drink): 1460.0; Large Combo (Large Fries & Drink): 1660.0; Regular Combo (Reg fries & Drink): 1310.0,990.0,1660.0,True
880,138,Grilled Wraptor,Shawarma & Wraps,Wraps,690.0,PKR,Get your favorite grilled wraptor,,,,True
881,138,Honey Mustard Wraptor,Shawarma & Wraps,Wraps,539.0,PKR,"Two pieces of 100% whole muscle Chicken tenders wrapped in toasted tortilla bread, combined with fresh lettuce, diced tomatoes, and our signature Honey Mustard sauce. Bold, zesty, and delicious!",,,,True
882,138,Sante Fe Wraptor,Shawarma & Wraps,Wraps,539.0,PKR,"Two pieces of 100% whole muscle Chicken tenders wrapped in toasted tortilla bread, combined with fresh lettuce, diced tomatoes, and our signature Santa Fe sauce. Bold, zesty, and delicious!",,,,True
883,139,7up - 345 ml,Beverages,Beverages,140.0,PKR,Refreshing 7up in a convenient 345 ml bottle. Crisp lemon lime flavored carbonated beverage perfect for quenching your thirst anytime,140,140.0,140.0,True
884,139,Coca Cola - 350 ml,Beverages,Beverages,140.0,PKR,Coca Cola (350 Ml),140,140.0,140.0,True
885,139,Coca Cola Zero - 350 ml,Beverages,Beverages,140.0,PKR,Coca Cola Zero Sugar,140,140.0,140.0,True
886,139,Fanta - 500 ml,Beverages,Beverages,198.0,PKR,"A vibrant, tongue-tingling, and Flavorful Orange refreshment! Click to add to your meal.",198,198.0,198.0,True
887,139,Fanta Anaar 500 ml,Beverages,Beverages,198.0,PKR,Refreshing pomegranate flavored carbonated beverage in a convenient 500ml bottle perfect for quenching your thirst with a burst of natural fruity taste,198,198.0,198.0,True
888,139,Mineral Water 1.5ltr,Beverages,Beverages,140.0,PKR,Refreshing mineral water in a convenient 1.5 liter bottle. Perfect for daily consumption.,140,140.0,140.0,True
889,139,Mineral Water 500 ml,Beverages,Beverages,85.0,PKR,Refreshing mineral water in a convenient 500 ml bottle Perfect for staying hydrated throughout the day,85,85.0,85.0,True
890,139,Pepsi - 345 ml,Beverages,Beverages,140.0,PKR,Refreshing Pepsi in a convenient 345 ml bottle. Crisp carbonated cola with a bold taste perfect for any occasion,140,140.0,140.0,True
891,139,Pepsi Zero Sugar - 345 ml,Beverages,Beverages,140.0,PKR,Refreshing Pepsi Zero Sugar in a convenient 345ml bottle. Enjoy the bold taste of Pepsi with zero sugar and zero calories. Perfect for those seeking great flavor without the guilt.,140,140.0,140.0,True
892,139,Sprite  - 350 ml,Beverages,Beverages,140.0,PKR,A Light & Refreshing Lemon-lime soda to pair with your food! Click to add to your meal.,140,140.0,140.0,True
893,139,Sprite Mint - 350 ml,Beverages,Beverages,140.0,PKR,"The Bold, Refreshing & STRONG cola! Click to add to your meal.",140,140.0,140.0,True
894,139,Almond Biscuit,Snacks,Biscuits,649.0,PKR,Crispy almond biscuit crafted with roasted almonds and premium ingredients. A delightful treat with a perfect blend of nutty flavor and satisfying crunch ideal for tea time or any occasion,250 G: 649; 500 G: 1298; 1 KG: 2498,1.0,2498.0,True
895,139,Almond Jam Biscuit,Snacks,Biscuits,649.0,PKR,Delightful almond jam biscuits with a buttery crunch and sweet fruity filling. These crispy cookies feature roasted almonds and smooth jam that melts in your mouth with every bite.,250 G: 649; 500 G: 1298; 1 KG: 2498,1.0,2498.0,True
896,139,Black Pepper Spicy Cookies,Snacks,Biscuits,649.0,PKR,Crispy cookies infused with bold black pepper and warming spices delivering a delightful kick of heat with every bite Perfect for those who love savory spiced treats,250 G: 649; 500 G: 1298; 1 KG: 2498,1.0,2498.0,True
897,139,Blackcurrant Cookies,Snacks,Biscuits,649.0,PKR,"Delicious black currant cookies with a perfect blend of sweet and tart flavors. Crispy on the outside and soft inside, these treats are ideal for tea time or anytime snacking.",250 G: 649; 500 G: 1298; 1 KG: 2498,1.0,2498.0,True
898,139,Choco Checks Biscuit,Snacks,Biscuits,649.0,PKR,"Delicious chocolate biscuit with a perfect blend of crispy texture and rich cocoa flavor. Each bite delivers a satisfying crunch followed by smooth chocolate goodness, making it an ideal snack for any time of day.",250 G: 649; 500 G: 1298; 1 KG: 2498,1.0,2498.0,True
899,139,Chocolate Almond Biscuit,Snacks,Biscuits,698.0,PKR,Delightful chocolate almond biscuit combining rich cocoa with crunchy roasted almonds. A perfect treat for tea time with a satisfying blend of flavors and textures.,250 G: 698; 500 G: 1298; 1 KG: 2498,1.0,2498.0,True
900,139,Chocolate Crush Biscuit,Snacks,Biscuits,649.0,PKR,Delightful chocolate biscuit with a satisfying crunch and rich cocoa flavor. Perfect for tea time or as a sweet snack throughout the day,250 G: 649; 500 G: 1298; 1 KG: 2498,1.0,2498.0,True
901,139,Chocolate Star Cookies,Snacks,Biscuits,649.0,PKR,Delightful star-shaped chocolate cookies with a rich cocoa flavor and crispy texture. Perfect for tea time or as a sweet treat for any occasion.,250 G: 649; 500 G: 1298; 1 KG: 2498,1.0,2498.0,True
902,139,Coconut Biscuit,Snacks,Biscuits,649.0,PKR,Delightful coconut biscuit with a golden crispy texture and rich coconut flavor. A perfect treat for tea time or any occasion.,250 G: 649; 500 G: 1298; 1 KG: 2498,1.0,2498.0,True
903,139,Coffee Icing Cookies,Snacks,Biscuits,649.0,PKR,Delightful cookies with smooth coffee icing that delivers a rich aromatic flavor. Each bite combines buttery cookie texture with creamy coffee topping for a perfect treat.,250 G: 649; 500 G: 1298; 1 KG: 2498,1.0,2498.0,True
904,139,Corn Flakes Cookies,Snacks,Biscuits,649.0,PKR,Delightful crispy cookies made with golden corn flakes offering a light crunchy texture and wholesome taste. Perfect for tea time snacking or as a sweet treat for the whole family.,250 G: 649; 500 G: 1298; 1 KG: 2498,1.0,2498.0,True
905,139,Diet Chana Biscuit,Snacks,Biscuits,649.0,PKR,Wholesome diet chana biscuit crafted with nutritious chickpea flour offering a light crispy texture and delightful taste Perfect for health conscious snacking,250 G: 649; 500 G: 1298; 1 KG: 2498,1.0,2498.0,True
906,139,Ginger Biscuit,Snacks,Biscuits,649.0,PKR,Crispy ginger biscuits infused with warm spices and fresh ginger root offering a delightful blend of sweet and spicy flavors Perfect for tea time or as a satisfying snack,250 G: 649; 500 G: 1298; 1 KG: 2498,1.0,2498.0,True
907,139,Kalvanji Biscuit,Snacks,Biscuits,649.0,PKR,Traditional Kalvanji biscuit with aromatic nigella seeds offering a delightful crunch and distinctive flavor. Perfect for tea time or as a wholesome snack enjoyed across the region.,250 G: 649; 500 G: 1298; 1 KG: 2498,1.0,2498.0,True
908,139,Lemon Biscuit,Snacks,Biscuits,649.0,PKR,"Crispy and golden lemon biscuits bursting with bright citrus flavor. Perfect with tea or coffee, these delightful treats offer a refreshing tangy sweetness in every bite.",250 G: 649; 500 G: 1298; 1 KG: 2498,1.0,2498.0,True
909,139,Marble Chocolate Biscuit,Snacks,Biscuits,649.0,PKR,"Delightful marble chocolate biscuit featuring swirled patterns of rich dark and creamy white chocolate. Crispy on the outside with a tender center, perfect for tea time or as a sweet treat any time of day.",250 G: 649; 500 G: 1298; 1 KG: 2498,1.0,2498.0,True
910,139,Mix Fruit Cookies,Snacks,Biscuits,649.0,PKR,Delightful cookies bursting with a medley of dried fruits including raisins cranberries and apricots. Each bite offers a perfect balance of sweetness and chewy texture making them an ideal treat for any occasion.,250 G: 649; 500 G: 1298; 1 KG: 2498,1.0,2498.0,True
911,139,Orange Marmalade Cookies,Snacks,Biscuits,649.0,PKR,"Delightful cookies infused with tangy orange marmalade offering a perfect balance of sweet and citrus flavors. These buttery biscuits feature a tender crumb with bursts of zesty orange jam throughout, ideal for tea time enjoyment.",250 G: 649; 500 G: 1298; 1 KG: 2498,1.0,2498.0,True
912,139,Peanut Honey Cookies,Snacks,Biscuits,649.0,PKR,"Delicious peanut honey cookies with a perfect blend of roasted peanuts and golden honey. Crispy on the outside with a soft chewy center, these biscuits are ideal for tea time or as a wholesome snack",250 G: 649; 500 G: 1298; 1 KG: 2498,1.0,2498.0,True
913,139,Peanut Vanilla Cookies,Snacks,Biscuits,649.0,PKR,"Delightful peanut vanilla cookies with a perfect blend of roasted peanuts and smooth vanilla flavors. Crispy on the outside and soft inside, these treats are ideal for tea time or as a sweet snack anytime.",250 G: 649; 500 G: 1298; 1 KG: 2498,1.0,2498.0,True
914,139,Sesame Biscuit,Snacks,Biscuits,649.0,PKR,Crispy and golden sesame biscuits with a delightful nutty flavor. These traditional treats are perfectly baked and ideal for tea time or as a wholesome snack.,250 G: 649; 500 G: 1298; 1 KG: 2498,1.0,2498.0,True
915,139,Sweet Candy Biscuits,Snacks,Biscuits,649.0,PKR,Delightful sweet candy biscuits with a crispy texture and delicious flavor. Perfect for tea time or as a tasty snack any time of day,250 G: 649; 500 G: 1298; 1 KG: 2498,1.0,2498.0,True
916,139,Zeera Biscuit,Snacks,Biscuits,649.0,PKR,Crispy and aromatic zeera biscuit infused with cumin seeds offering a savory and authentic taste perfect for tea time snacking,250 G: 649; 500 G: 1298; 1 KG: 2498,1.0,2498.0,True
917,139,Brownie Chocolate Chip,Other,Brownies,298.0,PKR,Made with cocoa powder and chocolate chips,298,298.0,298.0,True
918,139,Cadbury Dairy Milk Brownie,Other,Brownies,298.0,PKR,Rich and fudgy brownie infused with creamy Cadbury Dairy Milk chocolate delivering intense cocoa flavor in every bite A decadent treat perfect for chocolate lovers,298,298.0,298.0,True
919,139,Nutella Brownie,Other,Brownies,298.0,PKR,Thick fudgy brownies swirled with huge ribbons of nutella,298,298.0,298.0,True
920,139,Nutella Caramel Brownie,Other,Brownies,298.0,PKR,"Fudgy, crinkly espresso brownies, baked, then layered with sweet Nutella and chunks of homemade salted caramel",298,298.0,298.0,True
921,139,Oreo Brownie,Other,Brownies,298.0,PKR,"Tall, thick and fudgy and packed with Oreos",298,298.0,298.0,True
922,139,Tripple Choc Brownie,Other,Brownies,298.0,PKR,"Fudgy, as gooey as you want, and very, very chocolatey",298,298.0,298.0,True
923,139,Walnut Chocolate Brownie,Other,Brownies,298.0,PKR,Jalal Sons Walnut Chocolate Brownie,298,298.0,298.0,True
924,139,Beef Cheese Burger,Burgers,Burgers,798.0,PKR,Juicy beef patty topped with melted special cheese thousand island sauce and crispy fried onions served on a soft toasted bun,798,798.0,798.0,True
925,139,Chicken Cheese Burger,Burgers,Burgers,798.0,PKR,Juicy grilled chicken patty topped with melted special cheese crisp lettuce and fresh onions finished with a delicious sweet and sour sauce,798,798.0,798.0,True
926,139,Crispy Chicken Burger,Burgers,Burgers,598.0,PKR,Crispy golden fried chicken breast topped with fresh crisp lettuce and creamy mayo served on a soft toasted bun,598,598.0,598.0,True
927,139,Double Beef Cheese Burger,Burgers,Burgers,898.0,PKR,"Two juicy beef patties stacked high with double special sauce, tangy thousand island dressing and crispy fried onions for an unforgettable burger experience",898,898.0,898.0,True
928,139,Golden Baked Burger,Burgers,Burgers,798.0,PKR,JS Golden Baked Burger,798,798.0,798.0,True
929,139,Hot Chick Burger,Burgers,Burgers,598.0,PKR,"Spicy chicken patty topped with fresh lettuce, tomato, and creamy sauce on a toasted bun.",598,598.0,598.0,True
930,139,Peri Peri Chicken Burger,Burgers,Burgers,798.0,PKR,"Peri peri chicken, Mayo, onions and tomatoes",798,798.0,798.0,True
931,139,Grill Chicken Burrito,Other,Burritos,695.0,PKR,These Grilled Chicken Burritos are one of our favorite quick and easy meals,695,695.0,695.0,True
932,139,Pulled Chicken Burrito,Other,Burritos,695.0,PKR,"A juicy seasoned chicken filling, refried beans, corn, cheese",695,695.0,695.0,True
933,139,Mango Milk Cake,Desserts,Cake Of The Month,2198.0,PKR,Delicious Fresh Mango Milk Cake featuring layers of soft sponge cake infused with creamy milk and topped with fresh mango puree. A perfect blend of tropical flavors and smooth texture that melts in your mouth.,2198,2198.0,2198.0,True
934,139,Almond Nan Khatai 250Gm,Desserts,Cake Rusk,998.0,PKR,Jalal Sons Almond Nan Khatai 250Gm,998,998.0,998.0,True
935,139,Bran Cake Rusk - 450g,Desserts,Cake Rusk,998.0,PKR,"Crisp, twice-baked slices of cake made with bran, providing a crunchy texture and a nutty, slightly sweet flavor. Ideal for a wholesome snack or dipping in beverages",998,998.0,998.0,True
936,139,Milky Cake Rusk - 450g,Desserts,Cake Rusk,998.0,PKR,"Crispy, twice-baked slices of cake with a milky flavor, offering a crunchy texture and subtly sweet taste, ideal for dipping in tea or coffee",998,998.0,998.0,True
937,139,Premium Butter Cake Rusk - 450g,Desserts,Cake Rusk,1498.0,PKR,"Crisp, twice-baked slices of cake made with high-quality butter, delivering a rich, buttery flavor and a satisfying crunch, perfect for pairing with tea or coffee.",1498,1498.0,1498.0,True
938,139,Sugar Free Cake Rusk - 450g,Desserts,Cake Rusk,998.0,PKR,"Crisp, twice-baked slices of cake made without added sugar, offering a crunchy texture and a mild, natural sweetness from alternative sweeteners or ingredients, perfect for a healthier snack or dipping in tea",998,998.0,998.0,True
939,139,Tea Cake Rusk - 450g,Desserts,Cake Rusk,998.0,PKR,"Crisp, twice-baked slices of lightly sweet tea cake, perfect for dipping in tea or coffee, offering a crunchy texture and a subtle, buttery flavor",998,998.0,998.0,True
940,139,Chocolate Happiness Cake,Desserts,Cakes,2198.0,PKR,Decadent chocolate cake layered with rich cocoa frosting and smooth ganache. Each bite delivers pure indulgence with moist crumb and intense chocolate flavor. Perfect for celebrations and special moments.,2198,2198.0,2198.0,True
941,139,Coconut Almond Milk Cake,Desserts,Cakes,2498.0,PKR,A delightful cake featuring tender coconut and roasted almonds blended with creamy milk creating a moist and flavorful dessert Perfect for any occasion,2498,2498.0,2498.0,True
942,139,Cookies & Cream Milk Cake,Desserts,Cakes,498.0,PKR,Experience the perfect crunch of cookie crumbles meeting our signature velvety milk cake base. A delightful Cookies and Cream Milk Cake that combines rich creamy flavors with delicious cookie texture in every bite.,498,498.0,498.0,True
943,139,Lotus Biscoff Milk Cake,Desserts,Cakes,498.0,PKR,The wait is over. Meet our newest obsession: the Lotus Biscoff Milk Cake. We have combined our signature creamy milk cake with the irresistible spiced caramel crunch of Biscoff.,498,498.0,498.0,True
944,139,Pistachio Paradise Milk Cake,Desserts,Cakes,498.0,PKR,"Nutty, creamy, and undeniably luxurious. Our new Pistachio Paradise Milk Cake has officially arrived at Jalal Sons. Experience the perfect harmony in every bite.",498,498.0,498.0,True
945,139,Premium Cadbury Cake,Desserts,Cakes,2998.0,PKR,JS Red Lable Cake,2998,2998.0,2998.0,True
946,139,Premium Kitkat Chocolate Cake,Desserts,Cakes,2398.0,PKR,Kitkat Chocolate Cake,2398,2398.0,2398.0,True
947,139,Premium Lotus Cake,Desserts,Cakes,2598.0,PKR,Imported Lotus Flavored  Cake with Lotus biscoff spread and crushed lotus biscuit.,2598,2598.0,2598.0,True
948,139,Premium Nutella Cake,Desserts,Cakes,2498.0,PKR,Nutella Cake,2498,2498.0,2498.0,True
949,139,Premium Red Velvet Cake,Desserts,Cakes,2398.0,PKR,Red Velvet Cake,2398,2398.0,2398.0,True
950,139,Premium Three Milk Cake,Desserts,Cakes,2398.0,PKR,"Savor the magic of Jalal Sons Premium Three Milk Cake—a masterpiece of indulgence! Imagine layers of ultra-moist sponge cake luxuriously soaked in a trio of creamy milks, topped with a cloud-like whipped cream frosting. Every bite is a celebration of rich, velvety textures and irresistible sweetness. Perfect for elevating any occasion or treating yourself to pure bliss. Because you deserve nothing less than extraordinary",2398,2398.0,2398.0,True
951,139,Raffaello Milk Cake,Desserts,Cakes,498.0,PKR,Experience pure bliss with our latest arrival the Raffaello Milk Cake Creamy delicate and undeniably decadent its the perfect treat you have been waiting for,498,498.0,498.0,True
952,139,Crispy Chicken Burger with Drink - 345ml,Deals & Combos,Celebration Deals & Discounts,663.04,PKR,Crispy burger with Drink,663.04,663.04,663.04,True
953,139,Mix Mini Cookies Tin,Deals & Combos,Celebration Deals & Discounts,2014.208,PKR,A delightful assortment of mini cookies in a premium tin featuring an irresistible variety of flavors and textures perfect for gifting or personal enjoyment,2014.208,2014.208,2014.208,True
954,139,Pizza Deal - Small Pizza with 345ml Drink,Deals & Combos,Celebration Deals & Discounts,877.184,PKR,1 Small pizza with 345ml drink,877.184,877.184,877.184,True
955,139,Sandwich With Drink,Deals & Combos,Celebration Deals & Discounts,775.04,PKR,Sandwich With 345ml drink,775.04,775.04,775.04,True
956,139,Chicken Chowmein,Other,Chow Mein,1198.0,PKR,Thick noodles with chicken cuts and assorted vegetables,1198,1198.0,1198.0,True
957,139,Dragon Chowmein,Other,Chow Mein,1198.0,PKR,Thick noodles with sliced beef and assorted vegetables,1198,1198.0,1198.0,True
958,139,Medium Pizza Saver,Deals & Combos,Discounted Deals,1198.0,PKR,Enjoy one delicious medium pizza with your choice of toppings at a great value price. Perfect for a quick and satisfying meal.,1198,1198.0,1198.0,True
959,139,Family Combo,Deals & Combos,Family Deal,3198.0,PKR,Get 9pcs baked chicken with large pizza,3198,3198.0,3198.0,True
960,139,Crisparatha,Wings & Fried,Fried Items,498.0,PKR,Don't miss eating the most flaky and crispy parathas in town!,498,498.0,498.0,True
961,139,Crispy Chicken Pieces,Wings & Fried,Fried Items,598.0,PKR,Succulent chicken with a crisp layer of goodness,3 Pieces: 598; 9 Pieces: 1798,3.0,1798.0,True
962,139,Hot Wings,Wings & Fried,Fried Items,398.0,PKR,Crispy deep fried hot wings with chili and tomato sauce,5 Pieces: 398; 10 Pieces: 598,5.0,598.0,True
963,139,JS Baked Chicken 9 pcs,Other,Healthy Diet,1998.0,PKR,Baked Chicken 9 pcs,1998,1998.0,1998.0,True
964,139,JS Baked Drumsticks 9 Pcs,Other,Healthy Diet,1998.0,PKR,Drumsticks 9 Pcs,1998,1998.0,1998.0,True
965,139,JS Chicken Baked Wings 6 Pcs,Other,Healthy Diet,395.0,PKR,"Crispy, golden-baked wings with tender, flavorful perfection!",395,395.0,395.0,True
966,139,JS Peri Peri Baked Wings 6 Pcs,Other,Healthy Diet,495.0,PKR,"Juicy wings in fiery Peri Peri sauce, bursting with smoky, zesty flavor!",495,495.0,495.0,True
967,139,JS Chicken Lasagna,Other,Italian,698.0,PKR,"Chicken lasagna with chicken, cheese and capsicum",698,698.0,698.0,True
968,139,Mac & Cheese,Other,Italian,998.0,PKR,Mac & cheese With Chicken and special sauce,998,998.0,998.0,True
969,139,Mac & Cheese Cheetos,Other,Italian,998.0,PKR,"Mac & Cheese with Chicken, special sauce and Cheetos",998,998.0,998.0,True
970,139,Galaxy Chocolate Can Cake,Snacks,New Arrivals,598.0,PKR,Layers of rich chocolate crumb and smooth cream combined with distinctively velvety chocolate taste in a modern pull-can design. A premium dessert experience ready whenever you are.,598,598.0,598.0,True
971,139,Lotus Can Cake,Snacks,New Arrivals,798.0,PKR,"The Lotus Can Cake
Sealed for freshness every spoonful delivers a perfect symphony of textures featuring distinct gorgeous layers of rich Lotus spread velvety cream and a satisfyingly crunchy biscuit base. Grab yours today and dig into pure bliss",798,798.0,798.0,True
972,139,Milo Malt Can Cake,Snacks,New Arrivals,598.0,PKR,"Discover the perfect fusion of rich chocolate and distinct malted flavours with the Jalal Sons Milo Malt Can Cake. Savor layers of moist chocolate sponge and creamy, malt-infused frosting, this decadent creation delivers a refined taste profile in every spoonful.",598,598.0,598.0,True
973,139,Salted Caramel Can Cake,Snacks,New Arrivals,598.0,PKR,"Delight in the exquisite balance of sweet and savory notes with the Jalal Sons Salted Caramel Can Cake. Meticulous layers of moist sponge, velvety cream, and golden salted caramel, this decadent treat brings together rich flavors in a clean, modern presentation.",598,598.0,598.0,True
974,139,Strawberry Can Cake,Snacks,New Arrivals,598.0,PKR,"Experience the vibrant harmony of sweet fruit and delicate sponge with the Jalal Sons Strawberry Can Cake. Crafted to deliver a refined and refreshing taste profile, this dessert offers a sophisticated balance of flavours in every bite",598,598.0,598.0,True
975,139,JS Chatkhara Mix 200g,Sides & Appetizers,Nimco & Snacks,498.0,PKR,JS Chatkhara Mix Nimco 200g,498,498.0,498.0,True
976,139,JS Masala Chips 150g,Sides & Appetizers,Nimco & Snacks,298.0,PKR,Jalal Sons Masala Chips 150g,298,298.0,298.0,True
977,139,JS Plain Chips 150g,Sides & Appetizers,Nimco & Snacks,298.0,PKR,Jalal Sons Plain Chips 150g,298,298.0,298.0,True
978,139,JS Shahi Mix 200g,Sides & Appetizers,Nimco & Snacks,498.0,PKR,JS Shahi Mix Nimco 200g,498,498.0,498.0,True
979,139,JS Spicy Crunch 200g,Sides & Appetizers,Nimco & Snacks,498.0,PKR,JS Spicy Crunch Nimco 200g,498,498.0,498.0,True
980,139,Js Daal Moth 200g,Sides & Appetizers,Nimco & Snacks,498.0,PKR,Js Daal Moth Nimco 200g,498,498.0,498.0,True
981,139,js daal mong 200g,Sides & Appetizers,Nimco & Snacks,498.0,PKR,"Rich, earthy whole lentil traditional Indian stew",498,498.0,498.0,True
982,139,Black Pepper Chicken,Other,Pan Asian Main Course - Classic Entree,1198.0,PKR,"Chicken cubes with crushed peppers, onions and green chilies",1198,1198.0,1198.0,True
983,139,Chicken Manchurian,Other,Pan Asian Main Course - Classic Entree,1198.0,PKR,Chicken cubes in spicy tomato chili sauce,1198,1198.0,1198.0,True
984,139,Kung Pao Chicken,Other,Pan Asian Main Course - Classic Entree,1198.0,PKR,"Chicken cubes with peanuts, dried red chilies and scallions",1198,1198.0,1198.0,True
985,139,Szechuan Chicken,Other,Pan Asian Main Course - Classic Entree,1198.0,PKR,Chicken cubes and shallots in szechuan sauce,1198,1198.0,1198.0,True
986,139,Thai Crispy Sweet & Sour Chicken,Other,Pan Asian Main Course - Classic Entree,1198.0,PKR,"Stir fried sweet and sour chicken with bell pepper, onion and sesame seeds",1198,1198.0,1198.0,True
987,139,Almonds Chicken,Other,Pan Asian Main Course - Premium Entree,1798.0,PKR,Mildly spiced chicken with vegetables and roasted almonds,1798,1798.0,1798.0,True
988,139,Beef Chilli Dry,Other,Pan Asian Main Course - Premium Entree,1498.0,PKR,"Pieces of sliced and marinated beef stir-fried with chinese spices, chilies, and soy sauce for a spicy beef dish",1498,1498.0,1498.0,True
989,139,Beef Chilli Onion,Other,Pan Asian Main Course - Premium Entree,1498.0,PKR,Juicy pieces of beef stir fried with chillies and onions cooked in special peppery sauce,1498,1498.0,1498.0,True
990,139,Chicken Chili Dry,Other,Pan Asian Main Course - Premium Entree,1498.0,PKR,Sliced chicken with green chilies in dark soya sauce,1498,1498.0,1498.0,True
991,139,JS Special Beef,Other,Pan Asian Main Course - Premium Entree,1798.0,PKR,Tender sliced beef cooked in secret spices and veggies to make a spicy treat for your taste buds!,1798,1798.0,1798.0,True
992,139,Thai Cashew Nuts Chicken,Other,Pan Asian Main Course - Premium Entree,1798.0,PKR,"Chicken cubes with cashew nuts, shitake mushrooms and vegetables in oyster sauce",1798,1798.0,1798.0,True
993,139,Bite Size,Desserts,Pastries & Donuts,998.0,PKR,Treat to tastebuds,998,998.0,998.0,True
994,139,Coffee Pastry,Desserts,Pastries & Donuts,258.0,PKR,Creamy & Delicious,258,258.0,258.0,True
995,139,Dairy Milk Pastry,Desserts,Pastries & Donuts,258.0,PKR,Delicious Dairy Milk pastry featuring layers of soft flaky pastry filled with rich creamy chocolate and smooth milk flavors. A perfect treat for chocolate lovers.,258,258.0,258.0,True
996,139,Fudge Pastry,Desserts,Pastries & Donuts,258.0,PKR,"Made with sugar, milk or cream, butter and chocolate or other flavorings",258,258.0,258.0,True
997,139,JS Boston Cream Donut,Desserts,Pastries & Donuts,258.0,PKR,"Pastry cream made with eggs,cream,sugar butter & cornstarch",258,258.0,258.0,True
998,139,JS Double Chocolate Donut,Desserts,Pastries & Donuts,258.0,PKR,Powdered sugar with a bit of liquid and coco powder or melted chocolate,258,258.0,258.0,True
999,139,JS Lemon Tart Pastry,Desserts,Pastries & Donuts,258.0,PKR,Lemon Tart,258,258.0,258.0,True
1000,139,JS Lotus Donut,Desserts,Pastries & Donuts,258.0,PKR,"Fried and deepfrozen yeast raised dough, donut filled with Lotus Biscoff Spread",258,258.0,258.0,True
1001,139,JS Nutella Donut,Desserts,Pastries & Donuts,258.0,PKR,"These Nutella donuts are the softest, puffiest yeast donuts ever",258,258.0,258.0,True
1002,139,JS Plain Glaze Donut,Desserts,Pastries & Donuts,258.0,PKR,Light and fluffy,258,258.0,258.0,True
1003,139,JS Sprinkle Donut,Desserts,Pastries & Donuts,258.0,PKR,"Soft, fluffy birthday confetti donuts",258,258.0,258.0,True
1004,139,Js Ferrero Chocolate Donut,Desserts,Pastries & Donuts,258.0,PKR,Chocolate hazelnut gelato sandwiched inside a powdered donut,258,258.0,258.0,True
1005,139,Lemon Pastry,Desserts,Pastries & Donuts,258.0,PKR,Delicate lemon pastry with a light flaky crust and bright citrus filling. A perfect balance of sweet and tangy flavors with a smooth creamy center and zesty lemon notes throughout.,258,258.0,258.0,True
1006,139,Mud Chocolate Pastry,Desserts,Pastries & Donuts,258.0,PKR,Decadent mud chocolate pastry with layers of rich dark chocolate and velvety ganache filling. A heavenly treat for chocolate lovers with a delicate crispy exterior and smooth creamy center.,258,258.0,258.0,True
1007,139,Nutella Chocolate Pastry,Desserts,Pastries & Donuts,258.0,PKR,Decadent pastry layered with smooth creamy Nutella chocolate spread creating a delightful combination of crispy exterior and rich indulgent filling Perfect for chocolate lovers,258,258.0,258.0,True
1008,139,Pineapple Pastry,Desserts,Pastries & Donuts,258.0,PKR,Delicious pineapple pastry with a flaky golden crust filled with sweet tropical pineapple chunks and creamy custard. A perfect treat for any time of day.,258,258.0,258.0,True
1009,139,Chicken Breast Fillet,Meat Mains,Peri Peri Chicken,598.0,PKR,Peri peri chicken breast fillet served with rice,598,598.0,598.0,True
1010,139,Extra Peri Peri Rice,Meat Mains,Peri Peri Chicken,120.0,PKR,Peri peri rice for extra serving,120,120.0,120.0,True
1011,139,Peri Peri Chicken,Meat Mains,Peri Peri Chicken,998.0,PKR,Peri peri chicken Served with rice,Quarter: 998; Half: 1698; Whole Chicken: 2998,998.0,2998.0,True
1012,139,Tender Chicken Strips & Spicy Rice,Meat Mains,Peri Peri Chicken,598.0,PKR,Tender chicken strips served with spicy rice,598,598.0,598.0,True
1013,139,Chicken Fajita,Pizza,Pizzas,798.0,PKR,"Chicken fajita, cheese, capsicum, mushrooms and onions",Small: 798; Medium: 1498; Large: 2198,798.0,2198.0,True
1014,139,Chicken Supreme,Pizza,Pizzas,798.0,PKR,"Chicken tikka, chicken sausages, cheese, black olives, capsicum, mushrooms, onions and tomatoes",Small: 798; Medium: 1498; Large: 2198,798.0,2198.0,True
1015,139,Chicken Tikka,Pizza,Pizzas,798.0,PKR,"Chicken tikka, cheese and onions",Small: 798; Medium: 1498; Large: 2198,798.0,2198.0,True
1016,139,Crown Crust Square Pizza,Pizza,Pizzas,2498.0,PKR,"Experience the ultimate pizza ! With Jalal sons Crown Crust Cheesefull Pizza. Enjoy a unique blend of grilled chicken, olives, onion, capsicum, and special sauce, all baked to perfection on a signature crown crust for an unforgettable taste.",2498,2498.0,2498.0,True
1017,139,Kabab Crust Pizza,Pizza,Pizzas,2498.0,PKR,"Experience pizza perfection with Jalal Sons! Our Kabab Chees Pizza features a mouthwatering blend of grilled chicken kabab, juicy olives, crisp onions, vibrant capsicum, and our signature special sauce. All this flavor is expertly baked on a unique kabab chees crust, creating an unforgettable explosion of taste.",2498,2498.0,2498.0,True
1018,139,Mexican Pizza,Pizza,Pizzas,798.0,PKR,"Chicken, Mexican Sauce, cheese, black olives, capsicum, mushrooms, onions and tomatoes",Small: 798; Medium: 1498; Large: 2198,798.0,2198.0,True
1019,139,Newyork Style Margherita,Pizza,Pizzas,798.0,PKR,Special pizza sauce and cheese,Small: 798; Medium: 1498; Large: 2198,798.0,2198.0,True
1020,139,Peri Peri Pizza,Pizza,Pizzas,798.0,PKR,"Breast fillet, special peri peri sauce, cheese and onion",Small: 798; Medium: 1498; Large: 2198,798.0,2198.0,True
1021,139,Smoked Chicken,Pizza,Pizzas,798.0,PKR,"Smoked chicken, cheese, mushrooms and onions",Small: 798; Medium: 1498; Large: 2198,798.0,2198.0,True
1022,139,Super Supreme Beef,Pizza,Pizzas,798.0,PKR,"Beef, pepperoni, black olives, cheese, capsicum, mushrooms, onions and tomatoes",Small: 798; Medium: 1498; Large: 2198,798.0,2198.0,True
1023,139,Vegetarian pizza,Pizza,Pizzas,798.0,PKR,"Black olives, capsicum, cheese, mushrooms, onions and tomatoes",Small: 798; Medium: 1498; Large: 2198,798.0,2198.0,True
1024,139,Premium Butter French Hearts 250G,Other,Puff Patties,799.0,PKR,"Delicate, heart-shaped cookies made with rich butter, offering a crisp, light texture and a subtly sweet flavor, perfect for a refined snack or dessert",799,799.0,799.0,True
1025,139,Chicken BBQ Sandwich,Sandwiches,Sandwiches,698.0,PKR,"BBQ chicken, jalapeno, lettuce, BBQ sauce and mayo",698,698.0,698.0,True
1026,139,Chicken Club Sandwich,Sandwiches,Sandwiches,798.0,PKR,"Chicken, egg, cucumber, tomatoes, chilli sauce, lettuce, ketchup and mayo",798,798.0,798.0,True
1027,139,Chicken Fajita Sandwich,Sandwiches,Sandwiches,698.0,PKR,"Chicken Fajita, Olive, onion, lettuce, ketchup and mayo",698,698.0,698.0,True
1028,139,Chicken Tikka Sandwich,Sandwiches,Sandwiches,698.0,PKR,"Chicken tikka, onion, lettuce, ketchup and mayo",698,698.0,698.0,True
1029,139,Peri Peri Sandwich,Sandwiches,Sandwiches,698.0,PKR,"Peri peri chicken, Black olives, tomato, onion & mayo",698,698.0,698.0,True
1030,139,Smoked Chicken Sandwich,Sandwiches,Sandwiches,698.0,PKR,"Smoked chicken, black olives. ketchup, lettuce and mayo",698,698.0,698.0,True
1031,139,Fries,Sides & Appetizers,Sides,298.0,PKR,Fried chips,298,298.0,298.0,True
1032,139,Chocolate Chip Cookie,Desserts,Special Cookies,398.0,PKR,Handcrafted golden cookie generously loaded with rich melty chocolate chips,398,398.0,398.0,True
1033,139,Nutella Cookie,Desserts,Special Cookies,398.0,PKR,Handcrafted Nutella cookie filled with smooth hazelnut chocolate delivering creamy indulgence in every bite,398,398.0,398.0,True
1034,139,Pistachio Cookie,Desserts,Special Cookies,398.0,PKR,"Handcrafted with premium pistachios, giving a delicate nutty flavor and smooth finish.",398,398.0,398.0,True
1035,139,Chicken Corn Soup,Sides & Appetizers,Starter,498.0,PKR,Well-seasoned egg drop soup incorporated with creamed corn and chicken,498,498.0,498.0,True
1036,139,Honey Wings,Sides & Appetizers,Starter,498.0,PKR,"Crispy and golden on the outside, juicy and sweet on the inside.",498,498.0,498.0,True
1037,139,Hot & Sour Soup,Sides & Appetizers,Starter,498.0,PKR,Thai chicken soup with tofu and shredded vegetables,498,498.0,498.0,True
1038,139,Szechuan Soup,Sides & Appetizers,Starter,498.0,PKR,Spicy chicken soup with prawns and black mushrooms,498,498.0,498.0,True
1039,139,The Famous 19B Soup,Sides & Appetizers,Starter,498.0,PKR,"One of the healthiest soups that also hits your palate with a burst of taste. Contains chicken, prawns, spring onions, mushrooms, and carrots.",498,498.0,498.0,True
1040,139,Almond Barfi,Desserts,Sweets,498.0,PKR,Delicious almond barfi crafted with premium almonds and pure ghee. This traditional sweet features a rich creamy texture with a delightful nutty flavor. Perfect for celebrations and special occasions.,250 G: 498; 500 G: 998; 1 KG: 1998,1.0,1998.0,True
1041,139,Amrati,Desserts,Sweets,498.0,PKR,Traditional Amrati sweet delicacy crafted with fine ingredients and authentic flavors. A delightful treat perfect for celebrations and special occasions.,250 G: 498; 500 G: 998; 1 KG: 1998,1.0,1998.0,True
1042,139,Balo Shahi,Desserts,Sweets,498.0,PKR,Delicate round sweet made with refined flour and ghee fried until golden and soaked in light sugar syrup A traditional Pakistani delicacy with a crispy exterior and soft tender center,250 G: 498; 500 G: 998; 1 KG: 1998,1.0,1998.0,True
1043,139,Bangali Cham Cham,Desserts,Sweets,498.0,PKR,Traditional Bengali sweet delicacy with a soft spongy texture coated in sugar syrup and rolled in desiccated coconut. A delightful treat perfect for any celebration.,250 G: 498; 500 G: 998; 1 KG: 1998,1.0,1998.0,True
1044,139,Basen Ladoo,Desserts,Sweets,498.0,PKR,Traditional Basen Ladoo made with roasted chickpea flour ghee and aromatic cardamom. These golden spheres are studded with dry fruits and nuts offering a rich nutty flavor and delightful crumbly texture perfect for any celebration,250 G: 498; 500 G: 998; 1 KG: 1998,1.0,1998.0,True
1045,139,Besan Patisa,Desserts,Sweets,498.0,PKR,Delicate Besan Patisa crafted from finely ground chickpea flour blended with ghee and cardamom A traditional sweet treat with a melt in your mouth texture perfect for celebrations and special occasions,250 G: 498; 500 G: 998; 1 KG: 1998,1.0,1998.0,True
1046,139,Black Gulab Jaman,Desserts,Sweets,499.0,PKR,"Classic Indian sweet made with milk solids, sugar, rose water & cardamom powder",250 G: 499; 500 G: 999; 1 Kg: 1998,1.0,1998.0,True
1047,139,Chana Patisa,Desserts,Sweets,498.0,PKR,"Traditional sweet delicacy made from chickpea flour and ghee, crafted into delicate diamond-shaped pieces. Golden in color with a rich nutty flavor, this beloved confection melts in your mouth and is perfect for celebrations and special occasions.",250 G: 498; 500 G: 998; 1 KG: 1998,1.0,1998.0,True
1048,139,Chocolate Barfi,Desserts,Sweets,498.0,PKR,"Rich and fudgy chocolate barfi with a smooth melt-in-mouth texture. This traditional sweet treat is made with premium cocoa and condensed milk, topped with chopped nuts for added crunch and flavor.",250 G: 498; 500 G: 998; 1 KG: 1998,1.0,1998.0,True
1049,139,Chocolate Patisa,Desserts,Sweets,498.0,PKR,Delicate chocolate patisa with layers of crispy flaky pastry filled with rich chocolate and topped with crushed nuts. A traditional sweet treat perfect for any occasion.,250 G: 498; 500 G: 998; 1 KG: 1998,1.0,1998.0,True
1050,139,Coconut Barfi,Desserts,Sweets,498.0,PKR,"Delightful coconut barfi made with fresh grated coconut and condensed milk, cut into soft squares and coated with desiccated coconut. A traditional sweet treat perfect for any celebration.",250 G: 498; 500 G: 998; 1 KG: 1998,1.0,1998.0,True
1051,139,Coconut Halwa,Desserts,Sweets,498.0,PKR,Traditional coconut halwa made with fresh grated coconut ghee and condensed milk cooked to a rich golden texture and garnished with dry fruits and nuts,250 G: 498; 500 G: 998; 1 KG: 1998,1.0,1998.0,True
1052,139,Coconut Pink Cham Cham,Desserts,Sweets,499.0,PKR,Traditional Bengali sweet,250G: 499; 500g: 999; 1kg: 1998,1.0,1998.0,True
1053,139,Crunchy Patisa,Desserts,Sweets,498.0,PKR,Crunch Patisa is a delightful traditional sweet treat featuring layers of crispy flaked pastry combined with fine semolina and aromatic spices. This golden confection offers a satisfying crunch with every bite and is perfect for celebrations and special occasions.,250 G: 498; 500 G: 998; 1 KG: 1998,1.0,1998.0,True
1054,139,Daal Pinian,Desserts,Sweets,498.0,PKR,Traditional sweet delicacy made with roasted moong daal and ghee enriched with dry fruits and aromatic spices. A beloved dessert that melts in your mouth with every bite.,250 G: 498; 500 G: 998; 1 KG: 1998,1.0,1998.0,True
1055,139,Kaju Halwa,Desserts,Sweets,498.0,PKR,Rich and creamy Kaju Halwa made from premium cashews roasted to golden perfection and blended into a smooth velvety texture. This traditional sweet delicacy is infused with ghee cardamom and topped with dry fruits for an indulgent treat.,250 G: 498; 500 G: 998; 1 KG: 1998,1.0,1998.0,True
1056,139,Milky Ladoo,Desserts,Sweets,498.0,PKR,Delicious round sweet made with condensed milk and milk powder rolled into perfect spheres. Rich creamy texture with a melt-in-mouth taste that brings joy to every bite. A traditional favorite perfect for celebrations and gatherings.,250 G: 498; 500 G: 998; 1 KG: 1998,1.0,1998.0,True
1057,139,Milky Patisa Roll,Desserts,Sweets,498.0,PKR,Delicious Milky Patisa Roll featuring a soft and creamy milk-based filling wrapped in a thin golden pastry shell. A traditional sweet treat with a delightful blend of flavors and textures perfect for any occasion.,250 G: 498; 500 G: 998; 1 KG: 1998,1.0,1998.0,True
1058,139,Multani Halwa,Desserts,Sweets,498.0,PKR,Traditional Multani Halwa made with pure Multani ghee and condensed milk creating a smooth creamy texture Rich with the warmth of cardamom and topped with dry fruits for an authentic taste of heritage,250 G: 498; 500 G: 998; 1 KG: 1998,1.0,1998.0,True
1059,139,Peanut Crunch,Desserts,Sweets,498.0,PKR,Delightful peanut crunch candy featuring roasted peanuts coated in crispy caramelized sugar A satisfying treat with a perfect blend of nutty flavor and crunchy texture ideal for any occasion,250 G: 498; 500 G: 998; 1 KG: 1998,1.0,1998.0,True
1060,139,Plain Barfi,Desserts,Sweets,498.0,PKR,Traditional plain barfi with a smooth dense texture made from condensed milk and ghee. This classic sweet treat melts in your mouth and is perfect for any celebration or as a delightful everyday indulgence,250 G: 498; 500 G: 998; 1 KG: 1998,1.0,1998.0,True
1061,139,Premium Sweet Mix 1kg,Desserts,Sweets,1698.0,PKR,A delightful assortment of premium sweets carefully selected and packaged in a convenient 1kg size. This premium mix features a variety of traditional and modern confections with rich flavors and authentic taste perfect for celebrations and gatherings,1698,1698.0,1698.0,True
1062,139,Royal Moti Choor,Desserts,Sweets,498.0,PKR,Delicate Royal Moti Choor is a traditional sweet delicacy made from fine gram flour pearls soaked in sugar syrup and garnished with dry fruits. This melt-in-mouth treat offers a perfect blend of sweetness and texture.,250 G: 498; 500 G: 998; 1 KG: 1998,1.0,1998.0,True
1063,139,Sohn Halwa,Desserts,Sweets,498.0,PKR,Traditional Sohn Halwa is a rich and creamy sweet delicacy made with ghee and condensed milk garnished with dry fruits and nuts for an authentic taste,250 G: 498; 500 G: 998; 1 KG: 1998,1.0,1998.0,True
1064,139,Walnut Halwa,Desserts,Sweets,498.0,PKR,Rich and decadent walnut halwa made with roasted walnuts ghee and aromatic spices. This traditional sweet treat features a smooth creamy texture with the delightful crunch of walnut pieces throughout. A perfect indulgence for special occasions and celebrations.,250 G: 498; 500 G: 998; 1 KG: 1998,1.0,1998.0,True
1065,139,Walnut Patisa Roll,Desserts,Sweets,498.0,PKR,Delicate Walnut Patisa Roll featuring layers of flaky pastry filled with finely ground walnuts and traditional sweet spices. A beloved confection perfect for special occasions and celebrations.,250 G: 498; 500 G: 998; 1 KG: 1998,1.0,1998.0,True
1066,139,White Cham Cham,Desserts,Sweets,499.0,PKR,Traditional Bengali sweet,250 G: 499; 500 G: 999; 1 KG: 1998,1.0,1998.0,True
1067,139,White Patisa,Desserts,Sweets,498.0,PKR,Delicate white patisa crafted with refined sugar and ghee creating a light melt in your mouth texture This traditional sweet treat offers a delightful crunch with every bite Perfect for celebrations and special occasions,250 G: 498; 500 G: 998; 1 KG: 1998,1.0,1998.0,True
1068,139,Yellow Cham Cham,Desserts,Sweets,499.0,PKR,Traditional Bengali sweet,250 G: 499; 500 G: 999; 1 KG: 1998,1.0,1998.0,True
1069,3,CHICKEN FILLET,Burgers,BURGERS,890.0,PKR,"Fried, breaded, chicken burger. juicy to the core, unlike anything else",,,,True
1070,3,WEHSHI,Burgers,BURGERS,890.0,PKR,Crispy & crunchy chicken burger to help you channel your wehshi side,,,,True
1071,3,COKE,Beverages,DRINKS,200.0,PKR,Coke-500ml,,,,True
1072,3,SPRITE,Beverages,DRINKS,200.0,PKR,Sprite-500ml,,,,True
1073,3,WATER,Beverages,DRINKS,60.0,PKR,Water-500ml,,,,True
1074,3,ATOMIC DIP,Add-ons & Condiments,SAUCES,200.0,PKR,Wehshi combination of green & red chillies,,,,True
1075,3,CHIPOTLE DIP,Add-ons & Condiments,SAUCES,200.0,PKR,Do you like red chillies. do we have a thing for you. wink,,,,True
1076,3,GREEK DIP,Add-ons & Condiments,SAUCES,200.0,PKR,Want something sweet and creamy.,,,,True
1077,3,JALAPENO DIP,Add-ons & Condiments,SAUCES,200.0,PKR,Love a spicy kick ! This Jalapeño Sauce will tingle you in all the right places,,,,True
1078,3,MUSHROOM DIP,Add-ons & Condiments,SAUCES,200.0,PKR,"Cream based sauce, made by using fresh mushrooms",,,,True
1079,3,Tanji Dip,Add-ons & Condiments,SAUCES,200.0,PKR,"Creamy dynamite-style sauce with a balance of sweet, savory and tang.",,,,True
1080,3,REGULAR FRIES,Sides & Appetizers,SIDE ORDERS,200.0,PKR,"Crinkle cut, yummy chunky fries that are fluffy in the middle and crispy from the outside",,,,True
1081,3,Pulpulade,Beverages,SPECIAL DRINKS,400.0,PKR,Punch of Black Berry and Peach with classic lemonade.,,,,True
1082,3,Slurp,Beverages,SPECIAL DRINKS,400.0,PKR,"Punch of Lychee and Pineapple, with classic lemonade.",,,,True
1083,3,Sunset,Beverages,SPECIAL DRINKS,400.0,PKR,Sweet strawberries mixed with classic lemonade.,,,,True
1084,3,Thirst Aid,Beverages,SPECIAL DRINKS,200.0,PKR,Sweet and tangy.,,,,True
1085,3,Thirst Aid mint,Beverages,SPECIAL DRINKS,200.0,PKR,"Refreshing, sweet and tangy.",,,,True
1086,3,Wildberry,Beverages,SPECIAL DRINKS,400.0,PKR,Punch of berries with classic lemonade.,,,,True
1087,3,LARGE NUGG WRAP,Shawarma & Wraps,WRAPS,1100.0,PKR,"Six crispy chicken nuggets, fries and lettuce wrapped in a Tortilla",,,,True
1088,3,SMOL NUGG WRAP,Shawarma & Wraps,WRAPS,790.0,PKR,Nuggets In a Wrap Exactly 4 whole muscle chicken nuggets in a wrap,,,,True
1089,3,SMOL WRAP,Shawarma & Wraps,WRAPS,790.0,PKR,Al Mashhoor wrap (but small) with 2 chicken tenderloin strips wrapped to perfection,,,,True
1090,3,TORTILLA WRAP,Shawarma & Wraps,WRAPS,1100.0,PKR,Al Mashhoor wrap. 4 chicken tenderloin strips wrapped to perfection,,,,True
1091,3,Crispy Wings,Wings & Fried,Wings,780.0,PKR,Coated in a secret batter transforming ordinary wings into golden masterpieces- but heres the real showstopper- the CRUNCH.,,,,True
1092,3,Gochu Wings,Wings & Fried,Wings,810.0,PKR,SWEET MEETS HEAT! Crispy wings coated in a sweet and spicy gucogeng glaze!,,,,True
1093,3,Tanji Wings,Wings & Fried,Wings,810.0,PKR,"Crispy wings baptized in Dynamite Sauce ! Built to awaken the worst in you. Hunger without restraint, pleasure without pause.",,,,True
1094,140,Cheetos Strips,Deals & Combos,Azaadi Deals,1090.0,PKR,"KFCs Strips coated in crispy Cheetos Mix. Flamin Hot Masala sprinkled on top, served with a Cheetos Dip and Regular Fries.",1090,1090.0,1090.0,True
1095,140,Snack Box,Deals & Combos,Azaadi Deals,1050.0,PKR,"4 Strips, 6 Hot Wings with Fries & 2 Dips (Smoke Show & Creamy Ranch)",1050,1050.0,1050.0,True
1096,140,7up - 1.5 Litre,Beverages,Beverages,250.0,PKR,A sizzling cold beverage to quench your thirst.,250,250.0,250.0,True
1097,140,7up - 345 ml,Beverages,Beverages,180.0,PKR,A Light & Refreshing Lemon-lime soda to pair with your food! Click to add to your meal.,180,180.0,180.0,True
1098,140,Pepsi - 1.5 Litre,Beverages,Beverages,250.0,PKR,"The Bold, Refreshing & STRONG cola! Click to add to your meal.",250,250.0,250.0,True
1099,140,Pepsi - 345 ml,Beverages,Beverages,180.0,PKR,"The Bold, Refreshing & STRONG cola! Click to add to your meal.",180,180.0,180.0,True
1100,140,Chicky Meal 1,Other,Chicky Meals,550.0,PKR,"Krunch burger, chicky fries, and regular soft drink or slice juice.",With Soft Drink: 550; With Slice: 550,550.0,550.0,True
1101,140,Chicky Meal 2,Other,Chicky Meals,550.0,PKR,"4 Pieces of nuggets, chicky fries and regular soft drink or slice juice.",With Soft Drink: 550; With Slice: 550,550.0,550.0,True
1102,140,BBQ Sauce,Add-ons & Condiments,Condiments,75.0,PKR,Bring on the smoky flavour! BBQ Sauce with sweet and tangy kick that makes every bite unforgettable.,75,75.0,75.0,True
1103,140,Black Pepper Mayo,Add-ons & Condiments,Condiments,75.0,PKR,bold kick to every bite with our rich and zesty black pepper mayo.,75,75.0,75.0,True
1104,140,Buffalo Sauce,Add-ons & Condiments,Condiments,75.0,PKR,"Turn up the heat with our Buffalo Sauce. A fiery, tangy kick that makes our fried chicken, burgers, and fries extra bold.",75,75.0,75.0,True
1105,140,Cheese Mayo,Add-ons & Condiments,Condiments,75.0,PKR,"Creamy, indulgent blend of rich melted cheese and smooth mayonnaise.",75,75.0,75.0,True
1106,140,Chipotle Sauce,Add-ons & Condiments,Condiments,75.0,PKR,A taste of Mexico in every dip - smoky chipotle with a hint of spice.,75,75.0,75.0,True
1107,140,Colonels Secret Sauce,Add-ons & Condiments,Condiments,190.0,PKR,"Our signature dipping sauce, creamy, tangy with a peppery hint, perfect for dunking every KFC favourite",190,190.0,190.0,True
1108,140,Creamy Ranch Dip,Add-ons & Condiments,Condiments,75.0,PKR,"Rich and herby ranch sauce for a cool, tangy kick.",75,75.0,75.0,True
1109,140,Garlic Mayo Dip,Add-ons & Condiments,Condiments,75.0,PKR,Creamy mayo with a hint of garlic for that extra zing.,75,75.0,75.0,True
1110,140,Real Mayo Dip,Add-ons & Condiments,Condiments,75.0,PKR,"Smooth, creamy classic mayo that pairs perfectly with everything.",75,75.0,75.0,True
1111,140,Salsa Dip,Add-ons & Condiments,Condiments,100.0,PKR,"Zesty and spicy Mexican dip with a blend of tomatoes, jalapeños, onions, and peppers.",100,100.0,100.0,True
1112,140,Smoke Show Dip,Add-ons & Condiments,Condiments,75.0,PKR,Smoky bold and flavorful the perfect dip for a fiery bite,75,75.0,75.0,True
1113,140,Spicy Mayo Dip,Add-ons & Condiments,Condiments,100.0,PKR,Creamy mayo blended with fiery spice for bold flavor lovers.,100,100.0,100.0,True
1114,140,Thai Sweet Chilli Sauce,Add-ons & Condiments,Condiments,75.0,PKR,"A perfect harmony of sweet and spicy, our Thai Sweet Chili sauce to add a zesty kick.",75,75.0,75.0,True
1115,140,Vietnamese Dip,Add-ons & Condiments,Condiments,75.0,PKR,A tangy sweet and savory sauce with a Vietnamese twist perfect for dipping and enhancing your favorite dishes,75,75.0,75.0,True
1116,140,3 Pieces Chicken,Deals & Combos,Everyday Value,720.0,PKR,3 Pieces of Hot and Crispy fried chicken,720,720.0,720.0,True
1117,140,Chicken And Chips,Deals & Combos,Everyday Value,650.0,PKR,"2 Pieces hot and crispy chicken, dinner roll, fries and dip sauce",650,650.0,650.0,True
1118,140,Krunch Burger,Deals & Combos,Everyday Value,310.0,PKR,Enjoy the crispy chicken fillet in a soft bun with our signature sauce with fresh lettuce.,310,310.0,310.0,True
1119,140,Krunch Burger with Drink,Deals & Combos,Everyday Value,410.0,PKR,"Enjoy a crispy crunchy chicken fillet on a bed of lettuce with a soft bun, topped with the signature sauce. Served with a drink",410,410.0,410.0,True
1120,140,Krunch Chicken Combo,Deals & Combos,Everyday Value,620.0,PKR,Krunch Burger with Hot & Crispy Chicken Piece & 345ml Drink.,620,620.0,620.0,True
1121,140,Krunch Combo,Deals & Combos,Everyday Value,590.0,PKR,"Enjoy a crispy crunchy chicken fillet on a bed of lettuce with a soft bun, topped with the signature sauce. Served with fries and drink.",590,590.0,590.0,True
1122,140,Rice & Spice,Deals & Combos,Everyday Value,420.0,PKR,Add some spice to your rice with Rice and Spice. Tender pieces of chicken combined with spiced rice create a delicious and satisfying meal,420,420.0,420.0,True
1123,140,Zingeratha,Deals & Combos,Everyday Value,390.0,PKR,Crispy zinger strips rolled into a golden paratha with a fusion of Imli ki chutney and Mint Mayo with fresh onions,390,390.0,390.0,True
1124,140,Family Festival 1,Deals & Combos,Family Deals,2190.0,PKR,"4 Krunch burger, 4 pieces chicken, 2 dinner roll and 1.5 litre drink.",2190,2190.0,2190.0,True
1125,140,Family Festival 2,Deals & Combos,Family Deals,2390.0,PKR,"2 Zinger burgers, 2 krunch burgers, 4 pieces chicken, 2 dinner roll and 1.5 litre soft drink.",2390,2390.0,2390.0,True
1126,140,Family Festival 3,Deals & Combos,Family Deals,2590.0,PKR,"4 Zinger burgers, 4 pieces chicken, 2 dinner roll and 1.5 litre soft drink.",2590,2590.0,2590.0,True
1127,140,Value Bucket,Deals & Combos,Family Deals,2090.0,PKR,9 Pieces hot and crispy chicken,2090,2090.0,2090.0,True
1128,140,Mexango Wings,Other,Lets Mex It Up,690.0,PKR,8 pcs of crispy wings coated with Hot Mango Mexican sauce served with Salsa dip.,690,690.0,690.0,True
1129,140,Mexinger Burger,Other,Lets Mex It Up,660.0,PKR,"Bring the taste of Mexico with every bite. Layered with spicy and tangy salsa, melty cheese slice, jalapeños, and smoky chipotle mayo.",660,660.0,660.0,True
1130,140,Mexinger Combo,Other,Lets Mex It Up,950.0,PKR,1 Mexinger Burger with 1 Regular Fries & 1 Regular Drink,950,950.0,950.0,True
1131,140,Kentucky Burger,Deals & Combos,Make It a Meal,660.0,PKR,"Crispy zinger fillet with a beef pepperoni, cheese, crispy onions and KFC's signature BBQ sauce.",660,660.0,660.0,True
1132,140,Kentucky Combo,Deals & Combos,Make It a Meal,950.0,PKR,"Kentucky Burger, Regular Fries and drink",950,950.0,950.0,True
1133,140,Mighty Zinger Burger,Deals & Combos,Make It a Meal,770.0,PKR,"2 whole muscle zingers with cheese and fresh lettuce, all bundled in a Mighty bun.",770,770.0,770.0,True
1134,140,Mighty Zinger Burger Combo,Deals & Combos,Make It a Meal,1050.0,PKR,"Mighty zinger burger, fries and soft drink",1050,1050.0,1050.0,True
1135,140,Twister,Deals & Combos,Make It a Meal,440.0,PKR,"2 zinger strips drizzled with KFC signature pepper mayo, tomatoes and fresh lettuce, all wrapped in a lightly toasted tortilla.",440,440.0,440.0,True
1136,140,Twister Combo,Deals & Combos,Make It a Meal,710.0,PKR,"Twister, Regular Fries and drink",710,710.0,710.0,True
1137,140,Zinger Burger,Deals & Combos,Make It a Meal,600.0,PKR,Scrumptious whole muscle zinger with KFC's signature dressing with fresh lettuce bundled together in a sesame seeded bun.,600,600.0,600.0,True
1138,140,Zinger Burger Combo,Deals & Combos,Make It a Meal,910.0,PKR,"Zinger burger, fries and soft drink",910,910.0,910.0,True
1139,140,Zinger Stacker Burger,Deals & Combos,Make It a Meal,660.0,PKR,"2 krunch fillets with Vietnamese sauce, cheese and jalapenos, all bundled together in a corn meal bun.",660,660.0,660.0,True
1140,140,Zinger Stacker Burger Combo,Deals & Combos,Make It a Meal,950.0,PKR,"Zinger stacker, fries and soft drink.",950,950.0,950.0,True
1141,140,Crispy Box,Other,Meal Box,750.0,PKR,"2 Pieces hot and crispy chicken, regular fries, coleslaw and regular drink",750,750.0,750.0,True
1142,140,Crispy Duo Box,Other,Meal Box,1390.0,PKR,"5 Chicken pieces, large fries and 2 regular soft drinks",1390,1390.0,1390.0,True
1143,140,Strips Chips N Dips,Other,Meal Box,750.0,PKR,"4 Boneless Strips, Regular Fries, 2 Dips (Smoke show and Ranch) with a drink",750,750.0,750.0,True
1144,140,WOW Box,Other,Meal Box,1050.0,PKR,"Zinger burger, hot and crispy piece, regular fries, coleslaw and regular soft drink.",1050,1050.0,1050.0,True
1145,140,Xtreme Duo Box,Other,Meal Box,1560.0,PKR,"2 Zinger burgers, 2 chicken pieces, large fries and 2 regular soft drinks.",1560,1560.0,1560.0,True
1146,140,Bucket of Fries with Mayo,Sides & Appetizers,Snacks,470.0,PKR,Enjoy our amazing bucket of fries with mayo sauce,470,470.0,470.0,True
1147,140,Buffalo Saucy Wings,Sides & Appetizers,Snacks,640.0,PKR,"8 Pieces - Our wings just got even more exciting! Enjoy our buffalo saucy wings, only at KFC!",640,640.0,640.0,True
1148,140,Cheesy Chicken Loaded Fries,Sides & Appetizers,Snacks,650.0,PKR,"Enjoy our Cheesy Chicken Loaded Fries - topped with crispy hot shots, cheese sauce and spicy jalapeños—it's the ultimate flavor-packed treat!",650,650.0,650.0,True
1149,140,Chicken Piece,Sides & Appetizers,Snacks,320.0,PKR,Single piece of crispy golden fried chicken that is perfect for a quick satisfying snack. Enjoy delicious tender meat with a savory seasoned coating at an unbeatable price,320,320.0,320.0,True
1150,140,Coleslaw,Sides & Appetizers,Snacks,150.0,PKR,"It is made from fresh vegetables, Cabbage, and Carrots, all blended with a delicious and creamy dressing",150,150.0,150.0,True
1151,140,Corn On The Cob,Sides & Appetizers,Snacks,290.0,PKR,"This delicious, sweet yellow corn is so ripe it falls right off the cob and into a bowl which makes it a perfect side to any meal",290,290.0,290.0,True
1152,140,Dinner Roll,Sides & Appetizers,Snacks,50.0,PKR,KFC’s moist dinner roll is a great side to any meal!,50,50.0,50.0,True
1153,140,French Fries,Sides & Appetizers,Snacks,340.0,PKR,The perfect accompaniment to your KFC meal! Enjoy our golden fries with your favorite meal,Regular: 340; Large: 410; Bucket Of Fries: 450,340.0,450.0,True
1154,140,Hot Shot Shakers,Sides & Appetizers,Snacks,550.0,PKR,"10 crispy Hotshots, paired with chipotle sauce & ranch dip - made to be shaken, coated and dunked your way.",550,550.0,550.0,True
1155,140,Hot Shots,Sides & Appetizers,Snacks,480.0,PKR,Delicious 9 pcs of hot shots,480,480.0,480.0,True
1156,140,Hot Wings,Sides & Appetizers,Snacks,670.0,PKR,"10 Pieces Spicy and Fiery hot, get ready for a ride of flavor and spice with KFC Hot Wings.",670,670.0,670.0,True
1157,140,Large Masala Fries,Sides & Appetizers,Snacks,430.0,PKR,Masala Crispy and Golden Fries,430,430.0,430.0,True
1158,140,Masala Fries Bucket,Sides & Appetizers,Snacks,490.0,PKR,Masala Crispy and Golden Fries,490,490.0,490.0,True
1159,140,Nuggets,Sides & Appetizers,Snacks,580.0,PKR,You won’t be able to resist our hot and flavorsome Chicken Nuggets which will keep you coming back for more!,6 Pieces: 580; 9 Pieces: 680,6.0,680.0,True
1160,140,Regular Masala Fries,Sides & Appetizers,Snacks,360.0,PKR,Masala Crispy and Golden Fries,360,360.0,360.0,True
1161,140,Salsa Sprinkled Wings,Sides & Appetizers,Snacks,640.0,PKR,8 Pieces - The crispiest amigo in town tossed in tangy and spicy salsa sprinkles,640,640.0,640.0,True
1162,140,Tangy Masala Wings,Sides & Appetizers,Snacks,640.0,PKR,"8 Pieces - Packing a sweet and tangy kick with spicy masala, these wings truly satisfy your desi cravings!",640,640.0,640.0,True
1163,140,Thai Sweet Chili Saucy Wings,Sides & Appetizers,Snacks,640.0,PKR,"8 Pieces - Our wings just got even more exciting! Enjoy our sweet Thai chili flavor wings, only at KFC!",640,640.0,640.0,True
1164,140,Pepsi Deal,Deals & Combos,Strong Pepsi Deals,620.0,PKR,Krunch burger with hot & crispy chicken piece & soft drink - 345 ml,620,620.0,620.0,True
1165,141,Beeef Kungpao with Fries,Meat Mains,Beef,806.65,PKR,Chinese style stir fried beef and fries featuring a savory and spicy flavor.,,,,True
1166,141,Beef Chili Dry Onion,Meat Mains,Beef,806.65,PKR,Chinese style stir fried beef featuring a savory flavor and tender texture.,,,,True
1167,141,Beef Chili Dry with Fries,Meat Mains,Beef,764.15,PKR,Chinese style stir fried tender beef with fries delivers a savory and spicy flavor.,,,,True
1168,141,Beef Chilli Vegetables with Fries,Meat Mains,Beef,764.15,PKR,Chinese style stir fried beef and vegetables featuring a savory and spicy flavor.,,,,True
1169,141,Beef Honey Crispy with Fries,Meat Mains,Beef,806.65,PKR,Chinese style crispy fried beef and potatoes featuring a mildly sweet and savory flavor.,,,,True
1170,141,Beef Hot Garlic with Fries,Meat Mains,Beef,764.15,PKR,Chinese style stir fried beef and fries featuring a savory and spicy flavor.,,,,True
1171,141,Mongolian Beef with Fries,Meat Mains,Beef,764.15,PKR,Chinese style stir fried tender beef and crispy potato fries offer a savory flavor.,,,,True
1172,141,Szechuan Beef with Fries,Meat Mains,Beef,764.15,PKR,Chinese stir fried beef and potatoes featuring savory and spicy flavors with a tender texture.,,,,True
1173,141,Chicken Black Paper with Fries,Meat Mains,Chickens,636.65,PKR,Chinese style stir fried chicken and potatoes featuring savory and aromatic flavors.,,,,True
1174,141,Chicken Chili Dry with Fries,Meat Mains,Chickens,721.65,PKR,Chinese style stir fried chicken and crispy fries featuring a savory and spicy flavor.,,,,True
1175,141,Chicken Chili Onion,Meat Mains,Chickens,721.65,PKR,Chinese style stir fried chicken and onion featuring a savory flavor and tender texture.,,,,True
1176,141,Chicken Chilli Vegetables with Fries,Meat Mains,Chickens,636.65,PKR,Chinese style stir fried chicken and vegetables featuring a savory and spicy flavor.,,,,True
1177,141,Chicken Honey Crispy with Fries,Meat Mains,Chickens,721.65,PKR,Chinese style fried chicken and potato featuring a savory and mildly sweet flavor.,,,,True
1178,141,Chicken Hot Garlic with Fries,Meat Mains,Chickens,636.65,PKR,Chinese style stir fried chicken featuring a savory and spicy flavor with tender texture.,,,,True
1179,141,Chicken Kungpao with Fries,Meat Mains,Chickens,721.65,PKR,Sichuan style stir fried chicken and crispy fries featuring a savory and spicy flavor.,,,,True
1180,141,Chicken Manchurian with Fries,Meat Mains,Chickens,636.65,PKR,Chinese style stir fried chicken and potato featuring a savory flavor and tender texture.,,,,True
1181,141,Chicken Roased Almond with Fries,Meat Mains,Chickens,721.65,PKR,Chinese style stir fried chicken with almonds and crispy fries delivers a savory flavor.,,,,True
1182,141,Mongolian Chicken with Fries,Meat Mains,Chickens,636.65,PKR,Mongolian style stir fried chicken with fries featuring a savory flavor and tender texture.,,,,True
1183,141,Szechuan Chicken with Fries,Meat Mains,Chickens,636.65,PKR,Chinese style stir fried chicken and potatoes featuring savory and spicy flavors.,,,,True
1184,141,Fish Chili Dry with Fries,Meat Mains,Fish,934.15,PKR,Chinese style stir fried fish and potatoes featuring savory and spicy flavors.,,,,True
1185,141,Fish Chili Onion with Fries,Meat Mains,Fish,934.15,PKR,Chinese style stir fried fish and crispy fries featuring a savory and spicy flavor.,,,,True
1186,141,Fish Chilli Vegetables with Fries,Meat Mains,Fish,934.15,PKR,Chinese style stir fried fish and vegetables served with crispy potato fries featuring savory and spicy flavors.,,,,True
1187,141,Fish Hot Garlic with Fries,Meat Mains,Fish,934.15,PKR,Chinese style stir fried fish and crispy fries offering a savory and spicy flavor.,,,,True
1188,141,Fish Kungpao with Fries,Meat Mains,Fish,934.15,PKR,Sichuan style stir fried fish and potato featuring a savory and spicy flavor.,,,,True
1189,141,Fish Manchurian with Fries,Meat Mains,Fish,934.15,PKR,Chinese style tender fish featuring a savory and aromatic flavor with thick gravy.,,,,True
1190,141,Mongolian Fish with Fries,Meat Mains,Fish,934.15,PKR,Chinese style stir fried fish and crispy fries featuring a savory thick gravy.,,,,True
1191,141,Szechuan Fish with Fries,Meat Mains,Fish,934.15,PKR,Sichuan style stir fried fish and crispy potatoes delivers a savory and spicy flavor.,,,,True
1192,141,Mongolian Prawn with Fries,Seafood,Prawns,934.15,PKR,Chinese stir fried prawns and crispy potatoes featuring a savory flavor profile.,,,,True
1193,141,Prawn Chili Onion with Fries,Seafood,Prawns,934.15,PKR,Chinese style stir fried prawns and crispy potatoes featuring a savory and spicy flavor profile.,,,,True
1194,141,Prawn Chilli Vegetables with Fries,Seafood,Prawns,934.15,PKR,Chinese style stir fried prawns and vegetables featuring a savory and spicy flavor.,,,,True
1195,141,Prawn Hot Garlic with Fries,Seafood,Prawns,934.15,PKR,Chinese style stir fried prawns and fries featuring a savory and spicy flavor.,,,,True
1196,141,Prawn Kungpao with Fries,Seafood,Prawns,934.15,PKR,Chinese style stir fried prawns and fries featuring a savory and spicy flavor.,,,,True
1197,141,Szechuan Prawn with Fries,Seafood,Prawns,934.15,PKR,Szechuan style stir fried prawns and potatoes featuring a savory and spicy flavor.,,,,True
1198,142,Premium Drinking Water 500 Ml,Beverages,Beverages,120.0,PKR,"Experience pure refreshment in every sip. Our premium 500 ml bottle is crafted for those who value quality and elegance. Sourced from carefully selected and purified water, it goes through advanced multi-stage filtration to ensure exceptional clarity, balanced minerals, and a crisp, refreshing taste. The sleek, compact bottle is perfect for events, meetings, or on-the-go hydration combining convenience with a touch of sophistication.",,,,True
1199,142,Regular Drink,Beverages,Beverages,150.0,PKR,PET Bottle,,,,True
1200,142,Chick N Crunch Burger,Deals & Combos,Burgers & Deals,310.0,PKR,"Crispy goodness, ,made of chest chicken meat.",,,,True
1201,142,Chick N Crunch Burger & Regular Drink,Deals & Combos,Burgers & Deals,410.0,PKR,"Chick N Crunch Burger & Regular Drink
(Can or 345ml Drink)",,,,True
1202,142,Chick N Crunch Burger Regular Fries  & Regular Drink,Deals & Combos,Burgers & Deals,590.0,PKR,"Chick N Crunch Burger, Regular Fries  & Regular Drink",,,,True
1203,142,Majesty Combo,Deals & Combos,Burgers & Deals,1050.0,PKR,"Majesty Burger, 1 Regular fries, & Regular Drink 
(Can or 345ml Drink)",,,,True
1204,142,Siracha Burger,Deals & Combos,Burgers & Deals,450.0,PKR,"Our spicy take on value burger made from crunchy chicken fillet (chest pc), Spicy sauce, & lettuce.",,,,True
1205,142,Siracha Burger With Fries,Deals & Combos,Burgers & Deals,550.0,PKR,Siracha Burger along with regular fries,,,,True
1206,142,Siracha Burger With Fries & Regular Drink,Deals & Combos,Burgers & Deals,600.0,PKR,Siracha burger along with crispy regular fries & Regular Drink,,,,True
1207,142,StripZilla,Deals & Combos,Burgers & Deals,390.0,PKR,"A soft, cornmeal-dusted bun stuffed with two crispy, crunchy chicken strips and a golden-fried chicken tender. Finished with fresh lettuce and a bold, spicy sauce for that perfect kick in every bite.",,,,True
1208,142,The Majesty Burger,Deals & Combos,Burgers & Deals,770.0,PKR,"Double crispy chicken patty with double goodness, along with a tinge of spicy goodness stuffed in a a burger. A huge burger to satisfy your hunger.",,,,True
1209,142,Zenga Burger,Deals & Combos,Burgers & Deals,600.0,PKR,"Crispy, juicy scrumptious chicken patty (Thigh pc) along with lettuce and albaik sauce enclosed in hot airy buns.",,,,True
1210,142,Zenger Burger Regular Fries & Regular Drink,Deals & Combos,Burgers & Deals,910.0,PKR,"Zenger Burger, Regular Fries & Regular Drink
(Can or 345ml Drink)",,,,True
1211,142,Siracha Wrap,Shawarma & Wraps,Burritos & Wraps,450.0,PKR,"Savor the delicious fusion of flavors with our mouthwatering wrap. A crispy chicken filling, drizzled with Spicy sauce, is encased in a warm tortilla for an irresistible spicy delight.",,,,True
1212,142,Spicy Gigantic Burrito,Shawarma & Wraps,Burritos & Wraps,690.0,PKR,"A warm tortilla wrapped around a mouthwatering medley of crispy chicken, golden fries, fresh lettuce, and fiery jalapeños, all generously topped with a bold blend of salsa powder, creamy mayonnaise, cheese and spicy sriracha. Every bite bursts with flavor, a perfect fusion of crunch, heat, and indulgence, making it an irresistible treat for anyone craving a truly satisfying feast.",,,,True
1213,142,3 Stripzilla & 3 Drinks Deal,Deals & Combos,Celebration Deals & Discounts,1190.0,PKR,Enjoy an incredible celebration deal featuring three delicious Stripzilla paired with three refreshing drinks all for just 1190 PKR Perfect for sharing with friends and family,,,,True
1214,142,Celebration Deal,Deals & Combos,Celebration Deals & Discounts,620.0,PKR,"Chick N Crunch, Crispy Chicken Piece & Regular Drink 
(Selecting Chicken part is not Applicable on promotion Set)",,,,True
1215,142,Crunch & Munch,Deals & Combos,Celebration Deals & Discounts,1040.0,PKR,"6 Chicken Strips, fries, 2 dips, and 2 330ml drink",,,,True
1216,142,Buffalo Spicy Chicken Bites,Meat Mains,Chicken Bites (9 PC),490.0,PKR,"9 Pcs. Crisp to perfection chicken bites, topped with tangy spicy buffalo sauce.",,,,True
1217,142,Honey Mustard Chicken Bites,Meat Mains,Chicken Bites (9 PC),490.0,PKR,"9 Pcs. Crisp to perfection chicken bites, tossed in sweet yet delicious honey mustard sauce.",,,,True
1218,142,Plain Crispy Chicken Bites,Meat Mains,Chicken Bites (9 PC),490.0,PKR,"9 Pcs. Crisp to perfection, our crispy yet juicy bucket of chicken bites. Perfect choice for kids.",,,,True
1219,142,Sizzling Salsa Chicken Bites,Meat Mains,Chicken Bites (9 PC),490.0,PKR,"9 Pcs. Crisp to perfection chicken bites, dusted with our special sizzling salsa seasoning.",,,,True
1220,142,Thai Sweet Chilli Chicken Bites,Meat Mains,Chicken Bites (9 PC),490.0,PKR,"9 Pcs. Crisp to perfection chicken bites, tossed in sweet yet spicy chili sauce for a succlent experience.",,,,True
1221,142,Crispy Hot Fries,Sides & Appetizers,Crispy French Fries,340.0,PKR,Soft Potato Wedges With A Crispy Exterior That Will Make Your Day,Regular Fries: 340.0; Large Fries: 410.0; Fries Bucket: 460.0,340.0,460.0,True
1222,142,Crispy Hot Masala Fries,Sides & Appetizers,Crispy French Fries,360.0,PKR,Soft Potato Wedges With A Crispy Exterior Tossed with our in house spices.,Masala Fries Regular : 360.0; Masala Fries Large : 430.0; Masala Fries Bucket: 480.0,360.0,480.0,True
1223,142,Fries Bucket With Al Baik Sauce,Sides & Appetizers,Crispy French Fries,490.0,PKR,Crisp to tooth french fries along with our delicious garlic sauce.,,,,True
1224,142,Family Combo 1,Other,Exclusive Family Packs,2250.0,PKR,"4 Chick N Crunch Burger, 4 Crispy Chicken Piece, 2 Dinner Roll &  4PC 330ML Litre Drink
 (Selecting Chicken part is not Applicable on promotion Set)",,,,True
1225,142,Family Combo 2,Other,Exclusive Family Packs,2450.0,PKR,"2 Zenga Burger, 2 Chick N Crunch Burger, 4 Crispy Chicken Piece, 2 Dinner Roll & 4 pc 330 ml Drink (Selecting Chicken part is not Applicable on promotion Set)",,,,True
1226,142,Family Combo 3,Other,Exclusive Family Packs,2650.0,PKR,"4 Zenga Burger, 4 Chicken Piece, 2 Dinner Roll &  4pc 330ml Drink 
 (Selecting Chicken part is not Applicable on promotion Set)",,,,True
1227,142,Mega Snack Box,Other,Exclusive Family Packs,2090.0,PKR,9 Pcs Crispy Fried Chicken (Selecting Chicken part is not Applicable on promotion Set),,,,True
1228,142,Chocolate Ice Cream Shake,Desserts,Ice Cream Shakes,530.0,PKR,"Indulge in a heavenly blend of velvety chocolate ice cream, rich cocoa, and creamy milk whipped to perfection for that irresistibly thick and smooth texture.",,,,True
1229,142,Cookies and Cream Shake,Desserts,Ice Cream Shakes,530.0,PKR,A classic favorite done right  our Oreo Ice Cream Shake blends creamy vanilla ice cream with crunchy Oreo cookies and chilled milk for the perfect cookies-and-cream experience,,,,True
1230,142,Mango Ice Cream Shake,Desserts,Ice Cream Shakes,530.0,PKR,"Escape into tropical bliss with our Mango Ice Cream Shake a luscious blend of rich mango ice cream and chilled milk, whipped to creamy perfection.",,,,True
1231,142,Pistachio Ice Cream Shake,Desserts,Ice Cream Shakes,530.0,PKR,"A creamy fusion of roasted pistachios and silky ice cream  our Pistachio Ice Cream Shake is smooth, nutty, and irresistibly luxurious.",,,,True
1232,142,Strawberry Ice Cream Shake,Desserts,Ice Cream Shakes,530.0,PKR,"Bursting with berrylicious flavor, our Strawberry Ice Cream Shake blends creamy strawberry ice cream with chilled milk for a thick, smooth delight.",,,,True
1233,142,Vanilla Ice Cream Shake,Desserts,Ice Cream Shakes,530.0,PKR,"Smooth, creamy, and irresistibly classic our Vanilla Ice Cream Shake is a dreamy blend of rich vanilla ice cream and chilled milk, whipped into a silky, frothy perfection.",,,,True
1234,142,Kiddie Meal 3,Other,Kiddie Corner,550.0,PKR,"Chick n Crunch Burger, Small Fries, Drink or Water
[Can/345ml Drink]",,,,True
1235,142,Zing Chicken Strips (4Pcs),Other,Kiddie Corner,500.0,PKR,"Crunchy chicken strips, a must for kids.",,,,True
1236,142,1 Golden Crunch Lacha  Paratha & 1 Beef Smash Single Patty Along With 2 Drinks,Deals & Combos,Lacha Parartha Exclusive Deals,1340.0,PKR,1 Golden Crunch Lacha  Paratha & 1 Beef Smash Single Patty along with 2 Drinks in just 1340 Pkr,,,,True
1237,142,2 Saucy Chatkara Lacha Paratha with 2 Drinks,Deals & Combos,Lacha Parartha Exclusive Deals,1320.0,PKR,Indulge in two delicious saucy Chatkara Lacha Parathas layered to perfection with a savory filling and served with two refreshing drinks of your choice in just 1320pkr,,,,True
1238,142,2 Signature Golden Crunch Lacha Paratha with 2 Drinks,Deals & Combos,Lacha Parartha Exclusive Deals,1320.0,PKR,Enjoy 2 Signature Golden Crunch Lacha Parathas paired with 2 refreshing drinks all for just 1320. A perfect meal deal combining crispy layered parathas with your choice of beverages,,,,True
1239,142,Buy 1 Saucy Chatkara Lacha Paratha  1 Beef Smash Single Patty Lacha  Paratha Along With 2 Drinks,Deals & Combos,Lacha Parartha Exclusive Deals,1340.0,PKR,Buy 1 Saucy Chatkara Lacha Paratha  1 Beef Smash Single patty Lacha  Paratha along with 2 Drinks in just 1340 PKR,,,,True
1240,142,Buy 1 Saucy Chatkara Lacha Paratha & 1 Golden Crunch Lacha  Paratha Along With 2 Drinks,Deals & Combos,Lacha Parartha Exclusive Deals,1320.0,PKR,1 Saucy Chatkara Lacha Paratha & 1 Golden Crunch Lacha  Paratha along with 2 Drinks in just 1320 Pkr,,,,True
1241,142,Beef Smash Lacha Paratha,Burgers,Lacha Paratha Burger,890.0,PKR,"We bring you our Original Smash Lacha Paratha Burger.Crispy lacha paratha stuffed with a juicy beef patty, melting cheese, and sweet caramelized onions.",Single Patty: 890.0; Double Patty: 1070.0,890.0,1070.0,True
1242,142,Saucy Chatkara Lacha Paratha,Burgers,Lacha Paratha Burger,780.0,PKR,"Keeping that spirit alive, we bring you our Saucy Chatkara Lacha Paratha Crispy lacha paratha stuffed with crunchy fried chicken tossed in our special spicy Chatkara sauce, topped with creamy mayo and crisp lettuce for the perfect flavorful bite!",,,,True
1243,142,Signature Golden Crunch Lacha Paratha,Burgers,Lacha Paratha Burger,780.0,PKR,"We bring you crispy lacha paratha stuffed with a crispy chicken patty, fresh lettuce, and creamy mayo.The ultimate crunch fusion.",,,,True
1244,142,Classic Mayo Loaded Fries,Rice & Biryani,Loaded Fries & Rice,690.0,PKR,"Golden, crispy fries topped with tender, crunchy chicken chunks, drizzled with a smooth mayo-garlic sauce, velvety cheese sauce, and finished with a kick of zesty jalapeños and crushed chilies for a bold, flavor-packed experience.",,,,True
1245,142,Crunchy Cheesey Overloaded Fries,Rice & Biryani,Loaded Fries & Rice,720.0,PKR,"A mountain of crispy fries loaded with crunchy chicken bites, smothered in creamy cheese sauce and finished with a hint of bold spices. Topped off with extra crunchy finger chips for the ultimate overloaded cheesy crunch experience.",,,,True
1246,142,Crunchy Cheesey Overloaded Rice,Rice & Biryani,Loaded Fries & Rice,450.0,PKR,"A hearty bed of rice topped with crispy, golden chicken bites, drizzled with rich, creamy cheese sauce and a hint of bold spices. Paired with crunchy finger chips for a fully loaded, crave-worthy experience bursting with flavor and texture",,,,True
1247,142,Rice N Spice,Rice & Biryani,Loaded Fries & Rice,420.0,PKR,"Savory spiced rice infused with buttery richness, perfectly paired with crispy Hot Shots, all crowned with our signature Vietnamese sauce a harmonious blend of bold, tangy, and irresistible flavors.",,,,True
1248,142,Spicy Salsa Cheesy Loaded Fries,Rice & Biryani,Loaded Fries & Rice,720.0,PKR,"Crispy chips coated in flavorful salsa powder, generously topped with a rich, creamy cheese sauce, and finished with zesty jalapeños and a sprinkle of crushed chilies for an irresistible kick.",,,,True
1249,142,2 Pc Meal Deal,Deals & Combos,Meal Deals,750.0,PKR,"2 Crispy Chicken Pc, Regular Fries, Coleslaw, & Regular Drink 
(Selecting Chicken part is not Applicable on promotion Set)",,,,True
1250,142,2PC Combo,Deals & Combos,Meal Deals,650.0,PKR,"2 Pc Chicken, Fries, Dinner Roll, Al-Baik Sauce (Selecting Chicken part is not Applicable on promotion Set)",,,,True
1251,142,3 Pc Crispy Chicken,Deals & Combos,Meal Deals,720.0,PKR,"Crunchy, chicken pieces dipped in batter and packed with flavor. (Selecting Chicken part is not Applicable on promotion Set)",,,,True
1252,142,Flavor Craver,Deals & Combos,Meal Deals,1050.0,PKR,"Zenga Burger, 1 Pc Chicken, Regular Fries, Coleslaw & 1 Regular Drink 
 (Selecting Chicken part is not Applicable on promotion Set)",,,,True
1253,142,Ultimate Crunch Feast,Deals & Combos,Meal Deals,1560.0,PKR,"2 Zenga Burger, 2 Crispy Chicken Piece, Large Fries, & 2 Regular Drinks  (Selecting Chicken part is not Applicable on promotion Set)",,,,True
1254,142,Ultimate Feast Box,Deals & Combos,Meal Deals,1390.0,PKR,"5 Piece Crispy Chicken, Large Fries & 2 Regular Drinks 
(Selecting Chicken part is not Applicable on promotion Set)",,,,True
1255,142,Chicken Crispy Roll,Shawarma & Wraps,Our Signature Roll Range,450.0,PKR,"Golden crispy paratha paired with crispy chicken strips, smooth mayo, and a spicy chilli garlic kick.",,,,True
1256,142,Beef Smash Burger,Burgers,Premium Burger Range,920.0,PKR,"A pillowy soft potato bun stacked with juicy beef patties, layered with melted cheese, and finished with sweet, slow-caramelized onions. A rich, stacked delight.",Single Patty : 920.0; Double Patty : 1320.0,920.0,1320.0,True
1257,142,Herb & Mint Chicken Sando,Other,Sando,690.0,PKR,"A crispy chicken fillet infused with refreshing herbs and mint, layered with creamy sauce and fresh toppings in a soft toasted bun. Light, flavorful, and irresistibly satisfying.",,,,True
1258,142,Al Baik Sauce,Sides & Appetizers,Snacks,80.0,PKR,"Blended with mayonnaise and mustard, seasoned with salt, sugar and vinegar oil.",,,,True
1259,142,Cheese Slice,Sides & Appetizers,Snacks,80.0,PKR,"Creamy, rich slice of premium cheese.",,,,True
1260,142,Chicken Piece,Sides & Appetizers,Snacks,320.0,PKR,"Amplify your chicken experience by indulging yourself to try ours.

Mention on Special Request: Chest, Wings, Leg, Thigh, Rib, or Keel",,,,True
1261,142,Coleslaw,Sides & Appetizers,Snacks,150.0,PKR,Mixture of Mayo plus veggies.,,,,True
1262,142,Dinner Roll,Sides & Appetizers,Snacks,50.0,PKR,A small individual loaf of bread.,,,,True
1263,142,Honey Mustard Sauce,Sides & Appetizers,Snacks,80.0,PKR,Sweet and tangy sauce perfect for dipping or drizzling on various snacks.,,,,True
1264,142,Siracha Sauce,Sides & Appetizers,Snacks,80.0,PKR,"Turn up the flavor with our signature Sriracha sauce a spicy, garlicky blend that adds the perfect kick to burgers, fries, and everything in between.",,,,True
1265,142,CHOCO-HEAVEN CAKE IN A CAN PER PC,Desserts,Something Sweet,420.0,PKR,"Layers of moist chocolate sponge, rich chocolate ganache, and decadent fudge, all packed into one convenient, crave worthy can. Its the ultimate chocolate lovers dream, anytime, anywhere!",,,,True
1266,142,RED VELVET CAKE IN A CAN PER PC,Desserts,Something Sweet,420.0,PKR,"Layers of classic red velvet sponge cake paired with smooth, cream cheese frosting an elegant and satisfying dessert, perfect for ending any meal on a sweet note.",,,,True
1267,142,Original Korean Burger,Other,The Original Korean Range,720.0,PKR,"Soft, handcrafted red buns that embrace a succulent Zenga patty Drenched in our signature savory, spicy Korean sauce and complemented by a rich mayo, this burger delivers a mouthwatering, flavor packed experience like no other.",,,,True
1268,142,Original Korean Chicky Bites 9Pc,Other,The Original Korean Range,600.0,PKR,"Bite sized crispy chicken coated in our mouthwatering Korean sauce offering a crunch thats both satisfying and full of flavor. A perfect snack for anyone craving a spicy, savory treat.",,,,True
1269,142,Original Korean Hot Wings 8 Pc,Other,The Original Korean Range,750.0,PKR,"Savor the perfect blend of heat and flavor with our crispy, golden wings, tossed in a bold, savory-spicy Korean sauce. These wings are a fiery delight that will keep you coming back for more!",,,,True
1270,142,Original Korean Loaded Fries,Other,The Original Korean Range,790.0,PKR,"Crispy fries tossed in a tantalizing salsa powder, topped with our irresistible Original Korean sauce. Garnished with zesty jalapenos and a sprinkle of crushed chilies, these fries pack an explosive flavor punch thats sure to satisfy your cravings.",,,,True
1271,142,Original Korean Rice,Other,The Original Korean Range,590.0,PKR,"Fragrant rice, infused with a buttery richness, served with crispy Hot Shots drenched in our signature Korean sauce. This dish delivers the perfect balance of savory, spicy, and rich flavors in every bite.",,,,True
1272,142,Buffalo Spicy Wings,Other,Wing It (8 Pc Buckets),640.0,PKR,8 pcs. Our crispy take on wings topped with tangy spicy buffalo sauce.,,,,True
1273,142,Honey Mustard Wings,Other,Wing It (8 Pc Buckets),640.0,PKR,"8 Pcs. Crispy fried wings, tossed in sweet yet delicious honey mustard sauce.",,,,True
1274,142,Plain Crispy Wings,Other,Wing It (8 Pc Buckets),640.0,PKR,"8 Pcs. Crisp to perfection, our crispy yet juicy bucket of wings.",,,,True
1275,142,Sizzling Salsa Wings,Other,Wing It (8 Pc Buckets),640.0,PKR,"8 Pcs. Spices to perfection, dusted with our special sizzling salsa seasoning.",,,,True
1276,142,Thai Sweet Chilli Wings,Other,Wing It (8 Pc Buckets),640.0,PKR,"8 pcs. Crispy Fried wings, tossed in sweet yet spicy chili sauce for a succlent experience.",,,,True
1277,143,Afghani Boti,Other,Afghani Delicacy,1680.0,PKR,Mild aromatic juicy boti melt in mouth,6 Seekh Boti: 1680; 12 Seekh Boti: 3255,6.0,3255.0,True
1278,143,Chicken Madabee,Other,Arabic Delights,2153.0,PKR,Grilled chicken served on a bed of flavored mandi rice and sauces,Regular: 2153; Full: 3938,2153.0,3938.0,True
1279,143,Chicken Mandi,Other,Arabic Delights,2153.0,PKR,Arabic style rice tender meat & mixture of spices accommodate with sauces,Regular: 2153; Full: 3938,2153.0,3938.0,True
1280,143,Mix Kabab Mandi,Other,Arabic Delights,4505.0,PKR,"A tantalizing combination of succulent beef, chicken and mutton kababs, expertly grilled to perfection, served on a bed of fragrant, spiced rice. This hearty platter offers a symphony of flavors, making it the ultimate indulgence for rice enthusiasts",4505,4505.0,4505.0,True
1281,143,Mutton Madbee,Other,Arabic Delights,3665.0,PKR,Spicy charcoal grilled meat served on a bed of flavored mandi rice and sauces,Regular: 3665; Full: 6815,3665.0,6815.0,True
1282,143,Mutton Mandi,Other,Arabic Delights,3665.0,PKR,Arabic style rice tender meat & mixture of spices accommodate with sauces,Regular: 3665; Full: 6815,3665.0,6815.0,True
1283,143,Beef Bihari Boti,BBQ & Grill,Bar.B.Q,1670.0,PKR,Melt in mouth pieces of Beef marinated in spices and barbecued to perfection on charcoal grill.,1670,1670.0,1670.0,True
1284,143,Chicken Afghani Boti,BBQ & Grill,Bar.B.Q,1460.0,PKR,Succulent pieces of chicken marinated in special spices and roasted to perfection,1460,1460.0,1460.0,True
1285,143,Chicken Bihari Boti,BBQ & Grill,Bar.B.Q,1628.0,PKR,Melt in mouth pieces of chicken marinated in spices and barbecued to perfection on charcoal grill.,1628,1628.0,1628.0,True
1286,143,Chicken Chargha B.B.Q Full,BBQ & Grill,Bar.B.Q,2690.0,PKR,"Speicality of lahore, full chicken covered with great amount of spices to give a flavoful punch, barbecued to perfection on charcoal grill.",2690,2690.0,2690.0,True
1287,143,Chicken Tikka,BBQ & Grill,Bar.B.Q,788.0,PKR,"Quarter chicken, marinated in ginger, garlic, red chilies and more, served with our special BBQ sauce.",Chest Piece: 788; Leg Piece: 788,788.0,788.0,True
1288,143,Fish Tikka,BBQ & Grill,Bar.B.Q,1670.0,PKR,"Fish cut in cubes marinated in Kababjees special tikka masala, cooked over charcoal.",1670,1670.0,1670.0,True
1289,143,Grilled BBQ Fish,BBQ & Grill,Bar.B.Q,3938.0,PKR,"Pungush fish, marinated in special kababjees spices, grilled to perfection.",3938,3938.0,3938.0,True
1290,143,Karachi Chicken Malai Boti,BBQ & Grill,Bar.B.Q,1628.0,PKR,"Boneless Chicken piece marinated in a creamy based marination, cooked to perfection that it melts in your mouth.",1628,1628.0,1628.0,True
1291,143,Lahori Chicken Malai Boti,BBQ & Grill,Bar.B.Q,1628.0,PKR,"Boneless Chicken piece marinated in a creamy based marination, cooked to perfection that it melts in your mouth.",1628,1628.0,1628.0,True
1292,143,Mutton Afghani Boti,BBQ & Grill,Bar.B.Q,2834.0,PKR,"Delicately tender BBQ mutton boti, seasoned simply with the hint of salt to let the rich, natural flavors shine through.",2834,2834.0,2834.0,True
1293,143,Mutton Chops Masala,BBQ & Grill,Bar.B.Q,2930.0,PKR,"For absoulate mutton lover, marinated with flavoful spices and cooked to perfection.",2930,2930.0,2930.0,True
1294,143,Mutton Chops Namkeen,BBQ & Grill,Bar.B.Q,2930.0,PKR,"Tender chops, with juicy and salty flavor to it grilled over charcoal.",2930,2930.0,2930.0,True
1295,143,Mutton Ribs,BBQ & Grill,Bar.B.Q,3140.0,PKR,"Tender flavorful rack of mutton, marinated in rich spices and grilled to perfection.",Half: 3140; Full: 5618,3140.0,5618.0,True
1296,143,Tandoori Chicken Boti,BBQ & Grill,Bar.B.Q,1565.0,PKR,"A must choice for spice lovers boned chicken marinated in ginger, garlic, red chilies and more, served with our special BBq sauce.",1565,1565.0,1565.0,True
1297,143,1 Meter Rango Kabab,BBQ & Grill,Bar.B.Q Kabab,4095.0,PKR,"A Specialty of ours, presented in a unique attractive way to fulfil your eyes and tummy at the same time.",4095,4095.0,4095.0,True
1298,143,Beef Seekh Kabab,BBQ & Grill,Bar.B.Q Kabab,1565.0,PKR,"Minced Beef kababs marinated in green chilies, onion and coriander, cooked over live charcoals.",1565,1565.0,1565.0,True
1299,143,Chicken Cheese Kabab,BBQ & Grill,Bar.B.Q Kabab,1523.0,PKR,Succulent pieces of chicken marinated in special spices and roasted to perfection,1523,1523.0,1523.0,True
1300,143,Chicken Reshmi Kabab,BBQ & Grill,Bar.B.Q Kabab,1523.0,PKR,"Minced chicken kababs marinated in green chilies, onion and coriander, cooked over live charcoals.",1523,1523.0,1523.0,True
1301,143,Chicken Spicy Kabab,BBQ & Grill,Bar.B.Q Kabab,1523.0,PKR,"Minced chicken kababs, marinated in Kababjees special spices.",1523,1523.0,1523.0,True
1302,143,Chicken Turkish Kabab,BBQ & Grill,Bar.B.Q Kabab,1523.0,PKR,Full of flavors but consist of mild spices. Juicy packed with Turkish spices for an authetic twist.,1523,1523.0,1523.0,True
1303,143,Chullu Kabab Beef,BBQ & Grill,Bar.B.Q Kabab,1775.0,PKR,"A delicacy from Iran, with delicate flavors, served on bed of rice along with French fries, roasted tomatoes and butter.",1775,1775.0,1775.0,True
1304,143,Dhaga Kabab (Beef),BBQ & Grill,Bar.B.Q Kabab,1565.0,PKR,"Moist minced meat, marinated with green coriander, and poppy seeds melt in mouth kebabs",1565,1565.0,1565.0,True
1305,143,Mutton Cheese Kabab,BBQ & Grill,Bar.B.Q Kabab,1880.0,PKR,"Delicious and juicy mutton ribs, grilled to the right temperature and texture",1880,1880.0,1880.0,True
1306,143,Mutton Rango Kabab,BBQ & Grill,Bar.B.Q Kabab,1828.0,PKR,"Juicy marinated melt in mouth kababs, served with our delicious barbeque chutney.",1828,1828.0,1828.0,True
1307,143,7UP CAN,Beverages,Beverages,190.0,PKR,The famous soda pop everyone wants.,190,190.0,190.0,True
1308,143,Fresh Lime,Beverages,Beverages,290.0,PKR,Juiced style lime beverage offering a tangy and refreshing flavor.,290,290.0,290.0,True
1309,143,Mineral Water Large,Beverages,Beverages,180.0,PKR,The drink you need to keep up with the world,180,180.0,180.0,True
1310,143,Mineral Water Small,Beverages,Beverages,120.0,PKR,What you need to stay pumped up for the day,120,120.0,120.0,True
1311,143,PEPSI CAN,Beverages,Beverages,190.0,PKR,The perfect carbonated experience.,190,190.0,190.0,True
1312,143,Beef Burger,Burgers,Burgers & Sandwiches,999.0,PKR,"Juicy flavor packed minced beef combined with lettuce and mayo, served with fries and coleslaw.",999,999.0,999.0,True
1313,143,Chicken Bbq Burger,Burgers,Burgers & Sandwiches,999.0,PKR,"Slow cooked chicken, with a hint of mayo and fresh vegetables.",999,999.0,999.0,True
1314,143,Chicken Burger,Burgers,Burgers & Sandwiches,999.0,PKR,"Juicy flavor packed minced chicken combined with lettuce and mayo, served with fries and coleslaw.",999,999.0,999.0,True
1315,143,Club Sandwich,Burgers,Burgers & Sandwiches,1670.0,PKR,"Sandwich bread stuffed with julienne cut chicken, along with egg, cheese, lettuce, cucumber, tomatoes and more goodness.",1670,1670.0,1670.0,True
1316,143,Grilled Chicken Sandwich,Burgers,Burgers & Sandwiches,1670.0,PKR,Perfect golden toasted bread with seasoned grilled chicken along with gooey cheese and vegetables.,1670,1670.0,1670.0,True
1317,143,Zinger Burger,Burgers,Burgers & Sandwiches,999.0,PKR,"100% breast fillet chicken coated in Zinger flavoring combined with lettuce and mayo for those seeking a full on hot and spicy flavor hit. Served with fries, and coleslaw.",999,999.0,999.0,True
1318,143,Basil Chicken With Fried Rice,Chinese,Chinese,1985.0,PKR,"Slice chicken fresh basil tai red chilli toast with basil sauce, served with stir fried rice",1985,1985.0,1985.0,True
1319,143,Basil Prawn With Fried Rice,Chinese,Chinese,2300.0,PKR,"Fried Prawn served with basil sauce vegetable thai red chilli capsicum fresh basil leave, served with stir fried rice",2300,2300.0,2300.0,True
1320,143,Black Chicken Pepper With Fried Rice,Chinese,Chinese,1985.0,PKR,Slice chicken with multiple capsicum and black pepper sauce served with stir fried rice,1985,1985.0,1985.0,True
1321,143,Cashewnut Chicken With Fried Rice,Chinese,Chinese,1985.0,PKR,"Sweet spicy and tangy flavour fried nuts and seasonal vegetable, served with stir fried rice",1985,1985.0,1985.0,True
1322,143,Chicken Chili Dry with Fried Rice,Chinese,Chinese,1985.0,PKR,"Sliced chicken along with green chilies, served dry along with stir fried vegetable rice.",1985,1985.0,1985.0,True
1323,143,Chicken Chowmein,Chinese,Chinese,1565.0,PKR,Our hand made stir fried noodles with chunks of chicken and vegetables seasoned with soya sauce and other flavorful sauces.,1565,1565.0,1565.0,True
1324,143,Chicken Manchurian With Fried Rice,Chinese,Chinese,1985.0,PKR,"Cube chicken tossed in a sweet tangy but balance flavored sauce, served with stir fried rice.",SWEET : 1985; SPICY : 1985,1985.0,1985.0,True
1325,143,Chicken Shashlik With fried rice,Chinese,Chinese,1985.0,PKR,"Cubes of chicken, onion, capsicum, tomatoes made in a shashlik style, served with stir fried rice.",1985,1985.0,1985.0,True
1326,143,Honey Chicken With Fried Rice,Chinese,Chinese,1985.0,PKR,"Fried chicken glazed with honey sauce top with sesame seeds, served with stir fried rice",1985,1985.0,1985.0,True
1327,143,Korean Red Sauce With Fried Rice,Chinese,Chinese,1985.0,PKR,"Base of red sauce spicy, fried breading chicken toasted with korean chicken, served with stir fried rice",1985,1985.0,1985.0,True
1328,143,Korean Spicy Chicken With Fried Rice,Chinese,Chinese,1985.0,PKR,"Julian chicken tai red chilly, seasonal vegetable and spicy homemade sauce, served with stir fried rice",1985,1985.0,1985.0,True
1329,143,Kung Pao Chicken With Fried Rice,Chinese,Chinese,1985.0,PKR,Cubed chicken with generous amount of peanuts & fried chillies button to give it a kick served with stir fried vegetables,1985,1985.0,1985.0,True
1330,143,KungPao Prawn With Fried Rice,Chinese,Chinese,2300.0,PKR,"Prawns with generous amount of peanuts with fried button chilies to give a kick, Served with Stir Fried Rice",2300,2300.0,2300.0,True
1331,143,Prawn Chili Dry With Fried Rice,Chinese,Chinese,2300.0,PKR,"Prawns along with green chilies, served along with stir fried vegetable Rice",2300,2300.0,2300.0,True
1332,143,Prawn Chilli Dry With Fried Rice,Chinese,Chinese,2300.0,PKR,"Prawns along with green chillies, served dry along with stir fried vegetable rice.",2300,2300.0,2300.0,True
1333,143,Schezwan Chicken with Fried Rice,Chinese,Chinese,1985.0,PKR,Sliced stir fried chicken made in special in house szechuan sauce along with carrot &  red chilies served with stir fried vegetable rice,1985,1985.0,1985.0,True
1334,143,Sizzling Chicken With Fried Rice,Chinese,Chinese,1985.0,PKR,Slice chicken with seasonal vegetable in slice cutting spice with oyster and seasoning served with stir fried rice,1985,1985.0,1985.0,True
1335,143,Special Chowmein,Chinese,Chinese,1670.0,PKR,One of the most popular stir fried noodles everyone goes crazy for!,1670,1670.0,1670.0,True
1336,143,Spicy Garlic Chicken With Fried Rice,Chinese,Chinese,1985.0,PKR,Chicken slices along with green onion and sautéed garlic. Served with stir fried vegetable rice.,1985,1985.0,1985.0,True
1337,143,Spicy Szechwan Chowmein,Chinese,Chinese,1670.0,PKR,"Our Hand made stir fried noodles with variety of julian chicken, with mushroom and spicy szechwan sauce",1670,1670.0,1670.0,True
1338,143,Thai Spicy Prawns With Fried Rice,Chinese,Chinese,2300.0,PKR,"Fried Prawn capsicum onion with spicy sauce, served with stir fried rice",2300,2300.0,2300.0,True
1339,143,Vegetable Chowmein,Chinese,Chinese,1460.0,PKR,Our hand made stir fried noodles with variety of vegetables seasoned with soya sauce and other flavorful sauces.,1460,1460.0,1460.0,True
1340,143,Brain Tawa Masala Along With 2 Hot Tandoor.,Pakistani,Desi Tarka,2363.0,PKR,"Brain stir fried in butter along with tomatoes , spices and green chilies accompanied with Naan.",2363,2363.0,2363.0,True
1341,143,Chicken Peshawari Karahi,Pakistani,Desi Tarka,2468.0,PKR,"Full of flavor chicken along with a gravy of delicious spicy combination of tomatoes, green chili, crush chili",Half: 2468; Full: 3455,2468.0,3455.0,True
1342,143,Chicken Shinwari Karahi,Pakistani,Desi Tarka,2468.0,PKR,Delightful mixture of chicken along with normal spices. Consist of gravy made in fresh tomatoes.,Half: 2468; Full: 3455,2468.0,3455.0,True
1343,143,Mix Kata Kat Along With 2 Hot Tandoor,Pakistani,Desi Tarka,2468.0,PKR,"Tawas fried kidney, heart and brain in butter along with Kababjees special ingredients accompanied with Naan.",2468,2468.0,2468.0,True
1344,143,Mutton Peshawari Karahi,Pakistani,Desi Tarka,3875.0,PKR,"Full of flavor boneless mutton along with a gravy of delicious spicy combination of tomatoes, green chili, crush chili",Half: 3875; Full: 6038,3875.0,6038.0,True
1345,143,Mutton Shinwari Karahi,Pakistani,Desi Tarka,3875.0,PKR,Delightful mixture of chicken along with normal spices. Consist of gravy made in fresh tomatoes.,HAlf: 3875; Full: 6038,3875.0,6038.0,True
1346,143,White Chicken Karahi,Pakistani,Desi Tarka,2468.0,PKR,"Peshawari delicacy, chicken cooked with yogurt, black pepper and green chili.",Half: 2468; Full: 3455,2468.0,3455.0,True
1347,143,White Mutton Karahi,Pakistani,Desi Tarka,3875.0,PKR,"Peshawari delicacy, mutton cooked with yogurt, black pepper and green chili.",Half: 3875; Full: 6038,3875.0,6038.0,True
1348,143,Kababjees  Chocolate Cake,Desserts,Desserts,552.0,PKR,Kababjees special dense & moist chocolate cake.,552,552.0,552.0,True
1349,143,Kunafa,Desserts,Desserts,1355.0,PKR,A traditional Middle Eastern dessert made with spun pastry called kataifi.,1355,1355.0,1355.0,True
1350,143,New York Cheese Cake Slice,Desserts,Desserts,620.0,PKR,Plain new york cheesecake along with base of whole wheat biscuits.,620,620.0,620.0,True
1351,143,Chicken Makhni Handi,Pakistani,Handi,2930.0,PKR,"Cube tandori flavored grilled chicken, tossed in a mild buttery curry sauce.",2930,2930.0,2930.0,True
1352,143,Daal Makhni Handi,Pakistani,Handi,1911.0,PKR,Combination of variety of lentils with an aromatic flavor of butter and cream.,1911,1911.0,1911.0,True
1353,143,Palak Paneer.,Pakistani,Handi,2153.0,PKR,"Golden colored cottage cheese cubes along with tomatoes, and Spanish based pure with right amount of flavors and seasoning.",2153,2153.0,2153.0,True
1354,143,Paneer Reshmi Handi,Pakistani,Handi,3140.0,PKR,"Diced pieces of fried paneer, cooked in a handi along with julienne cut chicken and cream.",3140,3140.0,3140.0,True
1355,143,Chapati,BBQ & Grill,Hot Tandoor,95.0,PKR,"Healthy option, made with whole wheat.",95,95.0,95.0,True
1356,143,Cheese Naan,BBQ & Grill,Hot Tandoor,1154.0,PKR,"Beautifully charred  outside yet insanely soft, chewy with melting cheese inside.",1154,1154.0,1154.0,True
1357,143,Garlic Naan,BBQ & Grill,Hot Tandoor,195.0,PKR,Naan brushed with butter and garlic to give a scrumptious aroma and taste.,195,195.0,195.0,True
1358,143,Kandhari Naan,BBQ & Grill,Hot Tandoor,395.0,PKR,Afghani traditional flat bread.,395,395.0,395.0,True
1359,143,Plain Naan,BBQ & Grill,Hot Tandoor,95.0,PKR,Tradition flat bread made with wheat flour and milk.,95,95.0,95.0,True
1360,143,Puri Paratha,BBQ & Grill,Hot Tandoor,195.0,PKR,"Deep fried in ghee, made with white flour",195,195.0,195.0,True
1361,143,Roghni Naan,BBQ & Grill,Hot Tandoor,195.0,PKR,Naan brushed with butter and sesame seeds.,195,195.0,195.0,True
1362,143,Whole Wheat Naan,BBQ & Grill,Hot Tandoor,95.0,PKR,Tradition flat bread made with whole wheat flour and milk.,95,95.0,95.0,True
1363,143,Chicken Alfredo,Other,Italian,1880.0,PKR,"Seasoned, sautéed boneless chicken breast strips and fettuccine bathed in savory garlic and parmesan Alfredo sauce.",1880,1880.0,1880.0,True
1364,143,Chicken Spicy Alfredo,Other,Italian,1880.0,PKR,Alfredo pasta with a touch of the Cajun spice is such a nice alternative to the classic dish. Exciting contrast of the creamy and spicy flavours,1880,1880.0,1880.0,True
1365,143,Parmesan Chicken Pasta,Other,Italian,1880.0,PKR,Peena Pasta in white sauce along with fried crumb coated chicken topped with marinara sauce & cheesy goodness.,1880,1880.0,1880.0,True
1366,143,Chocolate / Strawberry Milk Shake,Beverages,Milk Shakes,651.0,PKR,"Cool off with this, it will refresh you with each sip.",651,651.0,651.0,True
1367,143,Chocolate / Vanilla Milk Shake,Beverages,Milk Shakes,651.0,PKR,"Decadent chocolate flavors and tartness of strawberries, a perfect fusion!",651,651.0,651.0,True
1368,143,Mango Milk Shake,Beverages,Milk Shakes,651.0,PKR,The king of kings in flavor! Enjoy the goodness of mango in every sip!,651,651.0,651.0,True
1369,143,Oreo Milk Shake,Beverages,Milk Shakes,725.0,PKR,"Your favorite Oreo blended with vanilla ice-cream, chocolate syrup and fresh milk. A perfect drink on the go!",725,725.0,725.0,True
1370,143,Strawberry Milk Shake,Beverages,Milk Shakes,651.0,PKR,A creamy and tart concoction with strawberries and milk blended to perfection,651,651.0,651.0,True
1371,143,Vanilla Shake Milk Shake,Beverages,Milk Shakes,651.0,PKR,"creamy vanilla ice-cream and fresh milk blended to perfection, taste heavenly sweetness in every sip!",651,651.0,651.0,True
1372,143,Angel Mist,Beverages,Mocktails,725.0,PKR,A delicious haze of peach and pineapple,725,725.0,725.0,True
1373,143,Blue Colada,Beverages,Mocktails,725.0,PKR,Icey freshness of pineaaple blueberry and coconut,725,725.0,725.0,True
1374,143,Cold Coffee With Choc icecream,Beverages,Mocktails,725.0,PKR,Combination of coffee and chocolate ice cream,725,725.0,725.0,True
1375,143,Grapewine,Beverages,Mocktails,725.0,PKR,Fusion of grape apple and lime juice,725,725.0,725.0,True
1376,143,Kisses,Beverages,Mocktails,725.0,PKR,A perfect blend of strawberries with sourness of lime.,725,725.0,725.0,True
1377,143,Lemon Mint Glacier,Beverages,Mocktails,725.0,PKR,Refreshing mint and lemon delight,725,725.0,725.0,True
1378,143,Margarita,Beverages,Mocktails,725.0,PKR,Bubbling of white soda in margarita,725,725.0,725.0,True
1379,143,Tropical Blue Margarita,Beverages,Mocktails,725.0,PKR,Mishmash with white soda and blueberry margarita,725,725.0,725.0,True
1380,143,Victorias Secret Margarita,Beverages,Mocktails,725.0,PKR,Fruition of strawberry syrup and strawberries,725,725.0,725.0,True
1381,143,White Colada,Beverages,Mocktails,725.0,PKR,Excellent brew of pineapple & coconut,725,725.0,725.0,True
1382,143,Zombie,Beverages,Mocktails,725.0,PKR,A pure fusion of kiwi watermelon and apple,725,725.0,725.0,True
1383,143,Afghani Kabab,Snacks,New Arrivals,1469.0,PKR,"Afghan Style grilled meat dish known for its rich, creamy marinate and mildly spiced flavor",6 Seekh Afghani Kabab: 1469; 12 SeekhAfghani  Kabab: 2729,6.0,2729.0,True
1384,143,Chicken Ginger Karahi Boneless,Snacks,New Arrivals,2615.0,PKR,"Boneless Chicken with a spicy, thick curry made with a base of tomatoes, fresh ginger and garlic",2615,2615.0,2615.0,True
1385,143,Chicken Special Pasta,Snacks,New Arrivals,2099.0,PKR,Home made noodles with creamy sauce and veggies served with grilled chicken,2099,2099.0,2099.0,True
1386,143,Mutton Boneless Karahi,Snacks,New Arrivals,4295.0,PKR,"Full of flavor boneless mutton along with a gravy of delicious spicy combination of tomatoes,green chilli, crush chilli and flavorful",Half Karahi: 4295; Full Karahi: 6563,4295.0,6563.0,True
1387,143,Nepolian Stuffed Chicken,Snacks,New Arrivals,2258.0,PKR,Deep Fried crumb stuffed chicken with special nepolian sauce served with veggies and mash potato,2258,2258.0,2258.0,True
1388,143,BBQ Kabab Platter,Deals & Combos,Platters,5093.0,PKR,"Enjoy a variety of finger-smacking delicious kabab ranges in a reasonable price. Consisting of Turkish Kabab, Rango Kabab Mutton, Chicken spicy kabab, Chicken Malai kabab, Gola Kabab, Seekh Kabab Beef",5093,5093.0,5093.0,True
1389,143,BBQ Mix Platter,Deals & Combos,Platters,11708.0,PKR,"Consisting of chicken malai boti, bbq prawns, chicken tandoori boti, chicken afghani boti, beef afghani boti, fish tikkah, rango kabab, turkish kabab, chullu kabab, along with mutton chops and mandi rice.",11708,11708.0,11708.0,True
1390,143,Boti Platter,Deals & Combos,Platters,5618.0,PKR,"A mouth watering delection of juciy, tender boti featuring the bold flavors of tandoori and turk tikka boti (on the bone) paired with chicken bihari boti, beef behari boti, and creamy malai boti, Each bite burst with rich, savory spice, offering a delightful variety for true boti lovers.",5618,5618.0,5618.0,True
1391,143,Family Platter,Deals & Combos,Platters,20255.0,PKR,"Consisting of rango kabab, malai kabab, malai boti, tandori boti, chicken behari boti, seekh kabab, mutton ribs, half chicken karahi, grilled bbq fish, chicken mandi, kandhari naan, 2 plain naan & 2 paratha.",20255,20255.0,20255.0,True
1392,143,Chicken Fried Rice,Rice & Biryani,Rice,1040.0,PKR,"Rice, scrambled eggs, spring onion, carrots stir fried on wok along with seasoned chicken.",1040,1040.0,1040.0,True
1393,143,Egg Fried Rice,Rice & Biryani,Rice,893.0,PKR,"Rice along with chunks of scrambled eggs, carrots and spring onion stir fried on work with seasoning.",893,893.0,893.0,True
1394,143,Masala Fried Rice,Rice & Biryani,Rice,1250.0,PKR,Aromatic rice filled with different meats and vegetables for a perfect taste.,1250,1250.0,1250.0,True
1395,143,Vegetable Fried Rice,Rice & Biryani,Rice,893.0,PKR,"Rice, spring onion, and carrots stir fried on wok with seasoning.",893,893.0,893.0,True
1396,143,Fresh Green Salad,Salads,Salads,394.0,PKR,Sliced fresh vegetable.,394,394.0,394.0,True
1397,143,Raita,Salads,Salads,394.0,PKR,Fresh curd with hint of spices along with cilantro,394,394.0,394.0,True
1398,143,Russian Salad,Salads,Salads,1386.0,PKR,The perfect combination of sweet and sour flavors and crunchy and soft textures,1386,1386.0,1386.0,True
1399,143,Chicken Corn Soup,Soups,Soup,504.0,PKR,"Pure chicken stock with chicken minced, and bits of corn.",504,504.0,504.0,True
1400,143,Hot & Sour Soup,Soups,Soup,504.0,PKR,"Made with chicken broth, with chunks of chickens and variety vegetable along with tangy taste.",Red: 504; White: 504,504.0,504.0,True
1401,143,Special Soup(19B) Single,Soups,Soup,620.0,PKR,"Made with chicken, prawn, black mushroom and seasonal vegetable.",620,620.0,620.0,True
1402,143,Butterfly Prawns(5 Pcs),Sides & Appetizers,Starters,1775.0,PKR,"Split in half, seasoned to perfection, and then fried to a crispy golden finish",1775,1775.0,1775.0,True
1403,143,Cheesy Fries,Sides & Appetizers,Starters,788.0,PKR,Crispy fries drizzled with cheese,788,788.0,788.0,True
1404,143,Dhaka Chicken,Sides & Appetizers,Starters,1460.0,PKR,"Crispy, flavorful chicken topped with sesame seeds, served with fries and sauce.",1460,1460.0,1460.0,True
1405,143,Dhaka Fish,Sides & Appetizers,Starters,1565.0,PKR,"Kababjees expertise extra Crispy, flavorful fish topped with sesame seeds, served with fries and sauce.",1565,1565.0,1565.0,True
1406,143,Dynamite Prawn (5 Pcs),Sides & Appetizers,Starters,1670.0,PKR,"Prawn coated in batter and deep fried to perfection, tossed with Kababjees special mayo based dressing.",1670,1670.0,1670.0,True
1407,143,Dynamtie Chicken,Sides & Appetizers,Starters,1397.0,PKR,Crispy Chicken topped with homemade dynamite sauce.,1397,1397.0,1397.0,True
1408,143,Finger Fish,Sides & Appetizers,Starters,1670.0,PKR,Boneless fish fillet crumb coated and deep fried to perfection. Served with fries and tatar sauce.,1670,1670.0,1670.0,True
1409,143,Fish & Chips,Sides & Appetizers,Starters,1670.0,PKR,Crispy deep fried fish biscuits along with chips.,1670,1670.0,1670.0,True
1410,143,French Fries,Sides & Appetizers,Starters,683.0,PKR,Crisp to teeth our in house made French fries.,683,683.0,683.0,True
1411,143,Fried Smoked Wings,Sides & Appetizers,Starters,1190.0,PKR,Fried wings toasted with BBQ sauce,1190,1190.0,1190.0,True
1412,143,Honey Mustard Wings,Sides & Appetizers,Starters,1250.0,PKR,Crispy fried wings tossed in sweet tangy honey mustard glaze,1250,1250.0,1250.0,True
1413,143,Hummus,Sides & Appetizers,Starters,1040.0,PKR,"Healthy delicious Arabic starter. Made from Chickpeas, olive oil flavored with tahini and garlic.",1040,1040.0,1040.0,True
1414,143,Kababjees Special Prawn Tempura,Sides & Appetizers,Starters,1775.0,PKR,"Kababjees special ultra light batter fried prawn, crisp at every bite served with fries & tartar sauce",1775,1775.0,1775.0,True
1415,143,Korean Wings,Sides & Appetizers,Starters,1313.0,PKR,Fried wings toasted spicy Korean sauce with sesame seeds,1313,1313.0,1313.0,True
1416,143,Masala Fries,Sides & Appetizers,Starters,683.0,PKR,Crispy fries tossed in hot & spicy spices,683,683.0,683.0,True
1417,143,Mayo Garlic Fries,Sides & Appetizers,Starters,683.0,PKR,Crispy fries drizzled with Kababjees in-house mayo garlic sauce,683,683.0,683.0,True
1418,143,Peri Bites (5 Pcs),Sides & Appetizers,Starters,1250.0,PKR,"Hot Peppery cheesy choice, green pepper filled with minced chicken and a cheesy sauce coated and fried to perfection",1250,1250.0,1250.0,True
1419,143,Spicy Mexican Wings,Sides & Appetizers,Starters,1250.0,PKR,Mouth watering fried wings tossed in sweet and tangy Mexican sauce.,1250,1250.0,1250.0,True
1420,143,Supreme Nachos,Sides & Appetizers,Starters,2258.0,PKR,Delightful mexican starter with Imported tortilla chips topped with cheese & flavorful chicken chunks served with salsa & sour cream,2258,2258.0,2258.0,True
1421,143,American Beef Steak,Meat Mains,Steaks By Kababjees - Beef,3140.0,PKR,"Char grilled steak with sautéed mushrooms, onions & spicy southwest garlic herb butter topped with  fried egg (if prefferd). Served with sideline of your choice & vegetable.",3140,3140.0,3140.0,True
1422,143,Kababjees Fire Beef Steak,Meat Mains,Steaks By Kababjees - Beef,3140.0,PKR,Char grilled beef fillet marinated in special kababjees spicy rub served with sideline of your choice and vegetable.,3140,3140.0,3140.0,True
1423,143,Moroccan Beef Steak,Meat Mains,Steaks By Kababjees - Beef,3140.0,PKR,Beef fillet marinated in moroccan inspired spice rubs & creamy based sauce served with sideline of your choice & vegetables.,3140,3140.0,3140.0,True
1424,143,Mushroom Beef Steak,Meat Mains,Steaks By Kababjees - Beef,3140.0,PKR,"Beef fillet marinated in mushroom sauce, topped with mushrooms grilled to perfection, served with sideline of your choice and vegetables.",3140,3140.0,3140.0,True
1425,143,Tarragon Beef Steak,Meat Mains,Steaks By Kababjees - Beef,3140.0,PKR,Char grilled steak with chili tarragon cream sauce served with sideline of your choice and vegetables.,3140,3140.0,3140.0,True
1426,143,American Chicken Steak,Meat Mains,Steaks By Kababjees - Chicken,2258.0,PKR,"Pan grilled steak with sautéed mushrooms, onions & spicy southwest garlic herb butter topped fried egg  served with sideline of your choice & vegetable.",2258,2258.0,2258.0,True
1427,143,Grilled Moroccan Chicken Steak,Meat Mains,Steaks By Kababjees - Chicken,2258.0,PKR,Fillet marinated in Moroccan inspired spice rubs and creamy based sauce served with mashed potatoes and vegetables.,2258,2258.0,2258.0,True
1428,143,Grilled Mushroom Chicken Steak,Meat Mains,Steaks By Kababjees - Chicken,2258.0,PKR,"Fillet marinated in mushroom creamy sauce,  topped with mushrooms sautéed to perfection, served with sideline of your choice and vegetable.",2258,2258.0,2258.0,True
1429,143,Grilled Tarragon Chicken Steak,Meat Mains,Steaks By Kababjees - Chicken,2258.0,PKR,Char grilled steak with chili tarragon cream sauce. Served with sideline of your choice and vegetables.,2258,2258.0,2258.0,True
1430,143,Kababjees Fire Chicken Steak,Meat Mains,Steaks By Kababjees - Chicken,2258.0,PKR,Char grilled fillet marinated in special Kababjees spicy rub. Served with sideline of your choice and vegetables.,2258,2258.0,2258.0,True
1431,144,Fish Crackers,Sides & Appetizers,Appetizers,440.25,PKR,Deep fried crackers made from fish and spices,Half: 440.25; Full: 831.75,440.25,831.75,True
1432,144,French Fries,Sides & Appetizers,Appetizers,588.0,PKR,"A crunchy exterior and a light, fluffy interior",588,588.0,588.0,True
1433,144,Loaded Fries,Sides & Appetizers,Appetizers,979.5,PKR,"A crunchy exterior and a light, fluffy interior french fries, topped with cheese sauce",979.5,979.5,979.5,True
1434,144,Masala Fries,Sides & Appetizers,Appetizers,636.0,PKR,"A crunchy exterior and a light, fluffy interior french fries, topped with masala",636,636.0,636.0,True
1435,144,Mayo Fries,Sides & Appetizers,Appetizers,685.5,PKR,"A crunchy exterior and a light, fluffy interior french fries, topped with mayo sauce",685.5,685.5,685.5,True
1436,144,American Tikka,BBQ & Grill,Bar BQ Specialties,1278.75,PKR,"Grilled chicken pieces marinated in a fusion of American-style seasoning and spices, creating a unique and flavorful twist on traditional tikka",1278.75,1278.75,1278.75,True
1437,144,Chicken Bihari,BBQ & Grill,Bar BQ Specialties,1278.75,PKR,"Spicy, marinated chicken with a rich blend of Bihari spices, grilled to perfection for a bold and flavorful taste",1278.75,1278.75,1278.75,True
1438,144,Chicken Bihari Cheese Kabab,BBQ & Grill,Bar BQ Specialties,1410.75,PKR,"Spicy Bihari-style chicken kebabs with a cheesy twist, combining flavorful marinated chicken with melted cheese for a deliciously unique grilled treat",1410.75,1410.75,1410.75,True
1439,144,Chicken Chili Boti,BBQ & Grill,Bar BQ Specialties,1278.75,PKR,"Spicy grilled chicken chunks marinated in a tangy chili sauce, offering a bold and fiery flavor with a smoky finish",1278.75,1278.75,1278.75,True
1440,144,Chicken Pasha,BBQ & Grill,Bar BQ Specialties,1278.75,PKR,"Marinated chicken pieces with a blend of robust spices, grilled to perfection for a juicy and flavorful experience with a touch of exotic flair",1278.75,1278.75,1278.75,True
1441,144,Chicken Turkish Cheese Kabab,BBQ & Grill,Bar BQ Specialties,1499.25,PKR,"Grilled chicken skewers seasoned with Turkish spices and topped with melted cheese, combining savory, spicy, and cheesy flavors for a delightful kebab experience",1499.25,1499.25,1499.25,True
1442,144,Grilled Chargha,BBQ & Grill,Bar BQ Specialties,1631.25,PKR,"A whole chicken marinated in a blend of spices and grilled to crispy perfection, known for its juicy meat and robust, flavorful seasoning",1631.25,1631.25,1631.25,True
1443,144,Irani Boti,BBQ & Grill,Bar BQ Specialties,1278.75,PKR,"Succulent pieces of marinated meat, seasoned with Persian spices and grilled, known for their aromatic flavor and tender texture",1278.75,1278.75,1278.75,True
1444,144,Malai Tikka,BBQ & Grill,Bar BQ Specialties,1278.75,PKR,"Tender chicken pieces marinated in a creamy blend of yogurt, cream, and spices, then grilled to perfection for a juicy, mildly spiced, and smooth texture",1278.75,1278.75,1278.75,True
1445,144,Mixed Grilled Platter,BBQ & Grill,Bar BQ Specialties,2910.75,PKR,A diverse selection of grilled meat and chicken,2910.75,2910.75,2910.75,True
1446,144,Shish Taouk,BBQ & Grill,Bar BQ Specialties,1278.75,PKR,"Grilled chicken skewers marinated in a mix of Middle Eastern spices, yogurt, and lemon, offering a tender, smoky, and flavorful dish",1278.75,1278.75,1278.75,True
1447,144,Special Mixed BBQ Platter,BBQ & Grill,Bar BQ Specialties,4675.5,PKR,"An assortment of grilled meats, including various kebabs, tikka, and seekh kababs, served together for a diverse and flavorful experience. Perfect for sharing and enjoying a variety of barbecue flavors",4675.5,4675.5,4675.5,True
1448,144,345ml Drink,Beverages,Beverages,126.75,PKR,345ml serving,126.75,126.75,126.75,True
1449,144,500ml Coke,Beverages,Beverages,126.75,PKR,The best combination for all food choices.,126.75,126.75,126.75,True
1450,144,Coca-Cola - 1.5 Litre,Beverages,Beverages,186.75,PKR,The best combination for all food choices.,186.75,186.75,186.75,True
1451,144,Coca-Cola - 2.25 Litre,Beverages,Beverages,239.25,PKR,A sizzling cold beverage to quench your thirst.,239.25,239.25,239.25,True
1452,144,Coca-Cola Can - 250 ml,Beverages,Beverages,126.75,PKR,The best combination for all food choices.,126.75,126.75,126.75,True
1453,144,Dasani Water - 500 ml,Beverages,Beverages,74.25,PKR,What purifies you from within,74.25,74.25,74.25,True
1454,144,Fanta 500ml,Beverages,Beverages,126.75,PKR,Served cold and nice,126.75,126.75,126.75,True
1455,144,Fanta Can - 250 ml,Beverages,Beverages,126.75,PKR,"Colorful, fizzy, and funky.",126.75,126.75,126.75,True
1456,144,Sprite - 1.5 Litre,Beverages,Beverages,186.75,PKR,The right fusion of taste and fizz,186.75,186.75,186.75,True
1457,144,Sprite - 2.25 Litre,Beverages,Beverages,239.25,PKR,A sizzling cold beverage to quench your thirst.,239.25,239.25,239.25,True
1458,144,Sprite - 500 ml,Beverages,Beverages,126.75,PKR,The ultimate drink to enliven your senses,126.75,126.75,126.75,True
1459,144,Sprite Can - 250 ml,Beverages,Beverages,126.75,PKR,The ideal drink to energize you for the day,126.75,126.75,126.75,True
1460,144,BBQ Biryani,Rice & Biryani,Biryani,705.0,PKR,Delicious combination of flavor and nostalgia.,705,705.0,705.0,True
1461,144,Beef Boneless Biryani,Rice & Biryani,Biryani,528.75,PKR,Mouthwatering smell that will make you want more.,Half: 528.75; Full: 749.25,528.75,749.25,True
1462,144,Biryani Only Rice,Rice & Biryani,Biryani,264.0,PKR,Half / Full,Half: 264; Full: 378.75,264.0,378.75,True
1463,144,Chicken Biryani,Rice & Biryani,Biryani,308.25,PKR,A dish that incorporates the diversity of our country.,Half: 308.25; Full: 484.5,308.25,484.5,True
1464,144,Chicken Boneless Biryani,Rice & Biryani,Biryani,528.75,PKR,"A mix of beautifully cooked rice, spices, meat and aloo.",Half: 528.75; Full: 705,528.75,705.0,True
1465,144,Chicken Combo Biryani,Rice & Biryani,Biryani,466.5,PKR,"Moist rice, tender meat and melt-in-your-mouth aloo give the most delicious biryani experience ever.",Half: 466.5; Full: 581.25,466.5,581.25,True
1466,144,Delight Biryani,Rice & Biryani,Biryani,484.5,PKR,The perfect companion for all your spicy cravings.,484.5,484.5,484.5,True
1467,144,Delight Combo Biryani,Rice & Biryani,Biryani,581.25,PKR,"Moist, saucy and spiced rice with meat and raita",581.25,581.25,581.25,True
1468,144,Mutton Biryani,Rice & Biryani,Biryani,1940.25,PKR,Half / Full,Half: 1940.25; Full: 2910.75,1940.25,2910.75,True
1469,144,Royal Sindhi Chicken Biryani,Rice & Biryani,Biryani,1234.5,PKR,Half / Full,Half: 1234.5; Full: 2028.75,1234.5,2028.75,True
1470,144,Beef Burger,Burgers,Burgers,590.25,PKR,A combination of crispiness and tenderness that is second to none,590.25,590.25,590.25,True
1471,144,Chicken Burger,Burgers,Burgers,546.0,PKR,An unforgettable combination of juiciness and tenderness for you and your loved one,546,546.0,546.0,True
1472,144,Chicken Steak Burger,Burgers,Burgers,590.25,PKR,A chicken burger a day keeps stress away,590.25,590.25,590.25,True
1473,144,Cordon Bleu Burger,Burgers,Burgers,723.0,PKR,A burst of exquisite flavor and crunch.The complete burger experience.,723,723.0,723.0,True
1474,144,Double Decker Burger,Burgers,Burgers,749.25,PKR,A combination of crispiness and tenderness that is second to none,749.25,749.25,749.25,True
1475,144,Fried Breast Burger,Burgers,Burgers,581.25,PKR,A burger that is worth every single penny of yours,581.25,581.25,581.25,True
1476,144,Grilled Breast Burger,Burgers,Burgers,581.25,PKR,A burst of exquisite flavor and crunch.The complete burger experience.,581.25,581.25,581.25,True
1477,144,Hot & Spicy Burger,Burgers,Burgers,590.25,PKR,Meat patty cooked to perfection and enclosed between two buns.,590.25,590.25,590.25,True
1478,144,Malik Burger,Burgers,Burgers,581.25,PKR,A chicken burger a day keeps stress away,581.25,581.25,581.25,True
1479,144,Zinger Burger,Burgers,Burgers,573.0,PKR,A burst of exquisite flavor and crunch.The complete burger experience.,573,573.0,573.0,True
1480,144,Beef Chili Dry,Chinese,Chinese,1410.75,PKR,"Spicy and savory beef cubes stir-fried with chili, garlic, and a blend of spices, creating a dry, flavorful dish with a satisfying kick",1410.75,1410.75,1410.75,True
1481,144,Beef Hot & Spicy,Chinese,Chinese,1410.75,PKR,"Tender beef pieces cooked in a bold, spicy sauce with a blend of hot spices and chili, delivering a fiery and flavorful experience",1410.75,1410.75,1410.75,True
1482,144,Chicken Black Pepper,Chinese,Chinese,1058.25,PKR,The perfect companion for all your spicy cravings.,1058.25,1058.25,1058.25,True
1483,144,Chicken Chili Dry,Chinese,Chinese,1146.0,PKR,Chicken pieces that are so simple yet delicious,1146,1146.0,1146.0,True
1484,144,Chicken Garlic,Chinese,Chinese,1058.25,PKR,Made with love by every chef in Pakistan. An experience that will make you want more.,1058.25,1058.25,1058.25,True
1485,144,Chicken Hawaiian Pineapple,Chinese,Chinese,1058.25,PKR,"Meat cooked in a pot, with oil, vegetables and spices.",1058.25,1058.25,1058.25,True
1486,144,Chicken Hot & Spicy,Chinese,Chinese,1234.5,PKR,The perfect companion for all your spicy cravings.,1234.5,1234.5,1234.5,True
1487,144,Chicken Kung Pao,Chinese,Chinese,1323.0,PKR,Chicken cooked in aromatic spices and chillies to fill you up,1323,1323.0,1323.0,True
1488,144,Chicken Manchurian,Chinese,Chinese,1058.25,PKR,"Chicken cooked on high flame with spices, tomatoes, and chilli",1058.25,1058.25,1058.25,True
1489,144,Chicken Shashlik,Chinese,Chinese,1058.25,PKR,"A mix of the freshest herbs, spiciest spices, finest cut of chicken encompassed in oil and fresh vegetables.",1058.25,1058.25,1058.25,True
1490,144,Chicken Stroganoff,Chinese,Chinese,1323.0,PKR,"Tender chicken in a rich, creamy stroganoff sauce.",1323,1323.0,1323.0,True
1491,144,Chicken Sweet & Sour,Chinese,Chinese,1058.25,PKR,Chicken pieces that are so simple yet delicious,1058.25,1058.25,1058.25,True
1492,144,Chicken With Almond,Chinese,Chinese,1190.25,PKR,A fulfilling and tasty dish for all,1190.25,1190.25,1190.25,True
1493,144,Chicken With Green Chili,Chinese,Chinese,1058.25,PKR,"Chicken cooked on high flame with spices, tomatoes, and chilli",1058.25,1058.25,1058.25,True
1494,144,Chicken With Mixed Vegetable,Chinese,Chinese,1058.25,PKR,Extremely flavorful tender and juicy chicken pieces,1058.25,1058.25,1058.25,True
1495,144,American Chop Suey,Other,Chow Mein & Chop Suey,1175.25,PKR,"A hearty stir-fry featuring crispy noodles topped with a savory mix of vegetables, meat (often chicken or beef), and a tangy sauce, offering a delicious fusion of flavors and textures",1175.25,1175.25,1175.25,True
1496,144,Beef Chow Mein,Other,Chow Mein & Chop Suey,1146.0,PKR,Delicious and is perfect for a quick dinner.,1146,1146.0,1146.0,True
1497,144,Chicken Chow Mein,Other,Chow Mein & Chop Suey,969.75,PKR,Chinese egg noodles stir fried with chicken and vegetables.,969.75,969.75,969.75,True
1498,144,Special Chow Mein,Other,Chow Mein & Chop Suey,1410.75,PKR,"Noodles, juicy chicken, shredded cabbage, carrots, onions, bean sprouts, garlic, and the perfect sauce",1410.75,1410.75,1410.75,True
1499,144,Vegetable Chow Mein,Other,Chow Mein & Chop Suey,837.0,PKR,"If you were of the opinion that you can get a good Chow Mein here only, then you were absolutely right!",837,837.0,837.0,True
1500,144,Special Deal 1,Deals & Combos,Exclusive Discounted Deals,729.0,PKR,"Zinger burger, small fries & 345 ml soft drink",729,729.0,729.0,True
1501,144,Special Deal 10,Deals & Combos,Exclusive Discounted Deals,659.25,PKR,"Full combo chicken biryani, salad, raita, achar & 345ml soft drink",659.25,659.25,659.25,True
1502,144,Special Deal 2,Deals & Combos,Exclusive Discounted Deals,999.0,PKR,"Chicken burger, chicken piece, small fries & 345ml soft drink",999,999.0,999.0,True
1503,144,Special Deal 3,Deals & Combos,Exclusive Discounted Deals,1199.25,PKR,"3 Fried chicken pieces, small fries & 500ml soft drink",1199.25,1199.25,1199.25,True
1504,144,Special Deal 4,Deals & Combos,Exclusive Discounted Deals,2559.0,PKR,"3 Zinger burgers, 3 chicken pieces, fries, 3 bread slices & two 500ml coke.",2559,2559.0,2559.0,True
1505,144,Special Deal 6,Deals & Combos,Exclusive Discounted Deals,1098.75,PKR,"Chicken manchurian, black pepper chicken or chicken with green chili, egg fried rice, chicken pakora & 350ml soft drink",1098.75,1098.75,1098.75,True
1506,144,Special Deal 7,Deals & Combos,Exclusive Discounted Deals,1098.75,PKR,"Chicken leg or breast piece, chicken chutney roll, sada paratha, raita, salad & 345ml soft drink",1098.75,1098.75,1098.75,True
1507,144,Special Deal 8,Deals & Combos,Exclusive Discounted Deals,528.75,PKR,"Half combo chicken biryani, salad, raita, achar & 345ml soft drink",528.75,528.75,528.75,True
1508,144,Special Deal 9,Deals & Combos,Exclusive Discounted Deals,659.25,PKR,"Delight combo chicken biryani, salad, raita, achar & 345ml soft drink",659.25,659.25,659.25,True
1509,144,Fried Chicken Piece,Wings & Fried,Fried Items,299.25,PKR,"The most loved dish in Pakistan, made even better with our in-house ingredients.",Per Piece: 299.25; 2 Pieces: 564; 5 Pieces: 1278.75,2.0,1278.75,True
1510,144,Chicken American Stuffed,Other,Fried Specialties,1146.0,PKR,Juicy,1146,1146.0,1146.0,True
1511,144,Chicken Pakora,Other,Fried Specialties,705.0,PKR,"A mix of the freshest herbs, spiciest spices, finest cut of chicken encompassed in oil and fresh vegetables.",705,705.0,705.0,True
1512,144,Drumstick,Other,Fried Specialties,705.0,PKR,4 Pieces,705,705.0,705.0,True
1513,144,Beef Bihari Cheese Kabab,Meat Mains,Grilled Beef,1455.0,PKR,"A light, yet fulfilling snack, that is loved by many.",1455,1455.0,1455.0,True
1514,144,Beef Bihari Kabab,Meat Mains,Grilled Beef,1366.5,PKR,"A worthwhile buy, the taste is beyond words",1366.5,1366.5,1366.5,True
1515,144,Beef Gola Kabab,Meat Mains,Grilled Beef,1366.5,PKR,The kabab that is made for a nostalgic trip down memory lane.,1366.5,1366.5,1366.5,True
1516,144,Beef Seekh Kabab,Meat Mains,Grilled Beef,1278.75,PKR,The desi snack that trumps all other snacks on the family table.,1278.75,1278.75,1278.75,True
1517,144,Chicken Achari Boti,Meat Mains,Grilled Chicken,1323.0,PKR,"Boneless chicken pieces marinated in tangy and spicy pickling spices, then grilled to a smoky finish, offering a bold and flavorful twist on traditional chicken kebabs",1323,1323.0,1323.0,True
1518,144,Chicken Boneless Boti,Meat Mains,Grilled Chicken,1287.0,PKR,"Tender, boneless chicken pieces marinated in a blend of spices and yogurt, then grilled or barbecued to perfection for a juicy and flavorful bite.",1287,1287.0,1287.0,True
1519,144,Chicken Boti,Meat Mains,Grilled Chicken,1278.75,PKR,"Bite-sized chicken pieces marinated in a blend of spices and yogurt, then grilled or barbecued for a tender, juicy, and flavorful bite, popular in Pakistani cuisine.",1278.75,1278.75,1278.75,True
1520,144,Chicken Breast Piece,Meat Mains,Grilled Chicken,493.5,PKR,"A boneless, marinated chicken breast, seasoned with spices and grilled or cooked until tender, offering a lean and flavorful option.",493.5,493.5,493.5,True
1521,144,Chicken Gola Reshmi Kabab,Meat Mains,Grilled Chicken,1190.25,PKR,"Soft and creamy minced chicken kababs, infused with rich spices, herbs, and cream, then grilled to achieve a melt-in-your-mouth texture, known for their silky, smooth taste.",1190.25,1190.25,1190.25,True
1522,144,Chicken Leg Piece,Meat Mains,Grilled Chicken,484.5,PKR,"A marinated chicken drumstick, seasoned with traditional spices and grilled or fried to perfection, known for its juicy and flavorful meat.",484.5,484.5,484.5,True
1523,144,Chicken Seekh Kabab,Meat Mains,Grilled Chicken,1190.25,PKR,"Minced chicken mixed with aromatic spices, herbs, and grilled on skewers for a juicy, flavorful, and mildly spicy kebab, a popular choice in Pakistani cuisine.",1190.25,1190.25,1190.25,True
1524,144,Chicken Shangrila Breast Piece,Meat Mains,Grilled Chicken,616.5,PKR,"A marinated chicken breast, seasoned with a special Shangrilla sauce blend and spices, then grilled or cooked to achieve a juicy and tangy flavor.",616.5,616.5,616.5,True
1525,144,Chicken Shangrila Leg Piece,Meat Mains,Grilled Chicken,581.25,PKR,"A marinated chicken leg, infused with a unique blend of spices and Shangrilla sauce, grilled or fried for a juicy, flavorful, and slightly tangy taste",581.25,581.25,581.25,True
1526,144,Mutton Champ,Meat Mains,Grilled Mutton,2116.5,PKR,5 Pieces,2116.5,2116.5,2116.5,True
1527,144,Mutton Seekh Kabab,Meat Mains,Grilled Mutton,1764.0,PKR,A real treat for all locals who want a scrumptious experience.,1764,1764.0,1764.0,True
1528,144,Achari Daal Mash,Pakistani,Pakistani,616.5,PKR,"Lentils cooked with tangy pickling spices, offering a unique and flavorful twist on traditional daal with a zesty and aromatic profile",616.5,616.5,616.5,True
1529,144,Beef Kabab Masala,Pakistani,Pakistani,1587.0,PKR,The difference between kebabs & kababs is that our dish can be eaten all day everyday.,1587,1587.0,1587.0,True
1530,144,Chicken Ginger,Pakistani,Pakistani,1587.0,PKR,"Meat cooked in a pot, with oil, vegetables and spices.",1587,1587.0,1587.0,True
1531,144,Chicken Green Chili,Pakistani,Pakistani,1587.0,PKR,Chicken pieces that are so simple yet delicious,1587,1587.0,1587.0,True
1532,144,Chicken Handi,Pakistani,Pakistani,1410.75,PKR,Made with love by every chef in Pakistan. An experience that will make you want more.,Half: 1410.75; Full: 1940.25,1410.75,1940.25,True
1533,144,Chicken Jalfrezi,Pakistani,Pakistani,1587.0,PKR,Chicken cooked in aromatic spices and chillies to fill you up,1587,1587.0,1587.0,True
1534,144,Chicken Kabab Masala,Pakistani,Pakistani,1587.0,PKR,Juicy,1587,1587.0,1587.0,True
1535,144,Chicken Karahi,Pakistani,Pakistani,1234.5,PKR,Made with love by every chef in Pakistan. An experience that will make you want more.,Half: 1234.5; Full: 2028.75,1234.5,2028.75,True
1536,144,Chicken Madrasi With Red Sauce,Pakistani,Pakistani,1587.0,PKR,Extremely flavorful tender and juicy chicken pieces,1587,1587.0,1587.0,True
1537,144,Chicken Madrasi With White Sauce,Pakistani,Pakistani,1587.0,PKR,Made with love by every chef in Pakistan. An experience that will make you want more.,1587,1587.0,1587.0,True
1538,144,Chicken Makhani,Pakistani,Pakistani,1587.0,PKR,A fulfilling and tasty dish for all,1587,1587.0,1587.0,True
1539,144,Chicken Palak Paneer Handi,Pakistani,Pakistani,1499.25,PKR,"Flavor explosion made by high heat, chicken, herbs, spices and lots of love.",1499.25,1499.25,1499.25,True
1540,144,Chicken White Handi,Pakistani,Pakistani,1410.75,PKR,"The most loved dish in Pakistan, made even better with our in-house ingredients.",Half: 1410.75; Full: 2116.5,1410.75,2116.5,True
1541,144,Daal Mash,Pakistani,Pakistani,573.0,PKR,"A hearty dish made from black lentils, cooked with spices and often tempered with ghee (clarified butter), resulting in a flavorful and nutritious stew",573,573.0,573.0,True
1542,144,Daal Mash Makhni,Pakistani,Pakistani,705.0,PKR,"Creamy and rich black lentils cooked with butter, cream, and a blend of spices, offering a luxurious and flavorful twist on traditional daal",705,705.0,705.0,True
1543,144,Hara Masala,Pakistani,Pakistani,1587.0,PKR,"A vibrant, green spice blend made from fresh herbs like cilantro and mint, combined with green chilies, garlic, and ginger, used to marinate or flavor various dishes for a fresh and aromatic taste",1587,1587.0,1587.0,True
1544,144,Mixed Bhujia,Pakistani,Pakistani,616.5,PKR,"A flavorful and crunchy vegetable stir-fry made with a mix of vegetables and spices, often including potatoes, peas, and carrots, for a delicious and hearty side dish",616.5,616.5,616.5,True
1545,144,Mutton Handi,Pakistani,Pakistani,2381.25,PKR,"Tender pieces of mutton slow cooked in a rich and aromatic gravy with spices, yogurt, and sometimes cream, served in a traditional handi (earthen pot) for a flavorful and hearty dish.",Half: 2381.25; Full: 4146,2381.25,4146.0,True
1546,144,Mutton Kabab Masala,Pakistani,Pakistani,2116.5,PKR,Your kids wont resist finishing these if they tasted them right now.,2116.5,2116.5,2116.5,True
1547,144,Mutton Karahi,Pakistani,Pakistani,2293.5,PKR,The perfect companion for all your spicy cravings.,Half: 2293.5; Full: 4058.25,2293.5,4058.25,True
1548,144,Palak Paneer Handi,Pakistani,Pakistani,1058.25,PKR,"A rich and creamy dish featuring paneer (Indian cheese) cooked with spinach in a flavorful, spiced gravy, served in a traditional handi (earthen pot) for an authentic taste",1058.25,1058.25,1058.25,True
1549,144,Churi Paratha,Other,Paratha,255.0,PKR,"A traditional flatbread with a flaky, crispy texture, often made by layering or crumbling the dough before cooking, resulting in a deliciously crispy and textured paratha",255,255.0,255.0,True
1550,144,Puri Paratha,Other,Paratha,290.25,PKR,"A deep-fried, fluffy flatbread with a slightly crispy texture, often served with curries, vegetables, or as part of a traditional breakfast or meal",290.25,290.25,290.25,True
1551,144,Sada Paratha,Other,Paratha,175.5,PKR,"A simple, lightly crispy flatbread made from whole wheat flour, cooked on a griddle, and served as a staple accompaniment to a variety of dishes",175.5,175.5,175.5,True
1552,144,Chicken Florida,Noodles & Pasta,Pasta,1014.0,PKR,"Macaroni pasta in mortadella sauce with chicken, mushroom & olives",1014,1014.0,1014.0,True
1553,144,Fettuccine A La Manana,Noodles & Pasta,Pasta,1014.0,PKR,Fettuccine pasta in white cheese sauce cooked with olives & chicken,1014,1014.0,1014.0,True
1554,144,Fettuccine Alfredo,Noodles & Pasta,Pasta,1014.0,PKR,Fettuccine pasta in white sauce cooked with chicken & mushrooms,1014,1014.0,1014.0,True
1555,144,Hot & Spicy Spaghetti,Noodles & Pasta,Pasta,1058.25,PKR,Beef bolognese with fried chicken in a concasse sauce topped with cheese,1058.25,1058.25,1058.25,True
1556,144,Pasta with Bechamel Sauce,Noodles & Pasta,Pasta,1058.25,PKR,"Special marinated chicken, beef pepperoni, black olives, mushrooms cooked with bechamel sauce topped with cashew nuts & special Italian herbs",1058.25,1058.25,1058.25,True
1557,144,Special A La Lasagna,Noodles & Pasta,Pasta,1190.25,PKR,"Traditional Italian lasagna with multiple layers of pasta, chicken bolognese, red sauce & cheese",1190.25,1190.25,1190.25,True
1558,144,BBQ Pizza,Pizza,Pizza,660.75,PKR,"Chicken tikka, onion, tomato, bell pepper, mushroom & olive",7 Inches (Comes with regular soft drink): 660.75; 10 Inches (Comes with 500ml soft drink): 1119.75; 13 Inches (Comes with 2x 500ml Drinks)): 1764,2.0,1764.0,True
1559,144,Beef Mexican Pizza,Pizza,Pizza,660.75,PKR,"Onion, tomato, bell pepper, sweet corn & spices",7 Inches (Comes with regular soft drink): 660.75; 10 Inches (Comes with 500ml soft drink): 1119.75; 13 Inches (Comes with 2x 500ml Drinks)): 1764,2.0,1764.0,True
1560,144,Chicken Hot & Spicy Pizza,Pizza,Pizza,660.75,PKR,"Chicken, green chilies, bell pepper, mushrooms & olives",7 Inches (Comes with regular soft drink): 660.75; 10 Inches (Comes with 500ml soft drink): 1119.75; 13 Inches (Comes with 2x 500ml Drinks)): 1764,2.0,1764.0,True
1561,144,Chicken Mexican Pizza,Pizza,Pizza,660.75,PKR,"Onion, tomato, bell pepper, sweet corn & spices",7 Inches (Comes with regular soft drink): 660.75; 10 Inches (Comes with 500ml soft drink): 1119.75; 13 Inches (Comes with 2x 500ml Drinks)): 1764,2.0,1764.0,True
1562,144,Chicken Supreme Pizza,Pizza,Pizza,660.75,PKR,"Onion, tomato, bell pepper, mushrooms & chicken sausage",7 Inches (Comes with regular soft drink): 660.75; 10 Inches (Comes with 500ml soft drink): 1119.75; 13 Inches (Comes with 2x 500ml Drinks)): 1764,2.0,1764.0,True
1563,144,Fajita Pizza,Pizza,Pizza,660.75,PKR,"Chicken fajita, green chilies, bell pepper, tomato & onion",7 Inches (Comes with regular soft drink): 660.75; 10 Inches (Comes with 500ml soft drink): 1119.75; 13 Inches (Comes with 2x 500ml Drinks)): 1764,2.0,1764.0,True
1564,144,Kabab & Malai Pizza,Pizza,Pizza,705.0,PKR,"Onion, tomato, pickles, jalapeno, bell pepper, green chili & olives",7 Inches (Comes with regular soft drink): 705; 10 Inches (Comes with 500ml soft drink): 1190.25; 13 Inches (Comes with 2x 500ml Drinks)): 1851.75,2.0,1851.75,True
1565,144,Margherita Pizza,Pizza,Pizza,573.0,PKR,Cheese & tomato base,7 Inches (Comes with regular soft drink): 573; 10 Inches (Comes with 500ml soft drink): 899.25; 13 Inches (Comes with 2x 500ml Drinks)): 1323,2.0,1323.0,True
1566,144,Pepperoni Mexican Pizza,Pizza,Pizza,660.75,PKR,"Onion, tomato, bell pepper, sweet corn & spices",7 Inches (Comes with regular soft drink): 660.75; 10 Inches (Comes with 500ml soft drink): 1119.75; 13 Inches (Comes with 2x 500ml Drinks)): 1764,2.0,1764.0,True
1567,144,Vegetarian Pizza,Pizza,Pizza,573.0,PKR,"Bell pepper, mushrooms, olives, tomato rings & onion rings",7 Inches (Comes with regular soft drink): 573; 10 Inches (Comes with 500ml soft drink): 899.25; 13 Inches (Comes with 2x 500ml Drinks)): 1323,2.0,1323.0,True
1568,144,Chicken Fried Rice,Rice & Biryani,Rice,616.5,PKR,"Flavor explosion made by high heat, chicken, herbs, spices and lots of love.",616.5,616.5,616.5,True
1569,144,Chicken Masala Rice,Rice & Biryani,Rice,660.75,PKR,"Flavor explosion made by high heat, chicken, herbs, spices and lots of love.",660.75,660.75,660.75,True
1570,144,Egg Fried Rice,Rice & Biryani,Rice,590.25,PKR,"Spice, vegatables, gravy, meat, rice, what more would you want",590.25,590.25,590.25,True
1571,144,Plain Rice,Rice & Biryani,Rice,440.25,PKR,"A blend of flavours, bursting in your mouth with a side of rice",440.25,440.25,440.25,True
1572,144,Special Rice,Rice & Biryani,Rice,969.75,PKR,Prepared with unique ingredients and a distinctive method to satisfy your needs.,969.75,969.75,969.75,True
1573,144,Fresh Salad,Salads,Salad,244.5,PKR,Nothing can beat a juicy and fresh salad,244.5,244.5,244.5,True
1574,144,Kachumber Salad,Salads,Salad,244.5,PKR,Bringing you all the vibrant colors of health,244.5,244.5,244.5,True
1575,144,BBQ Malai Tikka Sandwich,Sandwiches,Sandwiches,749.25,PKR,"The best on-the-go partner, light, delicious and friendly on the pocket.",749.25,749.25,749.25,True
1576,144,Chicken Fried Breast Sandwich,Sandwiches,Sandwiches,564.0,PKR,Feel hungry Dont want to eat too much Order our sandwich and you wont be disappointed.,564,564.0,564.0,True
1577,144,Chicken Mexican Sandwich,Sandwiches,Sandwiches,749.25,PKR,"Wholesome and filling, a perfect solution to your sandwich craving, serves 1",749.25,749.25,749.25,True
1578,144,Chicken Roasted Sandwich,Sandwiches,Sandwiches,564.0,PKR,A classic sandwich that is known and loved by all.,564,564.0,564.0,True
1579,144,Chicken Sandwich,Sandwiches,Sandwiches,564.0,PKR,The sandwich which is guaranteed to please everyone! Serves 1,564,564.0,564.0,True
1580,144,Chicken Steak Sandwich,Sandwiches,Sandwiches,564.0,PKR,"A great option to quickly satisfy your tastebuds, serves 1",564,564.0,564.0,True
1581,144,Club Sandwich,Sandwiches,Sandwiches,564.0,PKR,"Simple yet delightful, serves 1",564,564.0,564.0,True
1582,144,Cordon Bleu Sandwich,Sandwiches,Sandwiches,749.25,PKR,"Take care of that growling stomach with this delicious sandwich, serves 1",749.25,749.25,749.25,True
1583,144,Grilled Breast Sandwich,Sandwiches,Sandwiches,564.0,PKR,"Simple yet scrumptious, serves 1",564,564.0,564.0,True
1584,144,Hot & Spicy Sandwich,Sandwiches,Sandwiches,564.0,PKR,"So fresh and delicious, it tastes like its homemade, serves 1",564,564.0,564.0,True
1585,144,Special Sandwich,Sandwiches,Sandwiches,749.25,PKR,When extravagance gets a little too much try something a little simpler.,749.25,749.25,749.25,True
1586,144,Beef Cheese Shawarma,Shawarma & Wraps,Shawarma,573.0,PKR,The kind of shawarma that will remind you of Middle Eastern flavors.,573,573.0,573.0,True
1587,144,Beef Cheese Shawarma Platter,Shawarma & Wraps,Shawarma,969.75,PKR,"Most delicious serving of shawarma in town, made to impress.",969.75,969.75,969.75,True
1588,144,Beef Shawarma,Shawarma & Wraps,Shawarma,501.75,PKR,A flavor explosion that takes you back to Middle Eastern authenticity.,501.75,501.75,501.75,True
1589,144,Beef Shawarma Platter,Shawarma & Wraps,Shawarma,881.25,PKR,"Most delicious serving of shawarma in town, made to impress.",881.25,881.25,881.25,True
1590,144,Chicken Cheese Shawarma,Shawarma & Wraps,Shawarma,431.25,PKR,The kind of shawarma that will remind you of Middle Eastern flavors.,431.25,431.25,431.25,True
1591,144,Chicken Cheese Shawarma Platter,Shawarma & Wraps,Shawarma,705.0,PKR,"Most delicious serving of shawarma in town, made to impress.",705,705.0,705.0,True
1592,144,Chicken Malai Cheese Shawarma,Shawarma & Wraps,Shawarma,573.0,PKR,A flavor explosion that takes you back to Middle Eastern authenticity.,573,573.0,573.0,True
1593,144,Chicken Malai Shawarma,Shawarma & Wraps,Shawarma,501.75,PKR,"Most delicious serving of shawarma in town, made to impress.",501.75,501.75,501.75,True
1594,144,Chicken Shawarma,Shawarma & Wraps,Shawarma,343.5,PKR,The kind of shawarma that will remind you of Middle Eastern flavors.,343.5,343.5,343.5,True
1595,144,Chicken Shawarma Platter,Shawarma & Wraps,Shawarma,616.5,PKR,The kind of shawarma that will remind you of Middle Eastern flavors.,616.5,616.5,616.5,True
1596,144,Zinger Cheese Shawarma,Shawarma & Wraps,Shawarma,528.75,PKR,A flavor explosion that takes you back to Middle Eastern authenticity.,528.75,528.75,528.75,True
1597,144,Zinger Shawarma,Shawarma & Wraps,Shawarma,414.0,PKR,A flavor explosion that takes you back to Middle Eastern authenticity.,414,414.0,414.0,True
1598,144,Coleslaw,Sides & Appetizers,Sides,126.75,PKR,"A crunchy salad made from shredded cabbage and carrots, mixed with a creamy dressing, typically made from mayonnaise, vinegar, and seasonings. It offers a refreshing and tangy contrast to rich or spicy dishes",126.75,126.75,126.75,True
1599,144,Extra Cheese,Sides & Appetizers,Sides,126.75,PKR,Single serving,126.75,126.75,126.75,True
1600,144,Mint Sauce,Sides & Appetizers,Sides,149.25,PKR,"A tangy and refreshing condiment made from fresh mint leaves, vinegar or lemon juice, and sometimes sugar, often served as a dip or accompaniment to meats and grilled dishes",149.25,149.25,149.25,True
1601,144,Pudina Raita,Sides & Appetizers,Sides,224.25,PKR,Adam s or nestle,224.25,224.25,224.25,True
1602,144,Sada Raita,Sides & Appetizers,Sides,141.75,PKR,"A cooling side dish made from yogurt, mixed with ingredients like cucumber, tomatoes, onions, and spices, offering a refreshing and mildly spiced complement to spicy meals",141.75,141.75,141.75,True
1603,144,Chicken Corn Soup,Soups,Soups,440.25,PKR,An elegant creation made to make you feel good.,Small Bowl: 440.25; Family Bowl: 1410.75,440.25,1410.75,True
1604,144,Cream of Chicken Soup,Soups,Soups,555.0,PKR,There's a reason why everyone loves it so much.,Small Bowl: 555; Family Bowl: 1764,555.0,1764.0,True
1605,144,Hot & Sour Soup,Soups,Soups,404.25,PKR,A must get in any situation.,Small Bowl: 404.25; Family Bowl: 1274.25,404.25,1274.25,True
1606,144,Special Soup,Soups,Soups,484.5,PKR,Feels like the equivalent of being in love.,Small Bowl: 484.5; Family Bowl: 1587,484.5,1587.0,True
1607,144,Thai Soup,Soups,Soups,440.25,PKR,This is nothing short of a warm hug on a cold winter day.,Small Bowl: 440.25; Family Bowl: 1410.75,440.25,1410.75,True
1608,144,Beef Black Pepper Steak,Beverages,Steaks,1899.0,PKR,Grilled beef steak cooked with black pepper sauce,1899,1899.0,1899.0,True
1609,144,Beef California Steak,Beverages,Steaks,1899.0,PKR,Beef steak with cheese sauce & topped with a slice of cheese,1899,1899.0,1899.0,True
1610,144,Beef Italian Bistecca Steak,Beverages,Steaks,1899.0,PKR,Beef steak stuffed with cheese topped mushroom & cheese sauce,1899,1899.0,1899.0,True
1611,144,Beef Tenderloin Steak,Beverages,Steaks,1899.0,PKR,Grilled beef steak. Served with mushroom sauce,1899,1899.0,1899.0,True
1612,144,Chicken Black Pepper Steak,Beverages,Steaks,1548.75,PKR,Grilled chicken steak cooked with black pepper sauce,1548.75,1548.75,1548.75,True
1613,144,Chicken California Steak,Beverages,Steaks,1548.75,PKR,Chicken steak with cheese sauce & topped with a slice of cheese,1548.75,1548.75,1548.75,True
1614,144,Chicken Italian Bistecca Steak,Beverages,Steaks,1548.75,PKR,Chicken steak stuffed with cheese topped mushroom & cheese sauce,1548.75,1548.75,1548.75,True
1615,144,Chicken Tenderloin Steak,Beverages,Steaks,1548.75,PKR,Grilled chicken steak. Served with mushroom sauce,1548.75,1548.75,1548.75,True
1616,144,Grilled Chicken Steak,Beverages,Steaks,1548.75,PKR,Grilled boneless chicken breast & chicken leg. Served with Mexican sauce,1548.75,1548.75,1548.75,True
1617,144,Chicken Brain,BBQ & Grill,Taka Tak,2028.75,PKR,A fulfilling chicken dish cooked using spices,2028.75,2028.75,2028.75,True
1618,144,Chicken Tawa Boneless,BBQ & Grill,Taka Tak,1323.0,PKR,Don't resist the allure of these deliciously marinated juicy chicken pieces,Half: 1323; Full: 1764,1323.0,1764.0,True
1619,144,Chicken Tawa Makhni Boneless,BBQ & Grill,Taka Tak,1455.0,PKR,The perfect companion for all your spicy cravings.,Half: 1455; Full: 2028.75,1455.0,2028.75,True
1620,144,Gurda Kapoora,BBQ & Grill,Taka Tak,1940.25,PKR,"A traditional dish featuring goat kidneys (gurda) and liver (kapoora) cooked with aromatic spices, onions, and tomatoes, offering a rich and flavorful experience",1940.25,1940.25,1940.25,True
1621,144,Mixed Taka Tak,BBQ & Grill,Taka Tak,2205.0,PKR,"A flavorful stir-fry featuring a mix of meats (such as beef, chicken, and lamb) or vegetables, cooked with aromatic spices, onions, and peppers, resulting in a zesty and satisfying dish",2205,2205.0,2205.0,True
1622,144,Mutton Brain Masala,BBQ & Grill,Taka Tak,2028.75,PKR,"Tender mutton brains cooked in a rich and spicy gravy with a blend of aromatic spices, onions, and tomatoes, delivering a flavorful and unique dish with a creamy texture",2028.75,2028.75,2028.75,True
1623,144,Mutton Champ Masala,BBQ & Grill,Taka Tak,2469.75,PKR,"Succulent lamb chops cooked in a rich, spicy masala gravy with a blend of aromatic spices, onions, and tomatoes, offering a flavorful and indulgent dish",2469.75,2469.75,2469.75,True
1624,144,Mutton Qeema Fry,BBQ & Grill,Taka Tak,2205.0,PKR,"Minced mutton stir-fried with a mix of spices, onions, and tomatoes, resulting in a flavorful, dry dish with a rich and spicy taste",2205,2205.0,2205.0,True
1625,144,Mutton Tawa,BBQ & Grill,Taka Tak,2469.75,PKR,"Tender mutton pieces cooked on a tawa (flat griddle) with a blend of spices, onions, and peppers, resulting in a flavorful and slightly crispy dish with a robust taste",2469.75,2469.75,2469.75,True
1626,144,Special Tawa Chicken Karahi,BBQ & Grill,Taka Tak,1234.5,PKR,"Flavor explosion made by high heat, chicken, herbs, spices and lots of love.",Half: 1234.5; Full: 2116.5,1234.5,2116.5,True
1627,144,Special Tawa Mutton Karahi,BBQ & Grill,Taka Tak,2381.25,PKR,"This dish will make you order more naan. It's our in-house specialty, made with passion.",Half: 2381.25; Full: 4146,2381.25,4146.0,True
1628,144,Tawa Breast Piece,BBQ & Grill,Taka Tak,881.25,PKR,"A marinated chicken breast cooked on a tawa (flat griddle) with spices, resulting in a flavorful, slightly crispy exterior and juicy, tender meat inside",881.25,881.25,881.25,True
1629,144,Tawa Leg Piece,BBQ & Grill,Taka Tak,881.25,PKR,"A marinated chicken leg piece cooked on a tawa (flat griddle) with a blend of spices, resulting in a crispy exterior and juicy, flavorful meat",881.25,881.25,881.25,True
1630,144,Achari Naan,BBQ & Grill,Tandoor,141.75,PKR,Crispy and warm flat bread that accompanies all your mains.,141.75,141.75,141.75,True
1631,144,Afghani Naan,BBQ & Grill,Tandoor,164.25,PKR,A desi household must-have,164.25,164.25,164.25,True
1632,144,Beef Cheese Naan,BBQ & Grill,Tandoor,561.75,PKR,"Warm, soft and delicious.",561.75,561.75,561.75,True
1633,144,Beef Naan,BBQ & Grill,Tandoor,486.75,PKR,A beautiful companion to your main dish.,486.75,486.75,486.75,True
1634,144,Cheese Naan,BBQ & Grill,Tandoor,449.25,PKR,You try to hide from this but still end up eating it.,449.25,449.25,449.25,True
1635,144,Chicken Cheese Naan,BBQ & Grill,Tandoor,561.75,PKR,The perfect crisp texture with soft insides gives it its uniqueness.,561.75,561.75,561.75,True
1636,144,Chicken Naan,BBQ & Grill,Tandoor,449.25,PKR,"N for naan, N for necessity",449.25,449.25,449.25,True
1637,144,Garlic Naan,BBQ & Grill,Tandoor,111.75,PKR,There is a reason for the long queues outside naan shops! The texture and taste is irresistible!,111.75,111.75,111.75,True
1638,144,Kalonji Naan,BBQ & Grill,Tandoor,111.75,PKR,A desi house staple: every food gathering and meal starts with this.,111.75,111.75,111.75,True
1639,144,Kulcha,BBQ & Grill,Tandoor,89.25,PKR,"A soft, leavened flatbread, typically made with white flour, often enriched with yogurt or milk.",89.25,89.25,89.25,True
1640,144,Milky Khameeri Roti,BBQ & Grill,Tandoor,59.25,PKR,"A soft and slightly leavened flatbread made with milk and yeast, giving it a rich, tender texture and subtle sweetness. Often enjoyed with curries or as part of a traditional meal",59.25,59.25,59.25,True
1641,144,Milky Sada Naan,BBQ & Grill,Tandoor,66.75,PKR,The ideal tandoor-baked dough that you can enjoy with any curry.,66.75,66.75,66.75,True
1642,144,Milky Sada Roti,BBQ & Grill,Tandoor,21.75,PKR,"A soft, whole wheat flatbread made with milk, resulting in a tender and slightly enriched texture, commonly served with a variety of curries and side dishes",21.75,21.75,21.75,True
1643,144,Mixed Naan,BBQ & Grill,Tandoor,149.25,PKR,The delicious salty texture is perfect for having with karahi & BBQ,149.25,149.25,149.25,True
1644,144,Mutton Naan,BBQ & Grill,Tandoor,674.25,PKR,Straight out of a tandoor -- fresh and fluffy.,674.25,674.25,674.25,True
1645,144,Roghni Naan,BBQ & Grill,Tandoor,96.75,PKR,A beautiful way to enjoy all your curry cravings.,96.75,96.75,96.75,True
1646,144,Tandoori Paratha,BBQ & Grill,Tandoor,141.75,PKR,"A whole wheat flatbread cooked in a tandoor (clay oven) for a slightly smoky flavor and crispy texture, often served as an accompaniment to curries and dishes",141.75,141.75,141.75,True
1647,144,Tawa Fried Naan,BBQ & Grill,Tandoor,141.75,PKR,The most ordered food side in pakistan.,141.75,141.75,141.75,True
1648,144,Beef Bihari BBQ Roll,Shawarma & Wraps,Variety of Rolls,528.75,PKR,"In-house special, made & recommended by our chef. The whole town talks about it!",528.75,528.75,528.75,True
1649,144,Beef Cheese Paratha Platter,Shawarma & Wraps,Variety of Rolls,969.75,PKR,"A delicious platter featuring tender beef kebabs or curry paired with cheesy, stuffed parathas Indian flatbreads, offering a rich and flavorful combination.",969.75,969.75,969.75,True
1650,144,Beef Cheese Roll,Shawarma & Wraps,Variety of Rolls,590.25,PKR,"Scrumptious creation, will definitely entice your taste buds.",590.25,590.25,590.25,True
1651,144,Beef Chutney Roll,Shawarma & Wraps,Variety of Rolls,528.75,PKR,"Juicy, oozing & packed with flavor, made fresh to order.",528.75,528.75,528.75,True
1652,144,Beef Paratha Platter,Shawarma & Wraps,Variety of Rolls,881.25,PKR,"A hearty platter featuring tender beef kebabs or curries served with freshly made, flaky parathas (Indian flatbreads), offering a satisfying and flavorful meal",881.25,881.25,881.25,True
1653,144,Beef Seekh Kabab Chutney Roll,Shawarma & Wraps,Variety of Rolls,440.25,PKR,The kind of dish that is Pakistans iconic street food.,440.25,440.25,440.25,True
1654,144,Chicken BBQ Sauce Roll,Shawarma & Wraps,Variety of Rolls,396.0,PKR,Why wait to order this you ll be amazed at how this tastes.,396,396.0,396.0,True
1655,144,Chicken Bihari Garlic Roll,Shawarma & Wraps,Variety of Rolls,616.5,PKR,"We encourage you to give in to the temptation of this delicious flavor explosion, serves 1",616.5,616.5,616.5,True
1656,144,Chicken Bihari Roll,Shawarma & Wraps,Variety of Rolls,458.25,PKR,A wrapped delicacy that is the most famous locally.,458.25,458.25,458.25,True
1657,144,Chicken Cheese Paratha Platter,Shawarma & Wraps,Variety of Rolls,766.5,PKR,Extremely flavorful tender and juicy chicken pieces,766.5,766.5,766.5,True
1658,144,Chicken Cheese Roll,Shawarma & Wraps,Variety of Rolls,501.75,PKR,"We encourage you to give in to the temptation of this delicious flavor explosion, serves 1",501.75,501.75,501.75,True
1659,144,Chicken Chutney Roll,Shawarma & Wraps,Variety of Rolls,396.0,PKR,A wholesome and hearty meal for when you re craving something smoky and spicy serves 1,396,396.0,396.0,True
1660,144,Chicken Garlic Roll,Shawarma & Wraps,Variety of Rolls,519.75,PKR,"A crispy, saucy, tender experience, made to give you the desi touch with a twist.",519.75,519.75,519.75,True
1661,144,Chicken Ketchup Roll,Shawarma & Wraps,Variety of Rolls,396.0,PKR,"A smoky and spicy adventure for your tastebuds wrapped in a delectable roll, serves 1",396,396.0,396.0,True
1662,144,Chicken Paratha Platter,Shawarma & Wraps,Variety of Rolls,634.5,PKR,"Meat cooked in a pot, with oil, vegetables and spices.",634.5,634.5,634.5,True
1663,144,Chicken Roll,Shawarma & Wraps,Variety of Rolls,396.0,PKR,"A golden wrap, made of a paratha, chicken, vegetables and sauce of choice.",396,396.0,396.0,True
1664,144,Chicken Seekh Kabab Chutney Roll,Shawarma & Wraps,Variety of Rolls,440.25,PKR,"A golden wrap, made of a paratha, chicken, vegetables and sauce of choice.",440.25,440.25,440.25,True
1665,144,Chili Garlic Roll,Shawarma & Wraps,Variety of Rolls,440.25,PKR,"A popular snack for all Pakistanis, made fresh & delicious.",440.25,440.25,440.25,True
1666,144,German Roll,Shawarma & Wraps,Variety of Rolls,590.25,PKR,"Everything you love about BBQ stuffed inside a crispy paratha roll with onions and chutney, serves 1",590.25,590.25,590.25,True
1667,144,Malai Cheese Roll,Shawarma & Wraps,Variety of Rolls,590.25,PKR,An on-the-go snack that is fulfilling and packed with deliciousness.,590.25,590.25,590.25,True
1668,144,Mutton Kabab Roll,Shawarma & Wraps,Variety of Rolls,555.0,PKR,"A popular snack for all Pakistanis, made fresh & delicious.",555,555.0,555.0,True
1669,144,Special Chicken Roll,Shawarma & Wraps,Variety of Rolls,546.0,PKR,"Everyone does it, but we do it better.",546,546.0,546.0,True
1670,144,Turkish Roll,Shawarma & Wraps,Variety of Rolls,396.0,PKR,"A street food BBQ classic, serves 1",396,396.0,396.0,True
1671,144,Zinger Chutney Roll,Shawarma & Wraps,Variety of Rolls,484.5,PKR,"A crispy, saucy, tender experience, made to give you the desi touch with a twist.",484.5,484.5,484.5,True
1672,144,Zinger Garlic Roll,Shawarma & Wraps,Variety of Rolls,528.75,PKR,"A wholesome and hearty meal for when youre craving something smoky and spicy, serves 1",528.75,528.75,528.75,True
1673,144,Zinger Roll,Shawarma & Wraps,Variety of Rolls,475.5,PKR,"A harmony among spicy, tangy, bitter yet crispy & fresh offerings.",475.5,475.5,475.5,True
1674,144,Winter Deal,Deals & Combos,Winter Deals & Discounts,899.25,PKR,Fajita Pizza (Medium) & 500ml Drink,899.25,899.25,899.25,True
1675,145,1 litre Coke-Pepsi-NR,Beverages,Drinks,254.15,PKR,Refreshing carbonated beverage available in popular cola varieties. Perfect for quenching your thirst and enjoying with meals or on any occasion,254.15,254.15,254.15,True
1676,145,1 litre Sprite-7up,Beverages,Drinks,254.15,PKR,Refreshing carbonated beverage available in your choice of cola flavors. Perfect for quenching your thirst with a crisp and satisfying taste. Served chilled and ideal for any occasion,254.15,254.15,254.15,True
1677,145,1.5 Litre Sprite-7up,Beverages,Drinks,339.15,PKR,Refreshing lemon-lime flavored carbonated beverage in a convenient 1.5 litre bottle. Perfect for quenching your thirst with its crisp citrus taste and effervescent bubbles ideal for any occasion,339.15,339.15,339.15,True
1678,145,1.5 Litre Water Bottle,Beverages,Drinks,169.15,PKR,A convenient 1.5 litre water bottle designed to keep you hydrated throughout the day. Perfect for work school or outdoor activities with a durable design and easy-to-grip handle,169.15,169.15,169.15,True
1679,145,1.5 litre Coke-Pepsi-NR,Beverages,Drinks,339.15,PKR,Refreshing carbonated beverage available in 1.5 litre bottle. Perfect for sharing with family and friends. Enjoy ice-cold and crisp taste that quenches your thirst,339.15,339.15,339.15,True
1680,145,2.25 Litre 7up-Sprite,Beverages,Drinks,381.65,PKR,Refreshing 2.25 litre bottle of crisp lemon-lime flavored carbonated beverage perfect for sharing with family and friends at any gathering or meal,381.65,381.65,381.65,True
1681,145,2.25 Litre Coke-Pepsi-NR,Beverages,Drinks,381.65,PKR,Refreshing carbonated beverage available in 2.25 litre bottle. Perfect for sharing with family and friends. Served chilled for maximum enjoyment.,381.65,381.65,381.65,True
1682,145,345ml Coke-Pepsi-NR,Beverages,Drinks,144.5,PKR,Refreshing carbonated beverage available in your choice of cola flavors served ice-cold in a convenient 345ml bottle perfect for any occasion,144.5,144.5,144.5,True
1683,145,345ml Sprite-7up,Beverages,Drinks,144.5,PKR,Refreshing 345ml bottle of crisp lemon-lime flavored carbonated beverage. Perfect for quenching your thirst with its zesty citrus taste and effervescent bubbles.,144.5,144.5,144.5,True
1684,145,500ml Coke-Pepsi-NR,Beverages,Drinks,212.5,PKR,Refreshing carbonated beverage available in 500ml serving. A crisp and invigorating drink perfect for any occasion to quench your thirst,212.5,212.5,212.5,True
1685,145,500ml Sprite-7up,Beverages,Drinks,212.5,PKR,"Refreshing lemon-lime flavored carbonated beverage in a 500ml bottle. Crisp and bubbly with a clean citrus taste, perfect for quenching your thirst on any occasion",212.5,212.5,212.5,True
1686,145,500ml Water Bottle,Beverages,Drinks,85.0,PKR,Refreshing purified water in a convenient 500ml bottle. Perfect for staying hydrated throughout your day whether at work school or on the go. Clean crisp and essential hydration,85,85.0,85.0,True
1687,145,Soft Drinks,Beverages,Drinks,135.15,PKR,"Soft Drinks - Available in All Major Brands and Sizes

Choose from a wide selection of your favorite soft drink brands including Coca-Cola, Pepsi, 7Up, Sprite, and more. Available in:

500ml bottle

1 liter bottle

2.25 liter bottle

Enjoy the perfect chilled drink to go with your meal. Just select your preferred brand and size!",1 Liter 7up-Sprite: 254.15; 1.5 Liter Coke-Pepsi: 314.5; 1.5 Liter 7up-Sprite: 314.5; 345ml Coke-Pepsi: 135.15; 345ml 7up-Sprite: 135.15; 0.5 Liter Coke-Pepsi: 187; 0.5 Liter 7up-Sprite: 187; 1 Liter Coke-Pepsi: 254.15,0.5,345.0,True
1688,145,Chicken Boti,BBQ & Grill,Grilled Chicken Bar BQ,591.6,PKR,Skewered grilled chicken with aromatic and savory flavors.,Half: 591.6; Full: 1173,591.6,1173.0,True
1689,145,Chicken Seekh Kabab,BBQ & Grill,Grilled Chicken Bar BQ,193.8,PKR,Succulent chicken seekh kabab freshly cooked to perfection with aromatic spices and served hot. A delicious single serving grilled to order.,1: 193.8; 7: 1173,1.0,1173.0,True
1690,145,Chicken Seekh Kabab Deals,BBQ & Grill,Grilled Chicken Bar BQ,591.6,PKR,Deals For Long And Tender Kababs,3 Pieces Of Kabab: 591.6; 6 Pieces Of Kabab: 1173,3.0,1173.0,True
1691,145,Chicken Tikka Breast,BBQ & Grill,Grilled Chicken Bar BQ,408.0,PKR,"Tender chicken breast marinated in aromatic spices and grilled to perfection with a smoky char. Juicy and flavorful, served hot from the grill.",408,408.0,408.0,True
1692,145,Chicken Tikka Leg,BBQ & Grill,Grilled Chicken Bar BQ,408.0,PKR,Tender chicken leg marinated in aromatic spices and yogurt then grilled to perfection with a smoky charred exterior and juicy interior,408,408.0,408.0,True
1693,145,Chicken Tikka Seekh,BBQ & Grill,Grilled Chicken Bar BQ,424.15,PKR,Aromatic and spicy grilled chicken with a tender texture. Chicken pieces are good sized.,4 PCs : 424.15; 8 PCs: 849.15,4.0,849.15,True
1694,145,Chicken Achari Karahi,BBQ & Grill,Karahi & Handi,985.15,PKR,Pakistani wok style chicken curry features a tangy and spicy flavor with tender meat.,Half: 985.15; Full: 1988.15,985.15,1988.15,True
1695,145,Chicken Kabab Masala,BBQ & Grill,Karahi & Handi,1427.15,PKR,South Asian grilled chicken featuring savory and aromatic flavors in a thick gravy.,1427.15,1427.15,1427.15,True
1696,145,Chicken Karahi,BBQ & Grill,Karahi & Handi,1071.0,PKR,Pakistani style wok cooked chicken featuring a savory and spicy thick gravy.,Half: 1071; Full: 1937.15,1071.0,1937.15,True
1697,145,Chicken White Karahi,BBQ & Grill,Karahi & Handi,1121.15,PKR,Pakistani wok style tender chicken featuring a rich and savory thick gravy.,Half: 1121.15; Full: 2040,1121.15,2040.0,True
1698,145,Fresh Salad,Sides & Appetizers,Sides,42.5,PKR,"Biryani Salad  Fresh, Crunchy, and Light

A crisp mix of sliced onions, cucumbers, tomatoes, and green chilies, lightly seasoned with lemon juice and salt. This fresh salad perfectly balances the rich, spicy flavors of biryani and other desi dishes.

Freshly cut vegetables

Lightly seasoned for a tangy taste

Ideal side for biryani, pulao, or BBQ

Add a refreshing crunch to your meal with our Biryani Salad.",42.5,42.5,42.5,True
1699,145,Kachumber Salad,Sides & Appetizers,Sides,102.0,PKR,"Kachumber Salad Fresh, Crisp, and Zesty

A refreshing mix of finely chopped cucumbers, tomatoes, onions, green chilies, and fresh coriander, tossed with a dash of lemon juice and a pinch of salt. Perfectly complements any spicy meal with its cool and tangy flavor.

Freshly chopped vegetables

Light, healthy, and flavorful

Perfect side for biryani, curries, or BBQ

Add a burst of freshness to your plate with our classic Kachumber Salad.",102,102.0,102.0,True
1700,145,Mint Raita,Sides & Appetizers,Sides,102.0,PKR,"Mint Raita  Cool, Creamy, and Refreshingly Herby

A smooth yogurt blend infused with fresh mint leaves, a hint of green chili, and traditional spices. This refreshing raita adds a burst of cool flavor to every spicy dish.

Made with creamy yogurt and fresh mint

Lightly spiced and perfectly chilled

A great side for biryani, kebabs, or any desi meal

Cool down your plate with the fresh taste of our Mint Raita.",102,102.0,102.0,True
1701,145,Raita,Sides & Appetizers,Sides,41.65,PKR,"A cooling yogurt dish with spices and vegetables, perfect for balancing spicy meals.",41.65,41.65,41.65,True
1702,145,Shami Kabab,Sides & Appetizers,Sides,68.0,PKR,"Shami Kabab  Soft, Spiced, and Satisfying

A delicious blend of minced meat, chana daal (lentils), fresh herbs, and traditional spices, slow-cooked and pan-fried to perfection. Crispy on the outside, soft and flavorful on the inside a timeless favorite in every desi household.

Finely minced meat and lentils

Mildly spiced and shallow-fried

Perfect as a snack, side dish, or in burgers and rolls

Enjoy the rich, homemade taste of our classic Shami Kababs  made fresh, served hot.",68,68.0,68.0,True
1703,145,Zeera Raita,Sides & Appetizers,Sides,102.0,PKR,"Zeera Raita-Cool, Creamy, and Flavored with Cumin

A refreshing yogurt-based side dish blended with roasted cumin powder, a pinch of salt, and a touch of black pepper. Smooth, creamy, and lightly spiced, its the perfect cooling companion to any spicy meal.

Made with fresh, creamy yogurt

Roasted cumin for rich aroma and taste

Ideal with biryani, pulao, kebabs, or BBQ

Balance the heat and elevate your meal with our classic Zeera Raita.",102,102.0,102.0,True
1704,145,Chicken Chili Boti,BBQ & Grill,Special Bar BQ,612.0,PKR,Grilled skewered chicken with a spicy and aromatic flavor.,Half: 612; Full: 1407.6,612.0,1407.6,True
1705,145,Malai Tikka,BBQ & Grill,Special Bar BQ,612.0,PKR,"Tender marinated meat grilled to perfection, served with creamy sauce and aromatic spices.",Half: 612; Full: 1173,612.0,1173.0,True
1706,145,CHICKEN BIRYANI,Rice & Biryani,Special Rice,339.15,PKR,"Experience the rich flavors of our signature Chicken Biryani, made with long-grain basmati rice, tender chicken, and a blend of authentic spices. Every bite is packed with aroma, taste, and tradition.

Fragrant basmati rice

Juicy, marinated chicken

Hand-ground, traditional spices

Cooked with love  just like home

Whether its a special occasion or your daily craving, Naseeb Biryani brings you the true essence of desi flavor in every plate.",HALF: 339.15; MEDIUM: 382.5; FULL: 509.15,339.15,509.15,True
1707,145,Chicken Kabab Biryani,Rice & Biryani,Special Rice,467.5,PKR,Served with Biryani Rice And one seekh Kabab,Full: 637.5; Medium: 552.5; Half: 467.5,467.5,637.5,True
1708,145,Chicken Kabab Pulao,Rice & Biryani,Special Rice,467.5,PKR,Served with Pulao Rice and one seekh kabab,Full: 637.5; Medium: 552.5; Half: 467.5,467.5,637.5,True
1709,145,Chicken Pulao,Rice & Biryani,Special Rice,339.15,PKR,"Chicken Biryani Pulao | Naseeb Biryani and Murg Pulao
Har niwala lajawab! Naseeb ki khaas Chicken Biryani Pulao ek behtareen combination hai biryani ke zaike aur pulao ke narm o nazuk andaaz ka. Khushbudar basmati chawal, masaledar chicken aur special homemade spices ke saath tayar ki gayi ye dish har dafa aik yaadgar tajurba deti hai.

Fresh and Hygienic | Ghar jaisa swaad | Rozana tayar ki jati hai
Aik baar try karein, dobara zaroor aayenge!",Half: 339.15; Medium: 382.5; Full: 509.15,339.15,509.15,True
1710,145,Chicken Tikka Biryani,Rice & Biryani,Special Rice,382.5,PKR,Served with Masala Biryani and Fresh Cooked Tikka Pieces,FULL x3 pieces of Tikka: 552.5; Medium x2 pieces of Tikka: 467.5; Half x2 pieces of Tikka: 382.5,2.0,552.5,True
1711,145,Chicken Tikka Pulao,Rice & Biryani,Special Rice,382.5,PKR,Served with Pulao Rice and Chunks of Tikka Boti,FULL x3 pieces of Tikka: 552.5; Medium x2 pieces of Tikka: 467.5; Half x2 pieces of Tikka: 382.5,2.0,552.5,True
1712,145,Sada Biryani Rice,Rice & Biryani,Special Rice,254.15,PKR,Served with biryani rice and potato,Full: 339.15; Medium: 297.5; Half: 254.15,254.15,339.15,True
1713,145,Sada Pulao Rice,Rice & Biryani,Special Rice,254.15,PKR,Served with Pulao rice (no chicken),Full: 339.15; Medium: 297.5; Half: 254.15,254.15,339.15,True
1714,145,Chicken Seekh Kabab Roll,Shawarma & Wraps,Special Wraps,424.15,PKR,"wraped in signature sauce,salad and freshly cooked seekh kabab",424.15,424.15,424.15,True
1715,145,Chicken Tikka Paratha Wrap,Shawarma & Wraps,Special Wraps,509.15,PKR,Rolled flatbread filled with tender chicken and a savory flavor.,509.15,509.15,509.15,True
1716,145,Beef Naan,BBQ & Grill,Tandoor,488.75,PKR,Tandoor baked flatbread stuffed with minced beef featuring a rich and savory flavor.,488.75,488.75,488.75,True
1717,145,Chicken Naan,BBQ & Grill,Tandoor,509.15,PKR,Oven baked flatbread stuffed with tender chicken featuring a savory and aromatic flavor.,509.15,509.15,509.15,True
1718,145,Kalonji Naan,BBQ & Grill,Tandoor,123.25,PKR,"Kalonji Naan is a soft and fluffy Pakistani naan bread topped with kalonji (black seeds) for a subtle, nutty flavor. Baked in a tandoor, it has a crispy, golden crust with a slightly chewy interior. Perfect for pairing with curries, kebabs, or chutneys!",123.25,123.25,123.25,True
1719,145,Mutton Naan,BBQ & Grill,Tandoor,714.0,PKR,Oven baked flatbread stuffed with minced mutton offering a rich and savory flavor.,714,714.0,714.0,True
1720,145,Plain Sada Roti,BBQ & Grill,Tandoor,67.15,PKR,Traditional unleavened flatbread freshly baked in the tandoor oven with a soft pillowy texture and light golden crust. Perfect for any meal.,67.15,67.15,67.15,True
1721,146,Belgian Chocolate Cake,Desserts,Cakes,2700.0,PKR,Made from the purest Belgian chocolate,2700,2700.0,2700.0,True
1722,146,Chocolate Dreamcake,Desserts,Cakes,3100.0,PKR,A luscious chocolate mousse cake made with lots of love and heavenly chocolate,3100,3100.0,3100.0,True
1723,146,Chocolate Heaven Cake,Desserts,Cakes,2300.0,PKR,Light chocolate icing & double layer of soft chocolate sponge. 2.5 lbs,2300,2300.0,2300.0,True
1724,146,Chocolate Mousse Cake,Desserts,Cakes,2200.0,PKR,The lightest chocolate cake in town. 2.5 lbs,2200,2200.0,2200.0,True
1725,146,Coffee Cake,Desserts,Cakes,2300.0,PKR,Light creamy cheese icing with a sweet sense of coffee. 2.5 lbs,2300,2300.0,2300.0,True
1726,146,Dairy Milk Cake,Desserts,Cakes,2500.0,PKR,Nothing but light dairy milk chocolate till the last bite. 2.5 lbs,2500,2500.0,2500.0,True
1727,146,Dubai Dreamcake,Desserts,Cakes,3400.0,PKR,Crisp Pistachio Kadayif and silky milk chocolate topped with a thick chocolate disk crowned over in our in house moist sponge.,3400,3400.0,3400.0,True
1728,146,Ferrero Classic Cake,Desserts,Cakes,2600.0,PKR,Made from 100 percent ferrero hazelnut chocolate & roasted nuts. 2.5 lbs,2600,2600.0,2600.0,True
1729,146,Ferrero Rocher Cake,Desserts,Cakes,3600.0,PKR,Made from 100 percent ferrero hazelnut chocolate & roasted nuts with ferrero rochers on top. 2.5 lbs,3600,3600.0,3600.0,True
1730,146,German Fudge Cake,Desserts,Cakes,2200.0,PKR,Authentic fudge so light that it melts in your mouth. 2.5 lbs,2200,2200.0,2200.0,True
1731,146,Honey Cake,Desserts,Cakes,2700.0,PKR,"7 Layers of soft, caramelized honey cakes sandwiched between a cloud like burnt honey & dulce de leche whipped cream. 2.5 lbs",2700,2700.0,2700.0,True
1732,146,London Cheesecake,Desserts,Cakes,2400.0,PKR,Premium cream cheese based on biscuit crust and topped with toasted meringue. Best enjoyed in frozen state for perfect flavour.,2400,2400.0,2400.0,True
1733,146,Lotus Cake,Desserts,Cakes,3100.0,PKR,Lotus biscoff spread with cream cheese on a fluffy vanilla sponge & crushed lotus biscuits on top. 2.5 lbs,3100,3100.0,3100.0,True
1734,146,Lotus Three Milk Cake,Desserts,Cakes,3400.0,PKR,Lotus biscoff spread on top with cream cheese and a fluffy vanilla milky sponge with lotus crumbs on sides. 2.5 lbs,3400,3400.0,3400.0,True
1735,146,Nutella Cake,Desserts,Cakes,2400.0,PKR,Made from 100 percent nutella & imported cream. 2.5 lbs,2400,2400.0,2400.0,True
1736,146,Parisian 7 Layers Cake,Desserts,Cakes,2900.0,PKR,"Our new super moist chocolate sponge is layered with dark, milk, and white chocolate mousses, all topped with a rich chocolate icing to make the Parisian 7 Layers",2900,2900.0,2900.0,True
1737,146,Pistachio Cake,Desserts,Cakes,3400.0,PKR,Premium-rich Pistachio cream layered on a vanilla sponge & finely grounded fresh pistachios spread on top.,3400,3400.0,3400.0,True
1738,146,Red Velvet Cake,Desserts,Cakes,2400.0,PKR,Cream cheese frosting on velvety soft red sponge. 2.5 lbs,2400,2400.0,2400.0,True
1739,146,Salted Caramel Cake,Desserts,Cakes,2600.0,PKR,"Salted caramel, creamy cheese & moist vanilla sponge. 2.5 lbs",2600,2600.0,2600.0,True
1740,146,Three Milk Cake,Desserts,Cakes,2400.0,PKR,"Vanilla sponge cake in three kind of milk, whole milk, evaporated milk & chocolate milk. 2.5 lbs",2400,2400.0,2400.0,True
1741,146,Chocolate Marble,Desserts,Cookies,370.0,PKR,"A beautiful swirl of chocolate and vanilla cookie dough, lightly sprinkled with sea salt to enhance every sweet, buttery bite",370,370.0,370.0,True
1742,146,Coffee Toffee,Desserts,Cookies,370.0,PKR,Rich chocolate cookie dough loaded with chocolate chunks and crisp toffee bits for a deep cocoa flavor with a buttery crunch.,370,370.0,370.0,True
1743,146,Double Chocolate,Desserts,Cookies,370.0,PKR,"Made with deeply nutty brown butter and loaded with thick-cut dark chocolate chunks, Rich, warm, and irresistibly gooey in every bite.",370,370.0,370.0,True
1744,146,Lotus,Desserts,Cookies,370.0,PKR,"A decadent cookie infused with creamy Lotus spread, studded with crunchy Lotus biscuit pieces, and packed with dark chocolate for a caramelised finish.",370,370.0,370.0,True
1745,146,Nutella Filled,Desserts,Cookies,370.0,PKR,Chocolate Chunk Cookies Made With Butter & Center Filled With 100% Hazelnut Spread,370,370.0,370.0,True
1746,146,Pistachio,Desserts,Cookies,370.0,PKR,"Golden cookie dough folded with caramelised pistachios and chocolate chunks, finished with a touch of flaky sea salt for the perfect sweet-salty balance.",370,370.0,370.0,True
1747,146,Red Velvet,Desserts,Cookies,370.0,PKR,"Soft red velvet cookie dough blended with dark and white chocolate, finished with crunchy Oreo pieces for a bold and indulgent twist.",370,370.0,370.0,True
1748,146,Triple Chocolate,Desserts,Cookies,370.0,PKR,Finest Belgian Milk Dark & White Chocolate Chunks Thrown Into a Cookie Dough Which Is Made of Pure Butter,370,370.0,370.0,True
1749,146,Boston Cream,Desserts,Mini Donuts,250.0,PKR,"Unglazed shell, Hand dipped in chocolate icing and filled with vanilla custard",,,,True
1750,146,Chocolate Three Milk,Desserts,Mini Donuts,250.0,PKR,"Topped with whip cream and drizzled chocolate, soaked in our signature Tres Leches",250,250.0,250.0,True
1751,146,Cotton Candy,Desserts,Mini Donuts,250.0,PKR,Soft and fluffy ring donut topped with sweet hibiscus cotton candy flavour and multi colour sprinkled,250,250.0,250.0,True
1752,146,Malt Chocolate,Desserts,Mini Donuts,250.0,PKR,Topped with chocolate crumbles with a filling of original belgian chocolate,250,250.0,250.0,True
1753,146,Nutella,Desserts,Mini Donuts,250.0,PKR,Brioche airy donut filled with hazelnut chocolate with sweet cocoa sprinkled on top.,250,250.0,250.0,True
1754,146,Orange Creamsicle,Desserts,Mini Donuts,250.0,PKR,Tangy cream cheese filled mini doughnut topped with orange chocolate.,,,,True
1755,146,Oreo,Desserts,Mini Donuts,250.0,PKR,Oreo cream cheese filled donut with oreo crumbles on milk and white chocolate frosting on top,,,,True
1756,146,Peanut Butter,Desserts,Mini Donuts,250.0,PKR,A heavenly fluffy mixture of peanut butter and chocolate,250,250.0,250.0,True
1757,146,Pistachio Kunafa,Desserts,Mini Donuts,250.0,PKR,"A soft donut filled with creamy pistachio kunafa, topped with chocolate and crushed pistachios",250,250.0,250.0,True
1758,146,Plain Glaze,Desserts,Mini Donuts,250.0,PKR,An original glazed mini donut,,,,True
1759,146,Strawberry,Desserts,Mini Donuts,250.0,PKR,Fluffy ring donut covered with indulgent strawberry coating,250,250.0,250.0,True
1760,146,Apple Crumble Cheese Muffin,Other,Muffins,250.0,PKR,Soft vanilla muffin with a hint of apple and imported cheese inside,250,250.0,250.0,True
1761,146,Banana Walnut Muffin,Other,Muffins,250.0,PKR,Vanilla muffin with chunks of walnut inside and a hint of banana,250,250.0,250.0,True
1762,146,Galaxy Sundae,Desserts,Sundaes,500.0,PKR,"Oreo fudge brownie, Crème cheese, Short bread biscuits & Galaxy chocolate!",500,500.0,500.0,True
1763,146,Lotus Sundae,Desserts,Sundaes,500.0,PKR,"Caramel with rock salt topped over brownie, Crème cheese, Short bread biscuits & Rich chocolate!",500,500.0,500.0,True
1764,146,Mango Tres Leches,Desserts,Sundaes,550.0,PKR,"Layers of soft three milk sponge, silky panna cotta, juicy mango chunks, and fresh mango purée, finished with nutritious chia seed pudding for the perfect tropical indulgence.",550,550.0,550.0,True
1765,146,Nutella Sundae,Desserts,Sundaes,500.0,PKR,"Roasted nuts, Super moist brownie, Crème cheese & Lots of Nutella!",500,500.0,500.0,True
1766,146,Red Velvet Sundae,Desserts,Sundaes,500.0,PKR,Tangy crème cheese with biscuits & Red velvet brownie!,500,500.0,500.0,True
1767,146,Salted Caramel Sundae,Desserts,Sundaes,500.0,PKR,"Caramel with rock salt topped over brownie, Crème cheese, Short bread biscuits & Rich chocolate!",500,500.0,500.0,True
1768,146,Three Milk Sundae,Desserts,Sundaes,500.0,PKR,"Moist sponge soaked in evaporated milk, condensed milk & whole milk having smooth chocolate between the layers!",500,500.0,500.0,True
1769,146,Tres Berry Leches,Desserts,Sundaes,550.0,PKR,Introducing a new cake sponge soaked in three types of milk with tangy mixed berry compote.,550,550.0,550.0,True
1770,146,Belgian Chocolate Cup Tart,Other,Tarts & Pies,300.0,PKR,Made from 100% Authentic Belgian Chocolate,300,300.0,300.0,True
1771,147,7up - 1.5 Litre,Beverages,Cold Beverages,295.0,PKR,"Citrusy, refreshing soda with a sweet, bubbly taste. Perfect for quenching thirst.",295,295.0,295.0,True
1772,147,7up - 345 ml,Beverages,Cold Beverages,180.0,PKR,"A refreshing citrus-flavored soft drink with a crisp, bubbly texture.",180,180.0,180.0,True
1773,147,Aquafina Water - 500 ml,Beverages,Cold Beverages,85.0,PKR,"Refreshing bottled water, perfect for hydration on-the-go. ' '",85,85.0,85.0,True
1774,147,Mango Ice Tea,Beverages,Cold Beverages,180.0,PKR,A refreshing beverage made by combining tea with sweet mango flavor,180,180.0,180.0,True
1775,147,Peach Ice Tea,Beverages,Cold Beverages,180.0,PKR,"A refreshing beverage that blends tea extract with the sweet, fruity flavor of peaches",180,180.0,180.0,True
1776,147,Fried Chicken 1 Piece,Meat Mains,Crispy Fried Chicken Ala Carte,445.0,PKR,"Chicken pieces coated in a seasoned batter or breading and then fried until the exterior is golden brown and crispy, while the interior remains juicy and tender.",445,445.0,445.0,True
1777,147,Brownie Sundae,Desserts,Desserts,565.0,PKR,"A warm, soft brownie served with creamy ice cream and finished with a drizzle of chocolate syrup.",565,565.0,565.0,True
1778,147,Chocolate Sundae,Desserts,Desserts,565.0,PKR,"Creamy ice cream topped with rich chocolate sauce, whipped cream, and a cherry.",565,565.0,565.0,True
1779,147,Strawberry Sundae,Desserts,Desserts,565.0,PKR,Creamy ice cream topped with fresh strawberries and drizzled with sweet syrup.,565,565.0,565.0,True
1780,147,Vanilla Sundae,Desserts,Desserts,355.0,PKR,"Pure, creamy vanilla ice cream served in its simple elegance – light, refreshing, and always delightful.",355,355.0,355.0,True
1781,147,Buffalo Sauce,Add-ons & Condiments,Dips,150.0,PKR,"A zesty, spicy sauce with a tangy kick bold, flavorful, and made to turn up the heat.",150,150.0,150.0,True
1782,147,Ginger BBQ Sauce,Add-ons & Condiments,Dips,150.0,PKR,"Smoky barbecue flavor with a touch of ginger sweet, savory, and irresistibly unique.",150,150.0,150.0,True
1783,147,MB Sauce,Add-ons & Condiments,Dips,150.0,PKR,"Savory sauce with a blend of spices, perfect for enhancing various dishes.",150,150.0,150.0,True
1784,147,Ranch Sauce,Add-ons & Condiments,Dips,150.0,PKR,"A classic ranch dip made with cool, herby flavors – creamy and refreshing with every bite.",150,150.0,150.0,True
1785,147,Spicy Mayo Sauce,Add-ons & Condiments,Dips,150.0,PKR,"Creamy mayo with a fiery twist – smooth in texture, bold in flavor, and just the right amount of heat.",150,150.0,150.0,True
1786,147,Buffalo Big Mary Combo,Deals & Combos,Exclusive Discounted Combos,1044.0,PKR,"Buffalo sauce on a crispy, juicy chicken breast, topped with fresh lettuce and an irresistible ranch that makes the flavour even better. All on a soft bun to complement the crunch. Served with our famous taters and a refreshing soft drink.",1044,1044.0,1044.0,True
1787,147,Spicy Big Mary Combo,Deals & Combos,Exclusive Discounted Combos,1044.0,PKR,"Spicy sauce on a crispy, juicy chicken breast, topped with fresh lettuce and an irresistible ranch that makes the flavour even better. All on a soft bun to complement the crunch. Served with our famous taters and a refreshing soft drink.",1044,1044.0,1044.0,True
1788,147,The Original Big Mary Combo,Deals & Combos,Exclusive Discounted Combos,1044.0,PKR,"There is a reason why the original is the original: you cant outdo the doer. Our handmade chicken breast cooked to perfection, with fresh lettuce and creamy mayo on a sesame bun. Includes our world-famous taters and a refreshing soft drink.",1044,1044.0,1044.0,True
1789,147,The Big Family Deal,Other,Family Feasts,2495.0,PKR,"9 pcs chicken.
2 gravies.
2 coleslaws.
1.5L drink.
Everything your Iftar table needs , in one box.
Better Together starts here.
Always Fresh. Never Frozen.",2495,2495.0,2495.0,True
1790,147,The Drumroll,Other,Family Feasts,1799.0,PKR,Enjoy flavorful 9 drumsticks with a chiller 1.5 liter Pepsi for the ultimate feast experience,1799,1799.0,1799.0,True
1791,147,The Squad Meal,Other,Family Feasts,2699.0,PKR,"2 BM sandwiches. 2 mini sandwiches.
4 drinks 345ml, tater poutine.
Pull up with the upgrade.
Always Fresh. Never Frozen.",2699,2699.0,2699.0,True
1792,147,13 Piece Feast,Other,Feasts For Sharing,3795.0,PKR,"Whats a feast without chicken This includes: 
13 pieces of our world-famous homemade chicken. 
Serving up to 6 people.",3795,3795.0,3795.0,True
1793,147,9 Piece Feast,Other,Feasts For Sharing,2595.0,PKR,"Whats a feast without chicken.. This includes:
9 pieces of our world-famous homemade chicken.",2595,2595.0,2595.0,True
1794,147,Cappuccino,Beverages,Hot Beverages,365.0,PKR,A full-bodied coffee,365,365.0,365.0,True
1795,147,Cardamom Tea,Beverages,Hot Beverages,355.0,PKR,"A fragrant beverage infused with cardamom, offering warmth and aromatic flavors.",355,355.0,355.0,True
1796,147,Espresso Coffee,Beverages,Hot Beverages,355.0,PKR,A full-bodied coffee,355,355.0,355.0,True
1797,147,Karak Tea,Beverages,Hot Beverages,355.0,PKR,"A spiced, strong tea with milk, often enjoyed with sweet snacks.",355,355.0,355.0,True
1798,147,Kids Boneless Tender Combo,Other,Kids Menu,745.0,PKR,"Two crispy chicken pieces for your little one, alongside our taters and a dipping sauce of their choice.",745,745.0,745.0,True
1799,147,Kids Chicken Combo,Other,Kids Menu,575.0,PKR,"The perfect chicken combo for kids. It includes everything they love: crispy fresh chicken, taters, and a refreshing drink.",575,575.0,575.0,True
1800,147,Kids Chicken Pop Ins Combo,Other,Kids Menu,795.0,PKR,Kids love our Chicken Pop-Ins; they are made with love for your little one. Small crispy chicken bites served with our signature taters and a refreshing drink.,795,795.0,795.0,True
1801,147,The Fiery Mary,Deals & Combos,Limited Time Offer,895.0,PKR,"Turn up the heat with our all-new Fiery Mary — a crispy, juicy chicken burger loaded with fresh tomatoes, crunchy onions, jalapeños, tangy pickles, crisp lettuce, and a melty cheese slice, all stacked inside a soft steamed bun. Packed with bold flavors and a fiery kick in every bite, this burger is made for spice lovers.",895,895.0,895.0,True
1802,147,MB Value Feast,Deals & Combos,MB Value Feast (Limited Time Offer),999.0,PKR,"1x Wrap
1x Chicken Piece 
1x Drink",999,999.0,999.0,True
1803,147,Mary Combo,Deals & Combos,Mary Exclusive Combo,599.04,PKR,"Treat yourself to our Juicy Big Mary Sandwich choose from Original, Spicy, or Buffalo flavors paired with a drink of your choice, all at an exclusive discounted price! Dont miss out on this amazing deal.",599.04,599.04,599.04,True
1804,147,Big Mary Spicy Sandwich,Sandwiches,Our Hero Sandwich,795.0,PKR,"The Spicy Big Mary is everyone dream: homestyle breaded chicken breast cooked to perfection, topped off with flavor packed pickles and our creamy spicy mayo to turn everything up a notch.",795,795.0,795.0,True
1805,147,Buffalo Mary Sandwich,Sandwiches,Our Hero Sandwich,795.0,PKR,"Buffalo sauce on a crispy, juicy chicken breast, topped with fresh lettuce and an irresistible ranch that makes the flavor even better. All on a soft bun to complement the crunch.",795,795.0,795.0,True
1806,147,Original Big Mary Sandwich,Sandwiches,Our Hero Sandwich,795.0,PKR,"There is a reason why the original is the original: you cant outdo the doer. Our handmade chicken breast cooked to perfection, with fresh lettuce and creamy mayo on a sesame bun.",795,795.0,795.0,True
1807,147,Chicken Pop-Ins,Other,Pop-Inz Ala Carte,745.0,PKR,"Our Pop-Ins are small but big on flavor and crispness.
Choose serving size",Regular: 745; Large : 945,745.0,945.0,True
1808,147,Cheese slice,Sides & Appetizers,Sides,125.0,PKR,"a thin, uniform square of processed or semi-Soft cheese, often individually wrapped for convenience",125,125.0,125.0,True
1809,147,Coleslaw,Sides & Appetizers,Sides,245.0,PKR,Medium,245,245.0,245.0,True
1810,147,Crispy Spicy Chicken Twists,Sides & Appetizers,Sides,365.0,PKR,"Crispy, spicy chicken twists with a crunchy exterior and flavorful, tender filling.",365,365.0,365.0,True
1811,147,Gravy,Sides & Appetizers,Sides,445.0,PKR,One Cup,445,445.0,445.0,True
1812,147,Slider Bun,Sides & Appetizers,Sides,65.0,PKR,Baked Bun,65,65.0,65.0,True
1813,147,Taters,Sides & Appetizers,Sides,395.0,PKR,Seasoned Taters,Regular: 395; Large: 495,395.0,495.0,True
1814,147,Taters Poutine,Sides & Appetizers,Sides,665.0,PKR,"An MB exclusive! Our tasty Taters, made from fresh potatoes, topped with cheese, and smothered in MB Gravy.",665,665.0,665.0,True
1815,147,2 Piece Chicken,Meat Mains,Signature Chicken,845.0,PKR,"Our 2 Piece Chicken is crispy, breaded chicken made using our signature recipe and fresh ingredient. (Choose Original, Spicy, or Split of both.)",845,845.0,845.0,True
1816,147,3 Piece Chicken,Meat Mains,Signature Chicken,1245.0,PKR,"Our 3 Piece Chicken is crispy, breaded chicken made using our signature recipe and fresh ingredients. (Choose Original, Spicy, or Split of both.)",1245,1245.0,1245.0,True
1817,147,5 Piece Chicken,Meat Mains,Signature Chicken,1645.0,PKR,"Our 5 Piece Chicken is crispy, breaded chicken made using our signature recipe and fresh ingredients. (Choose Original, Spicy, or Split of both.)",1645,1645.0,1645.0,True
1818,147,The Quick Hit,Deals & Combos,Solo Deals,499.0,PKR,Get a poutine and a drink for just 499. A combo worth snacking on anytime,499,499.0,499.0,True
1819,147,3 Tenders,Other,Tenders Ala Carte,695.0,PKR,The perfect snack for when you are feeling a bit peckish: 3 crispy tenders alongside our signature taters.,695,695.0,695.0,True
1820,147,5 Tenders,Other,Tenders Ala Carte,995.0,PKR,"What is better than one tender.. Five! Enjoy our 5 Tender Combo, which includes juicy chicken tenders",995,995.0,995.0,True
1821,147,Shake (Choose Your Flavor),Beverages,Thick Shakes,565.0,PKR,"Creamy, sweet beverage made with vanilla ice cream and milk, blended to perfection.",565,565.0,565.0,True
1822,147,Chicken Wings,Wings & Fried,Wings,595.0,PKR,"Our chicken wings are not like the rest. They are crispy, full of flavor, crunchy, and perfect for wing lovers.",6 Pieces: 595; 10 Pieces: 995,6.0,995.0,True
1823,147,MB Special Wrap,Shawarma & Wraps,Wraps,745.0,PKR,"Sometimes all you need is a soft wrap filled with crispy chicken strips, cheese in every bite, and our OG Mary Brown sauce: made with love and packed with flavor.",745,745.0,745.0,True
1824,147,Original Spicy Wrap,Shawarma & Wraps,Wraps,645.0,PKR,"A soft tortilla filled with fresh lettuce, juicy chicken strips, melted cheese, and creamy mayo sauce grilled to perfection for a warm, flavorful finish.",645,645.0,645.0,True
1825,148,McChicken w/o Cheese with Regular Drink,Deals & Combos,Azaadi Deals,418.1,PKR,"Enjoy the classic McChicken made with 100% tender chicken, crisp lettuce, and creamy mayo, perfectly paired with your choice of a refreshing regular drink.",418.1,418.1,418.1,True
1826,148,Beef Burger,Meat Mains,Beef,431.04,PKR,"You will want this 100% pure beef, topped with onion, pickles, ketchup and mustard on a soft, fluffy bun all to yourself.",431.04,431.04,431.04,True
1827,148,Beef Burger with Fries and Drink,Meat Mains,Beef,646.56,PKR,"Enjoy the classic taste of a perfectly seasoned beef patty, served with a drink and fries.",646.56,646.56,646.56,True
1828,148,Big Mac,Meat Mains,Beef,974.14,PKR,"Made with a double layer of sear-sizzled 100% pure beef that mingles with sauce and melted cheese, onion, lettuce and pickles",974.14,974.14,974.14,True
1829,148,Cheese Burger,Meat Mains,Beef,491.38,PKR,"A legendary combo of 100% pure beef, onions, pickles, ketchup, mustard and cheese, all in a soft burger bun.",491.38,491.38,491.38,True
1830,148,Cheese Burger with Fries and Drink,Meat Mains,Beef,706.9,PKR,"Our Cheeseburger comes with a juicy beef patty topped with cheese, all in a toasted bun, and includes a drink and fries.",706.9,706.9,706.9,True
1831,148,Double Cheese Burger,Meat Mains,Beef,862.07,PKR,The first hit of sear-sizzled 100% pure beef gets your taste buds ready for that delicious second hit of the double layer melted cheese.,862.07,862.07,862.07,True
1832,148,Large Meal Big Mac,Meat Mains,Beef,1379.31,PKR,"Made with a double layer of sear-sizzled 100% pure beef that mingles with sauce and melted cheese, onion, lettuce and pickle served with our  our Large World Famous Fries® and chilled cold drink of your choice.",1379.31,1379.31,1379.31,True
1833,148,Large Meal Double Cheese Burger,Meat Mains,Beef,1293.1,PKR,"Two pure halal beef patties with absolutely no fillers, additives or preservatives, seasoned with a pinch of salt and pepper, and topped with tangy pickles, chopped onions, ketchup, mustard and two slices of melty American cheese served with Large World Famous Fries® and chilled soft drink of your choice.",1293.1,1293.1,1293.1,True
1834,148,Large Meal McRoyale,Meat Mains,Beef,1379.31,PKR,"Made with pure beef patty, cheese slice, lettuce, tomato, mayonnaise, ketchup, mustard, onions and pickles, and a sesame seed bun served with our Large World Famous Fries® and chilled soft drink of your choice.",1379.31,1379.31,1379.31,True
1835,148,Large Meal Quarter Pounder,Meat Mains,Beef,1379.31,PKR,"100% pure beef and a double helping of cheese with simple and quality ingredients, bettered by adding onion, pickles, tomato ketchup and mustard in a sesame seed bun.",1379.31,1379.31,1379.31,True
1836,148,McRoyale,Meat Mains,Beef,974.14,PKR,"Made with 100% pure beef patty, cheese slice, lettuce, tomato, mayonnaise, ketchup, mustard, onions, and pickles, all set on a sesame seed bun, McRoyale truly understands your cravings!",974.14,974.14,974.14,True
1837,148,Medium Meal Big Mac,Meat Mains,Beef,1293.11,PKR,"It is made with a double layer of sear-sizzled 100% pure beef that mingles with sauce and melted cheese, diced onion, crisp shredded iceberg lettuce and a crunch of pickle.",1293.11,1293.11,1293.11,True
1838,148,Medium Meal Double Cheese,Meat Mains,Beef,1206.9,PKR,The first hit of sear-sizzled 100% pure beef gets your taste buds ready for that delicious second hit of the double layer melted cheese.,1206.9,1206.9,1206.9,True
1839,148,Medium Meal McRoyale,Meat Mains,Beef,1293.11,PKR,"Made with pure beef patty, cheese slice, lettuce, tomato, mayonnaise, ketchup, mustard, onions and pickles, and a sesame seed bun served with our Medium World Famous Fries® and chilled soft drink of your choice.",1293.11,1293.11,1293.11,True
1840,148,Medium Meal Quarter Pounder,Meat Mains,Beef,1293.11,PKR,"Just a pinch of salt and pepper, and seared on our grill so it’s thick and juicy. Layered with two slices of melty cheese, slivered onions and tangy pickles on a sesame seed bun, Quarter Pounder is a sure beef delight. Served with  Medium World Famous Fries® and chilled soft drink.",1293.11,1293.11,1293.11,True
1841,148,Quarter Pounder,Meat Mains,Beef,974.14,PKR,"Just a pinch of salt and pepper, and seared on our grill so it’s thick and juicy. Layered with two slices of melty cheese, slivered onions and tangy pickles on a sesame seed bun, Quarter Pounder is a sure beef delight.",974.14,974.14,974.14,True
1842,148,Regular Meal Big Mac,Meat Mains,Beef,1163.8,PKR,"It is made with a double layer of sear-sizzled 100% pure beef that mingles with sauce and melted cheese, diced onion, crisp shredded iceberg lettuce and a crunch of pickle.",1163.8,1163.8,1163.8,True
1843,148,Regular Meal Double Cheese,Meat Mains,Beef,1077.59,PKR,"Two pure halal beef patties with absolutely no fillers, additives or preservatives, seasoned with a pinch of salt and pepper, and topped with tangy pickles, chopped onions, ketchup, mustard and two slices of melty American cheese served with Regular World Famous Fries® and chilled soft drink of your choice.",1077.59,1077.59,1077.59,True
1844,148,Regular Meal McRoyale,Meat Mains,Beef,1163.8,PKR,"Made with pure beef patty, cheese slice, lettuce, tomato, mayonnaise, ketchup, mustard, onions and pickles, and a sesame seed bun served with our Regular World Famous Fries® and chilled soft drink of your choice.",1163.8,1163.8,1163.8,True
1845,148,Regular Meal Quarter Pounder,Meat Mains,Beef,1163.8,PKR,"100% pure beef and a double helping of cheese with simple and quality ingredients, bettered by adding onion, pickles, tomato ketchup and mustard in a sesame seed bun.",1163.8,1163.8,1163.8,True
1846,148,Creamy Mango Twist,Beverages,Beverages,344.83,PKR,"A refreshing mango Sprite® drink served over ice and topped with smooth cream, bringing together tropical sweetness, fizz and a creamy finish.",344.83,344.83,344.83,True
1847,148,Creamy Strawberry Bliss,Beverages,Beverages,344.83,PKR,"A refreshing strawberry Sprite® drink served over ice and topped with smooth cream, bringing together fruity sweetness, fizz and a creamy finish.",344.83,344.83,344.83,True
1848,148,Green Tea,Beverages,Beverages,258.63,PKR,"Delicious, aromatic Green tea.",258.63,258.63,258.63,True
1849,148,Large Chocolate Shake,Beverages,Beverages,646.56,PKR,"A creamy, fresh milk and chocolate shake so thick it hardly makes it up the straw",646.56,646.56,646.56,True
1850,148,Large Coke 630 ml,Beverages,Beverages,301.73,PKR,"There’s nothing like the world famous, thirst-quenching taste.",301.73,301.73,301.73,True
1851,148,Large Coke Zero 630 ml,Beverages,Beverages,301.73,PKR,"There’s nothing like the world famous, thirst-quenching taste.",301.73,301.73,301.73,True
1852,148,Large Fanta 630 ml,Beverages,Beverages,301.73,PKR,"Dazzling and cheerful, with that eye-opening orange taste.",301.73,301.73,301.73,True
1853,148,Large Pistachio Shake,Beverages,Beverages,603.45,PKR,A rich and creamy shake made with fresh milk and pistachio syrup.,603.45,603.45,603.45,True
1854,148,Large Sprite 630 ml,Beverages,Beverages,301.73,PKR,"It’s refreshing, with a delightful lemonade taste.",301.73,301.73,301.73,True
1855,148,Large Strawberry Shake,Beverages,Beverages,646.56,PKR,"A creamy, fresh milk and strawberry syrup shake so thick it hardly makes it up the straw",646.56,646.56,646.56,True
1856,148,Large Vanilla Shake,Beverages,Beverages,646.56,PKR,"A creamy, fresh milk and vanilla syrup shake so thick it hardly makes it up the straw",646.56,646.56,646.56,True
1857,148,McFizz Strawberry,Beverages,Beverages,297.42,PKR,Refresh your day with McFizz Strawberry,297.42,297.42,297.42,True
1858,148,McFloat Coke,Beverages,Beverages,297.42,PKR,"Cool Down, Float Up!  Dive into McFloat—a fizzy burst of Coke topped with rich, creamy soft serve. The ultimate chill is just a sip away.",297.42,297.42,297.42,True
1859,148,McFloat Fanta,Beverages,Beverages,297.42,PKR,"Cool Down, Float Up!  Dive into McFloat—a fizzy burst of Fanta topped with rich, creamy soft serve. The ultimate chill is just a sip away.",297.42,297.42,297.42,True
1860,148,McFloat Sprite,Beverages,Beverages,297.42,PKR,"Cool Down, Float Up!  Dive into McFloat—a fizzy burst of Sprite topped with rich, creamy soft serve. The ultimate chill is just a sip away.",297.42,297.42,297.42,True
1861,148,Menta Cubana Blast,Beverages,Beverages,344.83,PKR,"A refreshing Sprite® drink crafted with lime juice and a minty citrus taste, served over ice for a crisp, zesty and cooling blast.",344.83,344.83,344.83,True
1862,148,Nestea Cardamom,Beverages,Beverages,344.83,PKR,A nice cup of cardamom flavored tea makes everything better!,344.83,344.83,344.83,True
1863,148,Orange Juice Tall,Beverages,Beverages,844.83,PKR,Enjoy fresh and 100% pure fruit juice in orange flavour.,844.83,844.83,844.83,True
1864,148,Passion Fruit Splash,Beverages,Beverages,344.83,PKR,"A tropical Sprite® drink mixed with the sweet and tangy twist of passion fruit flavor, served over ice for a refreshing splash of flavor.",344.83,344.83,344.83,True
1865,148,Tea,Beverages,Beverages,318.97,PKR,Enjoy a cup of our premium black boiled tea set to the perfect temperature.,318.97,318.97,318.97,True
1866,148,Water (500ml),Beverages,Beverages,86.21,PKR,Choose between Chilled or Room Temperature,86.21,86.21,86.21,True
1867,148,20 pc McNuggets,Meat Mains,Chicken & Fish,1551.76,PKR,"Get 20 pcs. of our tender, juicy Chicken McNuggets, made with 100% white meat chicken and no artificial colors, flavors and no artificial preservatives.",1551.76,1551.76,1551.76,True
1868,148,6 pc McNuggets,Meat Mains,Chicken & Fish,560.36,PKR,"Get 6 pcs. of our tender, juicy Chicken McNuggets, made with 100% white meat chicken and no artificial colors, flavors and no artificial preservatives.",560.36,560.36,560.36,True
1869,148,9 pc McNuggets,Meat Mains,Chicken & Fish,818.99,PKR,"Whichever way you enjoy your favourite McNuggets, it’s good to know they are made with juicy white meat that makes them hard to resist.",818.99,818.99,818.99,True
1870,148,Chicken Mac,Meat Mains,Chicken & Fish,663.8,PKR,"Our classic burger made with 2 breaded chicken patties, cheese, lettuce, creamy mayo, and a bun in the middle !",663.8,663.8,663.8,True
1871,148,Chicken Tenders 3Pc,Meat Mains,Chicken & Fish,409.49,PKR,"Strips of tender chicken breast in a seasoned, crispy coating.",409.49,409.49,409.49,True
1872,148,Chicken Tenders 3Pc with Fries and Drink,Meat Mains,Chicken & Fish,625.0,PKR,"3 pieces of tender chicken breast, coated in perfectly seasoned, crispy breading for a satisfying crunch, served with a drink and fries.",625,625.0,625.0,True
1873,148,Chicken Tenders 5Pc,Meat Mains,Chicken & Fish,625.0,PKR,"Strips of tender chicken breast in a seasoned, crispy coating.",625,625.0,625.0,True
1874,148,Chicken Tenders 5Pc with Fries and Drink,Meat Mains,Chicken & Fish,840.52,PKR,"5 pieces of tender chicken breast, coated in perfectly seasoned, crispy breading for a satisfying crunch, served with a drink and fries.",840.52,840.52,840.52,True
1875,148,Filet O Fish,Meat Mains,Chicken & Fish,732.76,PKR,"Dive right into the light and flaky white fish filet, topped with tangy tartar sauce all on a lightly steamed bun.",732.76,732.76,732.76,True
1876,148,Grand Chicken Special,Meat Mains,Chicken & Fish,1034.49,PKR,"Introducing the Grand Chicken Special Burger: A thick, crispy chicken patty topped with a chicken roll, handful of crispy lettuce, juicy tomato, double Emmental cheese, and gourmet Dijon mustard sauce—all held together by a corn-dusted bun.",1034.49,1034.49,1034.49,True
1877,148,Hot N Crispy Burger,Meat Mains,Chicken & Fish,387.94,PKR,"The perfect spicy combination of chicken patty topped with freshly grown lettuce and our exceptional Hot N’ Crispy sauce, between a soft bun.",387.94,387.94,387.94,True
1878,148,Hot N Crispy Burger with Fries and Drink,Meat Mains,Chicken & Fish,603.45,PKR,"Turn up the heat with our spicy chicken patty, topped with fresh lettuce and our special Hot N’ Crispy sauce, all in a soft bun, with a drink and fries.",603.45,603.45,603.45,True
1879,148,Large Grand Chicken Special,Meat Mains,Chicken & Fish,1448.28,PKR,Enjoy Grand Chicken Special with Large Fries & Large Drink,1448.28,1448.28,1448.28,True
1880,148,Large Meal 6Pc McNuggets,Meat Mains,Chicken & Fish,991.39,PKR,"Get 6 pcs. of our tender, juicy Chicken McNuggets, made with 100% white meat chicken and no artificial colors, flavors and no artificial preservatives, served with Large World Famous Fries® and chilled soft drink.",991.39,991.39,991.39,True
1881,148,Large Meal 9Pc McNuggets,Meat Mains,Chicken & Fish,1250.02,PKR,"Whichever way you enjoy your favourite McNuggets, it’s good to know they are made with juicy white meat that makes them hard to resist.",1250.02,1250.02,1250.02,True
1882,148,Large Meal Chicken Mac,Meat Mains,Chicken & Fish,1112.07,PKR,"Our classic burger made with 2 breaded chicken patties, cheese, lettuce, creamy mayo, and a bun in the middle!",1112.07,1112.07,1112.07,True
1883,148,Large Meal Filet-o-Fish,Meat Mains,Chicken & Fish,1163.79,PKR,"Dive right into the light and flaky white fish filet, topped with tangy tartar sauce all on a lightly steamed bun served with Large World Famous Fries® and chilled soft drink of your choice.",1163.79,1163.79,1163.79,True
1884,148,Large Meal McArabia,Meat Mains,Chicken & Fish,1103.45,PKR,"Two grilled chicken patties (de-boned breast meat), Arabic bread, lettuce, tomatoes, onions, garlic sauce give you a unique and unforgettable taste.",1103.45,1103.45,1103.45,True
1885,148,Large Meal McChicken,Meat Mains,Chicken & Fish,948.28,PKR,"Our quality chicken breast, cooked in a seasoned tempura coating, topped with fresh grown lettuce and our exceptional McChicken sauce, between a sesame seed bun makes for a hard to beat classic.",948.28,948.28,948.28,True
1886,148,Large Meal Spicy Crispy Deluxe,Meat Mains,Chicken & Fish,1094.83,PKR,"A spicy crispy chicken fillet layered with crisp leaf lettuce and mayonnaise, sandwiched between a sesame seed bun.",1094.83,1094.83,1094.83,True
1887,148,Large Meal Spicy Grand Chicken,Meat Mains,Chicken & Fish,1396.55,PKR,An assortment of premium ingredients with tantalizing notes of spiciness served with Large World Famous Fries® and chilled soft drink of your choice.,1396.55,1396.55,1396.55,True
1888,148,McArabia,Meat Mains,Chicken & Fish,646.56,PKR,"Two grilled chicken patties (de-boned breast meat), Arabic bread, lettuce, tomatoes, onions, garlic sauce give you a unique and unforgettable taste.",646.56,646.56,646.56,True
1889,148,McChicken,Meat Mains,Chicken & Fish,517.25,PKR,"Deliciously crispy chicken topped with mayonnaise, shredded lettuce, and served on a perfectly toasty bun.",517.25,517.25,517.25,True
1890,148,Medium Meal 6 pc McNuggets,Meat Mains,Chicken & Fish,905.18,PKR,"Whichever way you enjoy your favourite McNuggets, it’s good to know they are made with juicy white meat that makes them hard to resist.",905.18,905.18,905.18,True
1891,148,Medium Meal 9 pc McNuggets,Meat Mains,Chicken & Fish,1163.81,PKR,"Whichever way you enjoy your favourite McNuggets, it’s good to know they are made with juicy white meat that makes them hard to resist.",1163.81,1163.81,1163.81,True
1892,148,Medium Meal Chicken Mac,Meat Mains,Chicken & Fish,1025.86,PKR,"Our classic burger made with 2 breaded chicken patties, cheese, lettuce, creamy mayo, and a bun in the middle!",1025.86,1025.86,1025.86,True
1893,148,Medium Meal Filet-o-Fish,Meat Mains,Chicken & Fish,1077.59,PKR,"Dive right into the light and flaky white fish filet, topped with tangy tartar sauce all on a lightly steamed bun.",1077.59,1077.59,1077.59,True
1894,148,Medium Meal Grand Chicken Special,Meat Mains,Chicken & Fish,1362.07,PKR,Enjoy Grand Chicken Special with Medium Fries & Medium Drink,1362.07,1362.07,1362.07,True
1895,148,Medium Meal McArabia,Meat Mains,Chicken & Fish,1017.24,PKR,"Two grilled chicken patties (de-boned breast meat), Arabic bread, lettuce, tomatoes, onions, garlic sauce served with Medium World Famous Fries® and chilled soft drink of your choice.",1017.24,1017.24,1017.24,True
1896,148,Medium Meal McChicken,Meat Mains,Chicken & Fish,862.07,PKR,"Our quality chicken breast, cooked in a seasoned tempura coating, topped with fresh grown lettuce and our exceptional McChicken sauce, between a sesame seed bun makes for a hard to beat classic.",862.07,862.07,862.07,True
1897,148,Medium Meal Spicy Crispy Deluxe,Meat Mains,Chicken & Fish,1008.62,PKR,"A spicy crispy chicken fillet layered with crisp leaf lettuce and mayonnaise, sandwiched between a sesame seed bun.",1008.62,1008.62,1008.62,True
1898,148,Medium Meal Spicy Grand Chicken,Meat Mains,Chicken & Fish,1310.35,PKR,An assortment of premium ingredients with tantalizing notes of spiciness served with Medium World Famous Fries® and chilled soft drink of your choice.,1310.35,1310.35,1310.35,True
1899,148,Mini McArabia,Meat Mains,Chicken & Fish,387.94,PKR,"One grilled chicken pattie (de-boned breast meat), Arabic bread, lettuce, tomatoes, onions, garlic sauce.",387.94,387.94,387.94,True
1900,148,Mini McArabia with Fries and Drink,Meat Mains,Chicken & Fish,603.45,PKR,"A unique blend of two juicy grilled chicken patties, fresh veggies, and garlic sauce, wrapped in soft Arabic bread, and comes with a drink and fries.",603.45,603.45,603.45,True
1901,148,Regular Meal 6 pc McNuggets,Meat Mains,Chicken & Fish,775.88,PKR,"Get 6 pcs. of our tender, juicy Chicken McNuggets, made with 100% white meat chicken and no artificial colors, flavors and no artificial preservatives, served with Regular World Famous Fries® and chilled soft drink.",775.88,775.88,775.88,True
1902,148,Regular Meal 9 pc McNuggets,Meat Mains,Chicken & Fish,1034.51,PKR,"Whichever way you enjoy your favourite McNuggets, it’s good to know they are made with juicy white meat that makes them hard to resist.",1034.51,1034.51,1034.51,True
1903,148,Regular Meal Chicken Mac,Meat Mains,Chicken & Fish,896.56,PKR,"Our classic burger made with 2 breaded chicken patties, cheese, lettuce, creamy mayo, and a bun in the middle served with Regular World Famous Fries® and chilled soft drink of your choice.",896.56,896.56,896.56,True
1904,148,Regular Meal Filet-o-Fish,Meat Mains,Chicken & Fish,948.28,PKR,"Dive right into the light and flaky white fish filet, topped with tangy tartar sauce all on a lightly steamed bun.",948.28,948.28,948.28,True
1905,148,Regular Meal Grand Chicken,Meat Mains,Chicken & Fish,1181.04,PKR,"An assortment of premium ingredients with tantalizing notes of spiciness, the Grand Chicken Spicy is definitely worth talking about.",1181.04,1181.04,1181.04,True
1906,148,Regular Meal Grand Chicken Special,Meat Mains,Chicken & Fish,1232.76,PKR,Enjoy Grand Chicken Special with Regular Fries & Regular Drink,1232.76,1232.76,1232.76,True
1907,148,Regular Meal McArabia,Meat Mains,Chicken & Fish,887.93,PKR,"Two grilled chicken patties (de-boned breast meat), Arabic bread, lettuce, tomatoes, onions, garlic sauce give you a unique and unforgettable taste.",887.93,887.93,887.93,True
1908,148,Regular Meal McChicken,Meat Mains,Chicken & Fish,732.76,PKR,"Our quality chicken breast, cooked in a seasoned tempura coating, topped with fresh grown lettuce and our exceptional McChicken sauce, between a sesame seed bun makes for a hard to beat classic.",732.76,732.76,732.76,True
1909,148,Regular Meal Spicy Crispy Deluxe,Meat Mains,Chicken & Fish,879.31,PKR,"A spicy crispy chicken fillet layered with crisp leaf lettuce and mayonnaise, sandwiched between a sesame seed bun.",879.31,879.31,879.31,True
1910,148,Spicy Chicken Burger,Meat Mains,Chicken & Fish,370.69,PKR,Looking for something simple? Try our breaded chicken patty topped with lettuce and mayo.,370.69,370.69,370.69,True
1911,148,Spicy Chicken Burger with Fries and Drink,Meat Mains,Chicken & Fish,586.21,PKR,"Experience a burst of flavor with 100% pure chicken, spicy sauce, and crispy lettuce in a soft burger bun, served with a drink and fries.",586.21,586.21,586.21,True
1912,148,Spicy Crispy Deluxe,Meat Mains,Chicken & Fish,646.56,PKR,"Corn-dusted bun with tender, juicy, boneless chicken thigh meat, encased in a spicy crust, topped with fresh lettuce and creamy mayonnaise.",646.56,646.56,646.56,True
1913,148,Spicy Grand Chicken,Meat Mains,Chicken & Fish,948.28,PKR,"A thick, crispy chicken patty topped with a handful of crispy lettuce, juicy tomato slices, and slice of cheese, accompanied by a grainy, gourmet dressing sauce - all held together by a soft bun.",948.28,948.28,948.28,True
1914,148,Tender Wrap BBQ,Meat Mains,Chicken & Fish,431.04,PKR,Topped with the delicious BBQ sauce with our crispy chicken gathers the tastiest and most savory ingredients from tomatoes to green lettuce freshly wrapped in a soft flour tortilla.,431.04,431.04,431.04,True
1915,148,Tender Wrap BBQ with Fries and Drink,Meat Mains,Chicken & Fish,646.56,PKR,"Enjoy crispy chicken with tangy BBQ sauce, fresh tomatoes, and crisp lettuce, all wrapped in a warm tortilla bread, served with a drink and fries.",646.56,646.56,646.56,True
1916,148,Tender Wrap Chipotle,Meat Mains,Chicken & Fish,431.04,PKR,"Our Chipotle Wrap made with crispy chicken strips gathers the tastiest ingredients from tomatoes, to green lettuce, topped with our delicious Chipotle sauce wrapped in a soft flour tortilla.",431.04,431.04,431.04,True
1917,148,Tender Wrap Chipotle with Fries and Drink,Meat Mains,Chicken & Fish,646.56,PKR,"Savor crispy chicken strips with fresh tomatoes, green lettuce, and a zesty Chipotle sauce, all wrapped in a warm tortilla bread, served with a drink and fries.",646.56,646.56,646.56,True
1918,148,Tender Wrap Garlic Mayo,Meat Mains,Chicken & Fish,431.04,PKR,"Delight in our classic cheesy Mayo wrap with savory chicken, fresh tomatoes, and crisp lettuce, all wrapped in a warm tortilla bread",431.04,431.04,431.04,True
1919,148,Tender Wrap Garlic Mayo with Fries and Drink,Meat Mains,Chicken & Fish,646.56,PKR,"Delight in our classic cheesy Mayo wrap with savory chicken, fresh tomatoes, and crisp lettuce, all wrapped in a warm tortilla bread, served with a drink and fries.",646.56,646.56,646.56,True
1920,148,BBQ Mayo Sauce,Add-ons & Condiments,Condiments,43.1,PKR,BBQ Mayo dip to add a tangy touch,43.1,43.1,43.1,True
1921,148,Chili Mayonnaise Sauce,Add-ons & Condiments,Condiments,43.1,PKR,Chili Mayonnaise dip for your delight,43.1,43.1,43.1,True
1922,148,Dijon Sauce,Add-ons & Condiments,Condiments,86.21,PKR,Dijon Sauce to add flavour to your meal,86.21,86.21,86.21,True
1923,148,Garlic Mayonnaise Sauce,Add-ons & Condiments,Condiments,43.1,PKR,An all time classic dip!,43.1,43.1,43.1,True
1924,148,Hot Mustard Sauce,Add-ons & Condiments,Condiments,43.1,PKR,"Savour it all, with this perfect blend of mustard, vinegar and spices.",43.1,43.1,43.1,True
1925,148,Mini Pita Bread,Add-ons & Condiments,Condiments,30.18,PKR,Toasted Pita Bread for sides,30.18,30.18,30.18,True
1926,148,Tartar Sauce,Add-ons & Condiments,Condiments,86.21,PKR,Tartar Sauce for a delicious bite,86.21,86.21,86.21,True
1927,148,Thai Sweet Chili Sauce,Add-ons & Condiments,Condiments,43.1,PKR,,43.1,43.1,43.1,True
1928,148,Crispy & Spicy Chicken Mix 9 pc,Meat Mains,Crispy Chicken,3060.35,PKR,,3060.35,3060.35,3060.35,True
1929,148,Crispy Chicken 1 pc,Meat Mains,Crispy Chicken,431.04,PKR,Enjoy 1 piece Crispy Chicken with delicate breading that gives you delightful crispiness but lets you taste the succulence of the tender chicken in every bite.,431.04,431.04,431.04,True
1930,148,Crispy Chicken 1 pc with Regular Fries & Drink,Meat Mains,Crispy Chicken,646.56,PKR,,646.56,646.56,646.56,True
1931,148,Crispy Chicken 2 pc,Meat Mains,Crispy Chicken,775.87,PKR,,775.87,775.87,775.87,True
1932,148,Crispy Chicken 3 Pc,Meat Mains,Crispy Chicken,1120.69,PKR,,1120.69,1120.69,1120.69,True
1933,148,Crispy Chicken 9 pc,Meat Mains,Crispy Chicken,3060.35,PKR,,3060.35,3060.35,3060.35,True
1934,148,Crispy Chicken 9 pc Bucket,Meat Mains,Crispy Chicken,3275.9,PKR,,3275.9,3275.9,3275.9,True
1935,148,Crispy Chicken Mix 9 pc,Meat Mains,Crispy Chicken,3275.9,PKR,,3275.9,3275.9,3275.9,True
1936,148,Crispy Chicken Spicy 1 pc,Meat Mains,Crispy Chicken,431.04,PKR,,431.04,431.04,431.04,True
1937,148,Crispy Chicken Spicy 1 pc with Regular Fries & Drink,Meat Mains,Crispy Chicken,646.56,PKR,,646.56,646.56,646.56,True
1938,148,Crispy Chicken Spicy 2 pc,Meat Mains,Crispy Chicken,775.87,PKR,,775.87,775.87,775.87,True
1939,148,Crispy Chicken Spicy 3 Pc,Meat Mains,Crispy Chicken,1120.69,PKR,,1120.69,1120.69,1120.69,True
1940,148,Crispy Chicken Spicy 9 pc,Meat Mains,Crispy Chicken,3060.35,PKR,,3060.35,3060.35,3060.35,True
1941,148,Large Meal Crispy Chicken 2 pc,Meat Mains,Crispy Chicken,1206.9,PKR,Enjoy 2 pcs Crispy Chicken with delicate breading that gives you delightful crispiness but lets you taste the succulence of the tender chicken in every bite.,1206.9,1206.9,1206.9,True
1942,148,Large Meal Crispy Chicken 3 pc,Meat Mains,Crispy Chicken,1551.73,PKR,Enjoy 3 pcs Crispy Chicken with delicate breading that gives you delightful crispiness but lets you taste the succulence of the tender chicken in every bite.,1551.73,1551.73,1551.73,True
1943,148,Large Meal Crispy Chicken Spicy 2 pc,Meat Mains,Crispy Chicken,1206.9,PKR,2pcs of juicy and tender white meat covered with a crispy coating and fried to perfection with our Large World Famous Fries® and chilled soft drink of your choice.,1206.9,1206.9,1206.9,True
1944,148,Large Meal Crispy Chicken Spicy 3 pc,Meat Mains,Crispy Chicken,1551.73,PKR,3pcs of juicy and tender white meat covered with a crispy coating and fried to perfection with our Large World Famous Fries® and chilled soft drink of your choice.,1551.73,1551.73,1551.73,True
1945,148,Medium Meal Crispy Chicken 2 pc,Meat Mains,Crispy Chicken,1120.69,PKR,Enjoy 2 pcs Crispy Chicken with delicate breading that gives you delightful crispiness but lets you taste the succulence of the tender chicken in every bite.,1120.69,1120.69,1120.69,True
1946,148,Medium Meal Crispy Chicken 3 pc,Meat Mains,Crispy Chicken,1465.52,PKR,Enjoy 3 pcs Crispy Chicken with delicate breading that gives you delightful crispiness but lets you taste the succulence of the tender chicken in every bite.,1465.52,1465.52,1465.52,True
1947,148,Medium Meal Crispy Chicken Spicy 2 pc,Meat Mains,Crispy Chicken,1120.69,PKR,2pcs of juicy and tender white meat covered with a crispy coating and fried to perfection with our Medium World Famous Fries® and chilled soft drink of your choice.,1120.69,1120.69,1120.69,True
1948,148,Medium Meal Crispy Chicken Spicy 3 pc,Meat Mains,Crispy Chicken,1465.52,PKR,3pcs of juicy and tender white meat covered with a crispy coating and fried to perfection with our Medium World Famous Fries® and chilled soft drink of your choice.,1465.52,1465.52,1465.52,True
1949,148,Regular Meal Crispy Chicken 2 pc,Meat Mains,Crispy Chicken,991.38,PKR,Enjoy 2 pcs Crispy Chicken with delicate breading that gives you delightful crispiness but lets you taste the succulence of the tender chicken in every bite.,991.38,991.38,991.38,True
1950,148,Regular Meal Crispy Chicken 3 pc,Meat Mains,Crispy Chicken,1336.21,PKR,Enjoy 3 pcs Crispy Chicken with delicate breading that gives you delightful crispiness but lets you taste the succulence of the tender chicken in every bite.,1336.21,1336.21,1336.21,True
1951,148,Regular Meal Crispy Chicken Spicy 2 pc,Meat Mains,Crispy Chicken,991.38,PKR,2pcs of juicy and tender white meat covered with a crispy coating and fried to perfection! Comes in Spicy Flavor.,991.38,991.38,991.38,True
1952,148,Regular Meal Crispy Chicken Spicy 3 pc,Meat Mains,Crispy Chicken,1336.21,PKR,3pcs of juicy and tender white meat covered with a crispy coating and fried to perfection!,1336.21,1336.21,1336.21,True
1953,148,Apple Pie,Desserts,Desserts,431.04,PKR,"Crispy on the outside, deliciously hot and sweet on the inside, our Apple Pie is a McDonald's classic.",431.04,431.04,431.04,True
1954,148,McFlurry KitKat,Desserts,Desserts,625.0,PKR,Enjoy the new McFlurry made with KITKAT® — a delicious blend of creamy soft serve and crunchy chocolatey KITKAT® crumbles,625,625.0,625.0,True
1955,148,McFlurry Lotus Biscoff,Desserts,Desserts,663.8,PKR,Introducing the sweet addition: Lotus Biscoff McFlurry! Creamy dessert of vanilla soft serve topped with Caramelized Lotus Biscuits Crumble! A delightful treat and addition to your McDonald’s meal.,663.8,663.8,663.8,True
1956,148,McFlurry Oreo,Desserts,Desserts,560.35,PKR,Vanilla soft serve with OREO Cookies mixed in.,560.35,560.35,560.35,True
1957,148,McFlurry Oreo Fudge,Desserts,Desserts,577.59,PKR,,577.59,577.59,577.59,True
1958,148,Mini McFlurry KitKat,Desserts,Desserts,370.69,PKR,"Enjoy the new McFlurry made with KITKAT® — a delicious blend of creamy soft serve and crunchy chocolatey KITKAT® crumbles, now also available in a Mini size for the perfect sweet treat anytime.",370.69,370.69,370.69,True
1959,148,Mini McFlurry Lotus Biscoff,Desserts,Desserts,387.94,PKR,Introducing the sweet addition: Lotus Biscoff McFlurry! Creamy dessert of vanilla soft serve topped with Caramelized Lotus Biscuits Crumble! A delightful treat and addition to your McDonald’s meal.,387.94,387.94,387.94,True
1960,148,Mini McFlurry Oreo,Desserts,Desserts,344.83,PKR,Vanilla soft serve with OREO Cookies mixed in.,344.83,344.83,344.83,True
1961,148,Mini McFlurry Oreo Fudge,Desserts,Desserts,366.38,PKR,,366.38,366.38,366.38,True
1962,148,Sundae Hot Fudge,Desserts,Desserts,474.14,PKR,"Vanilla soft serve, smothered in chocolaty fudge sauce.",474.14,474.14,474.14,True
1963,148,Sundae Plain,Desserts,Desserts,344.83,PKR,,344.83,344.83,344.83,True
1964,148,Sundae Strawberry,Desserts,Desserts,474.14,PKR,Creamy vanilla soft serve topped with sliced strawberries in a sweet and tart strawberry sauce.,474.14,474.14,474.14,True
1965,148,Double Filet-o-Fish,Burgers,Double Patty Burgers,1060.35,PKR,,1060.35,1060.35,1060.35,True
1966,148,Double McChicken,Burgers,Double Patty Burgers,775.87,PKR,"Our quality chicken breast, cooked in a seasoned tempura coating, topped with fresh-grown lettuce and our exceptional McChicken sauce between a sesame seed bun, makes for a hard to beat classic.",775.87,775.87,775.87,True
1967,148,Double Quarter Pounder,Burgers,Double Patty Burgers,1465.52,PKR,,1465.52,1465.52,1465.52,True
1968,148,Double Spicy Crispy Deluxe,Burgers,Double Patty Burgers,1008.63,PKR,"Our Double Spicy Crispy Deluxe features two spicy crispy chicken fillets layered with crisp leaf lettuce and mayonnaise, sandwiched between a sesame seed bun.",1008.63,1008.63,1008.63,True
1969,148,Large Meal Double Filet-o-Fish,Burgers,Double Patty Burgers,1491.38,PKR,,1491.38,1491.38,1491.38,True
1970,148,Large Meal Double McChicken,Burgers,Double Patty Burgers,1163.79,PKR,"Our quality chicken breast, cooked in a seasoned tempura coating, topped with fresh-grown lettuce and our exceptional McChicken sauce between a sesame seed bun, makes for a hard to beat classic.",1163.79,1163.79,1163.79,True
1971,148,Large Meal Double Quarter Pounder,Burgers,Double Patty Burgers,1879.31,PKR,,1879.31,1879.31,1879.31,True
1972,148,Large Meal Double Spicy Crispy Deluxe,Burgers,Double Patty Burgers,1422.42,PKR,"Our Double Spicy Crispy Deluxe features two spicy crispy chicken fillets layered with crisp leaf lettuce and mayonnaise, sandwiched between a sesame seed bun",1422.42,1422.42,1422.42,True
1973,148,Medium Meal Double Filet-o-Fish,Burgers,Double Patty Burgers,1405.17,PKR,,1405.17,1405.17,1405.17,True
1974,148,Medium Meal Double McChicken,Burgers,Double Patty Burgers,1077.59,PKR,"Our quality chicken breast, cooked in a seasoned tempura coating, topped with fresh-grown lettuce and our exceptional McChicken sauce between a sesame seed bun, makes for a hard to beat classic.",1077.59,1077.59,1077.59,True
1975,148,Medium Meal Double Quarter Pounder,Burgers,Double Patty Burgers,1793.11,PKR,,1793.11,1793.11,1793.11,True
1976,148,Medium Meal Double Spicy Crispy Deluxe,Burgers,Double Patty Burgers,1336.21,PKR,"Our Double Spicy Crispy Deluxe features two spicy crispy chicken fillets layered with crisp leaf lettuce and mayonnaise, sandwiched between a sesame seed bun",1336.21,1336.21,1336.21,True
1977,148,Regular Meal Double Filet-o-Fish,Burgers,Double Patty Burgers,1275.87,PKR,,1275.87,1275.87,1275.87,True
1978,148,Regular Meal Double McChicken,Burgers,Double Patty Burgers,948.28,PKR,"Our quality chicken breast, cooked in a seasoned tempura coating, topped with fresh-grown lettuce and our exceptional McChicken sauce between a sesame seed bun, makes for a hard to beat classic.",948.28,948.28,948.28,True
1979,148,Regular Meal Double Quarter Pounder,Burgers,Double Patty Burgers,1663.8,PKR,,1663.8,1663.8,1663.8,True
1980,148,Regular Meal Double Spicy Crispy Deluxe,Burgers,Double Patty Burgers,1206.9,PKR,"Our Double Spicy Crispy Deluxe features two spicy crispy chicken fillets layered with crisp leaf lettuce and mayonnaise, sandwiched between a sesame seed bun",1206.9,1206.9,1206.9,True
1981,148,Large Fries,Sides & Appetizers,Fries & Sides,431.04,PKR,These epic fries are crispy and golden on the outside and fluffy on the inside.,431.04,431.04,431.04,True
1982,148,Happy Meal 4pc Nuggets with Toy,Other,Happy Meals,758.62,PKR,Four tender Chicken McNuggets made with white meat with kid-sized World Famous Fries® and juice of your choice.,758.62,758.62,758.62,True
1983,148,Happy Meal Beef Burger with Toy,Other,Happy Meals,758.62,PKR,A juicy beef burger with kid-sized World Famous Fries® and a juice of your choice.,758.62,758.62,758.62,True
1984,148,Happy Meal Cheese Burger with Toy,Other,Happy Meals,818.97,PKR,"It’s Cheesy! A legendary combo of 100% pure beef, onions, pickles, ketchup, mustard and cheese, all in a soft burger bun served with kid-sized World Famous Fries® and drink of your choice.",818.97,818.97,818.97,True
1985,148,Happy Meal Chicken Burger with Toy,Other,Happy Meals,758.62,PKR,A tasty chicken burger with kid-sized World Famous Fries® and juice of your choice.,758.62,758.62,758.62,True
1986,148,Happy Meal Crispy 1PC with Sundae,Other,Happy Meals,775.87,PKR,,775.87,775.87,775.87,True
1987,148,Happy Meal Crispy 1PC with Toy,Other,Happy Meals,775.87,PKR,,775.87,775.87,775.87,True
1988,148,McSavers Mix & Match,Other,McSavers Mix & Match,474.14,PKR,,474.14,474.14,474.14,True
1989,148,Budget Share Bag,Other,Share Bags,2017.24,PKR,"Enjoy Cricket Season with 2 Hot N Crispy Burger, 2 Spicy Chicken Burger, 2 Medium Fries and 4 Regular Drinks",2017.24,2017.24,2017.24,True
1990,148,Crispy Chicken Spicy 9 pc Bucket,Other,Share Bags,3275.9,PKR,9pcs of juicy and tender white meat covered with a crispy coating and fried to perfection!,3275.9,3275.9,3275.9,True
1991,148,Jumbo Share Bag,Other,Share Bags,2879.31,PKR,"Get 2 Chicken Mac, 1 Spicy McCrispy, 1 McChicken, 2 of our World Famous Medium Fries and 4 Regular drink.",2879.31,2879.31,2879.31,True
1992,148,Hot Milo,Other,What's New,387.93,PKR,,387.93,387.93,387.93,True
1993,148,Potato Bites 7Pc,Other,What's New,215.52,PKR,"Deliciously tasty Potato Bites. Fluffy on the inside, crispy and toasty on the outside.",215.52,215.52,215.52,True
1994,148,Spicy Grilled Chicken Chapli,Other,What's New,387.93,PKR,"A perfectly spiced grilled chicken chapli patty with chapli-inspired sauce, crisp lettuce, and fresh tomatoes, served in a soft toasted bun.",387.93,387.93,387.93,True
1995,148,Spicy Grilled Chicken Chapli Value Meal,Other,What's New,603.45,PKR,"A perfectly spiced grilled chicken chapli patty with chapli-inspired sauce, crisp lettuce, and fresh tomatoes, served in a soft toasted bun.",603.45,603.45,603.45,True
1996,149,BBQ Wings,BBQ & Grill,Bar BQ,270.0,PKR,"Spicy, smoky chicken wings coated in tangy barbecue sauce, perfect for sharing and snacking.",Quarter: 270.0; Half: 540.0; Full: 1080.0,270.0,1080.0,True
1997,149,Beef Kabab,BBQ & Grill,Bar BQ,405.0,PKR,"Grilled spiced beef skewers, often served with flatbread and tangy sauces.",Quarter: 405.0; Half: 810.0; Full: 1620.0,405.0,1620.0,True
1998,149,Chicken Kabab,BBQ & Grill,Bar BQ,270.0,PKR,"Grilled marinated chicken skewers, often served with spices and accompanied by fresh vegetables.",Quarter: 270.0; Half: 540.0; Full: 1080.0,270.0,1080.0,True
1999,149,Chicken Tikka Boti,BBQ & Grill,Bar BQ,270.0,PKR,"Spiced chicken pieces grilled on skewers, served with tangy sauces and fresh herbs.",Quarter: 270.0; Half: 540.0; Full: 1080.0,270.0,1080.0,True
2000,149,Gola Kabab,BBQ & Grill,Bar BQ,405.0,PKR,"Spiced minced meat skewers, grilled to perfection, served with tangy sauces and fresh herbs.",Quarter: 405.0; Half: 810.0; Full: 1620.0,405.0,1620.0,True
2001,149,Hara Bhara Kabab,BBQ & Grill,Bar BQ,405.0,PKR,"Spiced vegetable patties, grilled to perfection, served with tangy chutney and fresh salad.",Quarter: 405.0; Half: 810.0; Full: 1620.0,405.0,1620.0,True
2002,149,Malai Piece,BBQ & Grill,Bar BQ,360.0,PKR,"Tender, marinated meat grilled to perfection, served with creamy sauce and aromatic spices.",,,,True
2003,149,Nablets,BBQ & Grill,Bar BQ,270.0,PKR,"Grilled meat skewers served with tangy sauce and fresh vegetables, perfect for outdoor gatherings.",Quarter: 270.0; Half: 540.0; Full: 1080.0,270.0,1080.0,True
2004,149,Reshmi Kabab,BBQ & Grill,Bar BQ,405.0,PKR,"Tender, spiced chicken skewers grilled to perfection, served with mint chutney and onions.",Quarter: 405.0; Half: 810.0; Full: 1620.0,405.0,1620.0,True
2005,149,Boneless Chicken Achari Handi,Pakistani,Handi,900.0,PKR,"Spicy, tangy chicken cooked in a traditional pot with aromatic spices and herbs.",Half: 900.0; Full: 1620.0,900.0,1620.0,True
2006,149,Boneless Chicken Cheese Handi,Pakistani,Handi,990.0,PKR,"Creamy chicken dish cooked in a traditional pot, enriched with melted cheese and spices.",Half: 990.0; Full: 1800.0,990.0,1800.0,True
2007,149,Boneless Chicken Handi,Pakistani,Handi,900.0,PKR,A flavorful chicken curry cooked in a traditional pot with aromatic spices and herbs.,Half: 900.0; Full: 1620.0,900.0,1620.0,True
2008,149,Chicken Jalfrezi Handi,Pakistani,Handi,990.0,PKR,Spicy chicken curry cooked in a traditional pot with vibrant vegetables and aromatic spices.,Half: 990.0; Full: 1800.0,990.0,1800.0,True
2009,149,Chicken Malai Handi,Pakistani,Handi,900.0,PKR,"Creamy chicken curry cooked in a traditional pot, infused with aromatic spices and herbs.",Half: 900.0; Full: 1620.0,900.0,1620.0,True
2010,149,Nou Lakha Special Chicken Handi,Pakistani,Handi,990.0,PKR,"A flavorful chicken curry cooked in a traditional pot, rich with spices and herbs.",Half: 990.0; Full: 1980.0,990.0,1980.0,True
2011,149,Chicken Achari Karahi,BBQ & Grill,Karahi,675.0,PKR,Spicy chicken cooked in a wok with pickling spices and aromatic herbs.,Half: 675.0; Full: 1350.0,675.0,1350.0,True
2012,149,Chicken Desi Ghee Karahi,BBQ & Grill,Karahi,900.0,PKR,"Spicy chicken cooked in ghee with aromatic spices, served in a traditional wok-like pan.",Half: 900.0; Full: 1800.0,900.0,1800.0,True
2013,149,Chicken Karahi,BBQ & Grill,Karahi,630.0,PKR,"Spicy chicken stir-fried with tomatoes, green chilies, and aromatic spices in a wok-like pan.",Half: 630.0; Full: 1260.0,630.0,1260.0,True
2014,149,Chicken Makhan Karahi,BBQ & Grill,Karahi,900.0,PKR,"Spicy chicken cooked in a rich, buttery tomato sauce, served in a traditional wok.",Half: 900.0; Full: 1800.0,900.0,1800.0,True
2015,149,Chicken White Karahi,BBQ & Grill,Karahi,720.0,PKR,Spicy chicken cooked in a wok with aromatic herbs and creamy sauce.,Half: 720.0; Full: 1440.0,720.0,1440.0,True
2016,149,Rajasthani Chicken Karahi,BBQ & Grill,Karahi,855.0,PKR,Spicy chicken cooked in a wok with aromatic spices and vibrant vegetables.,Half: 855.0; Full: 1620.0,855.0,1620.0,True
2017,149,Kabab Masala,Other,Main,585.0,PKR,Spiced skewered meat cooked with aromatic herbs and served with flavorful sauce.,Half: 585.0; Full: 1080.0,585.0,1080.0,True
2018,149,Special Mint Raita,Sides & Appetizers,Sides,50.0,PKR,"A refreshing yogurt dish with mint, perfect for cooling spicy meals.",,,,True
2019,149,Achari Naan,BBQ & Grill,Tandoor,90.0,PKR,"Spiced flatbread baked in a clay oven, often served with flavorful curries or dips.",,,,True
2020,149,Garlic Naan,BBQ & Grill,Tandoor,90.0,PKR,"Soft, fluffy bread infused with garlic, baked in a traditional clay oven.",,,,True
2021,149,Hara Bhara Naan,BBQ & Grill,Tandoor,45.0,PKR,"Stuffed flatbread with spinach and spices, baked in a traditional clay oven.",,,,True
2022,149,Kalonji Naan,BBQ & Grill,Tandoor,90.0,PKR,"Fluffy, leavened bread infused with aromatic kalonji seeds, baked in a traditional clay oven.",,,,True
2023,149,Kulcha,BBQ & Grill,Tandoor,36.0,PKR,"Leavened bread baked in a clay oven, often stuffed with various fillings and served warm.",,,,True
2024,149,Milky Naan,BBQ & Grill,Tandoor,90.0,PKR,"Soft, fluffy bread baked in a clay oven, perfect for dipping or wrapping.",,,,True
2025,149,Qeemay Wala Naan,BBQ & Grill,Tandoor,225.0,PKR,"Stuffed flatbread baked in a tandoor, filled with spiced minced meat and herbs.",,,,True
2026,149,Roghni Naan,BBQ & Grill,Tandoor,90.0,PKR,"Soft, fluffy bread baked in a clay oven, often topped with sesame seeds.",,,,True
2027,149,Taftan Naan,BBQ & Grill,Tandoor,270.0,PKR,"Soft, fluffy flatbread baked in a tandoor, often enjoyed with various dishes.",,,,True
2028,149,Tawa Piece,Other,Tawa Item,450.0,PKR,"Spiced, grilled meat served on a hot plate with vibrant accompaniments.",,,,True
2029,150,Azadi Deal 1,Deals & Combos,Azadi Deals & Discounts,690.0,PKR,ShotGun & Original Fries,690,690.0,690.0,True
2030,150,Smash Beef Double,Burgers,Beef Burgers,1290.0,PKR,"Double Patty Tango: Grilled Onions, Cheese, and Special Sauce all on a double patty smashed beef– Customize with Jalapenos! Nutritional Content per serving: 984 calories",1290,1290.0,1290.0,True
2031,150,Smash Beef Single,Burgers,Beef Burgers,790.0,PKR,"Patty Perfection: Juicy Dance of Grilled Onions, Cheese, and Special Sauce – Add jalapenos for a bold, custom smash experience! Nutritional Content per serving: 619 calories",790,790.0,790.0,True
2032,150,Al Arabi Burger Double,Burgers,Chicken Burgers,690.0,PKR,"Yalla, take a bite! Introducing the Al-Arabi Chicken Burger brings you double crispy chicken, tangy pickles, and signature sauces in every bite. Nutritional Content per serving: 371 calories",690,690.0,690.0,True
2033,150,Al Arabi Burger Single,Burgers,Chicken Burgers,390.0,PKR,"Experience the true Arabic taste — Al Arabi Chicken Burger brings you crispy chicken, tangy pickles, and signature sauces in every bite. Nutritional Content per serving: 294 calories",390,390.0,390.0,True
2034,150,Chicken Fillet Sandwich,Burgers,Chicken Burgers,680.0,PKR,Crispy chicken fillet with signature seasonings - will leave you craving for more. Nutritional Content per serving: 584 calories,680,680.0,680.0,True
2035,150,Crispy Chicken Burger,Burgers,Chicken Burgers,350.0,PKR,"A golden-crispy breast fillet topped with a bold, savory sauce in a perfectly toasted bun. Nutritional Content per serving: 445 calories",350,350.0,350.0,True
2036,150,Grilled Chicken,Burgers,Chicken Burgers,650.0,PKR,"Grilled to perfection, premium chicken, special sauce and onions - gives you a superior burger experience. Nutritional Content per serving: 437 calories",650,650.0,650.0,True
2037,150,Nashville Hot Sandwich,Burgers,Chicken Burgers,720.0,PKR,Nashville Hot just got hotter! Enhanced flavour now using premium breast fillet for an exquisite taste. Nutritional Content per serving: 566 calories,720,720.0,720.0,True
2038,150,The Rebel Sandwich,Burgers,Chicken Burgers,790.0,PKR,"Ignite your taste buds with bold, zesty, blazing-hot flavor. Get ready for a treat on fire! Nutritional Content per serving: 595 calories",790,790.0,790.0,True
2039,150,The ShotGun,Burgers,Chicken Burgers,590.0,PKR,Fast-Track to Flavor Frenzy – Bite into Speedy Delight! Nutritional Content per serving: 579 calories,Original: 590; Hot: 590,590.0,590.0,True
2040,150,Coconut Caramel Latte (Short),Other,Cold Brews,350.0,PKR,"A refreshing twist that’s bold, smooth, and irresistibly unique. An indulgent blend of silky iced coffee, tropical coconut, and sweet caramel. Nutritional Content per serving: Shorts 180 calories.",350,350.0,350.0,True
2041,150,Coconut Caramel Latte (Tall),Other,Cold Brews,550.0,PKR,"A refreshing twist that’s bold, smooth, and irresistibly unique. An indulgent blend of silky iced coffee, tropical coconut, and sweet caramel. Nutritional Content per serving: Tall 240 calories.",550,550.0,550.0,True
2042,150,Iced Caramel Latte (Short),Other,Cold Brews,290.0,PKR,"Smooth, refreshing iced coffee infused with rich caramel flavour — Brew-tally refreshing in every sip. Nutritional Content per serving: Shorts 165 calories.",290,290.0,290.0,True
2043,150,Iced Caramel Latte (Tall),Other,Cold Brews,490.0,PKR,"Smooth, refreshing iced coffee infused with rich caramel flavour — Brew-tally refreshing in every sip. Nutritional Content per serving: Tall 220 calories.",490,490.0,490.0,True
2044,150,Al Arabi Burger Double Combo,Deals & Combos,Combos,1140.0,PKR,Experience the true Arabic taste — Al Arabi Chicken Burger with regular fries and a refreshing drink. Nutritional Content per serving: 618 calories,1140,1140.0,1140.0,True
2045,150,Al Arabi Burger Single Combo,Deals & Combos,Combos,840.0,PKR,Experience the true Arabic taste — Al Arabi Chicken Burger with regular fries and a refreshing drink. Nutritional Content per serving: 541 calories,840,840.0,840.0,True
2046,150,Chicken Fillet Sandwich Combo,Deals & Combos,Combos,1130.0,PKR,"Chicken Fillet Sandwich, Fries and a refreshing drink. Nutritional Content per serving: 831 calories",1130,1130.0,1130.0,True
2047,150,Chopped Beef & Cheese Combo,Deals & Combos,Combos,1340.0,PKR,"A juicy Chopped Beef & Cheese sando, fries, and a Spud Cola, a classic combo done right. Nutritional Content per serving: 815 calories",1340,1340.0,1340.0,True
2048,150,Crispy Caesar Chicken Combo,Deals & Combos,Combos,1440.0,PKR,"Crispy Caesar Chicken Sando, Fries and a refreshing drink. Nutritional Content per serving: 708 calories",1440,1440.0,1440.0,True
2049,150,Crispy Double Wrap Combo,Deals & Combos,Combos,1000.0,PKR,"Double the crispy chicken, with signature fries, and a Drink to quench your thirst. Nutritional Content per serving: 705 calories",1000,1000.0,1000.0,True
2050,150,Grilled Chicken Combo,Deals & Combos,Combos,1100.0,PKR,"Savor a gourmet burger with fries and a drink, a delectable choice for those seeking a sophisticated meal. Nutritional Content per serving: 684 calories",1100,1100.0,1100.0,True
2051,150,Nashville Double Wrap Combo,Deals & Combos,Combos,1040.0,PKR,"Double the Nashville chicken, with signature fries, and a Drink to quench your thirst. Nutritional Content per serving: 724 calories",1040,1040.0,1040.0,True
2052,150,Nashville Hot Sandwich Combo,Deals & Combos,Combos,1170.0,PKR,Satisfy your spicy cravings with our Nashville Hot Sandwich served with a side of fries and a refreshing drink. Nutritional Content per serving: 813 calories,1170,1170.0,1170.0,True
2053,150,Smash Beef Double Combo,Deals & Combos,Combos,1740.0,PKR,"Double the delight with two succulent beef patties, fries, and a Drink to quench your thirst. Nutritional Content per serving: 1231 calories",1740,1740.0,1740.0,True
2054,150,Smash Beef Single Combo,Deals & Combos,Combos,1240.0,PKR,"Dive into a juicy single patty burger, fries, and a Spud Cola, a classic combo done right. Nutritional Content per serving: 867 calories",1240,1240.0,1240.0,True
2055,150,The Rebel Sandwich Combo,Deals & Combos,Combos,1240.0,PKR,"Fiery crunch, creamy heat. Perfect with fries and Spud Cola for the ultimate comfort experience! Nutritional Content per serving: 842 calories",1240,1240.0,1240.0,True
2056,150,The ShotGun Combo,Deals & Combos,Combos,1040.0,PKR,"Enjoy a hearty burger, fries and refreshing Drink for the ultimate comfort food experience. Nutritional Content per serving: 826 calories",1040,1040.0,1040.0,True
2057,150,1 Pc Fried Chicken,Deals & Combos,Everyday Value Picks,270.0,PKR,OPTP's Southern Fried Chicken: A Taste that Truly Excites – Legendary Crisp Await! Nutritional Content per serving: Leg 277 calories,270,270.0,270.0,True
2058,150,2 Pcs Fried Chicken,Deals & Combos,Everyday Value Picks,490.0,PKR,Southern Fried Chicken: OPTP's Irresistible Delight – A Flavor Feast to Crave! Nutritional Content per serving: Leg 554 & Breast 690 calories,Leg: 490; Breast: 790,490.0,790.0,True
2059,150,Arabi & Iced Latte Short,Deals & Combos,Everyday Value Picks,680.0,PKR,"Yalla, take a bite! Enjoy the true Arabic taste with smooth, refreshing iced coffee infused with rich caramel flavour. Nutritional Content per serving: 549 calories",680,680.0,680.0,True
2060,150,Crispy Burger Combo,Deals & Combos,Everyday Value Picks,720.0,PKR,"Indulge in a golden-crispy chicken breast fillet burger layered with a bold, savory sauce, Combo with regular fries and a refreshing drink. Nutritional Content per serving: 619 calories",720,720.0,720.0,True
2061,150,Crispy Chicken Snack Wrap,Deals & Combos,Everyday Value Picks,350.0,PKR,"Golden crispy chicken, signature garlic mayo, and hand-cut fries — a classic flavor combo wrapped for on-the-go snacking. Nutritional Content per serving: 341 calories",350,350.0,350.0,True
2062,150,Crispy Duo Combo,Deals & Combos,Everyday Value Picks,750.0,PKR,"Savor a crispy chicken burger with 1 piece of golden fried chicken leg, served with a refreshing regular drink for the ultimate combo. Nutritional Content per serving: 859 calories",750,750.0,750.0,True
2063,150,Crispy Feast,Deals & Combos,Everyday Value Picks,1950.0,PKR,"Big flavor and value with 4 Crispy Chicken Burgers, 1 Large Hand-cut Fries, and a 1 Liter drink—perfect for sharing and crispy cravings. Nutritional Content per serving: 2530 calories",1950,1950.0,1950.0,True
2064,150,Cheddar Cheese,Beverages,Extras & Drinks,150.0,PKR,"Sauce Adventure Awaits: Try OPTP's Signature Dips, or Add Cheddar Cheese Dip Excellence to Your Feast! Nutritional Content per serving: 121 calories",150,150.0,150.0,True
2065,150,Coca-Cola - 1 Litre,Beverages,Extras & Drinks,299.0,PKR,Thirst Quenchers: 1 Litre Coke Selection – Perfect Refreshment for Your OPTP Flavor Adventure! Content per serving: 421 calories,299,299.0,299.0,True
2066,150,Coca-Cola Diet,Beverages,Extras & Drinks,190.0,PKR,Delight in Diet: 350ml Diet Coke – Your Flavorful Meal Companion from OPTP! Content per serving: 1 calories,190,190.0,190.0,True
2067,150,Garlic Mayo,Beverages,Extras & Drinks,100.0,PKR,Dive into Sauce World: Experience OPTP's Flavorful Sauces or Elevate Your Meal with Garlic Mayo Magic! Nutritional Content per serving: 160 calories,100,100.0,100.0,True
2068,150,Hot Garlic Mayo,Beverages,Extras & Drinks,100.0,PKR,"Sauce Sensation: OPTP's Flavorful Sauces Await, or Elevate Your Dish with Hot Garlic Mayo Wonder! Nutritional Content per serving: 165 calories",100,100.0,100.0,True
2069,150,Mineral Water,Beverages,Extras & Drinks,90.0,PKR,Hydration Essential: Opt for Mineral Water to Stay Fresh during Your OPTP Visit or On-the-Go!,90,90.0,90.0,True
2070,150,Sprite,Beverages,Extras & Drinks,190.0,PKR,Sprite Spark: 350ml Sprite – Fizz Up Your OPTP Culinary Journey with a Splash of Refreshment! Content per serving: 137 calories,190,190.0,190.0,True
2071,150,Sprite - 1 Litre,Beverages,Extras & Drinks,299.0,PKR,Sprite Spark: 1 Litre Sprite – Fizz Up Your OPTP Culinary Journey with a Splash of Refreshment! Content per serving: 390 calories,299,299.0,299.0,True
2072,150,Spud Cola,Beverages,Extras & Drinks,190.0,PKR,Cola Rush: 250 ml Spud - Ignite Your Taste Buds with the Ultimate Cola Fizz! Content per serving: 126 calories,190,190.0,190.0,True
2073,150,Toasted Bun,Beverages,Extras & Drinks,90.0,PKR,Experience the crisp of OPTP's Toasted bun with Garlic Mayo Magic! Nutritional Content per serving: 238 calories,90,90.0,90.0,True
2074,150,Arabi Duo,Other,Family Meals,1370.0,PKR,Experience the true Arabic taste — 2 Al-Arabi Single and Large Garlic Mayo Fries – Unleash the Flavor Fiesta! Nutritional Content per serving: 1110 calories,1370,1370.0,1370.0,True
2075,150,Loaded Feast,Other,Family Meals,4090.0,PKR,"A loaded Delight: 2 Chicken Fillet Sandwiches & Smash Beef Burgers, Large Loaded Bomber Fries and 1 Liter Drink – Family Flavor Extravaganza! Nutritional Content per serving: 3518 calories",4090,4090.0,4090.0,True
2076,150,ShotGun Treat,Other,Family Meals,3090.0,PKR,Unleash Burger Bliss with ShotGun Burgers – Perfect for Shared Delights! Nutritional Content per serving: 3066 calories,3090,3090.0,3090.0,True
2077,150,10 Pcs Crispy Nuggets & Fries,Wings & Fried,Fingers & Nuggets,1090.0,PKR,Crispy Nuggets Bliss: 10 Pcs with OPTP's World-Famous Sauces – Crisp Up Your Day! Nutritional Content per serving: 774 calories,Crispy: 1090; Garlic Mayo: 1190; Hot Garlic Mayo: 1190,1090.0,1190.0,True
2078,150,5 Pcs Crispy Nuggets & Fries,Wings & Fried,Fingers & Nuggets,690.0,PKR,Crispy Nuggets Bliss: 5 Pcs with OPTP's World-Famous Sauces – Crisp Up Your Day! Nutritional Content per serving: 557 calories,Crispy: 690; Garlic Mayo: 790; Hot Garlic Mayo: 790,690.0,790.0,True
2079,150,Crispy Chicken Fingers,Wings & Fried,Fingers & Nuggets,790.0,PKR,"Experience exceptional 3 Chicken Fingers in Signature Southern Fried Flavor, Paired with Toasted Half Bun. Nutritional Content per serving: 597 calories",790,790.0,790.0,True
2080,150,Crispy Fingers Meal,Wings & Fried,Fingers & Nuggets,990.0,PKR,"Southern Fried Elegance: 3 Chicken Fingers, Toasted Half Bun, Fries, and Legendary Garlic Mayo! Nutritional Content per serving: 978 calories",990,990.0,990.0,True
2081,150,Nashville Chicken Fingers,Wings & Fried,Fingers & Nuggets,840.0,PKR,"Nashville Flair Delight: 3 Chicken Fingers in Signature Flavor, Paired with Toasted Half Bun Temptation! Nutritional Content per serving: 675 calories",840,840.0,840.0,True
2082,150,Nashville Fingers Meal,Wings & Fried,Fingers & Nuggets,1150.0,PKR,"Taste Ignition: 3 Nashville Chicken Fingers, Toasted Half Bun, Fries, Garlic Mayo, Pickles, and Coleslaw Sensation! Nutritional Content per serving: 1058 calories",1150,1150.0,1150.0,True
2083,150,4 Pcs Box,Meat Mains,Fried Chicken,980.0,PKR,Crave the Ultimate: Southern Fried Chicken Box – 4 Pieces of Crispiness! Nutritional Content per serving: Leg 1108 & Leg + Breast 1244 calories,Leg: 980; Leg & Breast: 1280,980.0,1280.0,True
2084,150,8 Pcs Bucket,Meat Mains,Fried Chicken,1950.0,PKR,Elevate Senses: Southern Fried Chicken Bucket – 8 Pieces of Tantalizing Perfection! Nutritional Content per serving: Leg 2216 & Leg + Breast 2488 calories,Leg: 1950; Leg & Breast: 2560,1950.0,2560.0,True
2085,150,Cheddar Cheese Fries,Sides & Appetizers,Handcut Fries,540.0,PKR,Cheddar Cheese-Coated Hand-Cut Real Potatoes Await! Nutritional Content per serving: Original 423 & Large 570 calories,Original: 540; Large: 640,540.0,640.0,True
2086,150,Garlic Mayo Fries,Sides & Appetizers,Handcut Fries,490.0,PKR,Dive into Garlic Mayo Glory with Hand-Cut Real Potatoes! Nutritional Content per serving: Original 417 & Large 508 calories,Original: 490; Large: 590,490.0,590.0,True
2087,150,Hot Garlic Mayo Fries,Sides & Appetizers,Handcut Fries,490.0,PKR,Turn on the Heat with Hot Garlic Mayo Splendor on Hand-Cut Real Potatoes! Nutritional Content per serving: Original 387  & Large 517 calories,Original: 490; Large: 590,490.0,590.0,True
2088,150,Masala Fries,Sides & Appetizers,Handcut Fries,390.0,PKR,Hand-Cut Real Potatoes Dressed in Signature Masala Seasoning! Nutritional Content per serving: Original 223  & Large 329 calories,Original: 390; Large: 490,390.0,490.0,True
2089,150,Plain Fries,Sides & Appetizers,Handcut Fries,390.0,PKR,Discover the Crown Jewel of Hand-Cut Fries: Your Portion of Real Potato Perfection! Nutritional Content per serving: Original 222  & Large 328 calories,Original: 390; Large: 490,390.0,490.0,True
2090,150,Kids Burger,Other,Kids,350.0,PKR,A soft bun packed with chicken & our signature garlic mayo — perfectly sized for little appetites.,350,350.0,350.0,True
2091,150,Kids Meal,Other,Kids,550.0,PKR,"The perfect kids combo with a Kids Burger, Regular Fries, and a Slice Juice for a fun and tasty mealtime treat.",550,550.0,550.0,True
2092,150,Loaded Bomber Fries (Junior),Sides & Appetizers,Loaded Fries,690.0,PKR,"Chicken chunks, rich hot garlic mayo, and a cheesy finish — loaded bold for the ultimate flavor hit. Nutritional Content per serving: 554 calories.",690,690.0,690.0,True
2093,150,Loaded Bomber Fries (Large),Sides & Appetizers,Loaded Fries,1050.0,PKR,"Unveiling the Ultimate Loaded Creation: Chicken Chunks, Hot Garlic Mayo, and Cheese Finale! Nutritional Content per serving: 691 calories.",1050,1050.0,1050.0,True
2094,150,Loaded Nashville Fries (Junior),Sides & Appetizers,Loaded Fries,750.0,PKR,"Fiery Nashville chicken, hot garlic mayo, coleslaw, pickles and cheese — a spicy, Nashville kick in every bite. Nutritional Content per serving: 713 calories.",750,750.0,750.0,True
2095,150,Loaded Nashville Fries (Large),Sides & Appetizers,Loaded Fries,1090.0,PKR,"Nashville Flavors Unite: Spicy Chicken flavored chicken, Coleslaw, and Hot Garlic Mayo Embraced Hand-Cut Fries! Nutritional Content per serving: 898 calories",1090,1090.0,1090.0,True
2096,150,Crispy Caesar Chicken Sando,Snacks,New Arrival,990.0,PKR,"Golden crispy chicken fillet layered with fresh iceberg lettuce, creamy Parmesan Caesar dressing, and melted cheese — all stacked in soft toasted brioche bread for a bold, creamy bite. Nutritional Content per serving: 461 calories",990,990.0,990.0,True
2097,150,Crispy Chicken Double Wrap,Snacks,New Arrival,550.0,PKR,"Double the crispy chicken, loaded with signature garlic mayo and hand-cut fries, all wrapped for a bigger, more satisfying bite.   Nutritional Content per serving: 458 calories",550,550.0,550.0,True
2098,150,Nashville Chicken Double Wrap,Snacks,New Arrival,590.0,PKR,"Double Nashville chicken strips, hot garlic sauce, pickles, and coleslaw wrapped together for a fiery, crunchy, flavour-packed bite.  Nutritional Content per serving: 477 calories",590,590.0,590.0,True
2099,150,Chicken Caesar Salad,Salads,Salads,850.0,PKR,"Fresh iceberg lettuce topped with juicy grilled chicken, cheddar cheese cubes, crunchy croutons, and rich Caesar dressing — a flavorful salad that’s light, satisfying, and packed with bold taste. Nutritional Content per serving: 391 calories",850,850.0,850.0,True
2100,150,Chopped Beef & Cheese Sando,Other,Sandos,890.0,PKR,"Juicy chopped beef, grilled onions, melted cheese, and creamy sauce — all stacked in soft toasted brioche bread for a rich, savory bite. Nutritional Content per serving: 568 calories",890,890.0,890.0,True
2101,150,Nashville Chicken Snack Wrap,Shawarma & Wraps,Wraps,390.0,PKR,"A fiery, tangy, crunchy bite that hits all the right notes with Nashville chicken, topped with Hot Garlic Sauce, pickles, and coleslaw. Nutritional Content per serving: 360 calories",390,390.0,390.0,True
2102,151,Azaadi Deal,Deals & Combos,Azaadi Deals,1099.0,PKR,"Enjoy a delicious medium classic pizza with your choice of toppings, the perfect choice for any pizza lover!",,,,True
2103,151,Bundle Deal Large,Deals & Combos,Azaadi Deals,2400.0,PKR,"Large Pizza, 1.5 L drink and 4 pcs Cheesy Garlic Bread",,,,True
2104,151,Bundle Deal Medium,Deals & Combos,Azaadi Deals,1600.0,PKR,"Medium Pizza, Two  350 ml drinks and 2 Cheesy Garlic Bread",,,,True
2105,151,Cheese Garlic Bread,Sides & Appetizers,Bit On The Side,400.0,PKR,Cheese Garlic Bread.,Cheese Garlic Bread 2 Pcs: 400.0; Cheese Garlic Bread 6 Pcs: 600.0; Cheese Garlic Bread 4 Pcs: 500.0,2.0,600.0,True
2106,151,Cheese Sticks,Sides & Appetizers,Bit On The Side,650.0,PKR,Made from Our Freshly Knead Dough Topped with 100% Mozzarella Cheese. Served with Ranch Sauce Dip or Thai Sweet Chili,,,,True
2107,151,Garlic Bread,Sides & Appetizers,Bit On The Side,300.0,PKR,Plain Garlic Bread,Garlic Bread 2 Pcs: 300.0; Garlic Bread 6 Pcs: 500.0; Garlic Bread 4 Pcs: 399.0,2.0,500.0,True
2108,151,Jalapeno Fries,Sides & Appetizers,Bit On The Side,450.0,PKR,Jalapeno Fries.,,,,True
2109,151,Jalapeno Ranch Fries,Sides & Appetizers,Bit On The Side,450.0,PKR,Fries Jalapeno Ranch,,,,True
2110,151,Loaded Chipotle Ranch Fries,Sides & Appetizers,Bit On The Side,900.0,PKR,Loaded Chipotle Ranch Fries.,,,,True
2111,151,Loaded Creamy Ranch Fries,Sides & Appetizers,Bit On The Side,900.0,PKR,Loaded Creamy Ranch Fries.,,,,True
2112,151,Plain Fries,Sides & Appetizers,Bit On The Side,450.0,PKR,Plain Fries.,,,,True
2113,151,Spicy Chicken Ranch Rolls,Sides & Appetizers,Bit On The Side,600.0,PKR,Chicken Ranch Rolls,,,,True
2114,151,Spicy Chicken Rolls,Sides & Appetizers,Bit On The Side,600.0,PKR,"6 Pieces of Fresh Dough, Rolled and Baked with Spicy Chicken, Jalapenos, Ranch Sauce & Mozzarella. Comes with one Ranch Sauce Dip",,,,True
2115,151,Cheese,Pizza,Classic Pizza,650.0,PKR,Cheese & pizza sauce base,Small Pizza: 650.0; Medium Pizza: 1300.0; Small Pan: 650.0; Large Pizza: 1750.0; Medium Pan: 1300.0; Large Authentic Thin Crust: 1750.0; Large Pan: 1750.0; Medium Authentic Thin Crust: 1300.0; XL Pan: 2900.0; Large Kabab Crust: 2150.0; Medium Kabab Crust: 1600.0; XL Pizza: 2900.0,650.0,2900.0,True
2116,151,Garden Special,Pizza,Classic Pizza,650.0,PKR,"Green peppers, mushrooms, onions, tomatoes, black olives, italian seasonings on a pizza sauce base",Small Pizza Original Crust: 650.0; Medium Pizza Original Crust: 1300.0; Small Pan: 650.0; Large Pizza Original Crust: 1750.0; Medium Pan: 1300.0; Medium Pizza Authentic Thin Crust: 1300.0; Large Pan: 1750.0; Large Authentic Thin Crust: 1750.0; XL Pan: 2900.0; Medium Kabab Crust: 1600.0; Large Kabab Crust: 2150.0; XL Pizza: 2900.0,650.0,2900.0,True
2117,151,Hot Chipotle,Pizza,Classic Pizza,650.0,PKR,"Spicy Chicken, Onions, Green Peppers, Hot Chipotle drizzle on cheese mayo base",Small Pizza Original Crust: 650.0; Medium Pizza Original Crust: 1300.0; Small Pan: 650.0; Large Pizza Original Crust: 1750.0; Medium Pan: 1300.0; Medium Pizza Authentic Thin Crust: 1300.0; Large Pan: 1750.0; Large Authentic Thin Crust: 1750.0; XL Pan: 2900.0; Medium Kabab Crust: 1600.0; Large Kabab Crust: 2150.0; XL Pizza: 2900.0,650.0,2900.0,True
2118,151,Hot Popper Passion,Pizza,Classic Pizza,650.0,PKR,"Slices tandoori chicken poppers, jalapenos, green peppers, onion, buffalo sauce drizzle on a ranch sauce base with red chili flakes sprinkle on top",Small Pizza Original Crust: 650.0; Medium Pizza Original Crust: 1300.0; Small Pan: 650.0; Large Pizza Original Crust: 1750.0; Medium Pan: 1300.0; Medium Pizza Authentic Thin Crust: 1300.0; Large Pan: 1750.0; Large Pizza Authentic Thin Crust: 1750.0; XL Pan: 2900.0; Medium Kabab Crust: 1600.0; Large Kabab Crust: 2150.0; XL Pizza: 2900.0,650.0,2900.0,True
2119,151,Smokey Tikka,Pizza,Classic Pizza,650.0,PKR,"Tikka topping, onions on Smokey tikka sauce base.",Small Pizza Original Crust: 650.0; Medium Pizza Original Crust: 1300.0; Small Pan: 650.0; Large Pizza Original Crust: 1750.0; Medium Pan: 1300.0; Medium Pizza Authentic Thin Crust: 1298.0; Large Pan: 1750.0; Large Authentic Thin Crust: 1750.0; XL Pan: 2900.0; Medium Kabab Crust: 1600.0; Large Kabab Crust: 2150.0; XL Pizza: 2900.0,650.0,2900.0,True
2120,151,Spicy Buffalo Ranch,Pizza,Classic Pizza,650.0,PKR,"Sliced chicken poppers, green peppers, onion, mushrooms, tomatoes, ranch drizzle on a buffalo sauce base",Small Pizza Original Crust: 650.0; Medium Pizza Original Crust: 1300.0; Small Pan: 650.0; Large Pizza Original Crust: 1750.0; Medium Pan: 1300.0; Medium Pizza Authentic Thin Crust: 1300.0; Large Pan: 1750.0; Large Authentic Thin Crust: 1750.0; XL Pan: 2900.0; Medium Kabab Crust: 1600.0; Large Kabab Crust: 2150.0; XL Pizza: 2900.0,650.0,2900.0,True
2121,151,Tandoori Chicken,Pizza,Classic Pizza,650.0,PKR,"Spicy chicken, green chillies, green peppers, onions on a tandoori pizza sauce base",Small Pizza Original Crust: 650.0; Medium Pizza Original Crust: 1300.0; Small Pan: 650.0; Large Pizza Original Crust: 1750.0; Medium Pan: 1300.0; Medium Pizza Authentic Thin Crust: 1300.0; Large Pan: 1750.0; Large Authentic Thin Crust: 1750.0; XL Pan: 2900.0; Medium Kabab Crust: 1600.0; Large Kabab Crust: 2150.0; XL Pizza: 2900.0,650.0,2900.0,True
2122,151,Combo Platter,Deals & Combos,Combo Platter,1200.0,PKR,"6 Pieces Poppers, 6 Pieces Wings, Potato Wedges & 2 Dips",,,,True
2123,151,Create Your Own Pizza,Pizza,Create Your Own Pizza,499.0,PKR,Create Your Own Pizza,Small Pizza: 499.0; Medium Pizza: 1399.0; Large Pizza: 1699.0,499.0,1699.0,True
2124,151,Banana Hazelnut Chocolate Rolls,Desserts,Desserts,400.0,PKR,"6 Pieces - Ultimate combination of banana, crunchy hazelnut, and chocolate in a roll",,,,True
2125,151,Choco Lava Cake,Desserts,Desserts,400.0,PKR,Choco Lava Cake.,,,,True
2126,151,BBQ Sauce,Add-ons & Condiments,Dips,100.0,PKR,"Single serving - Includes vinegar, tomato paste, or mayonnaise (or a combination) as a base, as well as liquid smoke, onion powder, spices such as mustard and black pepper, and sweeteners such as sugar",,,,True
2127,151,Buffalo Sauce,Add-ons & Condiments,Dips,100.0,PKR,"Single serving  - Hot sauce, vinegar, Worcestershire sauce and butter. That butter smooths out all the flavors and creates the rich flavors",,,,True
2128,151,Peri Peri Sauce,Add-ons & Condiments,Dips,100.0,PKR,Peri Peri Sauce.,,,,True
2129,151,Ranch Sauce,Add-ons & Condiments,Dips,100.0,PKR,"Single serving - Combination of creaminess and herbaceousness, plus a long pull of allium (onion and garlic) and a shot of black pepper",,,,True
2130,151,Sriracha Mayo,Add-ons & Condiments,Dips,100.0,PKR,"Blended with mayonnaise and mustard, seasoned with salt, sugar and vinegar oil.",,,,True
2131,151,Thai Sweet Chili,Add-ons & Condiments,Dips,100.0,PKR,"Features tomato puree, garlic powder, and aromatic spices for an authentic taste",,,,True
2132,151,Three Dips,Add-ons & Condiments,Dips,250.0,PKR,Any three dips of your choice,,,,True
2133,151,16-Inch Feast,Deals & Combos,Exclusive Deals,3000.0,PKR,"Enjoy 16"" Pizza with a flavour of your choice with 1.5 Liter drink",,,,True
2134,151,Better 2 Gether,Deals & Combos,Exclusive Deals,2500.0,PKR,Two Classic Medium pizza with 1.5 liter soft drink,,,,True
2135,151,Block Buster,Deals & Combos,Exclusive Deals,2000.0,PKR,Classic Large pizza with 1.5 litre soft drink,,,,True
2136,151,Classic Duo,Deals & Combos,Exclusive Deals,3600.0,PKR,Two Large Classic Pizzas and One Large Drink,,,,True
2137,151,Double Munch,Deals & Combos,Exclusive Deals,900.0,PKR,Two Small Pizzas,,,,True
2138,151,Good 2 Go,Deals & Combos,Exclusive Deals,1500.0,PKR,Classic Medium pizza with two 350 ml soft drink,,,,True
2139,151,Lit Box,Deals & Combos,Exclusive Deals,900.0,PKR,"Get a small pizza, 4 Chicken Poppers , 1Dip(your favorite) & a 350ml drink",,,,True
2140,151,Papadias Deal,Deals & Combos,Exclusive Deals,1200.0,PKR,Papadias with choice of drink & dip,,,,True
2141,151,Still Single,Deals & Combos,Exclusive Deals,700.0,PKR,Small Pizza and a Small Drink,,,,True
2142,151,HIT Deal,Deals & Combos,HIT Deals,650.0,PKR,Enjoy a small Pizza at an unbelievable discount exclusively on foodpanda,,,,True
2143,151,Chicken Poppers & Potato Wedges,Other,Kids Meal,650.0,PKR,4 Pieces Chicken Poppers + Potato Wedges (with a choice of dip),,,,True
2144,151,Kids 6'' Cheese Pizza,Other,Kids Meal,650.0,PKR,Cheese & pizza sauce base,,,,True
2145,151,BBQ Chicken Wings,Meat Mains,Oven Baked Chicken,650.0,PKR,"6 or 10 made-to-order, bone-in wings are oven-baked to a golden crisp and coated in BBQ sauce",6 Pieces: 650.0; 10 Pieces: 900.0,6.0,900.0,True
2146,151,Buffalo Chicken Wings,Meat Mains,Oven Baked Chicken,650.0,PKR,"6 or 10 made-to-order, bone-in wings are oven-baked to a golden crisp and coated in Hot Buffalo sauce",6 Pieces: 650.0; 10 Pieces: 900.0,6.0,900.0,True
2147,151,Chicken Poppers,Meat Mains,Oven Baked Chicken,500.0,PKR,"Crispy coated whole chicken breast chunks, served with a choice of dip",6 Pieces: 500.0; 10 Pieces: 700.0,6.0,700.0,True
2148,151,Plain Roasted Chicken Wings,Meat Mains,Oven Baked Chicken,650.0,PKR,"Six or ten of our made to order, bone in wings which are oven baked to a golden crisp with choice of dip",6 Pieces: 650.0; 10 Pieces: 900.0,6.0,900.0,True
2149,151,Potato Wedges,Meat Mains,Oven Baked Chicken,450.0,PKR,Baked to a Golden Crisp. Served with a Choice of Dip,,,,True
2150,151,Spicy Chicken Wings,Meat Mains,Oven Baked Chicken,650.0,PKR,Spicy Chicken Wings.,6 Pieces: 650.0; 10 Pieces: 900.0,6.0,900.0,True
2151,151,Tandoori Chicken Poppers,Meat Mains,Oven Baked Chicken,550.0,PKR,Crispy coated tandoori whole chicken breast chunks.,6 Pieces: 550.0; 10 Pieces: 750.0,6.0,750.0,True
2152,151,Chicken Shawarma,Pizza,Overloaded Pizza,2000.0,PKR,"Spicy Chicken with Cheese, Onion, Green Pepper, Tomato & Gherkins, finished with a signature Shawarma Sauce drizzle on top.",,,,True
2153,151,Chicken Supreme,Pizza,Overloaded Pizza,2000.0,PKR,"A loaded mix of Supreme Chicken, Chicken Tikka, Grilled Chicken & Sausage, topped with Cheese, Onion, and Green Pepper for the ultimate meaty bite.",,,,True
2154,151,Chicken BBQ Ranch,Desserts,Premium Flavours,750.0,PKR,"Grilled chicken, mushrooms, onions, bbq sauce drizzle on a ranch base",Small Pizza: 750.0; Medium Pizza: 1450.0; Small Pan: 750.0; Medium Pizza Authentic Thin Crust: 1450.0; Medium Pan: 1450.0; Medium Kabab Crust: 1750.0; Large Pan: 1950.0; Large Pizza: 1950.0; XL Pan: 3150.0; Large Authentic Thin Crust: 1950.0; Large Kabab Crust: 2350.0; XL Pizza: 3150.0,750.0,3150.0,True
2155,151,Chicken Club Ranch,Desserts,Premium Flavours,750.0,PKR,Chicken Club Ranch.,Small Original Crust: 750.0; Medium Original Crust: 1450.0; Small Pan: 750.0; XL Kabab Crust: 3750.0; Medium Pan: 1450.0; Large Kabab Crust: 2350.0; Large Pan: 1950.0; Medium Kabab Crust: 1750.0; XL Pan: 3150.0; Medium Authentic Thin Crust: 1450.0; Large Original Crust: 1950.0; XL Original Crust: 3150.0; Large Authentic Thin Crust: 1950.0,750.0,3750.0,True
2156,151,Chicken Supreme Ranch,Desserts,Premium Flavours,750.0,PKR,Chicken Supreme Ranch.,Small Original Crust: 750.0; Medium Original Crust: 1450.0; Small Pan: 750.0; Medium Authentic Thin Crust: 1450.0; Medium Pan: 1450.0; Medium Kabab Crust: 1750.0; Large Pan: 1950.0; Large Original Crust: 1949.0; XL Pan: 3150.0; Large Authentic Thin Crust: 1950.0; Large Kabab Crust: 2350.0; XL Original Crust: 3149.0; XL Kabab Crust: 3750.0,750.0,3750.0,True
2157,151,Creamy Mughlai,Desserts,Premium Flavours,750.0,PKR,"Mughlai chicken, onions, green peppers, Creamy white drizzle on hot Mughlai sauce base",Small Pizza Original Crust: 750.0; Medium Pizza Original Crust: 1450.0; Small Pan: 750.0; Medium Kabab Crust: 1750.0; Medium Pan: 1450.0; Medium Pizza Authentic Thin Crust: 1750.0; Large Pan: 1950.0; Large Pizza Original Crust: 1950.0; XL Pan: 3150.0; Large Authentic Thin Crust: 1950.0; Large Kabab Crust: 2350.0; XL Pizza: 3150.0,750.0,3150.0,True
2158,151,Fajita Chicken,Desserts,Premium Flavours,750.0,PKR,"Spicy chicken, jalapenos, green pepper, corn, onions, ranch drizzle on a pizza sauce base",Small Pizza: 750.0; Medium Pizza: 1450.0; Small Pan: 750.0; Medium Pizza Authentic Thin Crust: 1450.0; Medium Pan: 1450.0; Medium Kabab Crust: 1750.0; Large Pan: 1950.0; Large Pizza: 1950.0; XL Pan: 3150.0; Large Authentic Thin Crust: 1950.0; Large Kabab Crust: 2350.0; XL Pizza: 3150.0,750.0,3150.0,True
2159,151,Garden Special Ranch,Desserts,Premium Flavours,750.0,PKR,Garden Special Ranch.,Small Original Crust: 750.0; Medium Original Crust: 1450.0; Small Pan: 750.0; Medium Authentic Thin Crust: 1450.0; Medium Pan: 1450.0; Medium Kabab Crust: 1750.0; Large Pan: 1950.0; Large Authentic Thin Crust: 1950.0; XL Pan: 3150.0; Large Original Crust: 1950.0; Large Kabab Crust: 2350.0; XL Original Crust: 3150.0; XL Kabab Crust: 3750.0,750.0,3750.0,True
2160,151,Peri Peri Chicken,Desserts,Premium Flavours,750.0,PKR,"Spicy chicken, jalapenos, green peppers, onions on a pizza sauce base with peri peri sprinkle on top",Small Pizza: 750.0; Medium Pizza: 1450.0; Small Pan: 750.0; Medium Pizza Authentic Thin Crust: 1449.0; Medium Pan: 21450.0; Medium Kabab Crust: 1750.0; Large Pan: 1950.0; Large Pizza: 1950.0; XL Pan: 3150.0; Large Authentic Thin Crust: 1950.0; Large Kabab Crust: 2350.0; XL Pizza: 3150.0,750.0,21450.0,True
2161,151,7UP 1.5 LTR,Beverages,Quench Your Thirst,300.0,PKR,Flavored drink to make you happy,,,,True
2162,151,7UP 345 ML,Beverages,Quench Your Thirst,120.0,PKR,Fill your stomachs with cold and frizzy beverages,,,,True
2163,151,7UP FREE 345 ML,Beverages,Quench Your Thirst,120.0,PKR,Beat the heat with cold drinks.,,,,True
2164,151,AQUAFINA WATER 1.5 LTR,Beverages,Quench Your Thirst,100.0,PKR,A sizzling cold beverage to quench your thirst.,,,,True
2165,151,AQUAFINA WATER 500 ML,Beverages,Quench Your Thirst,60.0,PKR,A sizzling cold beverage to quench your thirst.,,,,True
2166,151,MANGO SLICE JUICE 200ML,Beverages,Quench Your Thirst,150.0,PKR,Pulpy.,,,,True
2167,151,MIRINDA 1.5 LTR,Beverages,Quench Your Thirst,300.0,PKR,The drink that brings out the fun YOU,,,,True
2168,151,MIRINDA 345 ML,Beverages,Quench Your Thirst,120.0,PKR,No food is complete without something to gulp,,,,True
2169,151,MOUNTAIN DEW 1.5 LTR,Beverages,Quench Your Thirst,300.0,PKR,1.5 LTR Drink,,,,True
2170,151,MOUNTAIN DEW 345 ML,Beverages,Quench Your Thirst,120.0,PKR,345 ML Drink,,,,True
2171,151,PEPSI 1.5 LTR,Beverages,Quench Your Thirst,300.0,PKR,The sip you need to stay happy and fresh,,,,True
2172,151,PEPSI 345 ML,Beverages,Quench Your Thirst,120.0,PKR,What you need to celebrate good moments,,,,True
2173,151,PEPSI Free 1.5LTR,Beverages,Quench Your Thirst,300.0,PKR,Fill your stomachs with cold and frizzy beverages,,,,True
2174,151,PEPSI Free 345 ML,Beverages,Quench Your Thirst,120.0,PKR,Beat the heat with cold drinks.,,,,True
2175,151,Pepperoni,Pizza,Signature Pizza,1150.0,PKR,Loaded with pepperoni & extra cheese on pizza sauce base,Medium Pizza: 1800.0; Large Pizza: 2250.0; Small Pan: 1150.0; Large Authentic Thin Crust: 2249.0; Medium Pan: 1800.0; Medium Authentic Thin Crust: 1800.0; Large Pan: 2250.0; XL Pizza: 3399.0; XL Pan: 3400.0,1150.0,3400.0,True
2176,151,Pepperoni & Jalapeno,Pizza,Signature Pizza,1150.0,PKR,"Loaded with pepperoni, jalapenos & extra cheese on a pizza sauce base with red chili flakes sprinkle",Medium Pizza Original Crust: 1800.0; Large Pizza Original Crust: 2250.0; Small Pan: 1150.0; Large Authentic Thin Crust: 2250.0; Medium Pan: 1800.0; Medium Authentic Thin Crust: 1800.0; Large Pan: 2250.0; XL Pizza: 3400.0; XL Pan: 3400.0,1150.0,3400.0,True
2177,151,Pepperoni & Jalapeno Ranch,Pizza,Signature Pizza,1150.0,PKR,Pepperoni & Jalapeno Ranch.,Medium Original Crust: 1800.0; Medium Authentic Thin Crust: 1799.0; Small Pan: 1150.0; XL Original Crust: 3400.0; Medium Pan: 1800.0; Large Authentic Thin Crust: 2250.0; Large Pan: 2250.0; Large Original Crust: 2250.0; XL Pan: 3400.0; Large Authentic Thin Crust: 2250.0; XL Original Crust: 3400.0; Large Original Crust: 2250.0; Large Original Crust: 2250.0; Large Original Crust: 2250.0; XL Original Crust: 3400.0; Large Authentic Thin Crust: 2250.0,1150.0,3400.0,True
2178,152,Bihari Chicken Spin Rolls,Sides & Appetizers,Appetizers,399.0,PKR,Bihari Spin Rolls,2 Pieces: 399.0; 4 Pieces: 549.0,2.0,549.0,True
2179,152,Boneless Wings,Sides & Appetizers,Appetizers,899.0,PKR,Served with choice of dip sauce,8 Pieces: 899.0; 12 Pieces: 1099.0,8.0,1099.0,True
2180,152,Dynamite Saucy Wings,Sides & Appetizers,Appetizers,599.0,PKR,Zesty dynamite sauce at the bottom and top,4 Pieces: 599.0; 12 Pieces: 1099.0; 8 Pieces: 899.0,4.0,1099.0,True
2181,152,Garlic Bread,Sides & Appetizers,Appetizers,249.0,PKR,Buttery garlic bread perfect for sharing,2 Pieces: 249.0; 4 Pieces: 449.0; 6 Pieces: 649.0,2.0,649.0,True
2182,152,Peri Peri Saucy Wings,Sides & Appetizers,Appetizers,599.0,PKR,Peri Peri sauce at the bottom and top,4 Pieces: 599.0; 12 Pieces: 1099.0; 8 Pieces: 899.0,4.0,1099.0,True
2183,152,Supreme Garlic Bread,Sides & Appetizers,Appetizers,399.0,PKR,Buttery garlic bread with a layer of hot melted cheese.,2 Pieces: 399.0; 4 Pieces: 549.0; 6 Pieces: 799.0,2.0,799.0,True
2184,152,Wedges,Sides & Appetizers,Appetizers,499.0,PKR,Plain Potato Wedges,12 Pieces: 499.0; 24 Pieces: 799.0,12.0,799.0,True
2185,152,Wings,Sides & Appetizers,Appetizers,499.0,PKR,"Smoking hot traditional chicken wings baked to perfection, accompanied by your favorite sauce",4 Pieces: 499.0; 12 Pieces: 999.0; 8 Pieces: 799.0,4.0,999.0,True
2186,152,Cheese Lover,Pizza,Classic Pizza,649.0,PKR,Experience the classic taste with a generous portion of cheese on a rich tomato base.,Small: 649.0; Medium: 1399.0; Large: 1999.0,649.0,1999.0,True
2187,152,Chicken Fajita,Pizza,Classic Pizza,649.0,PKR,"One of our classics, the Chicken Fajita Pizza is made with spicy chicken fajita, green peppers, and onions, topped with mozzarella cheese.",Small: 649.0; Medium: 1399.0; Large: 1999.0,649.0,1999.0,True
2188,152,Chicken Tikka,Pizza,Classic Pizza,649.0,PKR,"Our famous pizza sauce on the base, topped with a combination of Chicken Tikka, onions, and melting mozzarella cheese.",Small: 649.0; Medium: 1399.0; Large: 1999.0,649.0,1999.0,True
2189,152,Classic Chicken Ranch,Pizza,Classic Pizza,649.0,PKR,"Ranch base topped with grilled chicken, mozzarella, mushrooms, and jalapeno. Finished off with a drizzle of more ranch sauce and chopped parsley",Small: 649.0; Medium: 1399.0; Large: 1999.0,649.0,1999.0,True
2190,152,Classic Pepperoni,Pizza,Classic Pizza,649.0,PKR,"One of our all-times specialties. A meaty feast of double pepperoni, mozzarella cheese, and tomato sauce",Small: 649.0; Medium: 1399.0; Large: 1999.0,649.0,1999.0,True
2191,152,Super Sicilian,Pizza,Classic Pizza,649.0,PKR,"Loaded with a generous amount of toppings of green pepper, onion and mozzarella cheese, all baked to perfection for a hearty, flavorful experience in every bite.",Small: 649.0; Medium: 1399.0; Large: 1999.0,649.0,1999.0,True
2192,152,Very Veggies,Pizza,Classic Pizza,649.0,PKR,"Mushrooms, green peppers, fresh tomatoes, onions and black olives loaded on a tomato base and topped with melting mozzarella cheese.",Small: 649.0; Medium: 1399.0; Large: 1999.0,649.0,1999.0,True
2193,152,Dynamite Dip Sauce,Add-ons & Condiments,Dip Sauces,99.0,PKR,Dynamite Dip Sauce Flavor,,,,True
2194,152,Peri Peri Dip Sauce,Add-ons & Condiments,Dip Sauces,99.0,PKR,Peri Peri Flavor Dip size,,,,True
2195,152,Ranch Dip Sauce,Add-ons & Condiments,Dip Sauces,99.0,PKR,Ranch Flavor Dip Sauce,,,,True
2196,152,7up,Beverages,Drinks,180.0,PKR,"Clear, lemon-lime soda with a crisp, refreshing taste",Large : 280.0; Small: 180.0,180.0,280.0,True
2197,152,7up Zero,Beverages,Drinks,180.0,PKR,"Crisp, refreshing lemon-lime soda with zero sugar and zero calories",Small: 180.0; Large: 280.0,180.0,280.0,True
2198,152,Aquafina,Beverages,Drinks,50.0,PKR,"Purified drinking water that delivers clean, crisp hydration",Large: 100.0; Small: 50.0,50.0,100.0,True
2199,152,Mirinda,Beverages,Drinks,180.0,PKR,"Bold, fruity soft drink known for its vibrant flavors and refreshing fizz",Small: 180.0; Large: 280.0,180.0,280.0,True
2200,152,Pepsi,Beverages,Drinks,180.0,PKR,"Refreshing cola with a bold, crisp taste and lively carbonation",Small: 180.0; Large: 280.0,180.0,280.0,True
2201,152,Pepsi Zero,Beverages,Drinks,180.0,PKR,Sugar-free cola with the same bold Pepsi taste and zero calories,Small: 180.0; Large: 280.0,180.0,280.0,True
2202,152,Deal For 1,Deals & Combos,Pizza Hut Deals,899.0,PKR,1 Small Pizza (Classic) 2 Pcs Garlic Bread 1 Small Drink,,,,True
2203,152,Deal For 2,Deals & Combos,Pizza Hut Deals,1699.0,PKR,1 Medium Pizza Classic 2 Pcs Garlic Bread 2 Small Drinks,,,,True
2204,152,Deal For 3,Deals & Combos,Pizza Hut Deals,2699.0,PKR,1 Large Pizza (Classic) 8 Pcs Wings 1 Large Drink,,,,True
2205,152,Family Deal Large,Deals & Combos,Pizza Hut Deals,4298.0,PKR,Two Large Pizzas (Classic) 6 Pcs Garlic Bread 1 Large Drink,,,,True
2206,152,Family Deal Medium,Deals & Combos,Pizza Hut Deals,2999.0,PKR,2 Medium Pizza (Classics) - 4 Pcs Garlic Bread -  1 Large Drink,,,,True
2207,152,Appetizer Platter,Deals & Combos,Platter,1499.0,PKR,"12 Pieces wedges, 6 pieces wings, 4 pieces spin rolls & dip sauce pf your choice",,,,True
2208,152,Chicken Supreme,Pizza,Signature Pizza,699.0,PKR,"The ultimate mix of juicy grilled chicken strips together with mushrooms, red onions, green peppers, olives and melting mozzarella cheese",Small: 699.0; Medium: 1499.0; Large: 2199.0,699.0,2199.0,True
2209,152,Dynamite Chicken,Pizza,Signature Pizza,699.0,PKR,"Zesty dynamite sauce at the bottom and top, Paired with Malai Boti chicken, chicken Tikka, Onions, Jalapenos and melted cheese.",Small: 699.0; Medium: 1499.0; Large: 2199.0,699.0,2199.0,True
2210,152,Malai Boti,Pizza,Signature Pizza,699.0,PKR,"Pizza Huts Malai Boti Pizza features tender, marinated chicken malai boti, cooked to perfection and topped with a creamy sauce, onion, and melted mozzrella cheese.",Small: 699.0; Medium: 1499.0; Large: 2199.0,699.0,2199.0,True
2211,152,Peri Peri,Pizza,Signature Pizza,699.0,PKR,"Peri peri sauce, mozzarella cheese, chicken chunks, onions, jalapenos & drizzle sauce",Small: 699.0; Medium: 1499.0; Large: 2199.0,699.0,2199.0,True
2212,152,Spicy Chicken Ranch,Pizza,Signature Pizza,699.0,PKR,"Ranch sauce, mozzarella cheese, chicken chunks, jalapenos, tomatoes & drizzle sauce",Small: 699.0; Medium: 1499.0; Large: 2199.0,699.0,2199.0,True
2213,153,Cookies N Cream,Beverages,Chocolate Shake,950.0,PKR,Blended style milk beverage with cookies and cream featuring a rich comforting flavor,950,950.0,950.0,True
2214,153,Creamy Chocolate Chocolate Shake,Beverages,Chocolate Shake,950.0,PKR,Chilled blended cocoa beverage with a rich and comforting flavor.,950,950.0,950.0,True
2215,153,Vanilla Shake,Beverages,Chocolate Shake,950.0,PKR,Chilled blended milk beverage offering a rich and comforting vanilla flavor.,950,950.0,950.0,True
2216,153,White Chocolate,Beverages,Chocolate Shake,950.0,PKR,Chilled blended white chocolate beverage with a rich and comforting flavor.,950,950.0,950.0,True
2217,153,Americano,Beverages,Coffee,850.0,PKR,Freshly brewed espresso coffee with a rich and aromatic flavor.,850,850.0,850.0,True
2218,153,Cafe Latte,Beverages,Coffee,850.0,PKR,Brewed espresso with silky steamed milk for a rich and comforting flavor.,850,850.0,850.0,True
2219,153,Cappuccino,Beverages,Coffee,850.0,PKR,Italian style brewed espresso and frothed milk with a rich and comforting flavor.,850,850.0,850.0,True
2220,153,Cortado,Beverages,Coffee,850.0,PKR,Spanish style espresso and steamed milk with a rich and aromatic flavor,850,850.0,850.0,True
2221,153,Flat White,Beverages,Coffee,850.0,PKR,Australian style espresso and steamed milk with a silky texture and rich comforting flavor.,850,850.0,850.0,True
2222,153,Cho Espresso,Beverages,Espresso,595.0,PKR,Freshly brewed coffee and chocolate beverage with a rich and comforting flavor.,595,595.0,595.0,True
2223,153,Espresso Machiato,Beverages,Espresso,595.0,PKR,Italian style brewed coffee with foamed milk featuring a rich and comforting flavor.,595,595.0,595.0,True
2224,153,Extra Shot Coffee,Other,Extras,300.0,PKR,Freshly brewed espresso style coffee featuring a rich and aromatic flavor.,300,300.0,300.0,True
2225,153,Ice Cream,Other,Extras,300.0,PKR,Frozen dairy cream dessert offering a comforting and mildly sweet flavor.,300,300.0,300.0,True
2226,153,Whipped Cream,Other,Extras,300.0,PKR,Chilled whipped dairy cream featuring a silky texture and mildly sweet flavor.,300,300.0,300.0,True
2227,153,Mango Chiller,Other,Fruit Chillers,950.0,PKR,Chilled blended mango beverage with a refreshing and mildly sweet flavor.,950,950.0,950.0,True
2228,153,Mint Lemonade,Other,Fruit Chillers,950.0,PKR,Chilled blended lemon and mint beverage with a refreshing and tangy flavor.,950,950.0,950.0,True
2229,153,Mix Berry Chiller,Other,Fruit Chillers,950.0,PKR,Blended ice beverage featuring mixed berries with a refreshing and mildly sweet flavor.,950,950.0,950.0,True
2230,153,Peach Chiller,Other,Fruit Chillers,950.0,PKR,Chilled blended peach beverage featuring a refreshing and mildly sweet flavor.,950,950.0,950.0,True
2231,153,Strawberry Chiller,Other,Fruit Chillers,950.0,PKR,Chilled blended strawberry beverage offering a refreshing flavor.,950,950.0,950.0,True
2232,153,Strawberry Lemonade,Other,Fruit Chillers,950.0,PKR,Chilled squeezed strawberry and lemon drink with a refreshing and tangy flavor.,950,950.0,950.0,True
2233,153,Creamy Chocolate,Other,Hot Chocolate,950.0,PKR,Warm brewed cocoa beverage with a rich and comforting flavor.,950,950.0,950.0,True
2234,153,Vanilla Chocolate,Other,Hot Chocolate,950.0,PKR,Warm whisked chocolate beverage with a comforting mildly sweet flavor.,950,950.0,950.0,True
2235,153,White Hot Chocolate,Other,Hot Chocolate,950.0,PKR,Steamed white chocolate drink with a rich and comforting flavor.,950,950.0,950.0,True
2236,153,Butternut,Other,Ice Blended,950.0,PKR,Chilled blended butternut beverage with a rich and comforting flavor.,950,950.0,950.0,True
2237,153,Caramel,Other,Ice Blended,950.0,PKR,Chilled blended milk beverage featuring caramel with a rich and comforting flavor.,950,950.0,950.0,True
2238,153,Hazelnut,Other,Ice Blended,950.0,PKR,Blended hazelnut drink with a refreshing and mildly sweet flavor,950,950.0,950.0,True
2239,153,Mocca Chiller,Other,Ice Blended,950.0,PKR,Blended iced coffee drink with chocolate and a rich comforting flavor.,950,950.0,950.0,True
2240,153,Vanilla,Other,Ice Blended,950.0,PKR,Chilled blended dairy beverage featuring vanilla with a rich and mildly sweet flavor.,950,950.0,950.0,True
2241,153,White Mocca Ice Blended,Other,Ice Blended,950.0,PKR,Blended coffee beverage featuring rich and mildly sweet flavor.,950,950.0,950.0,True
2242,153,Lime,Beverages,Ice Tea,895.0,PKR,Chilled brewed tea with fresh lime offering a refreshing and tangy flavor.,895,895.0,895.0,True
2243,153,Peach,Beverages,Ice Tea,895.0,PKR,Chilled brewed beverage featuring peach with a refreshing mildly sweet flavor,895,895.0,895.0,True
2244,153,Strawberry,Beverages,Ice Tea,895.0,PKR,Chilled brewed black tea with strawberry featuring a refreshing and mildly sweet flavor.,895,895.0,895.0,True
2245,153,Pistachio Latte,Beverages,Iced Coffee,995.0,PKR,Chilled brewed espresso and milk featuring a rich and mildly sweet flavor.,995,995.0,995.0,True
2246,153,Spanish Latte Ice Coffee,Beverages,Iced Coffee,995.0,PKR,Spanish style chilled espresso and sweetened milk with a rich and refreshing flavor.,995,995.0,995.0,True
2247,153,Spanish Mocha,Beverages,Iced Coffee,995.0,PKR,Chilled espresso beverage with milk and chocolate offering a rich and comforting flavor.,995,995.0,995.0,True
2248,153,Lime Italian Soda,Beverages,Italian Soda,895.0,PKR,Italian style chilled lime drink with a refreshing and tangy flavor.,895,895.0,895.0,True
2249,153,Passionfruit,Beverages,Italian Soda,895.0,PKR,Italian style passion fruit beverage offering a refreshing and tangy flavor.,895,895.0,895.0,True
2250,153,Peach Italian Soda,Beverages,Italian Soda,895.0,PKR,Chilled carbonated peach beverage with a refreshing mildly sweet flavor.,895,895.0,895.0,True
2251,153,Raspberry,Beverages,Italian Soda,895.0,PKR,Chilled carbonated raspberry drink with a refreshing and mildly sweet flavor.,895,895.0,895.0,True
2252,153,Strawberry Italian Soda,Beverages,Italian Soda,895.0,PKR,Italian style carbonated beverage featuring strawberries with a refreshing flavor.,895,895.0,895.0,True
2253,153,Butter Nut Latte,Other,Signature Latte,950.0,PKR,Brewed espresso milk beverage featuring rich comforting buttery and aromatic flavors,950,950.0,950.0,True
2254,153,Caramel Latte,Other,Signature Latte,950.0,PKR,Brewed espresso beverage with milk and sweet caramel offering a rich comforting flavor.,950,950.0,950.0,True
2255,153,Hazelnut Latte,Other,Signature Latte,950.0,PKR,Espresso style coffee with milk and hazelnut featuring a rich mildly sweet flavor,950,950.0,950.0,True
2256,153,Mocca Latte,Other,Signature Latte,950.0,PKR,Brewed espresso beverage with milk and cocoa offering a rich comforting flavor,950,950.0,950.0,True
2257,153,Spanish Latte,Other,Signature Latte,950.0,PKR,Brewed espresso and milk beverage with a rich and mildly sweet flavor.,950,950.0,950.0,True
2258,153,Vanilla Latte,Other,Signature Latte,950.0,PKR,Italian style brewed espresso and milk with a comforting mildly sweet flavor.,950,950.0,950.0,True
2259,153,White Mocca,Other,Signature Latte,950.0,PKR,Italian style brewed coffee with white chocolate offering a rich and comforting flavor.,950,950.0,950.0,True
2260,153,Banana,Beverages,Smoothies,995.0,PKR,Blended banana beverage with a refreshing and mildly sweet flavor.,995,995.0,995.0,True
2261,153,Mango,Beverages,Smoothies,995.0,PKR,Chilled blended mango beverage with a refreshing and mildly sweet flavor.,995,995.0,995.0,True
2262,153,Mixberry,Beverages,Smoothies,995.0,PKR,Blended style mixed berries beverage with a refreshing and mildly sweet flavor.,995,995.0,995.0,True
2263,153,English Tea,Beverages,Tea,550.0,PKR,British style brewed black tea leaves with a comforting and aromatic flavor.,550,550.0,550.0,True
2264,153,Jasmine Green Tea,Beverages,Tea,550.0,PKR,Brewed jasmine green leaves with a refreshing and aromatic flavor.,550,550.0,550.0,True
2265,153,Moroccan Mint Green Tea,Beverages,Tea,550.0,PKR,Moroccan style steeped mint infusion with a refreshing and aromatic flavor.,550,550.0,550.0,True
2266,154,Aquafina Water - 1 Litre,Beverages,Beverages,100.0,PKR,Pure water for a perfect taste! Click to add refreshing water to your meal.,100,100.0,100.0,True
2267,154,Next Cola - 1.5 Litre,Beverages,Beverages,320.0,PKR,Make your food more delicious with cold drink,320,320.0,320.0,True
2268,154,Next Cola - 345 ml,Beverages,Beverages,100.0,PKR,Make your food more delicious with cold drink,100,100.0,100.0,True
2269,154,Next Cola- 500 ml,Beverages,Beverages,160.0,PKR,Make your food more delicious with cold drink,160,160.0,160.0,True
2270,154,Rax miral Water - 500 ml,Beverages,Beverages,60.0,PKR,Pure water for a perfect taste! Click to add refreshing water to your meal.,60,60.0,60.0,True
2271,154,Beef Burger,Burgers,Burgers,348.0,PKR,"A beef burger is a classic sandwich featuring a seasoned, juicy beef patty served in a soft bun with fresh toppings like lettuce, tomato, cheese, and sauces for a hearty and flavorful bite.",348,348.0,348.0,True
2272,154,Beef Burger with Cheese,Burgers,Burgers,384.0,PKR,"Juicy Flame-Grilled Beef Burger
Sink your teeth into our signature 100% premium beef patty, flame-grilled to perfection for a smoky char and juicy tenderness. Layered with melted aged cheddar cheese, crispy applewood-smoked bacon, and caramelized onions, this burger is a flavor explosion.",384,384.0,384.0,True
2273,154,Chicken Burger,Burgers,Burgers,240.0,PKR,A delicious chicken burger made with a crispy or grilled chicken patty served in a soft bun with fresh lettuce juicy tomato slices and creamy mayonnaise often paired with cheese and flavorful sauces for a satisfying meal,240,240.0,240.0,True
2274,154,Chicken Burger with Cheese,Burgers,Burgers,276.0,PKR,A delicious chicken burger made with a crispy or grilled chicken patty served in a soft bun with fresh lettuce juicy tomato slices and creamy mayonnaise often paired with cheese and flavorful sauces for a satisfying m,276,276.0,276.0,True
2275,154,Chicken Tikka Burger,Burgers,Burgers,270.0,PKR,Tikka burger is a flavorful fusion of juicy grilled or fried chicken tikka nestled in a soft bun layered with fresh lettuce onions tomatoes and a creamy tangy sauce bursting with aromatic spices it offers a perfect balance of smoky tenderness and zesty goodness making it a delicious and satisfying meal,270,270.0,270.0,True
2276,154,Chicken Tikka Burger with Cheese,Burgers,Burgers,306.0,PKR,Tikka burger is a flavorful fusion of juicy grilled or fried chicken tikka nestled in a soft bun layered with fresh lettuce onions tomatoes and a creamy tangy sauce bursting with aromatic spices it offers a perfect balance of smoky tenderness and zesty goodness making it a delicious and satisfying meal,306,306.0,306.0,True
2277,154,Double Decker Burger,Burgers,Burgers,450.0,PKR,A double-decker burger is a towering creation featuring two juicy zinger patties stacked between soft toasted buns layered with fresh crisp lettuce ripe tomato slices crunchy pickles melted cheese and a special savory sauce adding rich flavor every bite offers a perfect blend of textures and tastes making it a satisfying indulgence,450,450.0,450.0,True
2278,154,Double Decker Burger with Cheese,Burgers,Burgers,492.0,PKR,A double-decker burger is a zinger pieces tacked between soft toasted buns layered with fresh crisp lettuce ripe tomato slices crunchy pickles melted cheese and a special savory sauce adding rich flavor every bite offers a perfect blend of textures and tastes making it a satisfying indulgence,492,492.0,492.0,True
2279,154,Double Masti Burger,Burgers,Burgers,558.0,PKR,Double masti burger is a delicious and satisfying treat featuring two juicy grilled patties layered with melted cheese crisp lettuce fresh tomatoes and creamy special sauce all stacked between soft toasted buns for a flavorful bite in every mouthful,558,558.0,558.0,True
2280,154,Double Masti Burger with Cheese,Burgers,Burgers,594.0,PKR,Double masti burger with cheese is a delicious and satisfying treat featuring two juicy grilled patties layered with melted cheese crisp lettuce fresh tomatoes and creamy special sauce  and  cheese all stacked between soft toasted buns for a flavorful bite in every mouthful,594,594.0,594.0,True
2281,154,Grilled Burger,Burgers,Burgers,348.0,PKR,"Juicy and flavorful burger made with a seasoned beef patty, grilled to perfection, and served in a soft bun with fresh toppings like lettuce, tomato, cheese, and sauces for a smoky and satisfying bite.",348,348.0,348.0,True
2282,154,Grilled Burger with Cheese,Burgers,Burgers,384.0,PKR,"Juicy, flame-grilled chicken patty topped with melted cheese, served in a soft bun with fresh toppings like lettuce, tomato, and sauces for a rich, smoky, and satisfying flavor.",384,384.0,384.0,True
2283,154,Zinger Burger,Burgers,Burgers,276.0,PKR,A zinger burger is a crispy spicy chicken fillet coated in a crunchy batter served in a soft bun with fresh lettuce creamy mayo and sometimes cheese creating a deliciously flavorful and satisfying meal,276,276.0,276.0,True
2284,154,Zinger Burger with Cheese,Burgers,Burgers,318.0,PKR,A zinger burger is a crispy spicy chicken fillet coated in a crunchy batter served in a soft bun with fresh lettuce creamy mayo and sometimes cheese creating a deliciously flavorful and satisfying m,318,318.0,318.0,True
2285,154,Chicken Jumboo Shawarma Deal,Deals & Combos,Exclusive Deal,734.0,PKR,1 chicken Jumboo shawarma with regular cold drink.,734,734.0,734.0,True
2286,154,Zinger Burger Deal,Deals & Combos,Exclusive Deal,734.0,PKR,1 zinger burger With 345ml regular cold drink,734,734.0,734.0,True
2287,154,Family Deal 1,Deals & Combos,Family Deals,2160.0,PKR,6 Grilled burger &  Pepsi - 1.5 litre,2160,2160.0,2160.0,True
2288,154,Family Deal 10,Deals & Combos,Family Deals,2580.0,PKR,"4 Jumbo shawarma , 4 zinger burgers & Pepsi - 1.5 litre",2580,2580.0,2580.0,True
2289,154,Family Deal 2,Deals & Combos,Family Deals,2352.0,PKR,6 Grilled jumbo shawarma & Pepsi - 1.5 litre,2352,2352.0,2352.0,True
2290,154,Family Deal 3,Deals & Combos,Family Deals,2352.0,PKR,6 Grilled paratha & Pepsi - 1.5 litre,2352,2352.0,2352.0,True
2291,154,Family Deal 4,Deals & Combos,Family Deals,2718.0,PKR,6 Grilled Sandwich & Pepsi - 1.5 litre,2718,2718.0,2718.0,True
2292,154,Family Deal 5,Deals & Combos,Family Deals,2178.0,PKR,6 Grilled jumbo shawarma & Pepsi - 1.5 litre,2178,2178.0,2178.0,True
2293,154,Family Deal 6,Deals & Combos,Family Deals,1686.0,PKR,6 Zinger burgers & Pepsi - 1.5 litre,1686,1686.0,1686.0,True
2294,154,Family Deal 7,Deals & Combos,Family Deals,2694.0,PKR,"5 Large shawarma, 3 zinger paratha roll & Pepsi - 1.5 litre",2694,2694.0,2694.0,True
2295,154,Family Deal 8,Deals & Combos,Family Deals,2484.0,PKR,"5 Large shawarma, 3 Zinger burgers & Pepsi - 1.5 litre",2484,2484.0,2484.0,True
2296,154,Family Deal 9,Deals & Combos,Family Deals,3120.0,PKR,10 Large shawarma &  Pepsi - 1.5 litre,3120,3120.0,3120.0,True
2297,154,Boneless Fried Chicken,Meat Mains,Fried Chicken,258.0,PKR,A crispy golden-brown fried dish with a bold spicy flavor featuring tender juicy  coated in a crunchy seasoned batter bursting with heat and smoky undertones,Per piece: 258; 3 Pieces: 720,3.0,720.0,True
2298,154,Hot Shots,Meat Mains,Fried Chicken,288.0,PKR,A crispy golden-brown fried dish with a bold spicy flavor featuring tender juicy meaa crunchy seasoned batter bursting with heat and smoky undertones,7 Pieces: 288; 15 Pieces: 528,7.0,528.0,True
2299,154,Nuggets,Meat Mains,Fried Chicken,306.0,PKR,6 Pieces,306,306.0,306.0,True
2300,154,Loaded Fries,Sides & Appetizers,Fries,672.0,PKR,"Crispy golden fries topped with melted cheese savory bacon bits  , chicken ,grill and creamy sauce and fresh herbs",672,672.0,672.0,True
2301,154,Masala Fries,Sides & Appetizers,Fries,180.0,PKR,Fries with some special seasoning of spices,Regular: 180; Large: 270,180.0,270.0,True
2302,154,Mayo Fries,Sides & Appetizers,Fries,348.0,PKR,Fries with combo of mayo,348,348.0,348.0,True
2303,154,Rax Family Fries,Sides & Appetizers,Fries,624.0,PKR,Rax family fries more fries,624,624.0,624.0,True
2304,154,Deal 1,Deals & Combos,Hot Deals,720.0,PKR,"Grilled sandwich, regular fries & next cola -  500 ml",720,720.0,720.0,True
2305,154,Deal 10,Deals & Combos,Hot Deals,654.0,PKR,"Zinger paratha roll, regular fries & next cola - 500 ml",654,654.0,654.0,True
2306,154,Deal 12,Deals & Combos,Hot Deals,684.0,PKR,"Double decker burger, regular fries & next cola - 500 ml",684,684.0,684.0,True
2307,154,Deal 2,Deals & Combos,Hot Deals,624.0,PKR,"Grilled burger, regular fries & next cola - 500 ml",624,624.0,624.0,True
2308,154,Deal 3,Deals & Combos,Hot Deals,750.0,PKR,"Grilled pizza burger, regular fries & next cola - 500 ml",750,750.0,750.0,True
2309,154,Deal 4,Deals & Combos,Hot Deals,624.0,PKR,"Beef burger, regular fries & next cola - 500 ml",624,624.0,624.0,True
2310,154,Deal 5,Deals & Combos,Hot Deals,1206.0,PKR,"Small pizza, jumbo shawarma, regular fries &  next cola - 500 ml",1206,1206.0,1206.0,True
2311,154,Deal 6,Deals & Combos,Hot Deals,546.0,PKR,"Zinger burger, regular fries & next cola - 500 ml",546,546.0,546.0,True
2312,154,Deal 7,Deals & Combos,Hot Deals,498.0,PKR,"Chicken burger, regular fries & next cola - 500 ml",498,498.0,498.0,True
2313,154,Deal 8,Deals & Combos,Hot Deals,864.0,PKR,"2 Zinger burgers, large fries & next cola - 500 ml",864,864.0,864.0,True
2314,154,Deal 9,Deals & Combos,Hot Deals,834.0,PKR,"Double masti burger, regular fries & next cola - 500 ml",834,834.0,834.0,True
2315,154,Beef Paratha Roll,Shawarma & Wraps,Paratha Roll,384.0,PKR,A beef paratha roll is a delicious street food dish featuring tender and flavorful beef wrapped in a crispy yet soft paratha The beef is marinated with aromatic spices cooked,384,384.0,384.0,True
2316,154,Beef Paratha Roll with Cheese,Shawarma & Wraps,Paratha Roll,420.0,PKR,A beef paratha roll  with cheese is a delicious street food dish featuring tender and flavorful beef wrapped in a crispy yet soft paratha The beef is marinated with aromatic spices cooked,420,420.0,420.0,True
2317,154,Chicken Paratha Roll,Shawarma & Wraps,Paratha Roll,354.0,PKR,A chicken paratha roll is a delicious street food made with tender spiced chicken wrapped in a soft flaky paratha the chicken is cooked with aromatic spices and herbs giving it a rich flavor the paratha is golden brown and slightly crispy on the outside inside the roll is filled with juicy chicken fresh onions tangy sauces and sometimes yogurt or chutney for extra taste it is a satisfying and flavorful meal perfect for a quick snack or lunch,354,354.0,354.0,True
2318,154,Chicken Paratha Roll with Cheese,Shawarma & Wraps,Paratha Roll,396.0,PKR,A chicken paratha roll  with cheese is a delicious street food made with tender spiced chicken wrapped in a soft flaky paratha the chicken is cooked with aromatic spices and herbs giving it a rich flavor the paratha is golden brown,396,396.0,396.0,True
2319,154,Grilled Paratha Roll,Shawarma & Wraps,Paratha Roll,384.0,PKR,Grill paratha roll is a delicious street-style dish made with soft and flaky paratha grilled to perfection wrapped around a flavorful filling of spiced chicken paneer or vegetables served with tangy sauces fresh onions and herbs for a tasty and satisfying meal,384,384.0,384.0,True
2320,154,Grilled Paratha Roll with Cheese,Shawarma & Wraps,Paratha Roll,420.0,PKR,Grill paratha roll  with cheese is a delicious street-style dish made with soft and flaky paratha grilled to perfection wrapped around a flavorful filling of spiced chicken paneer or vegetables served with tangy sauces fresh onions and herbs for a tasty and satisfying meal,420,420.0,420.0,True
2321,154,Zinger Paratha Roll,Shawarma & Wraps,Paratha Roll,372.0,PKR,Zinger paratha roll is a crispy and spicy chicken fillet wrapped in a soft and flaky paratha with fresh lettuce mayo and tangy sauces giving a perfect balance of crunch creaminess and flavor in every bite,372,372.0,372.0,True
2322,154,Zinger Paratha Roll with Cheese,Shawarma & Wraps,Paratha Roll,414.0,PKR,A zinger paratha roll with cheese  is a delicious made with tender spiced zinger wrapped in a soft flaky paratha the chicken is cooked with aromatic spices and herbs giving it a rich flavor the paratha is golden brown and slightly crispy on the outside inside the roll is filled with juicy chicken fresh onions tangy sauces and sometimes yogurt or chutney for extra taste it is a satisfying and flavorful meal perfect for a quick snack or lunch,414,414.0,414.0,True
2323,154,Cheese Kabab Pizza,Pizza,Pizza,768.0,PKR,"Tikka chicken, onion, tomato, cheese & kabab",7 Inches : 768; 10 Inches: 1056; 13 Inches: 1488,7.0,1488.0,True
2324,154,Chicken Fajita,Pizza,Pizza,624.0,PKR,"Fajita chicken, onion, tomato, cheese, black olives & capsicum",7 Inches : 624; 10 Inches: 912; 13 Inches: 1344,7.0,1344.0,True
2325,154,Chicken Supreme Pizza,Pizza,Pizza,720.0,PKR,"Chicken, black olives, mushrooms, cheese, tomato & capsicum",7 Inches : 720; 10 Inches: 1008; 13 Inches: 1488,7.0,1488.0,True
2326,154,Chicken Tikka Pizza,Pizza,Pizza,624.0,PKR,"Tikka chicken, onion, tomato & cheese",7 Inches : 624; 10 Inches: 912; 13 Inches: 1344,7.0,1344.0,True
2327,154,Crown Crust Pizza,Pizza,Pizza,768.0,PKR,"Chicken, black olive, crush cheese, capsicum & cheese",7 Inches : 768; 10 Inches: 1056; 13 Inches: 1488,7.0,1488.0,True
2328,154,Lasagna Pizza,Pizza,Pizza,768.0,PKR,"Chicken, black olive, tomato, capsicum & cheese",7 Inches : 768; 10 Inches: 1056; 13 Inches: 1488,7.0,1488.0,True
2329,154,RAX Special Pizza,Pizza,Pizza,720.0,PKR,"Pineapple, chicken, black olives, mushrooms, cheese, tomato & capsicum",7 Inches : 720; 10 Inches: 1008; 13 Inches: 1488,7.0,1488.0,True
2330,154,Beef Pizza Burger,Pizza,Pizza Burgers,468.0,PKR,"A savory blend of beef, cheese, and toppings between two pizza crusts.",468,468.0,468.0,True
2331,154,Chicken Tikka Pizza Burger,Pizza,Pizza Burgers,414.0,PKR,Pizza burger with patty,414,414.0,414.0,True
2332,154,Grilled Pizza Burger,Pizza,Pizza Burgers,468.0,PKR,Juicy grilled patty topped with melted cheese and fresh toppings on a toasted bun.,468,468.0,468.0,True
2333,154,Patty Pizza Burger,Pizza,Pizza Burgers,468.0,PKR,Pizza burger with chiken petty,468,468.0,468.0,True
2334,154,Zinger Pizza Burger,Pizza,Pizza Burgers,468.0,PKR,"A flavorful burger topped with zesty sauce, cheese, and fresh vegetables on a bun.",468,468.0,468.0,True
2335,154,Rax Special Platter,Deals & Combos,Platters,1572.0,PKR,"Shawarma chicken 
Grilled chicken 
Zinger chicken with chase 
4 jumbo breads 
Fries 
And fresh salad 
Olive slices",1572,1572.0,1572.0,True
2336,154,ViP Beef Platter,Deals & Combos,Platters,840.0,PKR,"Beef patty meet with cheese 
2 jumbo breads 
1 dip garlic mayo
1 dip chili garlic sauce 
And fresh salad 
Olive slices",840,840.0,840.0,True
2337,154,ViP Chicken Platter,Deals & Combos,Platters,696.0,PKR,"Shawarma chicken with chase 
2 jumbo breads 
1 dip garlic mayo 
1 dip chili garlic sauce 
And fresh salad 
Olive slices",696,696.0,696.0,True
2338,154,ViP Fish Platter,Deals & Combos,Platters,1092.0,PKR,"Fish meet with chase 
2 jumbo breads 
1 dip garlic mayo 
1 dip chili garlic sauce 
And fresh salad 
Olive slices",1092,1092.0,1092.0,True
2339,154,ViP Grill Plater,Deals & Combos,Platters,828.0,PKR,"Grilled chicken with chase 
2 jumbo breads
1 dip garlic sauce 
1 dip bar. B Q sauce 
And fresh salad
Olive slices",828,828.0,828.0,True
2340,154,ViP Zinger Platter,Deals & Combos,Platters,804.0,PKR,"Zinger chicken with chase 
2 jumbo breads 
1 dip garlic mayo 
1 dip chili garlic sauce 
And fresh salad 
Olive slices",804,804.0,804.0,True
2341,154,Beef Sandwich,Sandwiches,Sandwiches,450.0,PKR,"The beef sandwich a delicious combination of tender roast beef piled high on a soft, fresh bun layered with crisp lettuce juicy tomato and creamy signature sauce delivering a perfect blend of flavors in every bite",450,450.0,450.0,True
2342,154,Chicken Cheese Sandwich,Sandwiches,Sandwiches,438.0,PKR,Crispy golden chicken fillet layered on a soft toasted bun with fresh lettuce and creamy mayo and cheese,438,438.0,438.0,True
2343,154,Chicken Sandwich,Sandwiches,Sandwiches,402.0,PKR,Crispy golden chicken fillet layered on a soft toasted bun with fresh lettuce and creamy mayo,402,402.0,402.0,True
2344,154,Club Sandwich,Sandwiches,Sandwiches,450.0,PKR,A club sandwich is a layered dish made with toasted bread sliced turkey or chicken crispy bacon fresh lettuce juicy tomato and mayonnaise often cut into quarters and secured with toothpicks typically served with fries or a side salad,450,450.0,450.0,True
2345,154,Grilled Sandwich,Sandwiches,Sandwiches,450.0,PKR,Grilled sandwich is a warm crispy dish made by toasting bread with a filling inside usually containing cheese vegetables meats or spreads cooked on a grill pan or sandwich press until golden brown and melty,450,450.0,450.0,True
2346,154,Rax Special Sandwich,Sandwiches,Sandwiches,594.0,PKR,"The Rax Special Sandwich is a delicious combination of tender chiken ,grill, piled high on a soft, fresh bun layered with crisp lettuce juicy tomato and creamy signature sauce delivering a perfect blend of flavors in every bite",594,594.0,594.0,True
2347,154,Grilled Jumbo Shawarma,Shawarma & Wraps,Shawarma,384.0,PKR,"Made with marinated meat, grilled to perfection, and served in a wrap or plate with fresh veggies, sauces, and pita bread for a smoky and juicy taste.",384,384.0,384.0,True
2348,154,Grilled Special Jumbo Shawarma,Shawarma & Wraps,Shawarma,438.0,PKR,"Made with marinated meat, grilled to perfection, and served in a wrap or plate with fresh veggies, sauces, and pita bread for a smoky and juicy taste.",438,438.0,438.0,True
2349,154,Jumbo Beef  Shawarma,Shawarma & Wraps,Shawarma,450.0,PKR,Marinated beef slow cooked on a vertical rotisserie. Its served in a wrap or platter with fresh veggies garlic sauce and pita bread for a savory and aromatic flavor.,450,450.0,450.0,True
2350,154,Jumbo Shawarma,Shawarma & Wraps,Shawarma,354.0,PKR,"Slow-roasted chicken, shaved into thin slices and served in a wrap or platter with fresh veggies, garlic sauce, and warm pita bread for a juicy and flavorful taste.",354,354.0,354.0,True
2351,154,Jumbo Zinger Shawarma,Shawarma & Wraps,Shawarma,468.0,PKR,"Featuring crispy fried chicken coated in a zesty, flavorful seasoning, wrapped in pita bread with fresh veggies and tangy sauces for a bold and crunchy bite.",468,468.0,468.0,True
2352,154,Shawarma,Shawarma & Wraps,Shawarma,210.0,PKR,"Slow-roasted chicken, shaved into thin slices and served in a wrap or platter with fresh veggies, garlic sauce, and warm pita bread for a juicy and flavorful taste.",Small: 210; Large: 306,210.0,306.0,True
2353,154,Special Jumbo Beef Shawarma,Shawarma & Wraps,Shawarma,486.0,PKR,"Marinated beef, slow-cooked on a vertical rotisserie. Its served in a wrap or platter with fresh veggies, garlic sauce, and pita bread for a savory and aromatic flavor.",486,486.0,486.0,True
2354,154,Special Jumbo Shawarma,Shawarma & Wraps,Shawarma,414.0,PKR,"Slow-roasted chicken, shaved into thin slices and served in a wrap or platter with fresh veggies, garlic sauce, and warm pita bread for a juicy and flavorful taste.",414,414.0,414.0,True
2355,154,Special Jumbo Zinger Shawarma,Shawarma & Wraps,Shawarma,414.0,PKR,"Featuring crispy fried chicken coated in a zesty, flavorful seasoning, wrapped in pita bread with fresh veggies and tangy sauces for a bold and crunchy bite.",414,414.0,414.0,True
2356,155,Mini Slider Platter,Sides & Appetizers,Appetizers,2250.0,PKR,"Roast Beef (3pc)
Chicken Parmesan (3pc)
Smash Beef (3pc)",2250,2250.0,2250.0,True
2357,155,Mozzarella Sticks,Sides & Appetizers,Appetizers,1250.0,PKR,Served with Chilli Mayo,1250,1250.0,1250.0,True
2358,155,Roast Beef Sliders,Sides & Appetizers,Appetizers,800.0,PKR,Served with Honey Mustard (3pc),800,800.0,800.0,True
2359,155,Seaweed Taco with Shrimp & Egg,Sides & Appetizers,Appetizers,1275.0,PKR,Single Serving,1275,1275.0,1275.0,True
2360,155,Stuffed Chicken Fingers,Sides & Appetizers,Appetizers,1650.0,PKR,Served with Mango Mayo,1650,1650.0,1650.0,True
2361,155,Thai Spring Rolls,Sides & Appetizers,Appetizers,750.0,PKR,Served with Sweet Chilli Sauce,750,750.0,750.0,True
2362,155,Asian Beef Bao,Other,Bao Station,1300.0,PKR,"Stir-Fried Beef, Pickled Carrots, Sriracha, Spring Onions, Crispy Ginger & Peanuts. Served with Tempura Vegetables",1300,1300.0,1300.0,True
2363,155,Chicken Katsu Bao,Other,Bao Station,1250.0,PKR,"Chicken Katsu, Orange Chilli Sambal, Radish & Spring Onions. Served with Tempura Vegetables",1250,1250.0,1250.0,True
2364,155,Hot Chicken Bao,Other,Bao Station,1250.0,PKR,"Crispy Fried Chicken, Spicy Korean Sauce & Iceberg. Served with Tempura Vegetables",1250,1250.0,1250.0,True
2365,155,Mix Bao,Other,Bao Station,1400.0,PKR,Select any Two Baos,1400,1400.0,1400.0,True
2366,155,Smash X Bao,Other,Bao Station,1300.0,PKR,"Smashed Beef Patty, American Cheese, Pickles & Onions. Served with Tempura Vegetables",1300,1300.0,1300.0,True
2367,155,Croissant Egg & Cheese,Breakfast,Breakfast Sandwiches,1275.0,PKR,Fried Egg & Cream Cheese in a Butter Croissant,1275,1275.0,1275.0,True
2368,155,Egg & Shroom Sandwich,Breakfast,Breakfast Sandwiches,1290.0,PKR,"Scrambled Eggs, Fresh Mushrooms & American Cheese in a Potato Bun",1290,1290.0,1290.0,True
2369,155,Grilled Chicken Croissant,Breakfast,Breakfast Sandwiches,1750.0,PKR,"Grilled Chicken, Tomatoes, Rocket, Parmesan & Balsamic Glaze in a Butter Croissant",1750,1750.0,1750.0,True
2370,155,Toffee Crunch Cake,Desserts,Cakes,3600.0,PKR,2 Lbs,3600,3600.0,3600.0,True
2371,155,Apple & Ginger Juice,Beverages,Cold Beverages,700.0,PKR,Serves 1,700,700.0,700.0,True
2372,155,Apple Beetroot Juice,Beverages,Cold Beverages,700.0,PKR,Single Serving,700,700.0,700.0,True
2373,155,Apple Juice,Beverages,Cold Beverages,700.0,PKR,Serves 1,700,700.0,700.0,True
2374,155,Banoffee Milkshake,Beverages,Cold Beverages,925.0,PKR,Single Serving,925,925.0,925.0,True
2375,155,Coconut Matcha,Beverages,Cold Beverages,800.0,PKR,Single Serving,800,800.0,800.0,True
2376,155,Flavored Iced Latte,Beverages,Cold Beverages,800.0,PKR,Single Serving,800,800.0,800.0,True
2377,155,Fresh Apple Lemonade,Beverages,Cold Beverages,775.0,PKR,Single Serving,775,775.0,775.0,True
2378,155,Fresh Lime Sprite,Beverages,Cold Beverages,300.0,PKR,Single Serving,300,300.0,300.0,True
2379,155,Iced Americano,Beverages,Cold Beverages,575.0,PKR,Single Serving,575,575.0,575.0,True
2380,155,Iced Latte,Beverages,Cold Beverages,675.0,PKR,Single Serving,675,675.0,675.0,True
2381,155,Lemon Iced Tea,Beverages,Cold Beverages,800.0,PKR,Single Serving,800,800.0,800.0,True
2382,155,Lemonade,Beverages,Cold Beverages,525.0,PKR,Single Serving,525,525.0,525.0,True
2383,155,Mango Matcha,Beverages,Cold Beverages,800.0,PKR,Single Serving,800,800.0,800.0,True
2384,155,Mint Margarita,Beverages,Cold Beverages,525.0,PKR,Single Serving,525,525.0,525.0,True
2385,155,Passionfruit Iced Tea,Beverages,Cold Beverages,800.0,PKR,Single Serving,800,800.0,800.0,True
2386,155,Peach & Plum Juice,Beverages,Cold Beverages,700.0,PKR,Single Serving,700,700.0,700.0,True
2387,155,Peach Iced Tea,Beverages,Cold Beverages,800.0,PKR,Single Serving,800,800.0,800.0,True
2388,155,Peach Juice,Beverages,Cold Beverages,700.0,PKR,Serves 1,700,700.0,700.0,True
2389,155,Rinas Rich Chocolate Shake,Beverages,Cold Beverages,825.0,PKR,Classic Chocolate Shake,825,825.0,825.0,True
2390,155,Spanish Iced Latte,Beverages,Cold Beverages,775.0,PKR,Single Serving,775,775.0,775.0,True
2391,155,Chicken Pesto & Cottage Cheese,Sandwiches,Cold Sandwiches,590.0,PKR,"Cold Sandwich filled with Grilled Chicken, Basil Pesto & Cottage Cheese (Full/Half)",Half: 590; Full: 1175,590.0,1175.0,True
2392,155,Cold Beef with Pickle Relish,Sandwiches,Cold Sandwiches,620.0,PKR,Full/Half,Full : 1225; Half : 620,620.0,1225.0,True
2393,155,Herb Chicken Caesar Sandwich,Sandwiches,Cold Sandwiches,590.0,PKR,Cold Sandwich filled with Grilled Herb Chicken & Rinas Classic Caesar Salad (Full/Half),Half: 590; Full: 1175,590.0,1175.0,True
2394,155,Olive Chicken & Sundried Tomato,Sandwiches,Cold Sandwiches,590.0,PKR,"Cold Sandwich filled with Grilled Chicken, Olives & Sundried Tomatoes (Full/Half)",Half: 590; Full: 1175,590.0,1175.0,True
2395,155,Butter Croissant,Other,Croissants,600.0,PKR,Classic French Butter Croissant,600,600.0,600.0,True
2396,155,Angel Pastry,Desserts,Desserts,600.0,PKR,Single Serving,600,600.0,600.0,True
2397,155,Banoffee Pie,Desserts,Desserts,550.0,PKR,Serves 1,550,550.0,550.0,True
2398,155,Belgian Chocolate Tart,Desserts,Desserts,900.0,PKR,Single Serving,900,900.0,900.0,True
2399,155,Biscoff Trifle,Desserts,Desserts,850.0,PKR,Single Serving,850,850.0,850.0,True
2400,155,Caramelized Peach & Banana Trifle,Desserts,Desserts,800.0,PKR,Single Serving,800,800.0,800.0,True
2401,155,Chocolate Mille Feuille,Desserts,Desserts,625.0,PKR,Serves 1,625,625.0,625.0,True
2402,155,Dark Chocolate Eclairs,Desserts,Desserts,520.0,PKR,Single Serving,520,520.0,520.0,True
2403,155,Double Chocolate Fudge Mousse,Desserts,Desserts,800.0,PKR,Single Serving,800,800.0,800.0,True
2404,155,Key Lime Pie,Desserts,Desserts,575.0,PKR,Serves 1,575,575.0,575.0,True
2405,155,Lemon Cheesecake,Desserts,Desserts,600.0,PKR,Serves 1,600,600.0,600.0,True
2406,155,Mille Feuille,Desserts,Desserts,520.0,PKR,Serves 1,520,520.0,520.0,True
2407,155,Mocha Trifle with Maltesers,Desserts,Desserts,850.0,PKR,Single Serving,850,850.0,850.0,True
2408,155,Nutella Beignet,Desserts,Desserts,410.0,PKR,Single Serving,410,410.0,410.0,True
2409,155,Nutella Caramel,Desserts,Desserts,800.0,PKR,Serves 1,800,800.0,800.0,True
2410,155,Salted Caramel Beignet,Desserts,Desserts,385.0,PKR,Serves 1,385,385.0,385.0,True
2411,155,Strawberry Cheesecake,Desserts,Desserts,600.0,PKR,Single Serving,600,600.0,600.0,True
2412,155,Traditional Chocolate Brownie With Vanilla Ice Cream,Desserts,Desserts,750.0,PKR,Serves 1,750,750.0,750.0,True
2413,155,Traditional Chocolate Eclairs,Desserts,Desserts,520.0,PKR,Serves 1,520,520.0,520.0,True
2414,155,Vanilla Cream Roll,Desserts,Desserts,450.0,PKR,Single Serving,450,450.0,450.0,True
2415,155,Vanilla Custard Roll,Desserts,Desserts,450.0,PKR,Single Serving,450,450.0,450.0,True
2416,155,Basil Aioli,Add-ons & Condiments,Dips,100.0,PKR,Single Serving,100,100.0,100.0,True
2417,155,Chilli Garlic Sauce,Add-ons & Condiments,Dips,100.0,PKR,Single Serving,100,100.0,100.0,True
2418,155,Chilli Mayo,Add-ons & Condiments,Dips,100.0,PKR,Single Serving,100,100.0,100.0,True
2419,155,Herb Mayo,Add-ons & Condiments,Dips,100.0,PKR,Single Serving,100,100.0,100.0,True
2420,155,Honey Mustard,Add-ons & Condiments,Dips,100.0,PKR,Single Serving,100,100.0,100.0,True
2421,155,Onion Marmalade,Add-ons & Condiments,Dips,100.0,PKR,Single Serving,100,100.0,100.0,True
2422,155,Sichuan Mayo,Add-ons & Condiments,Dips,100.0,PKR,Single Serving,100,100.0,100.0,True
2423,155,Sriracha Mayo,Add-ons & Condiments,Dips,100.0,PKR,Single Serving,100,100.0,100.0,True
2424,155,Sweet Chilli Sauce,Add-ons & Condiments,Dips,100.0,PKR,Single Serving,100,100.0,100.0,True
2425,155,Aglio e Olio,Deals & Combos,Exclusive Discounted Deals,1848.75,PKR,Spaghetti with Mushroom Cream Sauce & Grilled Chicken,1848.75,1848.75,1848.75,True
2426,155,Buttermilk Fried Chicken Sandwich,Deals & Combos,Exclusive Discounted Deals,1232.5,PKR,"Rinas Signature Potato Bun, Buttermilk Fried Chicken, Purple Cabbage Slaw & Pickles",1232.5,1232.5,1232.5,True
2427,155,Chicken Caesar Salad,Deals & Combos,Exclusive Discounted Deals,998.75,PKR,"Fresh Iceberg, Tomatoes, Black Olives, Chicken & Parmesan Cheese. Served with Caesar Dressing & Olive Oil Crisps",998.75,998.75,998.75,True
2428,155,Rina Classic Club Sandwich,Deals & Combos,Exclusive Discounted Deals,1487.5,PKR,"Triple Layered Club with Grilled Chicken, Tomatoes, Pickles, Cheese, Egg, Iceberg & Mortadella",1487.5,1487.5,1487.5,True
2429,155,Rinas Classic Cold Coffee,Deals & Combos,Exclusive Discounted Deals,722.5,PKR,Creamy Cold Coffee finished with a Chocolate Drizzle,722.5,722.5,722.5,True
2430,155,Gluten Free Classic Club Sandwich,Sandwiches,Gluten Free Sandwiches,2250.0,PKR,Our Signature Club Sandwich in Gluten Free bread,2250,2250.0,2250.0,True
2431,155,Gluten Free Roast Beef Sandwich,Sandwiches,Gluten Free Sandwiches,1850.0,PKR,Our Roast Beef Sandwich in Gluten Free Bread,1850,1850.0,1850.0,True
2432,155,Caramelized Onions & Aubergines,Pizza,Gourmet Italian Pizza,2600.0,PKR,"Rinas Italian Tomato Sauce, Cottage Cheese, Caramelised Onions, Aubergines & Rocket",2600,2600.0,2600.0,True
2433,155,Classico Margherita,Pizza,Gourmet Italian Pizza,2150.0,PKR,"Rinas Italian Tomato Sauce, Mozzarella, Parmesan Reggiano, Pesto Sauce & Basil",2150,2150.0,2150.0,True
2434,155,Firenze Nova,Pizza,Gourmet Italian Pizza,2500.0,PKR,"Rinas Italian Tomato Sauce, Mozzarella, Parmesan Reggiano, Smoked Chicken, Roasted Bell Peppers, Sour Cream, Rocket Leaves & Basil",2500,2500.0,2500.0,True
2435,155,Into The Woods,Pizza,Gourmet Italian Pizza,2600.0,PKR,"Rinas Italian Tomato Sauce, Fresh Mozzarella, Parmesan Reggiano, Button Mushrooms, Cherry Tomatoes, Black Olives & Basil",2600,2600.0,2600.0,True
2436,155,Pepperoni Miele Caldo Beef,Pizza,Gourmet Italian Pizza,2700.0,PKR,"Rinas Italian Tomato Sauce, Mozzarella, Parmesan Reggiano, Beef Pepperoni & Jalapeño Relish. Served with Hot Honey",2700,2700.0,2700.0,True
2437,155,Pepperoni Miele Caldo Chicken,Pizza,Gourmet Italian Pizza,2700.0,PKR,"Rinas Italian Tomato Sauce, Mozzarella, Parmesan Reggiano, Chicken Pepperoni & Jalapeño Relish. Served with Hot Honey",2700,2700.0,2700.0,True
2438,155,Porcini,Pizza,Gourmet Italian Pizza,2250.0,PKR,"Rinas Italian Tomato Sauce, Fresh Mushrooms, Mozzarella & Parmesan Reggiano",2250,2250.0,2250.0,True
2439,155,Salmon Like Me,Pizza,Gourmet Italian Pizza,4000.0,PKR,"Bechamel Sauce, Smoked Salmon, Roasted Tomatoes, Rocket Leaves & Lemon Cream",4000,4000.0,4000.0,True
2440,155,Short Rib,Pizza,Gourmet Italian Pizza,3200.0,PKR,"Rinas Italian Tomato Sauce, Mozzarella, Parmesan Reggiano, Pulled Beef, Pickled Onions, Chillies, Jalapeños, Short Rib Mayo & House Special Glaze",3200,3200.0,3200.0,True
2441,155,Smoked Chilli Chicken,Pizza,Gourmet Italian Pizza,2500.0,PKR,"Rinas Italian Tomato Sauce, Mozzarella, Parmesan Reggiano, Smoked Chicken, Fresh Mushrooms, Green Chillies, Pickled Onions, Chilli Oil & House Special Mayo",2500,2500.0,2500.0,True
2442,155,Chicken Ala Keiv,Deals & Combos,Gourmet Menu,1950.0,PKR,"Garlic Butter Stuffed Chicken with Mashed Potatoes, Cherry Tomatoes & French Beans",1950,1950.0,1950.0,True
2443,155,Chicken Khow Suey,Deals & Combos,Gourmet Menu,1850.0,PKR,Chicken & Egg Noodles in a Spicy Coconut Broth,1850,1850.0,1850.0,True
2444,155,Chicken Schnitzel,Deals & Combos,Gourmet Menu,1750.0,PKR,"Flattened Fried Chicken with Sundried Tomato Bread, Red Chimichurri & Basil Aioli",1750,1750.0,1750.0,True
2445,155,Chicken Teriyaki Bowl,Deals & Combos,Gourmet Menu,1950.0,PKR,"Teriyaki Glazed Chicken with Sticky Garlic Rice, French Beans, Purple Cabbage, Pickled Carrot & Spring Onions",1950,1950.0,1950.0,True
2446,155,Chicken in Lemon Caper Sauce,Deals & Combos,Gourmet Menu,1950.0,PKR,Pan Seared Chicken with a Zesty Lemon Caper Sauce. Served with Mashed Potatoes & French Beans,1950,1950.0,1950.0,True
2447,155,Fish & Chips,Deals & Combos,Gourmet Menu,2150.0,PKR,Fried Sole Fillet with Tartar Sauce & Fries,2150,2150.0,2150.0,True
2448,155,Fish in Lemon Caper Sauce,Deals & Combos,Gourmet Menu,2250.0,PKR,Pan Seared Sole Fillet with a Zesty Lemon Caper Sauce served with Mashed Potatoes & French Beans,2250,2250.0,2250.0,True
2449,155,Oriental Bowl,Deals & Combos,Gourmet Menu,2100.0,PKR,Tempura Fried Chicken in a Sweet & Sour Sauce,2100,2100.0,2100.0,True
2450,155,Americano,Beverages,Hot Beverages,500.0,PKR,Single serving,500,500.0,500.0,True
2451,155,Belgian Hot Chocolate,Beverages,Hot Beverages,1195.0,PKR,Single serving,1195,1195.0,1195.0,True
2452,155,Cappuccino,Beverages,Hot Beverages,600.0,PKR,Single serving,600,600.0,600.0,True
2453,155,Cortado,Beverages,Hot Beverages,550.0,PKR,Serves 1,550,550.0,550.0,True
2454,155,Espresso,Beverages,Hot Beverages,450.0,PKR,Single serving,450,450.0,450.0,True
2455,155,Flat White,Beverages,Hot Beverages,550.0,PKR,Serves 1,550,550.0,550.0,True
2456,155,Flavored Cappuccino,Beverages,Hot Beverages,775.0,PKR,Single serving,Irish: 775; Hazelnut: 775; Caramel: 775; Vanilla: 775,775.0,775.0,True
2457,155,Flavored Latte,Beverages,Hot Beverages,750.0,PKR,Single Serving,750,750.0,750.0,True
2458,155,Green Tea,Beverages,Hot Beverages,375.0,PKR,Single serving,375,375.0,375.0,True
2459,155,Karak Chai,Beverages,Hot Beverages,680.0,PKR,Single serving,680,680.0,680.0,True
2460,155,Latte,Beverages,Hot Beverages,575.0,PKR,Single serving,575,575.0,575.0,True
2461,155,Mochachino,Beverages,Hot Beverages,750.0,PKR,Single serving,750,750.0,750.0,True
2462,155,Spanish Latte,Beverages,Hot Beverages,675.0,PKR,Serves 1,675,675.0,675.0,True
2463,155,Chicken Nuggets & Fries,Other,Kids Menu,625.0,PKR,Crispy Golden Chicken Nuggets with Fries,625,625.0,625.0,True
2464,155,Chicken Strips & Fries,Other,Kids Menu,675.0,PKR,Crispy Golden Chicken Strips with Fries,675,675.0,675.0,True
2465,155,Regular Fries,Other,Kids Menu,500.0,PKR,Single Serving,500,500.0,500.0,True
2466,155,NotYourVodka Pasta,Noodles & Pasta,Pastas,1850.0,PKR,"Penne in Tomato Cream Sauce with Panko Crusted Chicken, Parmesan Reggiano & Basil",1850,1850.0,1850.0,True
2467,155,Penne in Parmesan Broth,Noodles & Pasta,Pastas,1950.0,PKR,"Smoked Chicken, Sundried Tomato, Spinach & Penne in a Creamy Parmesan Broth",1950,1950.0,1950.0,True
2468,155,Wild Mushroom Lasagna,Noodles & Pasta,Pastas,1500.0,PKR,"Rinas Italian Tomato Sauce, Fresh Mushrooms, Creamed Spinach & Béchamel Sauce",1500,1500.0,1500.0,True
2469,155,Chilli Cheese Pinza,Other,Rina’s Pinzas,1700.0,PKR,"Green Chillies, Candied Jalapenos, House Special Chilli Oil & Fresh Mozzarella",1700,1700.0,1700.0,True
2470,155,Marinara,Other,Rina’s Pinzas,1100.0,PKR,"A feast for the lactose-free peeps. Hand stretched dough, topped with marinara sauce, garlic, capers, olive oil & oregano",1100,1100.0,1100.0,True
2471,155,Mediterranean Chicken,Other,Rina’s Pinzas,1650.0,PKR,"Marinara Sauce, Fresh Mozzarella, Parmesan Reggiano, Smoked Chicken, Sundried Tomatoes, Spinach & Basil",1650,1650.0,1650.0,True
2472,155,Pepperoni Overload,Other,Rina’s Pinzas,2000.0,PKR,"Marinara Sauce, Beef Pepperoni, Olives, Fresh Mushrooms & Candied Jalapeños",2000,2000.0,2000.0,True
2473,155,Shrimp & Garlic,Other,Rina’s Pinzas,2100.0,PKR,"Marinara Sauce topped with Shrimp, Garlic, Fresh Mozzarella, Parmesan Reggiano & Oregano",2100,2100.0,2100.0,True
2474,155,Truffle Mushroom,Other,Rina’s Pinzas,2200.0,PKR,A Twist on the Classic Porcini Pizza. Garlic & Parmesan topped with Fresh Mushrooms & Fresh Parsley,2200,2200.0,2200.0,True
2475,155,Roasted Tomato & Feta Salad,Salads,Salads,1175.0,PKR,"Roasted Tomatoes, Feta Cheese, Iceberg, Eggplant & Spinach",1175,1175.0,1175.0,True
2476,155,Spicy Thai Beef Salad,Salads,Salads,1200.0,PKR,"Thai Spicy Beef, Spinach, Cucumber, Tomato, Onions, Spring Onions, Celery, Thai Red Chillies & Roasted Peanuts",1200,1200.0,1200.0,True
2477,155,Spicy Thai Chicken Salad,Salads,Salads,1175.0,PKR,"Thai Spicy Chicken, Spinach, Cucumber, Tomato, Onions, Spring Onions, Celery, Thai Red Chillies & Roasted Peanuts",1175,1175.0,1175.0,True
2478,155,Katsu Club,Burgers,Sandwiches & Burgers,1800.0,PKR,"Crispy Chicken Katsu in Hokkaido Milk Bread with American Cheese, Iceberg, Purple Cabbage & Wasabi Mustard",1800,1800.0,1800.0,True
2479,155,Open Face Mediterranean Sandwich,Burgers,Sandwiches & Burgers,1550.0,PKR,"Smoked Chicken, Roasted Bell Pepper, Rocket, Microgreens & Siracha Hummus on Country Bread",1550,1550.0,1550.0,True
2480,155,Rinas Smash Burger,Burgers,Sandwiches & Burgers,1600.0,PKR,"Double Beef Patty, American Cheese, Iceberg & Tomatoes in a Soft Potato Bun",1600,1600.0,1600.0,True
2481,155,Roast Beef Sandwich,Burgers,Sandwiches & Burgers,1350.0,PKR,"Roast Beef in Wholewheat Bread with Roasted Tomato, Mustard & Spring Onions.",1350,1350.0,1350.0,True
2482,155,Sichuan Fried Chicken Sandwich,Burgers,Sandwiches & Burgers,1500.0,PKR,"Crispy Fried Chicken coated in House Sichuan Sauce in a Sesame Bun with American Cheese, Sichuan Salt & Pickled Slaw",1500,1500.0,1500.0,True
2483,155,Smashed Mozz Burger,Burgers,Sandwiches & Burgers,1900.0,PKR,"Double Beef Smash Patty, Mozzarella Sticks, American Cheese, Marinara Sauce, Button Mushrooms in a Potato Bun",1900,1900.0,1900.0,True
2484,155,The Cheese Burger,Burgers,Sandwiches & Burgers,1650.0,PKR,Classic Beef Burger with Crispy Onion Rings & American Cheese,1650,1650.0,1650.0,True
2485,155,The Hot Dog,Burgers,Sandwiches & Burgers,1600.0,PKR,"Batter-fried Chicken Sausage, Flaming Hot Cheeto Dust, Korean Chilli Sauce & Cheese Sauce",1600,1600.0,1600.0,True
2486,155,Coca-Cola,Beverages,Water & Sodas,200.0,PKR,250ml,200,200.0,200.0,True
2487,155,Coke Zero,Beverages,Water & Sodas,200.0,PKR,250ml,200,200.0,200.0,True
2488,155,Fanta,Beverages,Water & Sodas,200.0,PKR,250ml,200,200.0,200.0,True
2489,155,Large Water Bottle,Beverages,Water & Sodas,220.0,PKR,1.5 Litre,220,220.0,220.0,True
2490,155,Redbull Can,Beverages,Water & Sodas,500.0,PKR,250ml,500,500.0,500.0,True
2491,155,Redbull Sugar Free Can,Beverages,Water & Sodas,500.0,PKR,250ml,500,500.0,500.0,True
2492,155,Sprite,Beverages,Water & Sodas,200.0,PKR,250ml,200,200.0,200.0,True
2493,155,Sprite Zero,Beverages,Water & Sodas,200.0,PKR,250ml,200,200.0,200.0,True
2494,155,Water Bottle,Beverages,Water & Sodas,120.0,PKR,500ml,120,120.0,120.0,True
2495,156,7up - 1.5 Litre,Beverages,Beverages,217.0,PKR,A Light & Refreshing Lemon-lime soda to pair with your food! Click to add to your meal.,,,,True
2496,156,7up - 345 ml,Beverages,Beverages,86.0,PKR,A Light & Refreshing Lemon-lime soda to pair with your food! Click to add to your meal.,,,,True
2497,156,7up - 500 ml,Beverages,Beverages,125.0,PKR,A Light & Refreshing Lemon-lime soda to pair with your food! Click to add to your meal.,,,,True
2498,156,7up - Tin Pack,Beverages,Beverages,136.0,PKR,A Light & Refreshing Lemon-lime soda to pair with your food! Click to add to your meal.,,,,True
2499,156,7up Can - 250 ml,Beverages,Beverages,143.0,PKR,A Light & Refreshing Lemon-lime soda to pair with your food! Click to add to your meal.,,,,True
2500,156,Aquafina Water - 1.5 Litre,Beverages,Beverages,136.0,PKR,Pure water for a perfect taste! Click to add refreshing water to your meal.,,,,True
2501,156,Aquafina Water - 500 ml,Beverages,Beverages,74.0,PKR,Pure water for a perfect taste! Click to add refreshing water to your meal.,,,,True
2502,156,Pepsi - 1.5 Litre,Beverages,Beverages,217.0,PKR,The right fusion of taste and fizz,,,,True
2503,156,Pepsi - 500 ml,Beverages,Beverages,125.0,PKR,Amplify your enjoyment with fizzy goodness,,,,True
2504,156,Pepsi - Tin Pack,Beverages,Beverages,136.0,PKR,"The Bold, Refreshing & STRONG cola! Click to add to your meal.",,,,True
2505,156,Pepsi Can - 250 ml,Beverages,Beverages,143.0,PKR,The sip you need to stay happy and fresh,,,,True
2506,156,Chicken Burger,Burgers,Burgers,564.0,PKR,Flavorful chicken patty in a sesame bun with sauce and vegetables,,,,True
2507,156,Chicken Burger & Cheese,Burgers,Burgers,616.0,PKR,Flavorful chicken patty  with cheese in a sesame bun with sauce and vegetables,,,,True
2508,156,Chicken Burger & Fries,Burgers,Burgers,787.0,PKR,"Flavorful chicken patty in a sesame bun with sauce and vegetables, served with crispy potato fries",,,,True
2509,156,Krispo Burger,Burgers,Burgers,684.0,PKR,"Juicy and crunchy fillet, fresh vegetables and sauce makes the perfect burger",,,,True
2510,156,Krispo Burger & Cheese,Burgers,Burgers,735.0,PKR,"golden, crispy fillet, fresh onions, tomato, lettuce, spicy mayo and cheese enclosed in buns",,,,True
2511,156,Krispo Burger & Fries,Burgers,Burgers,895.0,PKR,Enjoy a crunchy burger experience with crispy potato fries,,,,True
2512,156,Chicken Pulao Choice,Rice & Biryani,Chicken Pulao,724.0,PKR,"A Platter Of Rice With A Chicken Piece Of Your Choice, Two Shami Kabab Served With Fresh Salad & Traditional Raita",Boxed : 724.0,724.0,724.0,True
2513,156,Chicken Pulao Single,Rice & Biryani,Chicken Pulao,707.0,PKR,"A platter of rice with a chicken piece, served with 2 shami kababs, fresh salad & traditional raita",Packet: 707.0; Boxed: 724.0,707.0,724.0,True
2514,156,Chicken Pulao Single - Lunch Box,Rice & Biryani,Chicken Pulao,735.0,PKR,"Rice With A Chicken Piece, Two Shami Kabab Packed In Card Box With Fresh Salad & Traditional Raita",,,,True
2515,156,Chicken Pulao Single without Kabab,Rice & Biryani,Chicken Pulao,581.0,PKR,A platter of rice with chicken. Served with fresh salad & traditional raita,Packet: 581.0; Boxed: 599.0,581.0,599.0,True
2516,156,Chicken Pulao Single without Kabab -  Boxed,Rice & Biryani,Chicken Pulao,610.0,PKR,A platter of rice with chicken. Served with fresh salad & traditional raita,,,,True
2517,156,Chicken Pulao Special,Rice & Biryani,Chicken Pulao,923.0,PKR,"A Platter Of Rice With Two Chicken Pieces, Two Shami Kababs Served With Fresh Salad & Traditional Raita",Packet: 923.0; Boxed: 941.0,923.0,941.0,True
2518,156,Chicken Pulao Special Boxed,Rice & Biryani,Chicken Pulao,952.0,PKR,Juicy chicken and rice served with raita.,,,,True
2519,156,Chicken Pulao Special Choice,Rice & Biryani,Chicken Pulao,952.0,PKR,"A Platter Of Rice With Two Chicken Pieces Of Your Choice, Two Shami Kabab Served With Fresh Salad & Traditional Raita",Boxed: 952.0,952.0,952.0,True
2520,156,Chicken Pulao Special Picnic Pack,Rice & Biryani,Chicken Pulao,952.0,PKR,Picnic Pack,,,,True
2521,156,Chicken Pulao Special Without Kabab,Rice & Biryani,Chicken Pulao,798.0,PKR,A Platter Of Rice With Two Chicken Pieces Served With Fresh Salad & Traditional Raita,Packet: 798.0; Boxed: 827.0,798.0,827.0,True
2522,156,Chicken Pulao Special without kabab boxed,Rice & Biryani,Chicken Pulao,827.0,PKR,Juicy chicken and rice served with raita.,,,,True
2523,156,Pulao,Rice & Biryani,Chicken Pulao,365.0,PKR,A plate of rice served with fresh salad & traditional raita,Packet: 365.0; Boxed: 382.0,365.0,382.0,True
2524,156,Pulao Boxed,Rice & Biryani,Chicken Pulao,393.0,PKR,A plate of rice served with fresh salad & traditional raita,,,,True
2525,156,Pulao Kabab,Rice & Biryani,Chicken Pulao,490.0,PKR,A platter of rice with 2 shami kabab. Served with fresh salad & traditional raita,Packet: 490.0; Boxed: 507.0,490.0,507.0,True
2526,156,Pulao kabab Boxed,Rice & Biryani,Chicken Pulao,519.0,PKR,A platter of rice with 2 shami kabab. Served with fresh salad & traditional raita,,,,True
2527,156,Chicken Roast,Meat Mains,Chicken Roast,912.0,PKR,"A beautiful blend of spices and herbs mixed with the chicken, that give distinct flavor profile. Served with ketchup & fresh lemons",Half: 912.0; Full: 1796.0,912.0,1796.0,True
2528,156,Hot Deal,Deals & Combos,Exclusive Discounted Deals,2605.0,PKR,"2 Savour krispo burgers, 2 chicken pieces, 2 French fries & 2 250ml soft drinks",,,,True
2529,156,Hot Shots Deal,Deals & Combos,Exclusive Discounted Deals,861.0,PKR,12 Pieces,,,,True
2530,156,Krispy Deal,Deals & Combos,Exclusive Discounted Deals,1556.0,PKR,"1 Chicken Burger, 1 Wing Set, 1 Dinner Roll, 1 French Fries & 2 Drinks",,,,True
2531,156,My Deal,Deals & Combos,Exclusive Discounted Deals,1328.0,PKR,"1 Savour Krispo, 1 Chicken Piece, 1 French Fries & 1 345ml Drink",,,,True
2532,156,Super Deal,Deals & Combos,Exclusive Discounted Deals,1311.0,PKR,"2 Krispo Drum Sticks, 2 Wings pieces, 1 French Fries & 2 345ml Drinks",,,,True
2533,156,Wings Family Basket Deal,Deals & Combos,Exclusive Discounted Deals,2554.0,PKR,36 Pieces,,,,True
2534,156,French Fries,Wings & Fried,Fried Items,302.0,PKR,Serves 1-2 person. Crispy fried potatoes lightly seasoned with salt,,,,True
2535,156,Garlic Mayo Fries,Wings & Fried,Fried Items,348.0,PKR,Crispy fries with mayo,,,,True
2536,156,Krispo Chicken Piece,Wings & Fried,Fried Items,336.0,PKR,"Half quarter - Spicy crispy wings, marinated and dipped in breadcrumbs and deep-fried to perfection",,,,True
2537,156,Krispo Wings,Wings & Fried,Fried Items,496.0,PKR,"6 Pieces. Spicy crispy wings, marinated and dipped in breadcrumbs and deep-fried to perfection",,,,True
2538,156,Masala Fries,Wings & Fried,Fried Items,325.0,PKR,Fresh and crispy,,,,True
2539,156,Shami Kabab,Wings & Fried,Fried Items,68.0,PKR,Classic Savour Shami Kabab,Per Piece: 68.0; 12 Pieces: 816.0,12.0,816.0,True
2540,156,Ketchup,Sides & Appetizers,Sides,11.0,PKR,"Sweet and tangy tomato sauce, a perfect companion to any meal",,,,True
2541,156,Raita,Sides & Appetizers,Sides,34.0,PKR,Yoghurt spiced with cumin and red peppers,,,,True
2542,156,Salad,Sides & Appetizers,Sides,34.0,PKR,"Tomatoes, onions, cucumbers, lemon, cilantro",,,,True
2543,157,Beef Kebab,BBQ & Grill,BBQ,590.75,PKR,Serves 2 to 3. Succulent beef seekh kebab skewers expertly seasoned with aromatic spices and grilled to perfection. Five pieces of tender minced beef kebab served hot with fresh onions and chutney,590.75,590.75,590.75,True
2544,157,Chicken Niblets,BBQ & Grill,BBQ,531.25,PKR,Serves 1 to 4. Tender chicken niblets grilled to perfection with smoky BBQ seasoning. Tender BBQ chicken niblets perfect for sharing or enjoying solo with your favorite sides. Succulent pieces seasoned and grilled to smoky perfection.,0.25 KG: 531.25; 0.5 KG: 1058.25; 1 KG: 1780.75,0.25,1780.75,True
2545,157,Chicken Piece,BBQ & Grill,BBQ,505.75,PKR,Serves 1. Tender chicken niblets grilled to perfection with smoky BBQ seasoning. Succulent BBQ chicken piece available in leg or breast cut Grilled to perfection with aromatic spices and served hot,Chicken Leg Pc: 505.75; Chicken Breast Pc: 505.75,505.75,505.75,True
2546,157,Chicken Tikka Boti,BBQ & Grill,BBQ,590.75,PKR,Serves 1 to 4. Tender chicken niblets grilled to perfection with smoky BBQ seasoning. Succulent chicken pieces marinated in aromatic spices and yogurt then grilled to perfection over charcoal A traditional BBQ favorite with smoky flavors and tender juicy meat,1 KG: 1950.75; 0.25 KG: 590.75; 0.5 KG: 1185.75,0.25,1950.75,True
2547,157,MALAI BOTI,BBQ & Grill,BBQ,590.75,PKR,Serves 1 to 4. Tender chicken pieces marinated in creamy yogurt and aromatic spices grilled to perfection. A classic BBQ favorite with a rich malai flavor,.25 KG : 590.75; .5 KG: 1100.75; 1 KG: 2035.75,1.0,2035.75,True
2548,157,7up - 1.5 Litre,Beverages,Beverages,295.0,PKR,"A refreshing lemon-lime soda, perfect for quenching thirst and enhancing meals.",295,295.0,295.0,True
2549,157,7up - 350 ml,Beverages,Beverages,135.0,PKR,"A refreshing lemon-lime soda with a crisp, bubbly texture and sweet citrus flavor.",135,135.0,135.0,True
2550,157,Aquafina Water - 500 ml,Beverages,Beverages,100.0,PKR,"Refreshing bottled water, perfect for hydration on-the-go or at home.",100,100.0,100.0,True
2551,157,Pepsi - 1.5 Litre,Beverages,Beverages,295.0,PKR,"Carbonated soft drink, sweet and refreshing, perfect for quenching thirst on any occasion.",295,295.0,295.0,True
2552,157,Pepsi - 350 ml,Beverages,Beverages,135.0,PKR,"A carbonated soft drink with a sweet, refreshing flavor and a hint of caramel.",135,135.0,135.0,True
2553,157,Deal  2,Deals & Combos,Exclusive Discounted Deals,1670.25,PKR,"Serving for 2 person. Half sajji with rice, sauces & two 350 ml soft drink",1670.25,1670.25,1670.25,True
2554,157,Deal 1,Deals & Combos,Exclusive Discounted Deals,845.75,PKR,"Single serving. Quarter sajji with rice, sauces & 350 ml soft drink",845.75,845.75,845.75,True
2555,157,Deal 3,Deals & Combos,Exclusive Discounted Deals,3395.75,PKR,"Serving for 4 person. Full Sajji with rice, sauces & 1.5 litre soft
drink",3395.75,3395.75,3395.75,True
2556,157,Deal 4,Deals & Combos,Exclusive Discounted Deals,769.25,PKR,"Single serving. 8 Chicken nablets, 2 naan, raita & 350 ml soft drink",769.25,769.25,769.25,True
2557,157,Deal 5,Deals & Combos,Exclusive Discounted Deals,981.75,PKR,"Single serving. 8 Chicken malai boti, 2 naan, raita &  350 ml soft drink",981.75,981.75,981.75,True
2558,157,Deal 7,Deals & Combos,Exclusive Discounted Deals,718.25,PKR,"Single serving. 4 Beef kabab, 2 naan, raita &  350 ml soft drink",718.25,718.25,718.25,True
2559,157,Classic Sajji,Other,SAJJI,718.25,PKR,Serves 1. Chicken Classic Sajji with Rice and Sauces,Qaurter : 718.25; Half: 1440.75; Full: 2460.75,718.25,2460.75,True
2560,157,HOT PERI PERI CHICKEN,Other,SAJJI,786.25,PKR,Serves 1. CHICKEN IN HOT PERI PERI SAUCE,Quarter: 786.25; Half: 1568.25; Full: 2800.75; Full: 2800.75,786.25,2800.75,True
2561,157,PERI PERI LEMON & HERB SAJJI,Other,SAJJI,786.25,PKR,Serves 1. Sajji with special peri peri lemon and herb sauce & rice,Quarter: 786.25; Half: 1568.25; Full: 2800.75; Full: 2800.75,786.25,2800.75,True
2562,157,Sajji Without Rice,Other,SAJJI,607.75,PKR,Serves 1. Chicken Classic Sajji with Sauces,Quarter Sajji: 607.75; Half Sajji: 1185.75; Full Sajji: 2205.75,607.75,2205.75,True
2563,158,Chipotle Cheese Fries,Sides & Appetizers,Appetizers,730.0,PKR,"These loaded fries are perfect for satisfying your cravings for something cheesy, spicy, and utterly delicious.",,,,True
2564,158,Falafel,Sides & Appetizers,Appetizers,900.0,PKR,"Seven pieces of crispy, golden falafel made from seasoned chickpeas for a crunchy, flavorful Middle Eastern snack.",,,,True
2565,158,Fattoush Salad,Sides & Appetizers,Appetizers,450.0,PKR,"Fresh and zesty Middle Eastern salad made with crispy pita chips, mixed greens, tomatoes, cucumbers, and a tangy sumac dressing",Single: 450.0; Family: 650.0,450.0,650.0,True
2566,158,Fattoush Salad with Chicken,Sides & Appetizers,Appetizers,680.0,PKR,Fresh mixed greens topped with tender grilled chicken pieces crisp vegetables tomatoes cucumbers and radishes tossed with tangy sumac dressing and topped with crunchy chips,Single: 680.0; Family: 930.0,680.0,930.0,True
2567,158,Fries,Sides & Appetizers,Appetizers,270.0,PKR,"Crispy golden fries, perfectly seasoned and served hot for the ultimate snack or side.",,,,True
2568,158,Hummus,Sides & Appetizers,Appetizers,570.0,PKR,"Mashed chickpeas blended with tahini, lemon juice, and garlic. The standard garnish includes olive oil and paprika",Single: 570.0; Family: 930.0,570.0,930.0,True
2569,158,Hummus with Chicken Shawarma,Sides & Appetizers,Appetizers,930.0,PKR,Creamy hummus topped with tender grilled chicken - a perfect blend of Middle Eastern flavors and satisfying protein.,Single: 930.0; Family: 1280.0,930.0,1280.0,True
2570,158,Loaded Shawarma Fries,Sides & Appetizers,Appetizers,780.0,PKR,Crispy golden fries loaded with tender shawarma chicken and melted cheese on top Served fresh and warm for the ultimate indulgence,,,,True
2571,158,Masala Fries,Sides & Appetizers,Appetizers,290.0,PKR,Crispy golden fries tossed in our signature blend of spicy masala seasoning. A perfect side with a flavorful kick!,,,,True
2572,158,Fresh Lime,Beverages,Beverages,270.0,PKR,"A refreshing drink made with fresh lime juice, water, and a touch of sugar or salt, offering a tangy, zesty, and cooling citrus flavor.",,,,True
2573,158,Fresh Mango Juice,Beverages,Beverages,500.0,PKR,Refreshing fresh mango juice made from ripe sweet mangoes blended to perfection and served chilled A delightful tropical beverage bursting with natural flavor and nutrition,,,,True
2574,158,Fresh Peach Juice,Beverages,Beverages,500.0,PKR,Refreshing freshly squeezed peach juice bursting with natural sweetness and vibrant flavor. A delightful beverage perfect for any time of day,,,,True
2575,158,Fresh Plum Juice,Beverages,Beverages,500.0,PKR,Refreshing freshly squeezed plum juice bursting with natural sweetness and vibrant flavor. A delightful beverage packed with vitamins and antioxidants perfect for any time of day,,,,True
2576,158,Kiwi Chiller,Beverages,Beverages,450.0,PKR,"Refreshing Kiwi Chiller blended with fresh kiwi fruit and ice for a cool tropical beverage. Naturally sweet with a tangy twist, perfect for quenching your thirst on warm days",,,,True
2577,158,Mint Margarita,Beverages,Beverages,350.0,PKR,Refreshing mint infused beverage with a classic taste and vibrant flavor profile perfect for any occasion,,,,True
2578,158,Next Cola Can - 250 ml,Beverages,Beverages,300.0,PKR,"A 250 ml can of carbonated cola soft drink, offering a sweet, fizzy, and caramel-flavored taste with a refreshing bubbly finish.",,,,True
2579,158,Passion Fruit Chiller,Beverages,Beverages,450.0,PKR,Refreshing passion fruit chiller bursting with tropical flavors and natural sweetness. Perfectly chilled and served over ice for a delightful thirst-quenching experience on warm days,,,,True
2580,158,Strawberry Chiller,Beverages,Beverages,450.0,PKR,Refreshing strawberry chiller made with fresh ripe strawberries blended with ice and a touch of sweetness Perfect for hot days and ideal to quench your thirst,,,,True
2581,158,Water - 500 Ml,Beverages,Beverages,120.0,PKR,"A 500 ml serving of clean, pure drinking water, offering simple, refreshing hydration with a neutral taste.",,,,True
2582,158,Saudi Broast (Full),Other,Broast,2750.0,PKR,Crispy golden Saudi broast full juicy chicken marinated with bold Arabian spices pressure-fried to perfection for a crunchy outside and tender flavorful inside,,,,True
2583,158,Saudi Broast (Half),Other,Broast,1580.0,PKR,Crispy golden Saudi broast half featuring juicy chicken marinated with bold Arabian spices and pressure-fried to perfection for a crunchy exterior and tender flavorful interior,,,,True
2584,158,Saudi Broast (Quarter),Other,Broast,820.0,PKR,Crispy golden Saudi broast quarter featuring juicy chicken marinated with bold Arabian spices and pressure-fried to perfection for a crunchy exterior and tender flavorful interior,,,,True
2585,158,Classic Kunafa,Desserts,Desserts,1300.0,PKR,Delicate shredded pastry layered with creamy cheese and topped with aromatic sugar syrup. A traditional dessert served warm with a golden crispy exterior and soft melting center.,,,,True
2586,158,Juban Fatayer With Honey,Desserts,Desserts,950.0,PKR,"Flaky baked pastry filled with creamy cheese (juban) and drizzled with honey for a smooth, sweet, and mildly tangy indulgence.",,,,True
2587,158,Nutella Fatayer,Desserts,Desserts,950.0,PKR,"Flaky baked pastry filled with rich Nutella for a warm, chocolatey, and indulgent sweet treat.",,,,True
2588,158,Nutella Kunafa,Desserts,Desserts,1300.0,PKR,Crispy shredded pastry layered with smooth creamy Nutella and melted cheese then baked until golden and drizzled with sweet sugar syrup A delightful fusion of traditional kunafa with rich chocolate hazelnut flavor,,,,True
2589,158,Arabi Shawarma Combo,Deals & Combos,Discounted Combo,1450.0,PKR,Arabi Shawarma with Drink,,,,True
2590,158,Beef Shawarma Combo,Deals & Combos,Discounted Combo,1350.0,PKR,Beef Shawarma with Drink,,,,True
2591,158,Chipotle Cheese Fries Combo,Deals & Combos,Discounted Combo,880.0,PKR,Chipotle Cheese Fries with Drink,,,,True
2592,158,Large House Special Shawarma Combo,Deals & Combos,Discounted Combo,1090.0,PKR,Large House Special Shawarma with Drink,,,,True
2593,158,Loaded Fries Combo,Deals & Combos,Discounted Combo,980.0,PKR,Loaded Fries with Drink,,,,True
2594,158,OG Crispy Shawarma Combo,Deals & Combos,Discounted Combo,1180.0,PKR,OG Crispy Shawarma with Drink,,,,True
2595,158,Regular House Special Shawarma Combo,Deals & Combos,Discounted Combo,740.0,PKR,House Special Shawarma with Drink,,,,True
2596,158,Shish Taouk Wrap Combo,Deals & Combos,Discounted Combo,1090.0,PKR,Shish Taouk Wrap with Drink,,,,True
2597,158,Cheese Fatayer,Other,Fatayers,790.0,PKR,Baked pastry filled with a blend of soft cheeses,,,,True
2598,158,Chicken Fatayer,Other,Fatayers,920.0,PKR,"A soft, baked pastry filled with seasoned chicken, offering a warm, fluffy texture and a savory, mildly spiced flavor in every bite.",,,,True
2599,158,Juban Fatayer,Other,Fatayers,920.0,PKR,Rich & flavorful cheese pastry & popular for its creaminess,,,,True
2600,158,Pepperoni Fatayer,Other,Fatayers,920.0,PKR,Pepperoni Fatayer features four savory slices of pepperoni baked on a crisp golden pide base Topped with melted mozzarella and a sprinkle of sesame seeds each bite is a perfect blend of crisp and rich cheesy goodness,,,,True
2601,158,Zaatar Fatayer,Other,Fatayers,680.0,PKR,Flatbread pastry topped with a blend of zaatar spices,,,,True
2602,158,Zaatar with Cheese Fatayer,Other,Fatayers,920.0,PKR,A fragrant Middle Eastern classic with crispy dough topped with earthy zaatar spices and a generous layer of melted cheese. Each bite offers a perfect balance of savory herbs and creamy rich flavor,,,,True
2603,158,Chicken Shawarma Platter,Other,Mains,1390.0,PKR,"Shawarma chicken served with rice, garlic sauce & pickles",,,,True
2604,158,Farrouj Meshwi,Other,Mains,1840.0,PKR,"Grilled chicken, marinated in Middle Eastern spices served with garlic sauce & rice",Half: 1840.0; Full: 3200.0,1840.0,3200.0,True
2605,158,Lahori Shawarma Platter,Other,Mains,1290.0,PKR,Spicy Lahori style shawarma served with pita bread & chutney,,,,True
2606,158,Mix Grill Platter Full,Other,Mains,8520.0,PKR,"3 Chicken shawarma, fries, 14 cubes of shish taouk, full farrouj meshwi, 4 kofta kabab, rice, garlic sauce, chipotle sauce, 7 falafel & bread",,,,True
2607,158,Mix Grill Platter Half,Other,Mains,4590.0,PKR,"2 Regular chicken shawarma, fries, 10 cubes of shish taouk, half farrouj meshwi, 3 kofta kabab, rice, garlic sauce, chipotle sauce, 5 falafel & 3 pieces of bread",,,,True
2608,158,Mix Meat Platter,Other,Mains,1900.0,PKR,Our Mix Meat Platter features a delightful balance of juicy chicken and tender beef served over aromatic rice Paired with smooth hummus rich garlic sauce and our special house sauce for a flavorful feast in every bite,,,,True
2609,158,Shish Taouk Platter,Other,Mains,1700.0,PKR,"Grilled marinated chicken skewers served with fresh sides, sauces, and accompaniments for a flavorful and satisfying Mediterranean style platter.",,,,True
2610,158,Arabi Shawarma,Shawarma & Wraps,Shawarma,1290.0,PKR,Shawarma rolled in flatbread & sliced. Served with garlic sauce,,,,True
2611,158,Beef Shawarma,Shawarma & Wraps,Shawarma,1150.0,PKR,"Juicy marinated beef wrapped in freshly baked saj bread, layered with creamy garlic sauce and zesty mint chili sauce for a rich, flavorful bite",,,,True
2612,158,Falafel Wrap,Shawarma & Wraps,Shawarma,420.0,PKR,Falafel patties wrapped in flatbread with tahini sauce & veggies,,,,True
2613,158,House Special Shawarma,Shawarma & Wraps,Shawarma,560.0,PKR,"Signature shawarma made with premium marinated meat, fresh toppings, and house-special sauce for a rich and flavorful indulgence.",Regular: 560.0; Large: 960.0,560.0,960.0,True
2614,158,Kofta Kabab Platter,Shawarma & Wraps,Shawarma,1890.0,PKR,"Kofta kabab served with rice, garlic sauce & grilled vegetables",,,,True
2615,158,Kofta Kabab Wrap,Shawarma & Wraps,Shawarma,870.0,PKR,Grilled kefta kebab with creamy hummus fresh onions and fragrant parsley wrapped in warm flatbread,,,,True
2616,158,OG Crispy Shawarma,Shawarma & Wraps,Shawarma,1060.0,PKR,OG Crispy Shawarma golden-crispy on the outside juicy and flavorful on the inside packed with bold spices and wrapped to perfection,,,,True
2617,158,Shish Taouk Wrap,Shawarma & Wraps,Shawarma,970.0,PKR,Grilled cubes of Shish Taouk chicken with signature sauces in flat bread,,,,True
2618,158,Chipotle Sauce,Sides & Appetizers,Sides,100.0,PKR,"Smoky, creamy sauce blended with chipotle peppers for a rich, mildly spicy, and tangy flavor boost.",,,,True
2619,158,Garlic Sauce,Sides & Appetizers,Sides,100.0,PKR,"Creamy garlic-based sauce with a bold, tangy flavor, perfect for adding a rich and savory kick to sandwiches, grills, and snacks.",,,,True
2620,158,Hot Sauce,Sides & Appetizers,Sides,65.0,PKR,"Spicy, tangy chili-based sauce for an extra kick of heat and bold flavor in every bite.",,,,True
2621,158,House Special Rice,Sides & Appetizers,Sides,260.0,PKR,"Aromatic spiced rice prepared with the house special recipe for a rich, flavorful, and satisfying meal base.",,,,True
2622,158,Khoubz,Sides & Appetizers,Sides,100.0,PKR,Soft traditional Middle Eastern flatbread freshly baked and perfect for pairing with dips grills and meals,,,,True
2623,158,Saj Bread,Sides & Appetizers,Sides,100.0,PKR,"Thin, soft traditional flatbread baked on a saj griddle for a light, flexible, and freshly made Middle Eastern staple.",,,,True
2624,158,Tahini Sauce,Sides & Appetizers,Sides,100.0,PKR,"Creamy sesame-based sauce with a smooth, nutty flavor, perfect for adding richness to Middle Eastern dishes and grills.",,,,True
2625,158,Karak Chai,Beverages,Tea,250.0,PKR,"Strong, creamy spiced tea brewed with milk and aromatic spices for a rich, bold, and comforting South Asian classic.",,,,True
2626,158,Honey Wings (12 Pieces),Wings & Fried,Wings,930.0,PKR,"12 Pieces of Honey Wings glazed with pure honey and our special sauce, then garnished with sesame seeds for a perfect sweet and savory finish.",,,,True
2627,158,Honey Wings (6 Pieces),Wings & Fried,Wings,540.0,PKR,"6 Pieces of Honey Wings glazed with pure honey and our special sauce, then garnished with sesame seeds for a perfect sweet and savory finish.",,,,True
2628,158,Peri Peri Wings (12 Pieces),Wings & Fried,Wings,930.0,PKR,"12 Pieces of Spicy Peri Peri Wings tossed in a bold, spicy peri peri sauce and cooked to juicy perfection.",,,,True
2629,158,Peri Peri Wings (6 Pieces),Wings & Fried,Wings,540.0,PKR,"6 Pieces of Spicy Peri Peri Wings tossed in a bold, spicy peri peri sauce and cooked to juicy perfection.",,,,True
2630,159,Chicken Reshmi Boti 4 Pc,BBQ & Grill,BBQ,570.0,PKR,"Chicken Reshmi Boti 4 Pc, Mint Raita, Mix Fresh Salad",,,,True
2631,159,Chicken Seekh Kabab 4 Pcs,BBQ & Grill,BBQ,780.0,PKR,"Seekh Kabab 4 Pc, Mint Raita, Mix Fresh Salad",,,,True
2632,159,Chicken Tikka Leg 1 Pc,BBQ & Grill,BBQ,735.0,PKR,"Chicken Tikka Leg 1 Pc, Mint Raita, Mix Fresh Salad",,,,True
2633,159,Roghni Naan,BBQ & Grill,BBQ,220.0,PKR,XPRS Roghni Naan,,,,True
2634,159,Chicken Piece (3 Pcs),Meat Mains,Bone in Chicken,790.0,PKR,Extremely flavorful tender and juicy chicken pieces,,,,True
2635,159,Spicy Chicken,Meat Mains,Bone in Chicken,2090.0,PKR,9 Pieces,,,,True
2636,159,Captain Kids Meal With Chicken Burger,Other,Captain Kids Meal,550.0,PKR,"Chicken Burger with Regular Fries, Sufi Srink and Colour Pencils",,,,True
2637,159,Captain Kids Meal With Chicken Piece,Other,Captain Kids Meal,550.0,PKR,"Chicken piece with fries, drink and colour pencils",,,,True
2638,159,Captain Kids Meal With Classic Nuggets,Other,Captain Kids Meal,550.0,PKR,"4 Pieces classic nuggets with fries, drink and colour pencils",,,,True
2639,159,Captain Kids Meal With Space Nuggets,Other,Captain Kids Meal,550.0,PKR,"4 Pieces space nuggets with fries, drink and colour pencils",,,,True
2640,159,Manta 500Ml Drink,Beverages,Cold Beverages,110.0,PKR,Sufi Manta 500ml drink,,,,True
2641,159,Sufi Cola  - 500ml,Beverages,Cold Beverages,110.0,PKR,500ml drink,,,,True
2642,159,Sufi Laman - 500 Ml,Beverages,Cold Beverages,110.0,PKR,Laman 500 ml drink,,,,True
2643,159,Chicken & Chips Deal,Deals & Combos,Exclusive Discounted Deals,500.0,PKR,Chicken piece with regular fries,,,,True
2644,159,XPRS BBQ Fries,Sides & Appetizers,Fries,470.0,PKR,French fries loaded with BBQ sauce,Original: 470.0; Jumbo: 570.0,470.0,570.0,True
2645,159,XPRS CURLY FRIES,Sides & Appetizers,Fries,495.0,PKR,Curls with Curves,Small: 495.0; Medium: 595.0; Large: 695.0,495.0,695.0,True
2646,159,XPRS Fries,Sides & Appetizers,Fries,320.0,PKR,Good old fashioned salted French fries,Small: 320.0; Medium: 370.0; Large: 450.0,320.0,450.0,True
2647,159,XPRS Mayo Fries,Sides & Appetizers,Fries,470.0,PKR,French fries loaded with mayonnaise,Original: 470.0; Jumbo: 570.0,470.0,570.0,True
2648,159,Azadi Deal,Deals & Combos,Special Azadi Deal,500.0,PKR,Enjoy our Azadi Deal featuring one delicious Reshmi Wrap paired with a refreshing 500ml beverage of your choice. Perfect for a quick satisfying meal on the go,,,,True
2649,159,Deal For 1,Deals & Combos,Special Discount Offer,617.5,PKR,"1 Crispy Chicken Burger, 1 Regular Fries, 1 500 ml Drink",,,,True
2650,159,XPRS Crispy Chicken Wrap,Shawarma & Wraps,Wraps,530.0,PKR,Don't resist the allure of these deliciously marinated juicy chicken pieces,Wrap Regular Meal: 780.0; Wrap Only: 530.0,530.0,780.0,True
2651,159,XPRS Reshmi Chicken Wrap,Shawarma & Wraps,Wraps,625.0,PKR,"Chicken wrapped on toasted pita bread, served with sauce and veggies, a Lebanese classic.",Wrap Only: 625.0; Wrap Regular Meal: 875.0,625.0,875.0,True
2652,159,XPRS Fish Burger,Burgers,XPRS Fish Burger,789.0,PKR,Fish Burger,Burger Only: 789.0; Regular Meal: 1039.0; Medium Meal: 1189.0; Large Meal: 1290.0,789.0,1290.0,True
2653,159,Crispy Chicken Burger,Burgers,Xprs Burgers,520.0,PKR,XPRS Crispy Chicken Burger,Burger Only: 520.0; Regular Meal: 770.0,520.0,770.0,True
2654,159,Green Chilli Burger,Burgers,Xprs Burgers,400.0,PKR,XPRS Green Chilli Burger,Burger Only: 400.0; Regular Meal: 650.0,400.0,650.0,True
2655,159,Grilled Chicken Burger,Burgers,Xprs Burgers,660.0,PKR,Grilled Burger,Regular Meal: 910.0; Medium Meal: 1060.0; Burger Only: 660.0; Large Meal: 1160.0,660.0,1160.0,True
2656,159,Hot Shot Burger,Burgers,Xprs Burgers,340.0,PKR,A burst of exquisite flavor and crunch. The complete burger experience.,Burger Only: 340.0; Regular Meal: 590.0; Medium Meal: 740.0; Large Meal: 840.0,340.0,840.0,True
2657,159,Royal Burger,Burgers,Xprs Burgers,425.0,PKR,XPRS Royal Burger,Burger Only: 425.0; Regular Meal: 675.0,425.0,675.0,True
2658,159,Signature Chicken Burger,Burgers,Xprs Burgers,710.0,PKR,XPRS Signature Chicken Burger,Burger Only: 710.0; Regular Meal: 960.0,710.0,960.0,True
2659,159,Signature Mayo Chicken Burger,Burgers,Xprs Burgers,550.0,PKR,XPRS Signature Mayo Chicken Burger,Burger Only: 550.0; Regular Meal: 800.0,550.0,800.0,True
2660,159,XPRS Chicken Burger,Burgers,Xprs Burgers,529.0,PKR,Chicken Burger,Burger Only : 529.0; Regular: 780.0; Medium: 930.0; Large: 1030.0,529.0,1030.0,True
2661,159,XPRS Spicy Chicken Burger,Burgers,Xprs Burgers,600.0,PKR,Spicy Burger,Burger Only: 600.0; Regular Meal: 850.0; Medium Meal: 1000.0; Large Meal: 1100.0,600.0,1100.0,True
2662,159,Xprs Mighty Chicken Burger,Burgers,Xprs Burgers,544.0,PKR,Mighty Chicken Burger,Burger Only: 544.0; Regular Meal: 795.0; Medium Meal: 894.0; Large Meal: 975.0,544.0,975.0,True
2663,159,Chicken Poppers,Other,Xprs Classics,480.0,PKR,9 Pieces,,,,True
2664,159,Chicken Tenders,Other,Xprs Classics,390.0,PKR,Chicken Tenders 3 Pcs,,,,True
2665,159,Chicken Wings,Other,Xprs Classics,770.0,PKR,8 Pieces,,,,True
2666,159,Drum Sticks,Other,Xprs Classics,850.0,PKR,Drum Sticks 5 Pcs,,,,True
2667,159,Reshmi Samosa,Other,Xprs Classics,290.0,PKR,XPRS Reshmi Samosa,,,,True
2668,159,Tender Nuggets,Other,Xprs Classics,390.0,PKR,XPRS Tender Nuggets 6 Pcs,,,,True
2669,159,XPRS Classic Chicken Nuggets,Other,Xprs Classics,450.0,PKR,Classic Chicken Nuggets,6 Pieces: 450.0; 9 Pieces: 635.0; 20 Pieces: 1400.0; 6Pcs Regular Meal: 700.0,6.0,1400.0,True
2670,10,7up - 345 ml,Beverages,Beverages,150.0,PKR,A Light & Refreshing Lemon-lime soda to pair with your food! Click to add to your meal.,,,,True
2671,10,7up Mint-345 Ml,Beverages,Beverages,150.0,PKR,"Carbonated soft drink with a refreshing lemon-lime flavour, enhanced by a hint of mint.",,,,True
2672,10,Aquafina  - 500 ml,Beverages,Beverages,95.0,PKR,Pure water for a perfect taste! Click to add refreshing water to your meal.,,,,True
2673,10,Diet 7up - 345 ml,Beverages,Beverages,150.0,PKR,The Classic Lemon-lime soda with Zero Calories! Click to add to your meal.,,,,True
2674,10,Diet Pepsi  - 345 ml,Beverages,Beverages,150.0,PKR,Pepsi Zero Sugar is the only soda with Zero Calories & Maximum Pepsi taste! Click to add to your meal.,,,,True
2675,10,Mirinda - 345 ml,Beverages,Beverages,150.0,PKR,"A vibrant, tongue-tingling, and Flavorful Orange refreshment! Click to add to your meal.",,,,True
2676,10,Mountain Dew,Beverages,Beverages,150.0,PKR,Mountain Dew exhilarates & quenches thirst with its one of a kind citrus taste! Click to add to your meal.,,,,True
2677,10,Pepsi - 345 ml,Beverages,Beverages,150.0,PKR,"The Bold, Refreshing & STRONG cola! Click to add to your meal.",,,,True
2678,10,Baby Sheikh,Burgers,Burgers,795.0,PKR,Your favourite fried chicken sandwich now comes in a baby serving. One juicy chicken patty served over a bed of iceberg and secret sauce packed inside a grilled butter brioche.,,,,True
2679,10,Fit Sheikh,Burgers,Burgers,795.0,PKR,Its low in calories low in fat and a high nutritional value with lettuce pickle & mayonnaise in butter brioche bun.,,,,True
2680,10,Fitter Sheikh,Burgers,Burgers,1195.0,PKR,"Double the fitness for our Hero Smashers. Special marinade and grilled to perfection for the ultimate juicy chicken breast sandwiched in our signature brioche buns. Healthiest and 
delicious.",,,,True
2681,10,Hulk Sheikh,Burgers,Burgers,1895.0,PKR,"Our Juiciest Quad Patty Hulk Smash Only the hulk can handle 4 of our juiciest, cheesiest patties, If you needed napkins for the Monster, You will need a towel to wipe juices from this burger fit for the HULK.",,,,True
2682,10,Little Sheikh,Burgers,Burgers,795.0,PKR,"Our classic, single patty burger perfect for a quick juicy snack. Brioche buns, our top secret blend of beef, American cheddar cheese and our signature sauce on the side.",,,,True
2683,10,Monster Sheikh,Burgers,Burgers,1595.0,PKR,"Our juiciest, triple patty monster of a burger. Loaded with cheese and juice you are going to need a few extra napkins on hand when taking this burger on. Sauce on the side as usual",,,,True
2684,10,Nash-Stack Sheikh,Burgers,Burgers,1345.0,PKR,Nash-Stack Sheikh is twice the fun. Two juicy chicken breast fillets marinated breaded fresh on site and fried to perfect crunch coated with signature Nashville sauce and dusted with bold flavors. Served with pickles and lettuce sandwiched in pillowy brioche buns.,,,,True
2685,10,Nashville Sheikh,Burgers,Burgers,825.0,PKR,Juicy fiery and fantastic White piece chicken marinated breaded fresh on site and fried to perfect juicy crunch coated with signature Nashville sauce served with pickles and lettuce between pillowy brioche buns,,,,True
2686,10,Potato Sheikh,Burgers,Burgers,715.0,PKR,"A layer of crispy masala fries, our classic, smashed beef patty topped with grilled jalapenos and our secret sauce wrapped up in our grilled butter brioche buns. 100% lactose free.",,,,True
2687,10,Scared Sheikh,Burgers,Burgers,1195.0,PKR,"Two juicy, tender chicken patties between our favourite brioche buns. It comes with two patties because we like all our burgers this way.",,,,True
2688,10,Skinny Hulk Sheikh,Burgers,Burgers,1895.0,PKR,"Our juiciest, Quad patty monster of a burger. Crisp green iceberg, loaded with cheese and juice you are going to need a few extra napkins on hand when taking this burger on. Sauce on the side as usual.",,,,True
2689,10,Skinny Little,Burgers,Burgers,795.0,PKR,"Our smallest single patty smashed beef burger. Crisp green iceberg, our top secret blend of beef, American cheddar cheese and our signature sauce on the side.",,,,True
2690,10,Skinny Monster,Burgers,Burgers,1595.0,PKR,"Our juiciest, triple patty monster of a burger. Crisp green iceberg, loaded with cheese and juice you are going to need a few extra napkins on hand when taking this burger on. Sauce on the side as usual.",,,,True
2691,10,Skinny Wedded,Burgers,Burgers,1195.0,PKR,"Our best-selling, founder recommended, juicy double smash burger with two slices of American cheese in crisp green iceberg and our signature sauce served on the side.",,,,True
2692,10,The Original Oklahoma Sheikh,Burgers,Burgers,1345.0,PKR,"Experience the authentic taste of the classic Oklahoma onion smash burger. Two juicy beef patties, perfectly smashed with thinly sliced onions, caramelized to a golden crisp, and grilled to perfection. Topped with two slices of premium American cheddar and served in our signature buttery brioche buns.",,,,True
2693,10,Wedded Sheikh,Burgers,Burgers,1195.0,PKR,"Our Signature, double- patty cheese- loaded burger, the perfect treat after a long day of work. Our signature, best-selling, founder recommended, juicy double smash burger, the perfect treat after a long day of work. With two slices of American cheddar cheese in buttery brioche bun and our signature sauce on the side.",,,,True
2694,10,Tender Sheikh,Meat Mains,Chicken Strips,595.0,PKR,"Oh! So tender!!! Tenders, strips or whatever you want to call them are marinated in our secret blend before freshly breaded , fried to perfection and dipped in our special Comeback sauce.",,,,True
2695,10,Clown 2.O,Other,Clown 2.O,1345.0,PKR,Two perfectly smashed beef patties layered with melted American cheddar crisp lettuce fresh onions and tangy pickles stacked inside three slices of toasted sesame seeded bun for that signature triple-layer bite Finished with our bold new Bigman Sauce that hits harder richer and saucier than ever,,,,True
2696,10,Bigman Sauce,Add-ons & Condiments,Dips,110.0,PKR,"The legend, reimagined. Its that familiar, creamy, ""how-did-they-do-it"" flavor that hits every nostalgia nerve. Think of it as the original burger soulmate only better because its from Smash.",,,,True
2697,10,Comeback Sauce,Add-ons & Condiments,Dips,110.0,PKR,"Warning This sauce has a Nashville attitude. Its tangy, bold, and brings a spicy kick that will have you crawling back for more. Its the ex you actually should text back.",,,,True
2698,10,Honey Mustard Sauce,Add-ons & Condiments,Dips,110.0,PKR,"The perfect toxic relationship sweet, sharp, and totally addictive. Its smooth honey meeting a mustard sting. Sweet enough to take home to mom; bold enough to keep things interesting",,,,True
2699,10,Nashville Sauce,Add-ons & Condiments,Dips,110.0,PKR,Rich creamy sauce as a perfect combination of sweet and spicy flavor,,,,True
2700,10,Signature Sauce,Add-ons & Condiments,Dips,110.0,PKR,"Our best-kept secret. We would tell you whats in it, but then we would have to... well, you know. Its the mysterious, savory magic that makes everything taste like a win.",,,,True
2701,10,Cheese Fries,Sides & Appetizers,Fries & Sides,595.0,PKR,"Golden crispy fries prepared fresh and generously topped with creamy, melted cheese sauce. Perfectly seasoned and served hot, delivering a rich, cheesy flavor in every bite",,,,True
2702,10,Loaded Fries-Beef,Sides & Appetizers,Fries & Sides,1195.0,PKR,"Crispy smash fries buried under cheese sauce, signature sauce, and jammy caramelized onions. Two perfectly smashed beef patties deliver ultimate smoky, meaty, umami flavors. Its not just a side, its a lifestyle choice",,,,True
2703,10,Nugg Sheikh,Sides & Appetizers,Fries & Sides,495.0,PKR,"We took premium chicken and gave the Smash treatment and created the Nugg Sheikhs. No mystery meat, no parts, just juicy fillet fried for maximum crunch and a heavy protein punch. It is the nugget Lahore deserved, but was not brave enough to ask for. Comes with a side of honey mustard Sauce",4 Pieces: 495.0; 6 Pieces: 695.0,4.0,695.0,True
2704,10,Regular Masala Fries,Sides & Appetizers,Fries & Sides,415.0,PKR,Serve 1,,,,True
2705,10,Regular Plain Fries,Sides & Appetizers,Fries & Sides,395.0,PKR,Serve 1,,,,True
2706,10,Smash Lemonade,Other,Lemonade,295.0,PKR,Refreshing ice-cold lemonade with the perfect balance of sweet and tangy flavors made to beat the heat. When life gives us lemons we Smash them.,,,,True
2707,10,Fries & 345Ml Drink,Other,Meal,495.0,PKR,Fried potatoes paired with fizzy twist,Regular Fries And 345ml Drink: 495.0; Masala Fries And 345ml Drink: 495.0,345.0,495.0,True
2708,10,Chocolate Sheikh,Beverages,Shakes,495.0,PKR,"Rich, velvety, and blended to perfection, for a deep, indulgent flavor in every sip. Our classic chocolate shake is the perfect treat for every chocolate lover.",,,,True
2709,10,Strawberry Sheikh,Beverages,Shakes,495.0,PKR,"Bursting with the fresh, sweet taste of strawberries, blended to a perfectly creamy finish. A refreshing twist that is deliciously fruity.",,,,True
2710,10,Vanilla Sheikh,Beverages,Shakes,495.0,PKR,"A classic choice, with the pure taste of vanilla in a luxuriously creamy base. Simple, timeless, and oh-so-satisfying.",,,,True
2711,10,Sheikh Starter Pack,Sides & Appetizers,Sheikh Starter Pack,625.0,PKR,Little Sheikh or Baby Sheikh with 345ml soft drink,Baby Sheikh With 345ml Drink: 625.0; Little Sheikh With 345ml Drink: 625.0,345.0,625.0,True
2712,10,Lycheeade,Beverages,Smash In-House Drinks,295.0,PKR,"Sweet, juicy lychee blended into a bright and refreshing cooler with a light citrus kick. Fruity, ice cold, and dangerously easy to finish.",,,,True
2713,10,Mintarita,Beverages,Smash In-House Drinks,295.0,PKR,"A sharp, ice cold blend of zesty lemon and refreshing mint. Sweet, tangy, and seriously refreshing the perfect drink to cut through all that juicy, cheesy Smash goodness",,,,True
2714,10,Smashilatte,Beverages,Smash In-House Drinks,495.0,PKR,"A smooth, creamy iced coffee with a bold caffeine kick, made to cool you down and keep you going. Rich, chilled, and exactly what your Smash meal was missing",,,,True
2715,10,Smash Taco,Other,Smash Taco - New Launch,1195.0,PKR,"A hot golden tortilla pressed into sizzling smashed beef, then folded with melted cheese, jalapeños, and onions for that crackly crunch, juicy bite, and full beef-loaded hit. Golden, cheesy, sizzling, and crisped till every bite snaps, served with fresh salsa on the side.",,,,True
2716,10,Fiery Sheikh,Other,The All New Fiery Sheikh,675.0,PKR,"The All New Fiery Sheikh A succulent beef patty smashed with chopped jalapenos and smoky onions, grilled to perfection, with a mayonnaise, in our signature butter brioche buns - for an irresistibly tangy, smoky flavor!",,,,True
2717,10,Wedded Sheikh 2.O,Other,Wedded 2.O,1345.0,PKR,"A new beef blend, more flavourful, and new gourmet seeded brioche buns.Two seasoned patties with perfectly melted slices of cheese, Lettuce, Pickles, Jalapenos, and Sauce inside.",,,,True
2718,160,7up - 345 ml,Beverages,Beverages,119.0,PKR,A Light & Refreshing Lemon-lime soda to pair with your food! Click to add to your meal.,119,119.0,119.0,True
2719,160,Mint Margarita,Beverages,Beverages,280.0,PKR,Icy cool mint margarita made with real lemons & mint is sure to leave you refreshed.,280,280.0,280.0,True
2720,160,Pepsi - 345 ml,Beverages,Beverages,119.0,PKR,"The Bold, Refreshing & STRONG cola! Click to add to your meal.",119,119.0,119.0,True
2721,160,Dip,Other,Extras,70.0,PKR,In house special sauce,70,70.0,70.0,True
2722,160,Pita Bread,Other,Extras,50.0,PKR,Classic white pita bread toasted to perfection,50,50.0,50.0,True
2723,160,Masala Fries,Sides & Appetizers,Fries,250.0,PKR,"Crispy, hot seasoned with masala",250,250.0,250.0,True
2724,160,Plain Fries,Sides & Appetizers,Fries,250.0,PKR,"The piping hot crunchy yet fluffy fries seasoned with the right amount of salt will definitely want you to dip again. Sauces for dip includes smoky, chipotle, garlic, spicy, honey mustard & salsa.",Fries: 250; Add Dip: 290,250.0,290.0,True
2725,160,Shawarma Fries,Sides & Appetizers,Fries,649.0,PKR,Shawarma over Fries hits just right. Not your regular sauce drenched loaded fries. All the shawarma ingredients dressed in classic shawarma setting.,649,649.0,649.0,True
2726,160,Grilled Jalapeno Cheddar Melt,Other,Pitas,600.0,PKR,The grilled variant of jcm tastes so much better. Grilled juicy cuts of chicken with hot melted cheddar cheese coupled with jalapenos & other veggies wrapped in perfectly toasted pita. Change bread to high fiber bran for Rs.40.,600,600.0,600.0,True
2727,160,Grilled Shawarma,Other,Pitas,480.0,PKR,The grilled variant tastes so much better. Fat free grilled chicken with canola oil based garlic sauce is so light on the body. Option to choose from high fiber bran pita & white pita.,480,480.0,480.0,True
2728,160,Grilled Shawarma Platter,Other,Pitas,899.0,PKR,"Chicken stripes with vinegar dipped fresh onions, capsicum, carrots, cucumbers, olives, jalapenos, served with sultan’s famous white sauce, red sauce & perfectly toasted pitas.",899,899.0,899.0,True
2729,160,Regular Jalapeno Cheddar Melt,Other,Pitas,550.0,PKR,This popular variant of shawarma launched back in 2016 took us to new heights. The perfect combination of jalapenos and melted cheese will surely make your day.,550,550.0,550.0,True
2730,160,Regular Shawarma,Other,Pitas,430.0,PKR,"The best shawarma there is. With option to choose from white and high fiber bran pita. The white sauce made with fresh garlic & canola oil is the best youll ever taste. Add on options include fries in wrap, jalapenos, olives, pickles & mozzarella sticks. To change bread to high fiber bran for (30) would be added.",430,430.0,430.0,True
2731,160,Shawarma Platter,Other,Pitas,799.0,PKR,"Carefully cut chicken stripes with vinegar dipped fresh onions, capsicum, carrots, cucumbers, olives, jalapenos, served with sultan’s famous white sauce, red sauce & perfectly toasted pitas.",799,799.0,799.0,True
2732,160,Quesadilla,Other,Quesadillas,650.0,PKR,"Tortilla bread sandwiched with savory mixture of meat, spices and vegetables crisped on a griddle, topped with shredded cheddar and mozzarella cheese.",650,650.0,650.0,True
2733,160,Breaded Fillet Wrap,Shawarma & Wraps,Wraps,650.0,PKR,"Carefully hand breaded chicken fried to golden brown topped with lettuce, tomato & sauce of choice. This is what chicken tenders are in a wrap. Get it topped with double cheese, fries & jalapenos to make it heavenly.",650,650.0,650.0,True
2734,160,Charcoal Grilled Fillet,Shawarma & Wraps,Wraps,560.0,PKR,"Tender char grilled chicken fillets with lettuce, tomatoes and sauce of choice in a wrap with lots of customization options to choose from.",560,560.0,560.0,True
2735,160,Durum,Shawarma & Wraps,Wraps,650.0,PKR,"Fresh chicken charcoal grilled to perfection wrapped in premium quality tortilla bread with vinegar dipped onions, cucumbers, capsicum, jalapenos, olives, tomatoes and iceberg lettuce topped with salsa and sultan’s signature sauce.",650,650.0,650.0,True
2736,160,The Arabian,Shawarma & Wraps,Wraps,580.0,PKR,"Smells like Arabia, tastes like wonder includes fries, smoked garlic sauce & grilled chicken",580,580.0,580.0,True
2737,161,Aloo Paratha Deal,Deals & Combos,BREAKFAST & DEALS,648.0,PKR,2 Aloo Paratha with a raita,648,648.0,648.0,True
2738,161,Alu Paratha,Deals & Combos,BREAKFAST & DEALS,329.0,PKR,Boiled and mashed aloo with added spices stuffed in paratha dough then fried till crispy golden brown,1 Alu Paratha: 329; 2 Alu Paratha: 595,1.0,595.0,True
2739,161,Anda Paratha,Deals & Combos,BREAKFAST & DEALS,315.0,PKR,Single serving,315,315.0,315.0,True
2740,161,Anda Shami Burger,Deals & Combos,BREAKFAST & DEALS,332.0,PKR,Single Serving,Anda Shami Burger: 332; 2 Anda Shami Burger: 664; Double Anda Shami Burger: 375,2.0,664.0,True
2741,161,Anda Shami Burger Deal,Deals & Combos,BREAKFAST & DEALS,817.0,PKR,2 anda shami burgers with soft drink,817,817.0,817.0,True
2742,161,Boil Egg,Deals & Combos,BREAKFAST & DEALS,114.0,PKR,Single,114,114.0,114.0,True
2743,161,Lachha Paratha,Deals & Combos,BREAKFAST & DEALS,202.0,PKR,single,202,202.0,202.0,True
2744,161,Meetha Paratha,Deals & Combos,BREAKFAST & DEALS,210.0,PKR,"Sweet, flaky flatbread served warm, often enjoyed with syrup or honey for breakfast.",210,210.0,210.0,True
2745,161,Namak Mirch Ka Anda,Deals & Combos,BREAKFAST & DEALS,147.0,PKR,Serves single,147,147.0,147.0,True
2746,161,Omelet,Deals & Combos,BREAKFAST & DEALS,255.0,PKR,"Onion, hara dhania, timatar green chilies along with seasoning-Single Serving",255,255.0,255.0,True
2747,161,Plain Paratha With Pickle,Deals & Combos,BREAKFAST & DEALS,258.0,PKR,"Flaky flatbread served with tangy condiment, perfect for a satisfying breakfast experience.",258,258.0,258.0,True
2748,161,Shami Burger,Deals & Combos,BREAKFAST & DEALS,299.0,PKR,single serving,299,299.0,299.0,True
2749,161,Shami paratha,Deals & Combos,BREAKFAST & DEALS,470.0,PKR,"2 shami made with lentils, chicken and added spices served with 1 crispy golden fried paratha",2 shami 1 paratha: 470; 4 shami 2 paratha: 955,1.0,955.0,True
2750,161,Square Paratha,Deals & Combos,BREAKFAST & DEALS,178.0,PKR,Single,178,178.0,178.0,True
2751,161,7up,Beverages,Beverages,157.0,PKR,350 ml,157,157.0,157.0,True
2752,161,Mint Margarita,Beverages,Beverages,406.0,PKR,A glass,406,406.0,406.0,True
2753,161,Namkeen Lassi,Beverages,Beverages,232.0,PKR,Single Serving.,232,232.0,232.0,True
2754,161,Rooh Afza Drink,Beverages,Beverages,260.0,PKR,Single Serving.,260,260.0,260.0,True
2755,161,Sandal Sharbat,Beverages,Beverages,203.0,PKR,Single glass,Sandal Sharbat: 203; Two Sharbat: 403; With Basil Seeds: 215,203.0,403.0,True
2756,161,Soft Drink-345 Ml,Beverages,Beverages,157.0,PKR,"The Bold, Refreshing & STRONG cola! Click to add to your meal.",157,157.0,157.0,True
2757,161,Sweet Lassi,Beverages,Beverages,272.0,PKR,"A creamy, sweet yogurt drink flavored with cardamom and often garnished with nuts.",272,272.0,272.0,True
2758,161,Tea,Beverages,Beverages,285.0,PKR,"Creamy, rich, and comforting milk tea
(Doodh pati)",285,285.0,285.0,True
2759,161,Water Bottle,Beverages,Beverages,130.0,PKR,"500 ml.
Natural water sourced from protected underground aquifers, containing consistent levels of dissolved minerals",130,130.0,130.0,True
2760,161,Nashta Deal 1,Deals & Combos,Nashta Deals,606.0,PKR,2 aloo paratha with raita,606,606.0,606.0,True
2761,161,Nashta Deal 3,Deals & Combos,Nashta Deals,853.0,PKR,"Half fry egg, plain paratha,aloo paratha also chicken shami kabab and also tea",853,853.0,853.0,True
2762,161,Nashta Deal 4,Deals & Combos,Nashta Deals,770.0,PKR,"Omelet with paratha, shami kabab,also tea(doodh pati)",770,770.0,770.0,True
2763,161,Chicken Tikka Paratha Roll,Other,Our Special,607.0,PKR,BBQ Chicken Tikka Chunks wrapped around crispy paratha and added sauces,Chicken Tikka Paratha Roll: 607; 2 Chicken Tikka Paratha Rolls: 1240,2.0,1240.0,True
2764,161,Chicken Achari Handi,Pakistani,Pakistani Cuisine,599.0,PKR,"Single serving. Chicken achar masala, gravy & spices",Single Serve: 599; With Two Roti: 685,599.0,685.0,True
2765,161,Moong Masoor Ki Daal,Pakistani,Pakistani Cuisine,235.0,PKR,Single serving,2 Moong Masoor Ki Daal: 465; Moong Masoor Ki Daal: 235; Two Roti: 355; Four Roti: 585,2.0,585.0,True
2766,161,Boiled Rice,Rice & Biryani,Rice,282.0,PKR,"Plain steam rice,boiled till perfection can fulfill almost all dishes",Boiled Rice: 282; 2boiled Rice: 560,2.0,560.0,True
2767,161,Daal Chawal,Rice & Biryani,Rice,385.0,PKR,"Daal made with chana, moong, masoor daal with added spices and deshi ghe tarka for perfection served with boiled rice",1 Daal Chawal: 385; 2 Daal Chawal: 770,1.0,770.0,True
2768,161,Ketchup Sauce,Sides & Appetizers,Sides,35.0,PKR,per shot,35,35.0,35.0,True
2769,161,Mixed Pickle,Sides & Appetizers,Sides,90.0,PKR,Single serving,90,90.0,90.0,True
2770,161,Podina Raita,Sides & Appetizers,Sides,87.0,PKR,Single serving. (Picture is for advertisement purposes only),87,87.0,87.0,True
2771,161,Roti,Sides & Appetizers,Sides,60.0,PKR,Single serving,2 Roti: 120; 5 Roti: 299; 10 Roti: 595; 1 Roti: 60,1.0,595.0,True
2772,161,Salad,Sides & Appetizers,Sides,95.0,PKR,"various mixtures of raw or cooked vegetables, usually seasoned with oil, vinegar, or other dressing such as lemon and salt/pepper",95,95.0,95.0,True
2773,161,Vegetable Raita,Sides & Appetizers,Sides,210.0,PKR,"A cooling yogurt dish with diced vegetables and spices, perfect for balancing flavors.",210,210.0,210.0,True
2774,161,Chicken Shami Kabab,Sides & Appetizers,Starters,149.0,PKR,"Single serving. Minced lentils mashed, ball form & fried",1 Chicken Shami Kabab: 149; 2 Chicken Shami Kabab: 295; 5 Chicken Shami Kabab: 730,1.0,730.0,True
2775,161,Daal Chawal Popular Deal,Deals & Combos,Summer Deals,1255.0,PKR,"Daal chawal with 2 shami kabab, 1 paratha, raita and 2 soft drinks 345 ml",1255,1255.0,1255.0,True
2776,161,Deal 8,Deals & Combos,Summer Deals,690.0,PKR,Daal chawal with chicken shami kabab with 345ml Soft drink,690,690.0,690.0,True
2777,161,Flash Deal,Deals & Combos,Summer Deals,1380.0,PKR,Buy two daal chawal with two chicken shami kababs & also two soft drinks 345ml,1380,1380.0,1380.0,True
2778,161,Mega Burger Deal,Deals & Combos,Summer Deals,1323.0,PKR,4 Anda Shami Burgers,1323,1323.0,1323.0,True
2779,161,Trio Burger Deal,Deals & Combos,Summer Deals,1269.0,PKR,3 Anda shami burgers with 3 drinks,1269,1269.0,1269.0,True
2780,161,Kari Pakora,Other,Summer Special,364.0,PKR,Single serving,Kari Pakora: 364; Two Rotis: 475,364.0,475.0,True
2781,161,Shami Kabab Paratha Roll,Other,Summer Special,395.0,PKR,Shami kabab wrapped in paratha,395,395.0,395.0,True
2782,161,Value deal 1,Deals & Combos,Value Deals,820.0,PKR,Daal chawal with Aloo ka paratha also podina raita and 345 ml drink,820,820.0,820.0,True
2783,161,Value deal 2,Deals & Combos,Value Deals,680.0,PKR,"2 aloo paratha with shami kabab,raita",680,680.0,680.0,True
2784,161,Value deal 3,Deals & Combos,Value Deals,855.0,PKR,"1 aloo paratha, 1 anda shami burger and 2 soft drinks 345",855,855.0,855.0,True
2785,161,Value deal 4,Deals & Combos,Value Deals,890.0,PKR,2 daal chawal with 2 chicken shami kababs,890,890.0,890.0,True
2786,161,Value deal 5,Deals & Combos,Value Deals,749.0,PKR,"Moong masoor daal,two rotis & anda chicken shami burger,soft drink",749,749.0,749.0,True
2787,161,Value deal 6,Deals & Combos,Value Deals,1090.0,PKR,3 daal chawal,1090,1090.0,1090.0,True
2788,162,Beef Shawarma Meat,Add-ons & Condiments,Add-ONS & Sauces,449.0,PKR,50 grams,,,,True
2789,162,Chicken Meat Fifty Grams,Add-ons & Condiments,Add-ONS & Sauces,249.0,PKR,Sauces,,,,True
2790,162,Falafel,Add-ons & Condiments,Add-ONS & Sauces,449.0,PKR,Made with finest ingredients,,,,True
2791,162,Garlic Sauce,Add-ons & Condiments,Add-ONS & Sauces,149.0,PKR,Sauces,,,,True
2792,162,Gourmet Cola TIN,Add-ons & Condiments,Add-ONS & Sauces,149.0,PKR,Soft Drink,,,,True
2793,162,Gourmet Diet Cola TIN,Add-ons & Condiments,Add-ONS & Sauces,149.0,PKR,Soft Drink,,,,True
2794,162,Gourmet Diet Lemon Up,Add-ons & Condiments,Add-ONS & Sauces,149.0,PKR,Soft Drink 500ml,,,,True
2795,162,Gourmet Lemon Up TIN,Add-ons & Condiments,Add-ONS & Sauces,149.0,PKR,Soft Drink,,,,True
2796,162,Pickles,Add-ons & Condiments,Add-ONS & Sauces,149.0,PKR,Serve-1,,,,True
2797,162,Saj Bread,Add-ons & Condiments,Add-ONS & Sauces,149.0,PKR,2 Pieces,,,,True
2798,162,Tahini Sauce,Add-ons & Condiments,Add-ONS & Sauces,149.0,PKR,Sauces,,,,True
2799,162,Wafir Special Sauce,Add-ons & Condiments,Add-ONS & Sauces,149.0,PKR,Chilli Sauce,,,,True
2800,162,Chicken Madhbi Full,Meat Mains,Chicken Mandi/Chicken Madhbi,2339.1,PKR,Middle eastern dish with rich aromas and slow-cooked perfection.,,,,True
2801,162,Chicken Madhbi Half,Meat Mains,Chicken Mandi/Chicken Madhbi,1259.1,PKR,Middle eastern dish with rich aromas and slow-cooked perfection.,,,,True
2802,162,Chicken Mandi Full,Meat Mains,Chicken Mandi/Chicken Madhbi,2069.1,PKR,Middle eastern dish with rich aromas and slow-cooked perfection,,,,True
2803,162,Chicken Mandi Half,Meat Mains,Chicken Mandi/Chicken Madhbi,1079.1,PKR,Middle eastern dish with rich aromas and slow-cooked perfection.,,,,True
2804,162,Felafel & Drink,Deals & Combos,Combo,499.0,PKR,Combo,,,,True
2805,162,Beef Pita Wrap,Shawarma & Wraps,Pita Wraps,799.0,PKR,Beef Pita Wrap in Khubz Bread,,,,True
2806,162,Chicken Pita Wrap,Shawarma & Wraps,Pita Wraps,599.0,PKR,Chicken Pita Wrap in Khubz Bread,,,,True
2807,162,Rice Beef Shawarma,Rice & Biryani,Rice Bowl,1394.1,PKR,"Rice Bowl - Tender, succulent beef paired with fragrant, perfectly cooked rice creates a flavor combination that lingers long after the last bite.",,,,True
2808,162,Rice Chicken Kebab,Rice & Biryani,Rice Bowl,1034.1,PKR,Rice Bowl,,,,True
2809,162,Rice Chicken Shawarma,Rice & Biryani,Rice Bowl,1034.1,PKR,Rice Bowl,,,,True
2810,162,Rice Chicken Shish Tawak,Rice & Biryani,Rice Bowl,1214.1,PKR,Rice Bowl,,,,True
2811,162,Rice Falafel,Rice & Biryani,Rice Bowl,854.1,PKR,Rice Bowl,,,,True
2812,162,Rice Mix Beef & Chicken Shawarma,Rice & Biryani,Rice Bowl,1304.1,PKR,Rice Bowl,,,,True
2813,162,Rice Mix Beef & Chicken Shwarma,Rice & Biryani,Rice Bowl,1349.1,PKR,Rice Bowl,,,,True
2814,162,Salad Beef Shawarma,Salads,Salad Bowl,1549.0,PKR,Salad Bowl,,,,True
2815,162,Salad Chicken Kebab,Salads,Salad Bowl,1149.0,PKR,Salad Bowl,,,,True
2816,162,Salad Chicken Shawarma,Salads,Salad Bowl,1149.0,PKR,Salad Bowl,,,,True
2817,162,Salad Chicken Shish Tawak,Salads,Salad Bowl,1349.0,PKR,Salad Bowl,,,,True
2818,162,Salad Falafel,Salads,Salad Bowl,949.0,PKR,Salad Bowl,,,,True
2819,162,Salad Mix Beef & Chicken Shawarma,Salads,Salad Bowl,1499.0,PKR,Salad Bowl,,,,True
2820,162,Fattoush Salad,Salads,Salads,599.0,PKR,"Its a celebration for your health and a festival for your taste buds, bringing the true essence of Levantine flavors to life.",,,,True
2821,162,Greek Salad,Salads,Salads,599.0,PKR,"Its a celebration for your health and a festival for your taste buds, bringing the true essence of Levantine flavors to life.",,,,True
2822,162,Beef Shawarma,Shawarma & Wraps,Wraps,1259.1,PKR,"Enhanced by tangy pickles, crisp salad, and Wafir signature sauce, this wrap delivers an irresistible explosion of flavors.",,,,True
2823,162,Chicken Kabab Wrap,Shawarma & Wraps,Wraps,809.1,PKR,Serves 1,,,,True
2824,162,Chicken Shawarma,Shawarma & Wraps,Wraps,809.1,PKR,"Savor the succulent tenderness of expertly seasoned chicken shavings, wrapped in soft Saj bread and bursting with a harmonious medley of savory flavors. Complimented by fresh veggies, tangy pickles and our special sauce, this is a taste sensation you wont want to miss!",,,,True
2825,162,Chicken Shish Taouk Wrap,Shawarma & Wraps,Wraps,989.1,PKR,Serves 1,,,,True
2826,162,Falafel Wrap,Shawarma & Wraps,Wraps,629.1,PKR,"Packed with crispy, golden falafel, fresh veggies, and a drizzle of signature sauces, this wrap offers a taste of the Levant in every bite. Whether you are on the go or craving a hearty, flavorful meal, Wafirs Falafel Wrap is sure to hit the spot!",,,,True
2827,162,Mix Beef & Chicken Shawarma,Shawarma & Wraps,Wraps,1124.1,PKR,Wraps...,,,,True
2828,163,Manchurian Lollipop,Meat Mains,Chicken Lollipops,850.0,PKR,Wok-Tossed Chicken Lollipops in Manchurian Sauce,,,,True
2829,163,Salt & Pepper Lollipop,Meat Mains,Chicken Lollipops,850.0,PKR,Wok-Tossed Chicken Lollipops in Chinese Salt & Pepper,,,,True
2830,163,XO Chilli Lollipop,Meat Mains,Chicken Lollipops,850.0,PKR,Wok-Tossed Chicken Lollipops in XO Chilli Sauce,,,,True
2831,163,Classic Chilli Crisp Dumplings,Other,Classic Dumplings,1200.0,PKR,Steamed Chicken Dumplings with XO Chilli Oil,,,,True
2832,163,Crispy Wontons - Dumplings,Other,Classic Dumplings,1050.0,PKR,Deep-fried Chicken Dumplings with Chilli Oil,,,,True
2833,163,Dynamite Sauce,Add-ons & Condiments,Condiments,120.0,PKR,Tangy Dynamite Dip,,,,True
2834,163,House Mayo,Add-ons & Condiments,Condiments,120.0,PKR,House Special Lemongrass Mayo Dip,,,,True
2835,163,XO Spice Mix,Add-ons & Condiments,Condiments,120.0,PKR,Signature Asian Spice Blend,,,,True
2836,163,Coca-Cola,Beverages,Drinks,150.0,PKR,350ml,,,,True
2837,163,Coke Zero,Beverages,Drinks,150.0,PKR,350ml,,,,True
2838,163,Sprite,Beverages,Drinks,150.0,PKR,350ml,,,,True
2839,163,Water,Beverages,Drinks,120.0,PKR,500ml,,,,True
2840,163,Honey Crunchy Chicken & Chips,Deals & Combos,Exclusive Discounted Deals,1170.0,PKR,Wok-Tossed Fries in Honey Crunchy Chicken,,,,True
2841,163,Katsu Noodles,Deals & Combos,Exclusive Discounted Deals,1260.0,PKR,Wok-Tossed Noodles topped with Chicken Katsu,,,,True
2842,163,Kung Pao Chicken & Chips,Deals & Combos,Exclusive Discounted Deals,1035.0,PKR,Wok-Tossed Fries in Kung Pao Chicken,,,,True
2843,163,Lo Mein With Coke,Deals & Combos,Exclusive Discounted Deals,1215.0,PKR,Wok-Tossed Chicken Lo Mein with Crispy Wontons & Coca Cola (350ml),,,,True
2844,163,Xo Chili Chicken & Chips,Deals & Combos,Exclusive Discounted Deals,1035.0,PKR,Wok-Tossed Fries in Chicken Chilli Dry,,,,True
2845,163,Chicken Lo Mein,Noodles & Pasta,Noodles,1300.0,PKR,Wok-Tossed Noodles with Chicken,,,,True
2846,163,XO Chilli Noodles,Noodles & Pasta,Noodles,1150.0,PKR,Wok-Tossed Noodles in XO Chilli Sauce with Crispy Chicken Wontons,,,,True
2847,163,Buldak Fried Rice,Rice & Biryani,Special Fried Rice,1550.0,PKR,"Wok-Tossed Buldak Fried Rice with Prawns, Beef Sausage & Chicken",,,,True
2848,163,Supreme Fried Rice,Rice & Biryani,Special Fried Rice,1050.0,PKR,"Wok-tossed Fried Rice with Prawns, Beef & Chicken",,,,True
2849,163,Honey Crunchy Dumplings,Other,Wok Tossed Dumplings,1100.0,PKR,Wok-Tossed Chicken Dumplings in Honey Crunchy Sauce,,,,True
2850,163,Kung Pao Dumplings,Other,Wok Tossed Dumplings,1100.0,PKR,Wok-Tossed Chicken Dumplings in Kung Pao Sauce,,,,True
2851,163,Manchurian Dumplings,Other,Wok Tossed Dumplings,1100.0,PKR,Wok-Tossed Chicken Dumplings in Manchurian Sauce,,,,True
2852,163,XO Chilli Dumplings,Other,Wok Tossed Dumplings,1300.0,PKR,Wok-Tossed Chicken Dumplings in Chilli Dry Sauce,,,,True
2853,163,Beef Chili Dry & Chips,Sides & Appetizers,Wok Tossed Fries - Beef,1350.0,PKR,Wok-Tossed Fries in Beef Chilli Dry,,,,True
2854,163,Honey Crunchy Beef & Chips,Sides & Appetizers,Wok Tossed Fries - Beef,1350.0,PKR,Wok-Tossed Fries in Honey Crunchy Beef,,,,True
2855,163,Chicken Manchurian & Chips,Sides & Appetizers,Wok Tossed Fries - Chicken,1150.0,PKR,Wok-Tossed Fries in Chicken Manchurian,,,,True
2856,163,Dynamite Chicken & Chips,Sides & Appetizers,Wok Tossed Fries - Chicken,1300.0,PKR,Wok-Tossed Fries in Dynamite Chicken,,,,True
2857,163,Hot Garlic Chicken & Chips,Sides & Appetizers,Wok Tossed Fries - Chicken,1150.0,PKR,Wok-Tossed Fries in Hot Garlic Chicken,,,,True
2858,163,Dynamite Prawn & Chips,Sides & Appetizers,Wok Tossed Fries - Fish,1650.0,PKR,Wok-Tossed Fries in Dynamite Prawns,,,,True
2859,163,Hot Garlic Chips,Sides & Appetizers,Wok Tossed Fries - Veg,850.0,PKR,Wok-Tossed Fries in Hot Garlic Sauce,,,,True
2860,163,Kung Pao Chips,Sides & Appetizers,Wok Tossed Fries - Veg,850.0,PKR,Wok-Tossed Fries in Kung Pao Sauce,,,,True
2861,163,Manchurian Chips,Sides & Appetizers,Wok Tossed Fries - Veg,850.0,PKR,Wok-Tossed Fries in Manchurian Sauce,,,,True
2862,163,Tamarind Chips,Sides & Appetizers,Wok Tossed Fries - Veg,900.0,PKR,Wok-Tossed Fries in Tamarind Sauce,,,,True
2863,163,XO Chilli & Chips,Sides & Appetizers,Wok Tossed Fries - Veg,850.0,PKR,Wok-Tossed Fries in XO Chilli Sauce,,,,True
2864,163,Beef Chilli Dry With Rice,Rice & Biryani,Wok Tossed Rice,1350.0,PKR,Egg Fried Rice with Beef Chilli Dry,,,,True
2865,163,Chicken Manchurian With Rice,Rice & Biryani,Wok Tossed Rice,1150.0,PKR,Egg Fried Rice with Chicken Manchurian,,,,True
2866,163,Honey Crunchy Beef With Rice,Rice & Biryani,Wok Tossed Rice,1350.0,PKR,Egg Fried Rice with Honey Crunchy Beef,,,,True
2867,163,Honey Crunchy Chicken With Rice,Rice & Biryani,Wok Tossed Rice,1300.0,PKR,Egg Fried Rice with Honey Crunchy Chicken,,,,True
2868,163,Hot Garlic Chicken With Rice,Rice & Biryani,Wok Tossed Rice,1150.0,PKR,Egg Fried Rice with Hot Garlic Chicken,,,,True
2869,163,Kung Pao Chicken With Rice,Rice & Biryani,Wok Tossed Rice,1150.0,PKR,Egg Fried Rice with Kung Pao Chicken,,,,True
2870,163,XO Chilli Chicken With Rice,Rice & Biryani,Wok Tossed Rice,1150.0,PKR,Egg Fried Rice with XO Chilli Chicken,,,,True
2871,163,Honey Crunchy Wings,Wings & Fried,Wok Tossed Wings,1200.0,PKR,Wok-Tossed Chicken Wings in Honey Crunchy Sauce,,,,True
2872,163,Hot Garlic Wings,Wings & Fried,Wok Tossed Wings,1100.0,PKR,Wok-Tossed Chicken Wings in Hot Garlic Sauce,,,,True
2873,163,Manchurian Wings,Wings & Fried,Wok Tossed Wings,1100.0,PKR,Wok-Tossed Chicken Wings in Manchurian Sauce,,,,True
2874,163,Tamarind Wings,Wings & Fried,Wok Tossed Wings,1200.0,PKR,Wok-Tossed Chicken Wings in Tamarind Sauce,,,,True
2875,163,XO Chili Wings,Wings & Fried,Wok Tossed Wings,1100.0,PKR,Wok-Tossed Chicken Wings in XO Chilli Sauce,,,,True
2876,164,360 Degree Fries,Burgers,Burger & Fries,486.0,PKR,Potato chips with our special 360degree sauce,,,,True
2877,164,BBQ Fries,Burgers,Burger & Fries,441.0,PKR,Potato chips with BBQ sauce,,,,True
2878,164,Chocolate Fries,Burgers,Burger & Fries,441.0,PKR,Potato chips with chocolate spread,,,,True
2879,164,Crispy Italian Fries,Burgers,Burger & Fries,405.0,PKR,Crispy golden fries seasoned with Italian herbs and spices served hot with a sprinkle of garlic for an authentic Italian twist,,,,True
2880,164,Crispy Wild Fries,Burgers,Burger & Fries,405.0,PKR,Crispy golden fries seasoned with special spices and served piping hot. A perfect side to complement any burger or meal with an irresistible crunch and savory taste.,,,,True
2881,164,Crunchy Chicken Fillet Burger,Burgers,Burger & Fries,711.0,PKR,"Scrumptious chicken fillet, our very special sauce, iceberg served with fries on side",,,,True
2882,164,Dynamite Fries,Burgers,Burger & Fries,405.0,PKR,Crispy golden fries seasoned with bold spices and a fiery kick that will ignite your taste buds. Served hot and perfect for sharing or enjoying solo with your favorite dipping sauce.,,,,True
2883,164,Loaded Fries,Burgers,Burger & Fries,585.0,PKR,Golden crispy fries generously loaded with tender seasoned chicken and topped with special sauces blended with aromatic mixed spices,,,,True
2884,164,Mayo Garlic Fries,Burgers,Burger & Fries,441.0,PKR,Crispy golden fries tossed with creamy mayo and aromatic garlic seasoning. A perfect side that combines the comfort of fresh fries with rich garlicky flavors.,,,,True
2885,164,Plain Fries,Burgers,Burger & Fries,351.0,PKR,Plain fries with tomato sauce,,,,True
2886,164,Typical Classic Chicken Burger,Burgers,Burger & Fries,495.0,PKR,"Crispy chicken patty, fresh iceberg, zero degree special sauce",,,,True
2887,164,Choco Pleasure,Japanese,Crepe & Sushi,765.0,PKR,"Chocolate crepe filled with premium chocolate, topped with rich sauce and crunchy bites for a perfectly indulgent dessert.",,,,True
2888,164,Crepe 360,Japanese,Crepe & Sushi,945.0,PKR,"Chocolate crepe filled with premium chocolate, topped with rich sauce and crunchy bites for a perfectly indulgent dessert.",,,,True
2889,164,Crepe Bounty,Japanese,Crepe & Sushi,945.0,PKR,"Chocolate crepe filled with premium chocolate, topped with rich sauce and crunchy bites for a perfectly indulgent dessert.",,,,True
2890,164,Crepe Choco Desire,Japanese,Crepe & Sushi,765.0,PKR,"Chocolate crepe filled with premium chocolate, topped with rich sauce and crunchy bites for a perfectly indulgent dessert.",,,,True
2891,164,Crepe Ferrero,Japanese,Crepe & Sushi,1161.0,PKR,"Chocolate crepe filled with premium chocolate, topped with rich sauce and crunchy bites for a perfectly indulgent dessert.",,,,True
2892,164,Crepe Galaxy,Japanese,Crepe & Sushi,891.0,PKR,"Chocolate crepe filled with premium chocolate, topped with rich sauce and crunchy bites for a perfectly indulgent dessert.",,,,True
2893,164,Crepe Kinder Beuno,Japanese,Crepe & Sushi,1125.0,PKR,"Chocolate crepe filled with premium chocolate, topped with rich sauce and crunchy bites for a perfectly indulgent dessert.",,,,True
2894,164,Crepe KitKat,Japanese,Crepe & Sushi,801.0,PKR,"Chocolate crepe filled with premium chocolate, topped with rich sauce and crunchy bites for a perfectly indulgent dessert.",,,,True
2895,164,Crepe Oreo,Japanese,Crepe & Sushi,711.0,PKR,"Chocolate crepe filled with premium chocolate, topped with rich sauce and crunchy bites for a perfectly indulgent dessert.",,,,True
2896,164,Crepe Pistachio,Japanese,Crepe & Sushi,1071.0,PKR,"Chocolate crepe filled with premium chocolate, topped with rich sauce and crunchy bites for a perfectly indulgent dessert.",,,,True
2897,164,Crepe Snicker,Japanese,Crepe & Sushi,1125.0,PKR,"Chocolate crepe filled with premium chocolate, topped with rich sauce and crunchy bites for a perfectly indulgent dessert.",,,,True
2898,164,Crepe Toblerone,Japanese,Crepe & Sushi,1125.0,PKR,"Chocolate crepe filled with premium chocolate, topped with rich sauce and crunchy bites for a perfectly indulgent dessert.",,,,True
2899,164,Sushi Crepe Banana,Japanese,Crepe & Sushi,855.0,PKR,"Chocolate crepe filled with premium chocolate, topped with rich sauce and crunchy bites for a perfectly indulgent dessert.",,,,True
2900,164,Sushi Crepe Bounty,Japanese,Crepe & Sushi,1305.0,PKR,"Chocolate crepe filled with premium chocolate, topped with rich sauce and crunchy bites for a perfectly indulgent dessert.",,,,True
2901,164,Sushi Crepe Brownie,Japanese,Crepe & Sushi,1341.0,PKR,"Chocolate crepe filled with premium chocolate, topped with rich sauce and crunchy bites for a perfectly indulgent dessert.",,,,True
2902,164,Italian Fries,Sides & Appetizers,Fries,405.0,PKR,Crispy golden fries seasoned with Italian herbs and garlic served hot with a side of marinara sauce for dipping,,,,True
2903,164,Wild Fries,Sides & Appetizers,Fries,405.0,PKR,Golden crispy fries seasoned with bold spices and served piping hot. A delicious side that pairs perfectly with any meal,,,,True
2904,164,Treat Share Box,Other,Gift Box,2691.0,PKR,"A festive Treat Share box filled with fresh strawberries, cookies, mini pancakes, and rich dessert dips in flavors like chocolate, pistachio, and kunafa. Perfect for sharing sweet moments with family and friends.",,,,True
2905,164,Mineral Water Can,Other,H2O,108.0,PKR,Pure mineral water in a convenient can format. Refreshing hydration sourced from natural mineral springs and packaged for your on-the-go wellness needs,,,,True
2906,164,Small Water Bottle,Other,H2O,72.0,PKR,mineral water bottle,,,,True
2907,164,Cappuccino,Beverages,Hot Coffees,531.0,PKR,"rich aromatic blend of espresso, steamed milk.",,,,True
2908,164,Caramel Latte,Beverages,Hot Coffees,666.0,PKR,"Rich, velvety espresso meets caramel sweetness.",,,,True
2909,164,Hazelnut Latte,Beverages,Hot Coffees,666.0,PKR,"Rich, creamy coffee with a velvety hazelnut twist",,,,True
2910,164,Irish Latte,Beverages,Hot Coffees,693.0,PKR,"Rich, creamy whiskey-infused coffee delight",,,,True
2911,164,Latte,Beverages,Hot Coffees,576.0,PKR,Rich espresso and velvety steamed milk blended.,,,,True
2912,164,Mocha,Beverages,Hot Coffees,711.0,PKR,"Rich, velvety blend of coffee and chocolate.",,,,True
2913,164,Vanilla Latte,Beverages,Hot Coffees,666.0,PKR,Rich vanilla and smooth espresso fusion.,,,,True
2914,164,Chocolate,Desserts,Ice Cream,225.0,PKR,Smooth and creamy chocolate ice cream with rich cocoa flavor perfect for any occasion,,,,True
2915,164,Mango,Desserts,Ice Cream,225.0,PKR,Creamy mango ice cream crafted from fresh ripe mangoes with a smooth velvety texture and natural tropical flavor. A refreshing frozen treat perfect for warm days.,,,,True
2916,164,Pistachio,Desserts,Ice Cream,225.0,PKR,Creamy pistachio ice cream with a rich nutty flavor and vibrant green hue. Made from premium pistachios and smooth cream for a delightful frozen treat.,,,,True
2917,164,Praline,Desserts,Ice Cream,225.0,PKR,Smooth and creamy praline ice cream with roasted nuts and rich caramel notes. A delightful frozen treat perfect for any occasion.,,,,True
2918,164,Strawberry,Desserts,Ice Cream,225.0,PKR,Creamy strawberry ice cream made with strawberries and smooth vanilla base. A delightful frozen treat perfect for warm days,,,,True
2919,164,Vanilla,Desserts,Ice Cream,225.0,PKR,Smooth and creamy vanilla ice cream made with pure vanilla extract. A classic favorite that melts delightfully on your tongue.,,,,True
2920,164,Blueberry Iced Tea,Beverages,Iced Tea,441.0,PKR,Flavored iced tea,,,,True
2921,164,Green Apple  Iced Tea,Beverages,Iced Tea,441.0,PKR,Flavored  Iced Tea,,,,True
2922,164,Mint  Iced Tea,Beverages,Iced Tea,441.0,PKR,Flavored  Iced Tea,,,,True
2923,164,Peach  Iced Tea,Beverages,Iced Tea,441.0,PKR,Flavored  Iced Tea,,,,True
2924,164,360 Degree Lollipop Waffle,Desserts,Lollipop Waffle,531.0,PKR,"Oreo, m&m, dairy milk, kit kat & choco spread",,,,True
2925,164,Choco Desire Lollipop Waffle,Desserts,Lollipop Waffle,396.0,PKR,Dairy milk & choco spread,,,,True
2926,164,Choco Pleasure Lollipop Waffle,Desserts,Lollipop Waffle,441.0,PKR,M&M & choco spread,,,,True
2927,164,Choco psread Lollipop,Desserts,Lollipop Waffle,315.0,PKR,choco spread with chocolate syrup,,,,True
2928,164,Cocoa Crunch Lollipop,Desserts,Lollipop Waffle,396.0,PKR,choco spread topped with cocoa crunch,,,,True
2929,164,Kit Kat Break Lollipop Waffle,Desserts,Lollipop Waffle,441.0,PKR,Kit kat & choco spread,,,,True
2930,164,Oreo Treat Lollipop Waffle,Desserts,Lollipop Waffle,351.0,PKR,Oreo & choco spread,,,,True
2931,164,Smooth Galaxy Lollipop Waffle,Desserts,Lollipop Waffle,495.0,PKR,Galaxy & choco spread,,,,True
2932,164,Toblerone Zero Lollipop Waffle,Desserts,Lollipop Waffle,531.0,PKR,Toblerone & choco spread,,,,True
2933,164,360 Degree Pancake,Desserts,Mini Pancakes,765.0,PKR,"Oreo, m&m, dairy milk, kit kat & choco spread",Regular: 765.0; With Ice Cream : 945.0,765.0,945.0,True
2934,164,Choco Desire Pancake,Desserts,Mini Pancakes,621.0,PKR,Milk chocolate & choco spread,Regular: 621.0; With Ice Cream : 801.0,621.0,801.0,True
2935,164,Choco Dip,Desserts,Mini Pancakes,180.0,PKR,Serve 1,,,,True
2936,164,Choco Pleasure Pancake,Desserts,Mini Pancakes,675.0,PKR,Choco beans & choco spread,Regular: 675.0; With Ice Cream : 855.0,675.0,855.0,True
2937,164,Kit Kat Break Pancake,Desserts,Mini Pancakes,675.0,PKR,Kit kat & choco spread,Regular: 675.0; With Ice Cream : 855.0,675.0,855.0,True
2938,164,Marshmallow Pancake,Desserts,Mini Pancakes,621.0,PKR,choco spread with marshmallow,,,,True
2939,164,Oreo Treat Pancake,Desserts,Mini Pancakes,531.0,PKR,Oreo & choco spread,Regular : 531.0; With Ice Cream : 711.0,531.0,711.0,True
2940,164,Smooth Galaxy Pancake,Desserts,Mini Pancakes,711.0,PKR,Galaxy & choco spread,Regular: 711.0; With Ice Cream : 891.0,711.0,891.0,True
2941,164,Toblerone Zero Pancake,Desserts,Mini Pancakes,801.0,PKR,Toblerone & choco spread,Regular: 801.0; With Ice Cream : 981.0,801.0,981.0,True
2942,164,Ice Mocha,Other,On The Rocks,756.0,PKR,"Rich, frosty coffee blend with chocolate swirl",,,,True
2943,164,Iced Americano,Other,On The Rocks,486.0,PKR,"Rich espresso with chilled, velvety smooth texture",,,,True
2944,164,Iced Caramel Latte,Other,On The Rocks,711.0,PKR,Velvety caramel and rich espresso fusion.,,,,True
2945,164,Iced Hazelnut Latte,Other,On The Rocks,711.0,PKR,Rich hazelnut in velvety iced coffee bliss,,,,True
2946,164,Iced Irish Latte,Other,On The Rocks,711.0,PKR,"Rich, creamy coffee with smooth irish twist.",,,,True
2947,164,Iced Latte,Other,On The Rocks,621.0,PKR,"Smooth, velvety coffee blended with chilled milk",,,,True
2948,164,Iced Vanilla Latte,Other,On The Rocks,711.0,PKR,"Rich, velvety vanilla latte on ice.",,,,True
2949,164,Pistachio Lollipop,Other,Pistachio,531.0,PKR,A delightful pistachio flavored lollipop with a smooth creamy taste and vibrant green hue. Perfect for a sweet treat that captures the rich nutty essence of premium pistachios in every lick.,,,,True
2950,164,Pistachio Pancake,Other,Pistachio,801.0,PKR,"Pistachio spread , Pistachio Chunks",Regular : 801.0; With Ice Cream : 981.0,801.0,981.0,True
2951,164,Pistachio Sandwich,Other,Pistachio,981.0,PKR,Pistachio Spread & Pistachio Chunks,Regular : 981.0; With Ice Cream : 1161.0,981.0,1161.0,True
2952,164,Pistachio Square Waffles,Other,Pistachio,801.0,PKR,Pistachio Spread & Pistachio Chunks,With Ice Cream : 981.0; Regular : 801.0,801.0,981.0,True
2953,164,Bounty Mini Pancakes,Desserts,Premium Mini Pancakes,801.0,PKR,Bounty Chocolate - Chocolate Spread - Chocolate Syrup,Regular : 801.0; With Ice Cream : 981.0,801.0,981.0,True
2954,164,Cocoa Crunch Mini Pancakes,Desserts,Premium Mini Pancakes,630.0,PKR,Tiger cocoa crunch - chocolate spread - chocolate syrup,Regular : 630.0; With Ice Cream : 810.0,630.0,810.0,True
2955,164,Ferrero Rocher   Mini Pancakes,Desserts,Premium Mini Pancakes,1161.0,PKR,Ferrero rocher chocolate - chocolate spread - chocolate syrup,Regular : 1161.0; With Ice Cream : 1341.0,1161.0,1341.0,True
2956,164,Kinder Bueno   Mini Pancakes,Desserts,Premium Mini Pancakes,981.0,PKR,Kinder bueno chocolate - chocolate spread - chocolate syrup,Regular : 981.0; With Ice Cream : 1161.0,981.0,1161.0,True
2957,164,Snickers  Mini Pancakes,Desserts,Premium Mini Pancakes,765.0,PKR,Snickers chocolate - chocolate spread - chocolate syrup,With Ice Cream : 945.0; Regular : 765.0,765.0,945.0,True
2958,164,Bounty Sandwich Waffles,Sandwiches,Premium Sandwich Waffles,891.0,PKR,Bounty chocolate - chocolate spread - chocolate syrup,Regular: 891.0; Ice Cream : 1071.0,891.0,1071.0,True
2959,164,Cocoa Crunch Sandwich,Sandwiches,Premium Sandwich Waffles,801.0,PKR,Tiger cocoa crunch - chocolate spread - chocolate syrup,With Ice Cream : 981.0; Regular : 801.0,801.0,981.0,True
2960,164,Ferrero Rocher Sandwich Waffle,Sandwiches,Premium Sandwich Waffles,1215.0,PKR,Ferrero Rocher chocolate - chocolate spread - chocolate syrup,Regular : 1215.0; With Ice Cream : 1395.0,1215.0,1395.0,True
2961,164,Kinder Bueno Sandwich Waffle,Sandwiches,Premium Sandwich Waffles,1071.0,PKR,Kinder Bueno Chocolate - chocolate spread - chocolate syrup,Regular : 1071.0; With Ice Cream : 1251.0,1071.0,1251.0,True
2962,164,Marshamallow Double Waffle,Sandwiches,Premium Sandwich Waffles,801.0,PKR,choco spread topped with marshmallow,,,,True
2963,164,Snickers Sandwich Waffles,Sandwiches,Premium Sandwich Waffles,891.0,PKR,Snickers chocolate -  chocolate spread - chocolate syrup,Regular: 891.0; Witch Ice Cream : 1071.0,891.0,1071.0,True
2964,164,Bounty Square Waffle,Desserts,Premium Square Waffles,801.0,PKR,Bounty Chocolate - Chocolate spread - chocolate syrup,Regular : 801.0; With Ice Cream : 981.0,801.0,981.0,True
2965,164,Ferrero Rocher Block Waffle,Desserts,Premium Square Waffles,1161.0,PKR,choco spread topped with original ferrero rocher chocolate,,,,True
2966,164,Kinder Bueno Block Waffle,Desserts,Premium Square Waffles,1071.0,PKR,kinder bueno chocolate with choco spread,,,,True
2967,164,Blueberry Bull,Beverages,Red Bull Mocktails,854.1,PKR,Red bull with blueberry & lemon,,,,True
2968,164,Bull Passion,Beverages,Red Bull Mocktails,854.1,PKR,"Red bull with passion, fruit & lemon",,,,True
2969,164,Spicy Strawberry Bull,Beverages,Red Bull Mocktails,854.1,PKR,Red bull with strawberry & chilies,,,,True
2970,164,360 Degree Sandwich Waffle,Sandwiches,Sandwich Waffle,846.0,PKR,"Oero, m&m, dairy milk, kit kat & choco spread",Regular: 846.0; With Ice Cream: 1026.0,846.0,1026.0,True
2971,164,Choco Desire Sandwich Waffle,Sandwiches,Sandwich Waffle,756.0,PKR,Milk chocolate & choco,Regular: 756.0; With Ice Cream : 936.0,756.0,936.0,True
2972,164,Choco Pleasure Sandwich Waffle,Sandwiches,Sandwich Waffle,801.0,PKR,Choco beans & choco spread,Regular : 801.0; With Ice Cream : 981.0,801.0,981.0,True
2973,164,Choco Spread Sandwich Waffle,Sandwiches,Sandwich Waffle,711.0,PKR,Crispy golden waffle sandwich generously filled with rich creamy chocolate spread. A delightful treat perfect for breakfast or snack time with its warm fluffy texture and indulgent chocolate flavor,,,,True
2974,164,Choco spread pancake,Sandwiches,Sandwich Waffle,531.0,PKR,choco spread with chocolate syrup,,,,True
2975,164,Kit Kat Break Sandwich Waffle,Sandwiches,Sandwich Waffle,801.0,PKR,Kit kat & choco spread,Regular : 801.0; With Ice Cream : 981.0,801.0,981.0,True
2976,164,Oreo Treat Sandwich Waffle,Sandwiches,Sandwich Waffle,675.0,PKR,Oreo & Choco spread,Regular : 675.0; With Ice Cream : 855.0,675.0,855.0,True
2977,164,Smooth Galaxy Sandwich Waffle,Sandwiches,Sandwich Waffle,846.0,PKR,Galaxy & choco spread,Regular : 846.0; With Ice Cream : 1026.0,846.0,1026.0,True
2978,164,Toblerone Zero Sandwich Waffle,Sandwiches,Sandwich Waffle,846.0,PKR,Toblerone & choco spread,Regular : 846.0; With Ice Cream : 1026.0,846.0,1026.0,True
2979,164,Grilled Chicken Panini Sandwich,Sandwiches,Sandwiches,711.0,PKR,Tender grilled chicken breast topped with our signature special sauce fresh crisp lettuce and ripe tomatoes pressed between toasted panini bread for a delicious warm sandwich,,,,True
2980,164,Chicken Hot Shots,Sides & Appetizers,Snacks,531.0,PKR,"Boneless chicken, all purpose flour, egg, crumbs, mixed spices, chili flakes",,,,True
2981,164,Crispy Chicken Shots,Sides & Appetizers,Snacks,495.0,PKR,"Boneless chicken, all purpose flour, egg, crumbs, mixed spices served with tomato sauce",,,,True
2982,164,Tender Chicken Strips,Sides & Appetizers,Snacks,495.0,PKR,"Boneless chicken strips, mixed spices served with fries, iceberg & tomato sauce",,,,True
2983,164,360 Degree Square Waffle,Desserts,Square Waffle,756.0,PKR,"Oreo, m&m, dairy milk, kit kat & choco spread",Regular : 756.0; With Ice Cream : 936.0,756.0,936.0,True
2984,164,Choco Desire Square Waffle,Desserts,Square Waffle,621.0,PKR,Milk chocolate & choco spread,Regular : 621.0; With Ice Cream : 801.0,621.0,801.0,True
2985,164,Choco Pleasure Square Waffle,Desserts,Square Waffle,1035.0,PKR,"Choco beans , choco spread",Regular: 1035.0; With Ice Cream : 1215.0,1035.0,1215.0,True
2986,164,Choco spread Block Waffle,Desserts,Square Waffle,531.0,PKR,choco spread with chocolate syrup,,,,True
2987,164,Cocoa Crunch Square Waffle,Desserts,Square Waffle,711.0,PKR,Indulge in our delicious Cocoa Crunch Square Waffle featuring crispy golden exterior with a soft fluffy interior topped with rich cocoa crunch pieces and a drizzle of chocolate sauce,,,,True
2988,164,Kit Kat Break Square Waffle,Desserts,Square Waffle,711.0,PKR,Kit kat & choco spread,Regular : 711.0; With Ice Cream : 891.0,711.0,891.0,True
2989,164,Marshmallow Block Waffle,Desserts,Square Waffle,666.0,PKR,choco spread with marshmallow,,,,True
2990,164,Oreo Treat Square Waffle,Desserts,Square Waffle,531.0,PKR,Oreo & choco spread,Regular : 531.0; With Ice Cream : 711.0,531.0,711.0,True
2991,164,Smooth Galaxy Square Waffle,Desserts,Square Waffle,711.0,PKR,Galaxy & choco spread,Regular : 711.0; With Ice Cream : 891.0,711.0,891.0,True
2992,164,Snickers Square Waffle,Desserts,Square Waffle,801.0,PKR,"Crispy golden waffle topped with rich chocolate sauce, roasted peanuts, and caramel drizzle. A delightful combination of textures and flavors that brings together the beloved Snickers experience in every bite.",,,,True
2993,164,Toblerone Zero Square Waffle,Desserts,Square Waffle,801.0,PKR,Toblerone & choco spread,Regular : 801.0; With Ice Cream : 981.0,801.0,981.0,True
2994,164,Brownies Shake,Beverages,Thick Shakes,666.0,PKR,Decadent brownie-infused shake blended with rich chocolate for the ultimate treat.,,,,True
2995,164,Chocolate Thick Shake,Beverages,Thick Shakes,666.0,PKR,Indulgent chocolate shake made for true chocolate lovers with every thick sip.,,,,True
2996,164,Mango Thick Shake,Beverages,Thick Shakes,666.0,PKR,Refreshing tropical mango shake bursting with fruity flavor and creamy delight.,,,,True
2997,164,Pistachio Thick Shake,Beverages,Thick Shakes,756.0,PKR,A rich and creamy pistachio blend topped with nutty goodness in every sip.,,,,True
2998,164,Vanilla Thick Shake,Beverages,Thick Shakes,666.0,PKR,Smooth classic vanilla shake with a velvety thick texture and sweet aroma.,,,,True
2999,164,Zero Blueberry,Other,Zero Degree Classics,153.0,PKR,"Sweet and tangy, antioxidant-rich blueberry drink",Standard : 153.0; Upsize : 171.0,153.0,171.0,True
3000,164,Zero Lychee,Other,Zero Degree Classics,153.0,PKR,Sweet and refreshing lychee flavored sports drink.,Standard : 153.0; Upsize : 171.0,153.0,171.0,True
3001,164,Zero Peach,Other,Zero Degree Classics,153.0,PKR,"Vibrant peach flavor, with zero sugar added.",Standard : 153.0; Upsize : 171.0,153.0,171.0,True
3002,164,Zero Raspberry,Other,Zero Degree Classics,153.0,PKR,Fizzy raspberry flavor in every bite,Standard : 153.0; Upsize : 171.0,153.0,171.0,True
3003,164,Zero Strawberry,Other,Zero Degree Classics,153.0,PKR,Refreshing zero-calorie strawberry flavor drink,Standard : 153.0; Upsize : 171.0,153.0,171.0,True
3004,164,Berry Cube,Other,Zero Degree Fusion,171.0,PKR,"Blueberry, raspberry & strawberry",Standard: 171.0; Upsize: 189.0,171.0,189.0,True
3005,164,Berry Square,Other,Zero Degree Fusion,171.0,PKR,Strawberry & blueberry,Standard : 171.0; Upsize: 189.0,171.0,189.0,True
3006,164,Double up Bubble up,Other,Zero Degree Fusion,171.0,PKR,"Peach, lemon & green apple",Standard : 171.0; Upsize: 189.0,171.0,189.0,True
3007,164,Fruit Punch,Other,Zero Degree Fusion,171.0,PKR,Flavors of your choice,Standard : 171.0; Upsize : 189.0,171.0,189.0,True
3008,164,Zero Green Apple,Other,Zero Degree Signature,153.0,PKR,"Crisp, refreshing green apple soda.",Standard : 153.0; Upsize : 171.0,153.0,171.0,True
3009,164,Zero Mint Lemonade,Other,Zero Degree Signature,153.0,PKR,Revitalizing zero-calorie minty zest lemonade,Standard : 153.0; Upsize : 171.0,153.0,171.0,True
3010,164,Zero Power Charger,Other,Zero Degree Signature,171.0,PKR,I think there's been a mistake. zero power charger doesn't seem like a food or beverage item.,Standard : 171.0; Upsize : 189.0,171.0,189.0,True
