tree
version=v4
num_class=1
num_tree_per_iteration=1
label_index=0
max_feature_idx=4
objective=lambdarank
feature_names=pref_similarity rating price cluster_id review_count
feature_infos=[0.042999789118766701:0.92013895511627197] [0:5] [11:20255] -1:7:5:1:9:8:16:3:14:12:4:17:6:2:15:11:10:13:0 [0:36829]
tree_sizes=3381 3383 3356 3359 3361 3352 3359 3370 3392 3381 3388 3418 3394 3384 3386 3419 3376 3396 3402 3399 3417 3414 3418 3423 3409 3406 3422 3371 3397 3428 3422 3435 3381 3444 3422 3418 3448 3429 3412 3445 3448 3442 3410 3442 3423 3436 3418 3458 3440 3434 3469 3445 3450 3432 3431 3435 3453 3427 3443 3438 3437 3424 3424 3435 3426 3439

Tree=0
num_leaves=31
num_cat=0
split_feature=0 0 0 4 2 4 2 0 2 4 1 2 1 2 2 2 4 2 2 0 4 2 2 0 2 4 0 4 2 0
split_gain=116.718 7.64058 6.98992 4.20607 4.15656 3.49539 2.41959 1.97727 1.83541 3.25693 2.28849 1.70835 1.57475 1.31992 1.22301 1.13142 1.82399 1.1276 0.990683 0.905466 0.892651 0.768543 0.739497 0.690953 1.21435 1.84931 0.753239 0.67997 0.674 1.11035
threshold=0.63619098067283641 0.71787184476852428 0.56524911522865307 2688.5000000000005 1925.0000000000002 6950.5000000000009 101.00000000000001 0.33095727860927587 322.50000000000006 1541.5000000000002 4.9500000000000011 880.62500000000011 4.8500000000000005 599.10000000000014 281.00000000000006 252.07500000000002 526.00000000000011 474.82000000000005 1172.5000000000002 0.88262635469436657 5511.0000000000009 1987.5000000000002 2425.0000000000005 0.53685647249221813 949.50000000000011 1541.5000000000002 0.52813693881034862 4207.0000000000009 720.82500000000016 0.45766533911228185
decision_type=2 2 2 2 2 2 2 2 2 2 2 2 2 2 2 2 2 2 2 2 2 2 2 2 2 2 2 2 2 2
left_child=2 5 7 12 20 6 -2 -1 9 15 17 -7 18 -8 -11 16 -9 27 -4 -3 -5 -20 -15 26 -25 -26 28 -10 29 -19
right_child=1 19 3 4 -6 11 13 8 10 14 -12 -13 -14 22 -16 -17 -18 23 21 -21 -22 -23 -24 24 25 -27 -28 -29 -30 -31
leaf_value=-0.069218671468295953 -0.022197304691808958 0.0642343693925055 0.010076813030637771 -0.067673729331426985 0.03518926599566035 0.019207016106281373 0.064351915582237615 -0.058954782414001455 -0.056311751027383186 -0.054367371553614999 0.016076192835565276 -0.040052683334793622 0.053000034880185468 0.030920113728153967 0.0095146525520994601 0.046045833236926799 0.023031266770738287 -0.021337663680276522 -0.055320126096531086 0.088247774427609033 -0.035240749054272373 0.010878616794676804 0.064753483942511403 -0.051732449417314391 0.028836816762729062 -0.040095103588488862 -0.077854205462114745 -0.09448739171620435 -0.050965512008221747 -0.055070605973878389
leaf_weight=7.2143264999613157 1.4213646240532458 32.783789601642638 7.1368815228343028 2.7697673095390192 1.9948277175426472 2.8409284297376862 6.1892746444791582 1.0858244067057952 3.3309904788620761 5.4820959512144327 1.457327109761535 2.1265226257964969 1.7830673977732647 10.546847337856887 0.86782772839069355 1.4773523928597567 1.8079503159970043 5.876756599172948 1.1806521592661736 4.4595877155661574 9.0647159675136191 0.6974314497783779 1.9070832487195719 3.8101537600159636 1.6262854849919675 2.4221404455602169 1.9793786983937014 1.7949820510111747 22.04169500619173 4.1707003978081048
leaf_count=195 28 583 154 67 37 65 86 31 92 144 27 49 31 181 19 25 33 123 38 64 231 15 24 99 31 51 50 39 553 88
internal_value=7.41929e-11 0.0527516 -0.0360713 -0.0133185 -0.0315772 0.0313892 0.0406857 -0.0445044 -0.0414942 -0.022772 -0.045632 -0.00616155 0.010066 0.0454799 -0.0456368 0.0104437 -0.00773217 -0.0475432 0.00157408 0.0671098 -0.0428314 -0.030737 0.0361011 -0.0448368 -0.0314723 -0.0124046 -0.0479195 -0.0696799 -0.0460731 -0.0353402
internal_weight=153.349 62.2754 91.0731 24.6273 13.8293 25.032 20.0646 66.4458 59.2315 10.7211 48.5104 4.96745 10.798 18.6432 6.34992 4.37113 2.89377 47.0531 9.01497 37.2434 11.8345 1.87808 12.4539 41.9271 7.85858 4.04843 34.0685 5.12597 32.0892 10.0475
internal_count=3253 1080 2173 573 335 433 319 1600 1405 252 1153 114 238 291 163 89 64 1126 207 647 298 53 205 995 181 82 814 131 764 211
is_linear=0
shrinkage=0.05


Tree=1
num_leaves=31
num_cat=2
split_feature=0 0 3 2 2 0 2 2 4 2 0 0 4 0 3 2 2 2 2 2 2 2 0 0 2 4 4 2 4 2
split_gain=159.666 17.5339 11.5153 8.46803 8.9603 8.03886 7.78365 5.53209 5.73282 8.5098 7.37207 5.94036 5.92533 5.47646 4.87925 4.05111 5.26441 4.01394 5.74662 3.61909 3.76321 5.91312 3.17404 6.2992 3.11594 2.77826 3.38037 2.64275 2.62175 2.56264
threshold=0.63619098067283641 0.85878601670265209 0 368.19000000000005 485.25000000000006 0.53167670965194713 1383.0000000000002 4195.0000000000009 1541.5000000000002 599.10000000000014 0.68272793292999279 0.76528218388557445 5263.0000000000009 0.53377357125282299 1 388.97000000000008 574.00000000000011 1264.5000000000002 720.82500000000016 949.50000000000011 2720.0000000000005 2274.0000000000005 0.74883013963699352 0.79974895715713512 298.50000000000006 1417.0000000000002 312.50000000000006 252.07500000000002 426.50000000000006 999.50000000000011
decision_type=2 2 1 2 2 2 2 2 2 2 2 2 2 2 1 2 2 2 2 2 2 2 2 2 2 2 2 2 2 2
left_child=5 2 3 24 -5 -1 22 8 9 28 -11 14 29 -7 -10 27 -17 18 -14 -15 21 25 -6 -24 -2 26 -21 -16 -4 -13
right_child=1 -3 7 4 6 13 -8 -9 11 10 -12 12 17 19 15 16 -18 -19 -20 20 -22 -23 23 -25 -26 -27 -28 -29 -30 -31
leaf_value=-0.051889174444455483 0.011261091949791659 0.055234587116458428 0.08215160503883838 -0.060542644918238735 -0.0062399507296218336 0.057262931332095951 -0.056074829616247823 0.079692188820099485 0.019955944691774988 -0.032003986806519634 0.030474092386566745 -0.0029756728254233052 0.060114227508007628 -0.040582861022300618 -0.0024014752615769538 -0.059869705383485176 -0.0056972071632778974 0.091970831246077744 -0.0061311247371025482 -0.036438971457145586 -0.083185925116829776 0.048757382181078265 0.057585390152666706 -0.010608267365375504 0.068737243353033203 -0.038030194000155115 0.025001079923712706 0.050271950309447172 0.047307837918702238 0.032082891678875257
leaf_weight=81.971106050536036 4.7932040579617006 37.492786273360252 8.2744605392217654 8.0032191053032857 18.377805521711711 1.8118948321789492 5.7078250758349887 4.5755534172058097 24.344072617590427 5.5547255277633658 31.473251566290855 11.376089267432691 10.138820983469488 38.559855177998543 5.4040009435266239 5.6454671919345882 21.811296841129661 4.6349748186767092 4.8348438069224349 3.872604815289387 1.9504713378846634 3.5330253094434729 7.2252118289470655 6.3736794143915176 4.6414577588438988 11.195526003837584 5.3062079083174467 4.2572752647101879 15.532826429232953 9.620400242507456
leaf_count=1314 23 120 24 23 103 13 16 7 84 46 138 48 45 561 30 21 132 18 22 45 22 21 23 31 17 156 41 20 39 50
internal_value=-4.10971e-10 0.0236021 0.0182742 -0.00303747 -0.0124941 -0.0414218 -0.00228977 0.0240348 0.0239469 0.0360963 0.0211015 0.0167055 0.0315459 -0.0284665 0.0069011 -0.00554378 -0.0168358 0.0513104 0.0387243 -0.0308779 -0.0164055 -0.0109573 0.00731083 0.0256236 0.0395369 -0.0213121 -0.000920904 0.0208093 0.0594181 0.0130878
internal_weight=408.294 260.093 222.6 55.1224 45.6877 148.201 37.6845 167.478 162.903 60.8353 37.028 102.067 40.6051 66.2296 61.4621 37.118 27.4568 19.6086 14.9737 64.4177 25.8578 23.9074 31.9767 13.5989 9.43466 20.3743 9.17881 9.66128 23.8073 20.9965
internal_count=3253 1080 960 236 196 2173 173 724 717 247 184 470 183 859 287 203 153 85 67 846 285 263 157 54 40 242 86 50 63 98
cat_boundaries=0 1 2
cat_threshold=164104 70240
is_linear=0
shrinkage=0.05


Tree=2
num_leaves=31
num_cat=0
split_feature=0 0 0 2 4 0 0 0 2 1 2 2 0 4 2 0 4 4 4 2 4 2 2 4 4 0 2 2 4 4
split_gain=161.466 9.16124 8.76525 5.84077 5.68547 5.16695 4.48824 4.35449 4.19437 3.92597 3.90909 9.96911 3.3165 4.03442 3.74328 3.26279 2.85253 3.04915 2.68454 2.67398 2.48495 2.38064 2.90855 4.61509 3.38684 5.17852 2.19133 2.00175 1.83456 3.24461
threshold=0.63796654343605053 0.76528218388557445 0.53167670965194713 590.12500000000011 1417.0000000000002 0.65069034695625316 0.77832427620887767 0.65706902742385875 4195.0000000000009 3.4500000000000006 2274.0000000000005 2394.0000000000005 0.71582487225532543 273.50000000000006 720.82500000000016 0.88815596699714672 6918.0000000000009 4440.0000000000009 28801.000000000004 2094.5000000000005 3562.5000000000005 300.86500000000007 1395.5500000000002 17159.500000000004 3562.5000000000005 0.8016590178012849 637.07500000000016 281.00000000000006 1629.0000000000002 312.50000000000006
decision_type=2 2 2 2 2 2 2 2 2 2 2 2 2 2 2 2 2 2 2 2 2 2 2 2 2 2 2 2 2 2
left_child=2 3 -1 4 -2 -6 -3 -7 12 26 18 -12 16 -14 -15 21 17 19 27 -5 -16 -8 24 -24 28 -26 -4 -11 29 -23
right_child=1 6 9 8 5 7 15 -9 -10 10 11 -13 13 14 20 -17 -18 -19 -20 -21 -22 22 23 -25 25 -27 -28 -29 -30 -31
leaf_value=-0.047869441706940734 0.051236425148789504 0.071347455607894794 0.048060010565675382 0.00073992205136190828 -0.042659317705903088 0.077950481318511594 0.059222544875939365 0.013592645972059066 0.067092100749655978 -0.052252422030889006 0.074202393367084077 -0.048818113017684031 0.07200054347688635 0.051925424765105289 -0.022124878337740583 0.058725077902469391 -0.037691842532446146 0.042749013294306255 -0.063988268282516553 -0.053277577529773912 0.019491064625973227 0.040869851880141993 0.028837626823775466 0.091871164946740261 -0.040180065771326767 0.021609313999658448 -0.018434371600100544 -0.024346162422788614 0.060873074218599145 0.0075218350696101268
leaf_weight=88.64645054936409 20.787947498261929 10.368233438581226 2.7685617282986632 16.550215091556321 3.3378449790179756 3.2007704675197628 7.7022454626858226 14.69505103304982 2.8173862919211379 7.4391719978302708 3.1033003963530055 3.50877302326262 3.0992991626262691 4.1943047232925919 7.3334051892161352 14.277356117963789 5.9042831379920235 3.7146719656884661 5.7768214624375096 2.6591251827776423 7.0215730890631676 22.073256757110357 7.9263164103031141 4.5828266069293022 4.2051771469414261 17.512346595525742 2.2426945082843304 47.186948373913765 5.570794988423585 10.893665686249731
leaf_count=1314 73 48 18 142 20 13 33 108 8 108 9 37 13 16 54 40 71 22 89 19 43 82 46 11 22 101 25 586 26 56
internal_value=2.27084e-11 0.0299357 -0.0373427 0.01871 0.0326488 0.0144514 0.0401151 0.0251034 0.00771947 -0.0243868 -0.027579 0.00892014 0.00440556 0.0191952 0.0103723 0.0366972 -0.00670073 0.00128131 -0.0315744 -0.00673765 -0.00176892 0.0327888 0.0299907 0.0519305 0.0254359 0.009645 0.0183017 -0.0281465 0.0343347 0.0298503
internal_weight=361.101 200.428 160.673 95.3159 42.0216 21.2337 105.112 17.8958 53.2943 72.0263 67.015 6.61207 50.4769 21.6486 18.5493 94.744 28.8283 22.924 60.4029 19.2093 14.355 80.4666 72.7644 12.5091 60.2552 21.7175 5.01126 54.6261 38.5377 32.9669
internal_count=3253 1067 2186 602 214 141 465 121 388 872 829 46 380 126 113 417 254 183 783 161 97 377 344 57 287 123 43 694 164 138
is_linear=0
shrinkage=0.05


Tree=3
num_leaves=31
num_cat=0
split_feature=0 0 0 4 0 4 2 2 1 2 0 1 0 0 0 0 2 0 4 2 4 4 2 0 0 4 0 4 2 4
split_gain=141.704 8.89786 7.26403 5.52871 4.17411 2.89866 2.87149 4.35364 3.65298 4.9258 3.63662 3.32288 2.67191 3.64218 2.53373 2.10075 3.00451 2.41823 1.95631 1.87402 1.84462 3.25129 1.9323 2.81466 2.16738 1.7407 1.72496 1.72173 1.62224 1.9853
threshold=0.63796654343605053 0.76528218388557445 0.53167670965194713 6950.5000000000009 0.77832427620887767 6950.5000000000009 101.00000000000001 398.50000000000006 4.7500000000000009 627.05000000000007 0.68901157379150402 4.8500000000000005 0.68642282485961925 0.72033411264419567 0.89262235164642345 0.53377357125282299 949.50000000000011 0.61099040508270275 2299.5000000000005 1110.3450000000003 218.50000000000003 64.000000000000014 637.07500000000016 0.85093042254447948 0.83027455210685741 1629.0000000000002 0.73416262865066539 661.50000000000011 1147.5000000000002 4440.0000000000009
decision_type=2 2 2 2 2 2 2 2 2 2 2 2 2 2 2 2 2 2 2 2 2 2 2 2 2 2 2 2 2 2
left_child=2 3 -1 6 -3 15 -2 -8 9 -9 -11 12 -10 -14 19 -4 17 -17 -19 20 21 -6 24 -24 -22 -21 27 -12 -18 -30
right_child=1 4 5 -5 14 -7 7 8 11 10 26 -13 13 -15 -16 16 28 18 -20 25 22 -23 23 -25 -26 -27 -28 -29 29 -31
leaf_value=-0.044088341103549422 -0.015199052432952317 0.067580583225592461 0.034399341043160774 -0.0060007889293948449 0.024301760219650064 -0.039627560329655455 0.049494982758778498 -0.054414135271930612 0.053568978726662754 -0.020936029177231804 0.067748449917824291 -0.0022971863497236152 -0.023252137799383222 0.043831887807429783 0.059069774329654059 -0.037605509639884148 0.019654311684581233 0.016419286267580515 -0.035633226670793404 0.022187013159641222 0.050073884616020463 0.06596084811338479 -0.0058656856652355149 0.044235018861583077 0.015431789874276181 0.059232074062818621 0.0031649566341704787 0.020673906642155699 -0.026411007345557083 0.0109615831326662
leaf_weight=88.39636998437345 4.1090956330299369 13.003546521067618 1.9616877175867546 17.608250301331282 11.751117803156378 18.107003316283226 17.205880593508482 3.0718264058232334 14.213724803179508 5.0889939032495048 3.7539082020521146 5.7387323155999175 3.2723420858383161 5.3008964583277702 11.152156680822371 20.955141149461273 5.4294991306960609 4.4849238619208327 3.0209115575999022 4.4480261653661719 8.7965321689844149 7.7872973829507819 10.385576736181973 3.8398436158895484 9.2766119986772519 11.04563697427511 4.0539570562541485 4.0250156857073307 9.3564405515789968 5.7295937258750191
leaf_count=1314 39 48 12 158 50 267 78 22 70 57 20 35 32 37 29 297 45 48 43 32 43 36 91 22 62 52 23 31 111 49
internal_value=8.3617e-11 0.0304419 -0.0345965 0.019037 0.0413426 -0.0224445 0.0253502 0.0278853 0.0202221 0.00383475 0.0144087 0.0317079 0.0402719 0.0182264 0.0369953 -0.0163364 -0.0183686 -0.0288829 -0.00453055 0.0333391 0.0287786 0.0409055 0.0214427 0.00765791 0.0322927 0.0485969 0.0296094 0.0433909 -0.00378223 -0.0122171
internal_weight=336.371 178.929 157.442 87.4426 91.4863 69.0452 69.8344 65.7253 48.5194 19.9937 16.9219 28.5257 22.787 8.57324 78.4828 50.9382 48.9765 28.461 7.50584 67.3306 51.837 19.5384 32.2986 14.2254 18.0731 15.4937 11.8329 7.77892 20.5155 15.086
internal_count=3253 1067 2186 602 465 872 444 405 327 153 131 174 139 69 417 605 593 388 91 388 304 86 218 113 105 84 74 51 205 160
is_linear=0
shrinkage=0.05


Tree=4
num_leaves=31
num_cat=0
split_feature=0 0 4 0 0 2 2 4 2 0 2 2 0 2 4 4 2 4 2 2 0 2 4 4 4 2 2 0 0 0
split_gain=122.095 8.34927 5.01443 4.27329 3.2079 2.53634 2.10901 3.28951 2.37431 2.8206 2.01657 3.34477 4.94489 2.71798 1.67045 1.63187 2.19675 1.55036 2.14539 2.92152 1.45215 1.8803 1.41137 3.40048 2.6692 2.24762 2.61039 1.37551 1.36437 1.3602
threshold=0.63796654343605053 0.76528218388557445 6950.5000000000009 0.54835435748100292 0.77832427620887767 1037.5000000000002 1192.6250000000002 1417.0000000000002 2194.5000000000005 0.59931325912475597 596.50000000000011 101.00000000000001 0.73416262865066539 660.37500000000011 11.500000000000002 3858.5000000000005 599.10000000000014 5263.0000000000009 1395.5500000000002 485.25000000000006 0.67363387346267711 242.25000000000003 218.50000000000003 64.000000000000014 11.500000000000002 980.50000000000011 1305.5000000000002 0.62320309877395641 0.61099040508270275 0.85093042254447948
decision_type=2 2 2 2 2 2 2 2 2 2 2 2 2 2 2 2 2 2 2 2 2 2 2 2 2 2 2 2 2 2
left_child=3 2 10 15 -3 14 7 -7 -8 -10 11 -2 20 -12 -5 16 -1 22 19 -19 21 -13 23 24 -6 -24 -27 28 -16 -21
right_child=1 4 -4 5 17 6 8 -9 9 -11 13 12 -14 -15 27 -17 -18 18 -20 29 -22 -23 25 -25 -26 26 -28 -29 -30 -31
leaf_value=-0.022472216450442669 -0.0088416397748140793 0.063451623137996432 -0.007224730377693187 0.0053791170542041794 0.046284495052801015 0.069453412967876299 -0.029156154134361085 -0.017352023204206597 -0.023641404679647177 0.053612312532410215 -0.02410071038882515 0.011338074538068016 -0.0096939000194959032 0.021050283676294749 -0.033061176413045061 -0.047835240525567486 -0.041120179404433015 0.057001826784089209 0.081198092368142072 -0.0004838642259039972 0.062554993273732748 0.05673814996982577 0.0094632089804208928 0.061362588542460877 -0.0017037244548413662 0.074353935872824919 0.021926857796722939 -0.05780702887999413 -0.002279826622457183 0.037398548791272641
leaf_weight=25.400210341438651 3.8948142975568798 13.022070877254007 15.633180160075424 3.2059258706867686 5.6673132814466971 2.0901119951158789 10.042823553085325 2.2840173728764057 2.4374133832752696 2.2930890321731567 3.6829022616147986 4.2058052271604591 4.0309040732681742 35.094983223825693 22.833762541413314 31.669248897582293 41.752772415056825 11.730959344655281 3.7765157818794242 4.4424283951520902 11.622446682304142 4.9823505729436874 13.796748440712692 10.166101042181252 5.9293795600533485 3.6443531252443773 6.8128952234983444 4.5897308494895688 4.2737311422824851 5.0783056281507015
leaf_count=349 39 48 158 36 25 13 146 30 27 14 34 15 25 253 336 482 626 57 12 46 50 28 106 43 31 23 47 69 58 27
internal_value=8.01251e-11 0.0295266 0.0182923 -0.0322966 0.040638 -0.0209931 -0.00636968 0.0241267 -0.0153991 0.013807 0.0242009 0.0342391 0.0409936 0.0167621 -0.0290154 -0.0384791 -0.0340667 0.0364564 0.0464717 0.0403007 0.0508115 0.0359566 0.0310092 0.0402533 0.0217482 0.0227146 0.0401977 -0.0324941 -0.0282082 0.0197224
internal_weight=320.087 167.214 83.1474 152.873 84.0671 54.0506 19.1475 4.37413 14.7733 4.7305 67.5142 28.7363 24.8415 38.7779 34.9032 98.8222 67.153 71.045 25.0282 21.2517 20.8106 9.18816 46.0168 21.7628 11.5967 24.254 10.4572 31.6972 27.1075 9.52073
internal_count=3253 1067 602 2186 465 729 230 43 187 41 444 157 118 287 499 1457 975 417 142 130 93 43 275 99 56 176 70 463 394 73
is_linear=0
shrinkage=0.05


Tree=5
num_leaves=31
num_cat=0
split_feature=0 0 2 0 2 0 2 4 1 2 2 4 4 2 0 2 2 4 0 1 0 0 0 4 1 2 2 4 2 2
split_gain=105.74 8.22921 4.14237 4.04481 3.49804 3.35293 2.23746 2.12725 2.09875 1.70252 6.31494 1.61654 1.57713 1.40777 1.33429 1.4281 3.53675 2.33478 2.40663 1.73465 1.89483 1.28173 2.68715 1.89756 1.60359 1.26914 1.4542 1.2474 1.24037 1.13135
threshold=0.63796654343605053 0.71582487225532543 590.12500000000011 0.53167670965194713 121.62500000000001 0.67888760566711437 660.37500000000011 6918.0000000000009 3.4500000000000006 2274.0000000000005 2394.0000000000005 13066.500000000002 4207.0000000000009 720.82500000000016 0.89262235164642345 1059.1250000000002 880.62500000000011 999.50000000000011 0.73416262865066539 3.5500000000000003 0.85093042254447948 0.62320309877395641 0.61258515715599071 2299.5000000000005 4.3500000000000005 1955.0000000000002 1562.5000000000002 199.50000000000003 1180.5200000000002 398.50000000000006
decision_type=2 2 2 2 2 2 2 2 2 2 2 2 2 2 2 2 2 2 2 2 2 2 2 2 2 2 2 2 2 2
left_child=3 2 4 12 5 -2 -4 27 -5 11 -11 21 13 -1 15 16 17 18 -3 -20 -21 22 24 -24 -10 26 28 -8 -17 -19
right_child=1 14 6 8 -6 -7 7 -9 9 10 -12 -13 -14 -15 -16 25 -18 29 19 20 -22 -23 23 -25 -26 -27 -28 -29 -30 -31
leaf_value=-0.024863302319552444 -0.061700295838891521 0.076021948024237063 -0.042528374953146181 0.013077192433761143 0.03632892677269757 0.033141956262933266 -0.019725819275772452 -0.026698417008893385 -0.073985575778048804 0.064935856379782941 -0.05135939902608249 -0.04590316634876998 -0.047907714848239656 -0.04061038766714687 0.054420267416947547 0.067791474062636456 0.00049948841092816701 0.035725978076343021 0.0097223999203942535 0.034866042763219959 0.0688238918336853 -0.04516394576721551 0.041268567703732328 -0.025545008665450331 -0.021588888833812225 0.029072236303299394 0.071603357956022906 0.01517174042048978 0.031122973890049005 0.017612119873380513
leaf_weight=26.641691041179001 1.9598306380212336 5.1224552094936397 2.902262274175885 4.1839785724878302 18.953184641897678 1.7766778115183113 2.9688243400305572 4.7142034471034995 1.5285578221082676 2.277475841343402 2.3946982156485319 8.6667356984689814 27.074763265438378 30.374478780664504 8.8220405876636487 3.2033143229782644 8.6530380696058256 15.670728776603935 4.3547188490629223 14.456203211098911 5.7387816086411467 5.3763042818754903 2.9069863744080058 1.6750124059617517 32.674121120013297 9.3082053847610933 6.1110746376216403 18.626153372228146 8.235146898776291 19.159258004277945
leaf_count=391 24 17 34 43 105 16 28 64 27 9 37 150 437 486 29 23 81 98 23 80 28 84 30 28 464 60 27 135 54 141
internal_value=2.05809e-10 0.0279673 0.0115845 -0.0308376 0.0276121 -0.0166036 -0.000864784 0.00373128 -0.0211132 -0.023601 0.00532934 -0.0261597 -0.0379709 -0.0332523 0.0357799 0.0341356 0.0305154 0.0345421 0.0448485 0.038344 0.0445158 -0.022285 -0.0191135 0.0168439 -0.0239306 0.0439964 0.0519121 0.0103741 0.0413919 0.0257619
internal_weight=306.511 160.736 51.9011 145.775 22.6897 3.73651 29.2114 26.3092 61.6839 57.4999 4.67217 52.8277 84.0909 57.0162 108.835 100.013 73.1552 64.5021 29.6722 24.5497 20.195 44.161 38.7847 4.582 34.2027 26.8577 17.5495 21.595 11.4385 34.83
internal_count=3253 1067 406 2186 145 40 261 227 872 829 46 783 1314 877 661 632 468 387 148 131 108 633 549 58 491 164 104 163 77 239
is_linear=0
shrinkage=0.05


Tree=6
num_leaves=31
num_cat=0
split_feature=0 0 0 4 0 2 4 0 0 4 2 4 2 2 2 2 0 0 2 2 4 4 2 2 2 2 1 1 0 2
split_gain=92.0736 6.97451 4.35177 3.72805 2.59628 1.79962 2.02001 1.77853 2.92576 1.65865 2.38917 1.5102 1.50778 2.31035 2.17868 5.04254 2.04108 1.84179 1.3472 1.61065 1.26858 1.56341 1.70139 2.9756 2.04281 1.10555 1.08253 1.74577 1.43042 1.77807
threshold=0.63796654343605053 0.76528218388557445 0.54835435748100292 6950.5000000000009 0.77832427620887767 297.71000000000009 5263.0000000000009 0.85093042254447948 0.83945772051811229 3858.5000000000005 599.10000000000014 64.000000000000014 398.50000000000006 101.00000000000001 530.50000000000011 596.50000000000011 0.71582487225532543 0.73659586906433117 2274.0000000000005 485.25000000000006 312.50000000000006 2078.5000000000005 1037.5000000000002 1237.2500000000002 691.50000000000011 749.62500000000011 4.7500000000000009 4.4500000000000011 0.68642282485961925 1945.1250000000002
decision_type=2 2 2 2 2 2 2 2 2 2 2 2 2 2 2 2 2 2 2 2 2 2 2 2 2 2 2 2 2 2
left_child=2 3 9 12 -3 -4 18 8 -6 10 -1 -9 13 -2 -14 -16 26 25 19 -7 -21 22 24 -24 -22 -18 27 -17 29 -28
right_child=1 4 5 -5 7 6 -8 11 -10 -11 -12 -13 14 -15 15 16 17 -19 -20 20 21 -23 23 -25 -26 -27 28 -29 -30 -31
leaf_value=-0.018978968809164595 -0.0044986850400251617 0.057936122716153518 -0.042417832777829685 -0.0067894533616287946 0.0319964197232709 0.027696256860110569 -0.02827033755728018 0.018078077049185275 -0.0065936454992660725 -0.046023071457671177 -0.039167963869165032 0.048796067712100918 -0.016643655781043407 0.041855205949455312 0.080285188887476211 0.015750086035850555 0.066099206084652723 0.0096016127005858799 0.02927934753459531 -0.032559021499350783 0.020783726031768601 -0.026055343433058015 0.071648480595401298 -0.010070166061009399 -0.038312880114894345 0.028263843315788517 0.0076667325394188818 -0.031858127457503431 -0.018285406681850705 0.048900725108413964
leaf_weight=23.873314199969172 3.2878323625773218 12.518211908638476 6.3740924578160039 14.693309068679808 33.342513300478458 2.6333074048161569 15.841112123802302 4.9130327738821533 5.7601785287261 28.094952892512083 37.94670033827424 21.558556338772178 4.5208459682762614 14.736725708469747 3.1892230287194243 3.5980618372559574 3.6374759972095472 6.2894214726984501 2.4753198716789475 6.3704293239861753 2.6359259635210055 6.2622406464070073 2.1282859984785318 2.3373750634491444 3.2843968346714973 4.1148950830101967 8.120005574077366 4.1425994522869587 2.883279997855424 3.8559641465544692
leaf_count=349 39 48 111 158 222 32 253 32 49 482 626 114 30 78 10 36 18 44 21 92 30 94 14 35 47 32 61 46 33 17
internal_value=2.13336e-10 0.0265392 -0.0293594 0.0158684 0.0370702 -0.0175891 -0.0139897 0.0330869 0.0263118 -0.0359495 -0.0313715 0.0430949 0.0212057 0.0333999 0.01625 0.0199834 0.0147349 0.029706 -0.00594693 -0.00934613 -0.0135837 -0.00632286 0.00557486 0.0288761 -0.0120011 0.0460165 0.00543302 -0.00972858 0.0133312 0.0209431
internal_weight=295.42 155.162 140.257 77.0696 78.0925 50.3425 43.9684 65.5743 39.1027 89.915 61.82 26.4716 62.3763 18.0246 44.3518 39.8309 36.6417 14.0418 28.1273 25.652 23.0187 16.6482 10.386 4.46566 5.92032 7.75237 22.5999 7.74066 14.8592 11.976
internal_count=3253 1067 2186 602 465 729 618 417 271 1457 975 146 444 117 327 297 287 94 365 344 312 220 126 49 77 50 193 82 111 78
is_linear=0
shrinkage=0.05


Tree=7
num_leaves=31
num_cat=0
split_feature=0 0 0 4 0 4 0 0 0 0 2 2 4 4 0 2 2 2 2 4 2 2 2 0 2 0 0 4 2 2
split_gain=81.6908 6.0688 3.74365 3.11484 1.90361 1.78993 1.75986 1.31591 1.44948 2.46563 1.36528 1.79606 1.89419 1.25259 1.44248 1.2622 1.21909 2.03593 1.08287 1.71941 2.1561 1.71081 1.05277 1.19137 1.0293 1.87863 1.33943 1.31494 1.25556 1.01142
threshold=0.63796654343605053 0.76528218388557445 0.53167670965194713 6950.5000000000009 0.77832427620887767 6950.5000000000009 0.88262635469436657 0.53377357125282299 0.61099040508270275 0.62320309877395641 949.50000000000011 1192.6250000000002 4440.0000000000009 11.500000000000002 0.31686301529407507 368.19000000000005 101.00000000000001 151.50000000000003 999.50000000000011 218.50000000000003 500.87500000000006 1955.0000000000002 395.50000000000006 0.67888760566711437 596.50000000000011 0.71582487225532543 0.72874280810356151 1146.5000000000002 474.82000000000005 648.50000000000011
decision_type=2 2 2 2 2 2 2 2 2 2 2 2 2 2 2 2 2 2 2 2 2 2 2 2 2 2 2 2 2 2
left_child=2 3 13 16 29 7 18 -4 10 -10 -9 -12 -13 15 -15 -1 -2 -18 19 -6 -21 -20 -5 -24 28 -26 -27 -28 -19 -3
right_child=1 4 5 22 6 -7 -8 8 9 -11 11 12 -14 14 -16 -17 17 24 21 20 -22 -23 23 -25 25 26 27 -29 -30 -31
leaf_value=0.022343422250576849 -0.010138116290460485 0.035466739368099923 0.031357014759179742 0.018050005283860845 0.037451014795088132 -0.032883038533418667 0.048383531727324715 -0.029033052981158783 0.023105562319159639 -0.025592652542408813 0.014907040708257491 -0.044880477472969506 0.0060415385419169175 -0.057952753666906033 -0.034944435333480933 -0.026365733335926584 0.060244949130708138 0.022650651406758746 0.05125838956883795 0.030094070247881383 -0.0011491170556341094 0.015415986649311476 -0.040541776696445944 -0.0031618851881970592 0.0054893876265521236 0.050707831655417479 -0.0066605258392748515 0.033391305786738268 0.054951259839020265 0.06506435729486347
leaf_weight=1.6012098789215068 3.0980438012629739 4.6938757225871068 1.5967923291027535 3.5120105110108844 12.978952929377554 15.739550145342944 13.113071929663418 18.378742899745706 5.7686369903385621 4.7307967338711023 5.1882662754505855 4.3236937429755926 3.1616055350750685 7.6774539276957503 60.436320280656219 7.8516502194106579 3.2902048733085385 14.764686908572914 9.8247447833418828 11.078266184777023 11.010059304535387 5.0356638915836802 2.9488752484321576 7.691393718123436 21.458060208708048 4.7452169544994822 3.3826437052339298 5.1988626755774021 3.778461802750825 7.4958509281277657
leaf_count=22 39 18 12 34 69 267 64 297 63 76 50 72 35 137 1025 130 15 84 68 73 108 35 40 84 193 29 23 42 19 30
internal_value=1.14426e-10 0.0255841 -0.0279548 0.015404 0.0355799 -0.0184499 0.0320824 -0.013185 -0.0148967 0.0011633 -0.0203269 -0.0077016 -0.0233723 -0.0351708 -0.0375378 -0.0181149 0.0204023 0.0220734 0.0278011 0.0230076 0.0145207 0.0391127 -0.00568673 -0.0135215 0.0197184 0.0146466 0.029391 0.0176037 0.0292324 0.0536673
internal_weight=285.554 149.099 136.455 73.8685 75.2305 58.8881 63.0408 43.1485 41.5517 10.4994 31.0523 12.6736 7.4853 77.5666 68.1138 9.45286 59.7162 56.6181 49.9277 35.0673 22.0883 14.8604 14.1523 10.6403 53.3279 34.7848 13.3267 8.58151 18.5431 12.1897
internal_count=3253 1067 2186 602 465 872 417 605 593 139 454 157 107 1314 1162 152 444 405 353 250 181 103 158 124 390 287 94 65 103 48
is_linear=0
shrinkage=0.05


Tree=8
num_leaves=31
num_cat=1
split_feature=0 0 0 3 4 2 0 0 1 4 2 2 0 0 4 1 4 0 0 4 2 0 4 0 0 0 0 2 4 4
split_gain=71.9447 4.9933 4.34548 4.28742 3.06908 1.9806 1.91989 1.62412 1.41034 1.33051 1.9038 2.002 1.79443 1.3146 1.20778 1.50425 1.19249 2.10601 1.93592 2.54784 1.8255 1.61231 1.6579 1.37763 1.18504 1.49968 1.88347 1.16841 1.05768 1.80058
threshold=0.64725717902183544 0.76528218388557445 0.54835435748100292 0 6950.5000000000009 384.50000000000006 0.77832427620887767 0.57596841454505932 4.8500000000000005 3858.5000000000005 337.57500000000005 119.50000000000001 0.49989220499992376 0.89262235164642345 5511.0000000000009 4.7500000000000009 4440.0000000000009 0.67888760566711437 0.73416262865066539 2078.5000000000005 350.50000000000006 0.71582487225532543 661.50000000000011 0.71582487225532543 0.61099040508270275 0.62320309877395641 0.63796654343605053 395.50000000000006 1308.0000000000002 312.50000000000006
decision_type=2 2 2 1 2 2 2 2 2 2 2 2 2 2 2 2 2 2 2 2 2 2 2 2 2 2 2 2 2 2
left_child=2 4 9 7 16 -5 -3 8 -4 10 11 -1 -13 -8 15 -9 17 28 19 20 -19 22 -22 -21 -7 -26 -27 -6 29 -2
right_child=1 6 3 5 27 24 13 14 -10 -11 -12 12 -14 -15 -16 -17 -18 18 -20 23 21 -23 -24 -25 25 26 -28 -29 -30 -31
leaf_value=-0.043496040981952859 0.012290757382764174 0.052654673605266961 -0.028181325874948978 -0.052953246901006584 0.018125929105961388 -0.029641880838757614 0.027922264857944232 0.0084100676455032327 0.028114334306821521 -0.042098427678665229 -0.032908937798801968 -0.012254272681213128 0.039158562868636712 0.049874107036229881 -0.0028297635732526579 0.050720682005821138 0.037987818927200587 0.072291227700211652 0.0043530312413019396 -0.018959375104131926 -0.006807857667445863 0.052790826554529352 0.039246740919636286 0.028571434189210838 0.015030849612085787 -0.043588088960306033 0.0066637244580373262 -0.016111755457075702 0.015143505529661639 -0.039281568819211021
leaf_weight=3.1954701021313658 3.4148023501038534 11.916896745562552 3.7773302942514446 6.0842597503215066 3.4180827774107447 18.259176731109623 53.483535816892982 3.8069248348474485 1.5770101957023142 25.994760183617473 47.143013954162598 5.6164570618420822 2.4320726450532675 7.8168918639421454 3.5912248417735091 4.6870166826993227 8.3052699342370016 3.7574188150465551 8.9107428081333619 3.1701431814581147 3.6023445203900319 5.8731649965047836 4.2709548696875572 2.9366951882839203 4.1184856835752708 4.4213247261941433 3.2245746720582247 9.1959893535822612 6.3446593061089516 3.3555548936128616
leaf_count=50 34 48 60 101 33 300 388 50 18 482 818 86 21 29 58 40 58 19 70 32 29 32 29 23 50 76 29 113 49 28
internal_value=4.32473e-10 0.0252811 -0.0256191 -0.0144783 0.015369 -0.0210971 0.0342914 0.00719653 -0.0116006 -0.0326889 -0.0284996 -0.0100124 0.00328145 0.0307215 0.0214795 0.0317574 0.0205611 0.0173897 0.0242106 0.0317049 0.0414065 0.0329646 0.0181749 0.00389754 -0.0216684 -0.00929289 -0.0223949 -0.00683424 0.000475747 -0.0132698
internal_weight=277.702 139.773 137.929 53.5473 66.5558 36.1078 73.2173 17.4395 5.35434 84.3818 58.387 11.244 8.04853 61.3004 12.0852 8.49394 53.9418 45.6365 32.5215 23.6107 17.5039 13.7465 7.8733 6.10684 30.0236 11.7644 7.6459 12.6141 13.115 6.77036
internal_count=3253 1014 2239 782 549 556 465 226 78 1457 975 157 107 417 148 90 403 345 234 164 109 90 58 55 455 155 105 146 111 62
cat_boundaries=0 1
cat_threshold=67149
is_linear=0
shrinkage=0.05


Tree=9
num_leaves=31
num_cat=1
split_feature=0 0 4 0 3 2 4 4 4 0 0 2 1 4 2 4 2 0 2 2 0 2 0 2 4 2 2 2 0 4
split_gain=63.027 4.18848 2.94875 2.82565 4.24859 2.38559 2.08587 1.75998 2.05503 1.61467 2.04584 1.4936 1.54661 1.24071 1.97839 1.16783 1.14743 1.53399 1.08974 2.29369 2.1696 1.80444 1.52449 1.41994 1.27748 1.05583 0.976268 1.14805 0.969525 1.55164
threshold=0.63796654343605053 0.76528218388557445 6950.5000000000009 0.54835435748100292 0 2274.0000000000005 11.500000000000002 64.000000000000014 98.500000000000014 0.88815596699714672 0.77832427620887767 1037.5000000000002 4.7500000000000009 3858.5000000000005 720.82500000000016 11.500000000000002 880.62500000000011 0.69163042306900036 596.50000000000011 530.50000000000011 0.73416262865066539 101.00000000000001 0.71582487225532543 183.37500000000003 1541.5000000000002 2607.5000000000005 999.50000000000011 391.50000000000006 0.85093042254447948 3562.5000000000005
decision_type=2 2 2 2 1 2 2 2 2 2 2 2 2 2 2 2 2 2 2 2 2 2 2 2 2 2 2 2 2 2
left_child=3 2 18 13 11 6 -6 15 -9 10 -10 12 -5 14 -1 -3 -4 -18 19 20 21 -2 25 -23 -25 -20 27 -12 29 -29
right_child=1 7 16 4 5 -7 -8 8 9 -11 26 -13 -14 -15 -16 -17 17 -19 22 -21 -22 23 -24 24 -26 -27 -28 28 -30 -31
leaf_value=-0.016970105448940859 -0.010074717156122969 0.02680894746233194 0.0045998460386942617 -0.028831474426202056 0.01612165132745921 0.015938328947309354 -0.031872944794177994 0.071964565094134389 0.0497140798293014 0.054165524408352407 0.033786106165639727 0.061344256379295185 0.030059585745642284 -0.040036512496824633 -0.035557899940179077 -0.0074819061633921938 -0.063767307408874457 -0.0057171671441901377 0.00053284864377060631 0.070885643952583108 -0.018378754255742074 0.05811141892367 0.027230068261068163 0.039915158536798043 0.0030841108009854162 0.032402472552161776 0.035139680774674706 0.016003719555273171 0.027333231495585215 -0.022224109409690496
leaf_weight=27.278724916279316 2.5551151707768538 5.8314362280070764 7.8412171024829131 1.5111776813864688 2.4320970010012379 3.2954553775489321 32.720190048217773 3.4846967905759803 9.8825591728091222 7.4668330550193778 8.7873799912631529 2.4316180162131786 4.2510894369333982 25.182322589680552 30.122840636409819 4.3239918239414692 1.7515922375023363 3.2488616593182087 17.769170768558983 2.7091296911239615 2.8685428816825143 4.6889811977744094 12.600201591849325 5.6599044613540155 4.0311071015894413 3.0440655238926402 13.978924363851545 8.0622767470777053 6.5454597901552907 3.9573466628789893
leaf_count=431 30 29 88 22 28 34 570 13 42 27 52 18 57 482 544 31 30 40 174 10 31 21 94 33 32 19 104 66 51 50
internal_value=-1.23873e-10 0.0231061 0.0142714 -0.0252273 -0.0153891 -0.0196326 -0.0285523 0.0315068 0.0346593 0.032444 0.0292771 0.0128275 0.0146152 -0.0307837 -0.0267245 0.0122085 -0.00733551 -0.0260514 0.0192328 0.0277357 0.0218328 0.028644 0.0135038 0.0355238 0.0245948 0.00519398 0.0243905 0.0188969 0.0118495 0.00341757
internal_weight=270.314 141.089 68.7679 129.226 46.6416 38.4477 35.1523 72.3209 62.1655 58.6808 51.2139 8.19389 5.76227 82.5839 57.4016 10.1554 12.8417 5.00045 55.9262 22.5128 19.8037 16.9351 33.4134 14.38 9.69101 20.8132 41.3314 27.3525 18.5651 12.0196
internal_count=3253 1067 602 2186 729 632 598 465 405 392 365 97 79 1457 975 60 158 70 444 157 147 116 287 86 65 193 323 219 167 116
cat_boundaries=0 1
cat_threshold=66629
is_linear=0
shrinkage=0.05


Tree=10
num_leaves=31
num_cat=1
split_feature=0 0 0 3 2 4 4 2 2 0 4 4 4 2 2 0 0 0 2 4 2 2 2 2 2 2 2 2 1 0
split_gain=55.9082 3.65852 3.64867 2.75289 2.43905 2.24588 1.72764 1.37055 2.25486 2.33401 1.19929 1.64369 1.42112 2.00558 1.63676 1.61823 1.55573 1.90719 1.4384 1.5532 1.34384 1.18911 1.11993 2.16024 1.38205 1.46741 1.22327 1.1258 0.953579 0.931342
threshold=0.64725717902183544 0.56346768140792858 0.76528218388557445 0 384.50000000000006 6950.5000000000009 5511.0000000000009 322.50000000000006 252.07500000000002 0.49989220499992376 64.000000000000014 218.50000000000003 5511.0000000000009 1395.5500000000002 298.50000000000006 0.79974895715713512 0.87458169460296642 0.77832427620887767 798.20000000000016 999.50000000000011 1955.0000000000002 498.50000000000006 398.50000000000006 101.00000000000001 530.50000000000011 620.50000000000011 2475.0000000000005 1987.5000000000002 4.2500000000000009 0.33095727860927587
decision_type=2 2 2 1 2 2 2 2 2 2 2 2 2 2 2 2 2 2 2 2 2 2 2 2 2 2 2 2 2 2
left_child=1 7 5 6 -5 22 -3 8 29 -10 -4 28 15 14 -14 -13 17 -16 19 -17 -20 -8 23 -2 -24 -26 27 -27 -12 -1
right_child=2 3 10 4 -6 -7 21 -9 9 -11 11 12 13 -15 16 18 -18 -19 20 -21 -22 -23 24 -25 25 26 -28 -29 -30 -31
leaf_value=-0.064909473420468031 -0.0079651424039555632 0.022109997798572895 0.014563214595284696 -0.056076908948000354 -0.016691365195143287 -0.0053310966747875058 0.011090847202549473 -0.031987863648712353 -0.015530483412948139 0.048339934439524543 0.038344694323301141 0.03856261019265235 0.064968034428501978 0.072663720157898737 0.050046823708534388 0.026922080595016929 0.044105757017725573 -0.00013927760132145109 0.04167383893898715 -0.018586562803414652 0.0022898663589454317 -0.037799401282074291 -0.014846201420796427 0.040947812103921614 0.051161128693760993 0.013689364113146259 0.041610004221976478 -0.022557292044264644 0.07112603620826842 -0.023752626482144379
leaf_weight=1.6030104197561765 2.8360911980271331 10.589761165902017 9.5917386524379236 4.7114367615431574 23.725860880687833 11.817810399457811 2.4616042021661988 70.453332088887691 3.8739550448954096 2.2676091268658638 4.8339671045541746 9.7822880260646361 3.3021138459444108 3.7396400496363631 2.588354557752611 2.9310535378754157 7.1652964204549781 7.0474556088447571 5.6899415329098684 5.2032813895493746 3.4971940405666828 2.5137586556375027 3.6647530645132056 11.061469875276087 2.9513014592230311 23.368754252791412 3.5673073939979068 2.3584300354123107 4.1000007726252079 9.6453578788787109
leaf_count=32 36 120 60 86 362 146 39 1291 70 19 26 59 16 16 11 24 36 75 47 49 26 45 28 70 16 208 23 22 20 175
internal_value=1.67521e-10 -0.0229901 0.0231212 -0.0112221 -0.0171765 0.0142647 0.00650974 -0.028885 -0.0163141 0.00805197 0.0309775 0.0336067 0.0301377 0.0390413 0.0327868 0.0223054 0.0264618 0.0133416 0.0131241 -0.00218839 0.0266819 -0.0136105 0.0189141 0.0309661 0.01425 0.0175567 0.0141712 0.0103666 0.0533888 -0.0296179
internal_weight=262.944 131.846 131.098 44.0024 28.4373 61.6259 15.5651 87.8433 17.3899 6.14156 69.4723 59.8806 50.9466 23.8429 20.1032 27.1038 16.8011 9.63581 17.3215 8.13433 9.18714 4.97536 49.8081 13.8976 35.9105 32.2458 29.2945 25.7272 8.93397 11.2484
internal_count=3253 2239 1014 652 448 549 204 1587 296 89 465 405 359 154 138 205 122 86 146 73 73 84 403 106 297 269 253 230 46 207
cat_boundaries=0 1
cat_threshold=198220
is_linear=0
shrinkage=0.05


Tree=11
num_leaves=31
num_cat=1
split_feature=0 0 0 3 2 2 1 4 0 4 0 2 1 4 0 4 0 2 0 0 2 4 0 1 4 0 2 0 2 4
split_gain=48.882 3.89344 2.55935 4.1528 2.16866 3.16649 2.11514 1.76636 1.37669 1.25338 1.16812 1.75208 1.23478 1.07502 1.41003 1.01938 1.0039 0.982853 0.9002 0.884144 1.42742 0.857382 1.09064 1.4514 1.04767 1.19067 1.02235 0.936407 0.979052 0.839554
threshold=0.63796654343605053 0.71582487225532543 0.53167670965194713 0 590.12500000000011 119.50000000000001 3.9500000000000006 6918.0000000000009 0.90758728981018078 4440.0000000000009 0.57596841454505932 949.50000000000011 4.7500000000000009 11.500000000000002 0.31686301529407507 1629.0000000000002 0.52414801716804515 368.19000000000005 0.51574793457984935 0.4301345050334931 899.50000000000011 4207.0000000000009 0.35059049725532537 4.7500000000000009 1146.5000000000002 0.37480375170707708 281.00000000000006 0.37480375170707708 545.00000000000011 98.500000000000014
decision_type=2 2 2 1 2 2 2 2 2 2 2 2 2 2 2 2 2 2 2 2 2 2 2 2 2 2 2 2 2 2
left_child=2 4 13 10 5 -2 -5 9 -3 29 11 15 -12 17 -15 -4 18 -1 21 20 -19 22 23 -16 27 -26 -27 -24 -29 -6
right_child=1 8 3 6 7 -7 -8 -9 -10 -11 12 -13 -14 14 16 -17 -18 19 -20 -21 -22 -23 24 -25 25 26 -28 28 -30 -31
leaf_value=0.024598712490047102 -0.027879448625446619 0.025867594551395937 -0.062141343459106171 0.015101094675528516 -0.031222117561080672 0.030659386898009167 -0.028369011245306747 -0.030213419827857597 0.06203041239526829 0.035983864124317859 -0.010160406787537275 0.023966967741525111 0.037115031208873731 -0.052570531602491033 0.032981171208122009 -0.0048005815563570619 -0.062530120729549762 0.023367412882125963 0.0011185469830787497 -0.038662559593598447 -0.039170014916507678 -0.037909262001408942 0.0029268614596445978 -0.028981168334925429 -0.060969828052710277 0.011501093672975214 -0.021077195766121895 -0.068124670791742198 -0.034209539144201564 0.003903323688427478
leaf_weight=1.4990301821380834 2.727504268288615 88.076779754832387 1.2875504270195954 3.0315216425806275 1.9211924970150089 15.094966694712637 36.377840643748641 4.3365606609731904 2.7128619551658621 2.8060997687280169 1.7607432622462491 3.350052060559392 6.4077070839703083 6.7896810732781878 1.8473710846155875 1.9473843853920696 2.0758358910679808 2.1438395585864787 2.6859519053250542 3.3395732082426548 1.5885926801711319 16.556874252855778 1.2841055355966116 1.9350066278129814 1.5236235521733785 3.0064179599285117 12.101294387131928 2.7614811006933442 9.2752071768045408 14.853547532111405
leaf_count=22 39 652 21 38 22 106 649 71 9 22 28 36 67 137 24 33 47 29 48 68 33 342 17 35 26 44 219 51 172 146
internal_value=1.04564e-10 0.0211373 -0.0224867 -0.0143154 0.00849805 0.0217008 -0.0199603 -0.00134018 0.0269482 0.00505437 0.00851859 -0.00137709 0.0269246 -0.0287722 -0.0310722 -0.027623 -0.0284208 -0.0121772 -0.0270842 -0.0199725 -0.00324968 -0.0285905 -0.0240169 0.00128219 -0.0272116 -0.0188427 -0.0145942 -0.0376605 -0.0419904 -0.000119554
internal_weight=257.106 132.53 124.577 54.1628 41.7399 17.8225 39.4094 23.9174 90.7896 19.5808 14.7534 6.58499 8.16845 70.4139 61.8429 3.23493 55.0532 8.57104 52.9773 7.07201 3.73243 50.2914 33.7345 3.78238 29.9521 16.6313 15.1077 13.3208 12.0367 16.7747
internal_count=3253 1067 2186 872 406 145 687 261 661 190 185 90 95 1314 1162 54 1025 152 978 130 62 930 588 59 529 289 263 240 223 168
cat_boundaries=0 1
cat_threshold=67141
is_linear=0
shrinkage=0.05


Tree=12
num_leaves=31
num_cat=1
split_feature=0 0 3 0 4 4 2 2 2 2 2 2 0 2 2 0 2 1 2 0 0 0 0 4 1 2 1 2 1 0
split_gain=45.4715 3.12543 2.88713 2.70174 2.13122 1.98959 1.46252 1.33781 1.29731 1.17954 1.11404 1.19738 1.04351 1.42142 1.95612 1.46109 1.06884 1.03389 1.02675 1.33158 0.971705 0.97138 2.03475 1.75434 1.35345 1.65738 1.43406 1.33933 0.999303 0.953864
threshold=0.64725717902183544 0.54835435748100292 0 0.76528218388557445 6950.5000000000009 11.500000000000002 1037.5000000000002 677.50000000000011 297.71000000000009 388.97000000000008 2459.0000000000005 1897.0000000000002 0.33095727860927587 322.50000000000006 252.07500000000002 0.49989220499992376 440.62500000000006 4.8500000000000005 613.50000000000011 0.45766533911228185 0.89262235164642345 0.73659586906433117 0.71582487225532543 1541.5000000000002 4.7500000000000009 398.50000000000006 4.4500000000000011 840.2600000000001 4.6500000000000012 0.56996583938598644
decision_type=2 2 1 2 2 2 2 2 2 2 2 2 2 2 2 2 2 2 2 2 2 2 2 2 2 2 2 2 2 2
left_child=1 12 6 4 21 -4 7 9 29 -3 11 20 -1 14 17 -16 -15 -14 19 -18 -5 22 24 -24 25 -2 -27 -28 -23 -7
right_child=3 2 5 10 -6 8 -8 -9 -10 -11 -12 -13 13 16 15 -17 18 -19 -20 -21 -22 28 23 -25 -26 26 27 -29 -30 -31
leaf_value=-0.043720018375931313 0.029827928933441706 -0.0078199268391952598 0.02211641565725779 0.02492691086033838 -0.0059913987068422403 -0.0049463161505829273 0.055582791373390297 -0.030964623843718776 -0.018768012834326647 0.044365665463274417 -0.0010090410118531257 0.052903913922611429 -0.017895502057472572 -0.053970220906426995 -0.0076734522170103896 0.048730042264937837 0.0028876826204751894 -0.064767557662538347 -0.031327682769068117 -0.032567680885803446 0.044602885184193031 -0.024996781311549941 0.056509622024622209 0.013799556443162357 0.02181828332087616 0.0090804844210751589 -0.070508772660138608 -0.0077317949168775775 0.013231935749292077 -0.060501945686466656
leaf_weight=9.2805719086900336 3.01008388400078 1.8011033087968806 2.7252308037132016 51.938199238851666 11.599301243200896 1.0029120948165644 2.4828162677586079 1.4986543096601961 33.384159477427602 2.7151311039924622 3.1861268877983084 4.9504606500267974 7.0457531269639713 4.1187099479138842 2.9702281104400745 1.8716828208416698 5.6530980188399536 1.4123087804764507 37.401170175522566 4.9818616863340139 7.1370869129896155 2.3832910005003196 6.3569227904081327 3.8668463118374348 20.413114722818136 3.2050092741847038 1.6163723617792132 1.7910880185663698 6.0461858734488487 3.3648808095604181
leaf_count=195 26 33 32 387 146 23 18 19 557 31 20 29 126 89 54 14 94 35 751 99 29 23 34 37 155 32 23 21 52 69
internal_value=1.47811e-10 -0.021596 -0.0117786 0.0209541 0.0132691 -0.01535 0.0107024 0.00997007 -0.0221206 0.0235537 0.0278474 0.0292834 -0.0280295 -0.0258048 -0.0112138 0.0141298 -0.0295256 -0.0257221 -0.0274297 -0.0137211 0.027304 0.0178576 0.0210892 0.0403558 0.0145311 -0.00092794 -0.0149284 -0.0375109 0.00242342 -0.0477455
internal_weight=251.21 123.71 48.9749 127.5 60.2882 40.4772 8.4977 6.01489 37.752 4.51623 67.2119 64.0257 74.7354 65.4548 13.3 4.84191 52.1548 8.45806 48.0361 10.635 59.0753 48.6889 40.2594 10.2238 30.0357 9.62255 6.61247 3.40746 8.42948 4.36779
internal_count=3253 2239 782 1014 549 681 101 83 649 64 465 445 1457 1262 229 68 1033 161 944 193 416 403 328 71 257 102 76 44 75 92
cat_boundaries=0 1
cat_threshold=66629
is_linear=0
shrinkage=0.05


Tree=13
num_leaves=31
num_cat=2
split_feature=0 0 3 0 3 4 2 2 2 4 2 0 0 1 0 0 4 2 2 0 2 2 2 0 0 2 2 2 2 0
split_gain=41.0337 3.15263 2.91229 2.7288 4.11235 2.37815 1.85809 1.80823 2.15811 1.52345 1.93956 1.23757 1.24916 1.16095 2.47177 2.37775 1.23247 2.0438 1.61933 1.75008 1.05506 1.05276 2.76865 1.05175 1.01313 1.23909 1.6557 1.1552 1.15071 1.58031
threshold=0.65069034695625316 0.56346768140792858 0 0.76528218388557445 1 5511.0000000000009 840.2600000000001 506.57500000000005 590.12500000000011 21.500000000000004 4045.0000000000005 0.72033411264419567 0.73416262865066539 4.5500000000000007 0.78813248872756969 0.8165917992591859 5511.0000000000009 1395.5500000000002 401.00000000000006 0.87458169460296642 660.37500000000011 183.37500000000003 519.87500000000011 0.60047137737274181 0.33095727860927587 322.50000000000006 252.07500000000002 440.62500000000006 599.10000000000014 0.35059049725532537
decision_type=2 2 1 2 1 2 2 2 2 2 2 2 2 2 2 2 2 2 2 2 2 2 2 2 2 2 2 2 2 2
left_child=1 24 5 4 9 -3 -6 -4 -9 -2 11 21 -13 14 -5 -16 -15 18 -18 20 -20 -11 -23 -7 -1 26 -26 -27 29 -29
right_child=3 2 7 13 6 23 -8 8 -10 10 -12 12 -14 16 15 -17 17 -19 19 -21 -22 22 -24 -25 25 27 -28 28 -30 -31
leaf_value=-0.042167565503483384 0.036119502579083758 0.024020046774398132 -0.04461667202229621 0.072112321660093417 0.039213903383690026 0.0075094050740421407 0.011260866596269088 0.036509364650272144 -0.019908967181441774 0.0071706505569279757 0.041559997325652666 0.022644565161979442 -0.012850089868938425 0.017015829132041766 -0.0080913193745789629 0.041256316303778608 0.045381452559191425 0.072110389573687567 -0.039296467862830899 0.03311846399534972 0.0094718445760241451 -0.085278880358246684 -0.017218273200180958 -0.038662833169350076 -0.023725158152367504 -0.052178192212803176 0.012222910665788662 0.040226104078243702 -0.029108137719528211 -0.018002637389760195
leaf_weight=8.8150417441502196 2.1309744641184833 11.525250324979426 6.7586800921708372 4.2007555477321175 18.849231248721484 2.288349285721778 8.6837791837751848 1.8628476765006805 18.813709989190102 2.7332570701837602 1.851315177977084 4.2345566898584348 5.9780423399060965 28.814872678369284 3.3698252253234378 8.8564491383731347 6.9584886915981832 2.8802518323063842 1.7140755578875522 5.6921751201152802 3.1417950466275215 1.7522330842912186 10.147805253043769 2.6752456668764353 8.9204066544771177 4.3632580609992138 4.9976413603872052 1.3323734533041705 42.258614240214229 9.287756195291875
leaf_count=195 17 126 136 20 135 39 91 20 310 32 8 30 63 204 32 69 43 14 18 30 35 17 130 47 175 98 73 14 854 178
internal_value=-1.36559e-10 -0.0202674 -0.00950529 0.0205846 0.0125151 0.00719505 0.0222987 -0.0162441 -0.014826 -0.00338865 -0.00781149 -0.0114903 0.00186743 0.0275147 0.0390238 0.027655 0.0236721 0.0330802 0.0266588 0.0143076 -0.0077429 -0.0208126 -0.0272399 -0.0173762 -0.0261782 -0.0241975 -0.0108171 -0.0274509 -0.0254105 -0.0106974
internal_weight=245.889 123.899 43.9241 121.99 56.3612 16.4888 27.533 27.4352 20.6766 28.8282 26.6972 24.8459 10.2126 65.6287 16.427 12.2263 49.2017 20.3868 17.5065 10.548 4.85587 14.6333 11.9 4.96359 79.9751 71.16 13.918 57.242 52.8787 10.6201
internal_count=3253 2265 678 988 523 212 226 466 330 297 280 272 93 465 121 101 344 140 126 83 53 179 147 86 1587 1392 248 1144 1046 192
cat_boundaries=0 1 2
cat_threshold=198220 164258
is_linear=0
shrinkage=0.05


Tree=14
num_leaves=31
num_cat=1
split_feature=0 0 0 3 4 0 2 1 2 4 4 2 0 2 1 1 1 4 1 1 2 4 0 4 4 4 0 2 1 0
split_gain=37.4628 3.05467 2.15736 2.90601 2.0834 1.8687 1.64245 1.50456 1.92004 1.53344 1.31654 1.18947 0.984494 0.977037 1.52352 1.14028 0.93619 0.79079 0.771224 1.71767 0.749971 0.816055 1.05622 0.737818 1.23623 1.16485 1.09048 1.08713 1.04629 0.894563
threshold=0.63796654343605053 0.74883013963699352 0.54835435748100292 0 1629.0000000000002 0.67888760566711437 348.50000000000006 4.7500000000000009 949.50000000000011 5887.0000000000009 11.500000000000002 599.10000000000014 0.33095727860927587 322.50000000000006 3.8500000000000001 4.8500000000000005 4.7500000000000009 999.50000000000011 4.6500000000000012 4.0500000000000007 183.37500000000003 3077.0000000000005 0.4878168404102326 64.000000000000014 218.50000000000003 1629.0000000000002 0.77832427620887767 792.50000000000011 4.2500000000000009 0.87458169460296642
decision_type=2 2 2 1 2 2 2 2 2 2 2 2 2 2 2 2 2 2 2 2 2 2 2 2 2 2 2 2 2 2
left_child=2 4 12 7 5 11 -7 8 -4 -9 -5 -2 -1 14 -14 20 -6 -13 19 -8 -16 -22 -23 -3 28 27 -27 -26 -25 -28
right_child=1 23 3 10 16 6 18 9 -10 -11 -12 17 13 -15 15 -17 -18 -19 -20 -21 21 22 -24 24 25 26 29 -29 -30 -31
leaf_value=-0.04202128758861564 0.023243492787286716 0.013125442860929471 -0.052736941646351523 0.013781682570199644 -0.012341721845115519 0.062302444346870746 0.039816446138719146 0.037345661067780575 0.015707124063107421 -0.0056819181702262812 -0.026641908942147043 -0.025077375382717662 0.030659057649137251 -0.027003848704897655 -0.027578522551277147 -0.06034122457245205 0.0069733460860600012 0.01322868957009999 0.031786432749037884 -0.017199638966985852 0.022550109274669244 -0.038557257819263772 0.024117202313430529 0.030119005154621206 -0.0010216825621963206 0.046617249779540661 0.02015200271867891 0.027260405549262463 0.066023295138179047 0.039864199293498895
leaf_weight=8.4480966981500369 4.2440963201224822 9.6526778861880285 1.7211881708353747 2.1791782565414932 9.0412838049232978 3.221062088385227 2.3522173389792433 6.550930839031933 2.5320198927074671 3.0276996623724699 26.607027740217745 3.7965533547103405 1.8300058431923378 50.387765689752996 4.4504540693014842 1.4245808664709319 20.493367483839393 2.0884455516934395 8.9221275821328145 3.0129487365484238 2.3135043233633041 1.9567540809512141 1.0240152217447756 4.5812563858926278 7.050038877874611 7.5873825028538695 21.746995791792873 6.558911981061101 3.6422759182751179 7.8269148990511885
leaf_count=195 32 63 33 27 113 21 16 63 31 55 520 49 17 1033 84 37 206 21 69 27 33 41 17 30 67 52 189 50 20 42
internal_value=2.83688e-10 0.0188304 -0.0207003 -0.011788 0.0102936 0.0201605 0.0300495 0.0074038 -0.0119908 0.0237451 -0.0175018 0.00306715 -0.0259878 -0.0238509 -0.0116293 -0.0185579 0.00106053 -0.0114835 0.0227781 0.00779758 -0.0124496 0.000268042 -0.017026 0.0259403 0.0280371 0.0251241 0.0297073 0.012609 0.0460213 0.025369
internal_weight=240.272 125.819 114.453 42.618 57.1721 27.6375 17.5084 13.8318 4.25321 9.57863 28.7862 10.1291 71.8352 63.3871 12.9993 11.1693 29.5347 5.885 14.2873 5.36517 9.74473 5.29427 2.98077 68.6465 58.9938 50.7702 37.1613 13.609 8.22353 29.5739
internal_count=3253 1067 2186 729 554 235 133 182 64 118 547 102 1457 1262 229 212 319 70 112 43 175 91 58 513 450 400 283 117 50 231
cat_boundaries=0 1
cat_threshold=99909
is_linear=0
shrinkage=0.05


Tree=15
num_leaves=31
num_cat=1
split_feature=0 0 2 2 0 3 4 4 2 2 2 4 2 4 2 1 4 0 2 4 0 2 0 4 2 0 0 4 4 0
split_gain=34.3307 2.83998 1.91886 3.29382 1.66002 2.15819 1.65712 1.52279 1.1324 1.68189 1.07762 0.997652 0.898061 0.893177 1.14375 0.937238 1.70375 0.812746 0.868385 0.769111 1.16668 1.23686 1.05069 0.747889 0.765605 0.733592 0.698178 1.01877 0.983417 0.684202
threshold=0.63796654343605053 0.71582487225532543 101.00000000000001 590.12500000000011 0.54835435748100292 0 6918.0000000000009 5511.0000000000009 1037.5000000000002 1199.5000000000002 899.50000000000011 661.50000000000011 648.50000000000011 3858.5000000000005 720.82500000000016 4.6500000000000012 1146.5000000000002 0.51954317092895519 668.00000000000011 273.50000000000006 0.68642282485961925 792.50000000000011 0.6607116460800172 2299.5000000000005 1147.5000000000002 0.89262235164642345 0.58959707617759716 11.500000000000002 4207.0000000000009 0.56996583938598644
decision_type=2 2 2 2 2 1 2 2 2 2 2 2 2 2 2 2 2 2 2 2 2 2 2 2 2 2 2 2 2 2
left_child=4 2 -2 -4 13 7 19 8 10 -10 11 -6 -9 14 15 17 -17 18 -1 -5 21 -21 -23 -16 -25 -3 28 -28 -7 -30
right_child=1 25 3 6 5 26 -8 12 9 -11 -12 -13 -14 -15 23 16 -18 -19 -20 20 -22 22 -24 24 -26 -27 27 -29 29 -31
leaf_value=-0.014610592436438911 -0.036387746923595109 0.021974786086912619 0.02866045680176936 -0.018332995060489212 0.045408784484315852 -0.047997978602859787 -0.031424231693023288 -0.00083447959118040254 0.07218143132278422 0.013993857157346776 -0.035162972717998009 -0.0053773561950641747 -0.047209275356381815 -0.033237605270892027 -0.031190538957114849 -0.051294726342085678 -0.011366048814422122 0.032355357055327938 0.032084451663330536 -0.011816590019117963 -0.015186641721724471 0.010045346383402067 0.044913904757933838 -0.024554719865949322 0.031402458639013926 0.039461708333262804 0.02627644271655177 -0.021119324022596975 -0.0011859333831150589 -0.038086813269787446
leaf_weight=6.3496048543602246 2.3900463450700036 78.09751607850194 14.241238951683043 3.1418714765459361 1.6273460481315831 5.7644370403140801 3.9618218932300797 3.2388665452599517 1.8955295663326976 3.6012592855840921 1.4424035698175428 2.3830858208239079 1.540485108271241 21.331471637822688 23.006254084408287 3.5106755159795275 11.178432831540702 1.5607941281050441 1.1808195728808639 2.8565149977803221 3.8071435019373885 4.6906484551727754 4.0052495636045933 1.5689215622842305 1.0014444477856157 6.4963534176349631 1.236053930595516 13.70500279124826 2.7875624801963568 2.2866067159920931
leaf_count=118 36 632 109 40 20 119 71 64 11 43 18 38 28 482 490 74 206 16 17 35 44 40 31 35 19 29 13 268 54 53
internal_value=-9.48879e-12 0.0181672 0.0070223 0.00984898 -0.0200279 -0.0120911 -0.0020771 0.00474762 0.0180444 0.0340594 0.00190028 0.0152306 -0.015782 -0.0246883 -0.0209935 -0.0130999 -0.0209089 -0.000482387 -0.00728851 0.00420717 0.00881787 0.0167287 0.0261055 -0.0283327 -0.00275315 0.0233177 -0.0174411 -0.0171983 -0.0338675 -0.0178148
internal_weight=235.885 123.688 39.0945 36.7045 112.197 41.5086 22.4632 15.729 10.9496 5.49679 5.45284 4.01043 4.77935 70.6884 49.3569 23.7803 14.6891 9.09122 7.53042 18.5014 15.3596 11.5524 8.6959 25.5766 2.57037 84.5939 25.7797 14.9411 10.8386 5.07417
internal_count=3253 1067 406 370 2186 729 261 222 130 54 76 58 92 1457 975 431 280 151 135 190 150 106 71 544 54 661 507 281 226 107
cat_boundaries=0 1
cat_threshold=104005
is_linear=0
shrinkage=0.05


Tree=16
num_leaves=31
num_cat=2
split_feature=0 0 3 0 2 2 4 4 0 3 4 2 2 4 4 2 0 2 2 2 2 1 0 1 0 2 0 0 4 0
split_gain=30.9935 2.43114 2.66117 2.03785 1.45686 2.42911 1.78359 1.44956 1.42707 1.90807 2.28388 2.05246 1.29656 1.47751 1.4775 1.23624 1.26969 1.23576 1.60209 1.1109 1.09784 0.999942 0.986376 2.05539 1.20683 1.4249 1.16858 1.13491 1.70237 0.920407
threshold=0.63796654343605053 0.76528218388557445 0 0.68901157379150402 840.2600000000001 2475.0000000000005 1541.5000000000002 98.500000000000014 0.54835435748100292 1 3258.5000000000005 2274.0000000000005 720.82500000000016 2688.5000000000005 3383.5000000000005 1037.5000000000002 0.59270328283309948 362.00000000000006 613.50000000000011 530.50000000000011 498.50000000000006 4.6500000000000012 0.78813248872756969 4.5500000000000007 0.85093042254447948 431.14500000000004 0.77079051733016979 0.83945772051811229 5511.0000000000009 0.89262235164642345
decision_type=2 2 1 2 2 2 2 2 2 1 2 2 2 2 2 2 2 2 2 2 2 2 2 2 2 2 2 2 2 2
left_child=8 2 3 -2 6 -6 19 -5 -1 10 15 -11 14 -14 -9 16 -10 -8 -19 21 -12 -4 23 -3 27 -26 -25 28 -24 -27
right_child=1 22 4 7 5 -7 17 12 9 11 20 -13 13 -15 -16 -17 -18 18 -20 -21 -22 -23 24 26 25 29 -28 -29 -30 -31
leaf_value=-0.023703652092235929 -0.023173162195805397 0.066881267998054592 0.012192164327525901 0.043317221663750516 -0.0022293059630959793 0.046297161676649858 0.029342826585717748 0.043291813256332329 -0.014955618465512924 -0.025572436305517306 0.012110089886039651 0.020549659255923405 -0.056782768938833286 -0.0013887406488925504 -0.0053618188773043793 0.05698809681683497 0.039283987067990661 -0.034437063789242495 0.027489798536844273 0.063812187039758481 -0.035359280256980041 0.049750601036423592 0.0087476196023753804 0.043398316571746726 0.0082996928495467602 0.032071660909037181 0.010053598659090029 -0.010012538952266732 0.038134615005961041 0.064616041150882306
leaf_weight=68.849667074158788 9.9351303074508923 3.8575216941535464 3.5225803591310996 2.2297490406781426 11.286119604483245 3.3426621109247199 5.533321123570202 2.6811592206358892 2.0731535181403142 26.207270460203294 2.1455680150538683 2.6566212084144345 1.7033292837440965 4.1045070979744196 3.7329033333808184 2.5838987994939089 2.2499005887657404 2.3216760642826557 1.8983958400785921 4.0892821736633778 2.8174629528075457 3.5662782415747643 15.383045207709079 4.5940312668681127 5.6688149422407177 12.689892012625931 6.1381837204098701 4.2444881536066523 7.2511573210358611 2.6213155165314665
leaf_count=1457 126 20 34 16 127 25 49 19 29 532 39 31 18 52 47 19 22 25 18 25 57 21 122 23 30 101 41 49 64 15
internal_value=-5.12656e-11 0.017293 0.0101007 -0.00407147 0.0163632 0.00885894 0.0294253 0.00624315 -0.0193148 -0.0118967 0.00598952 -0.0158397 -0.000520603 -0.0176348 0.014976 0.0296268 0.013273 0.0138001 -0.00657932 0.0430589 -0.0148378 0.0310871 0.0241973 0.0355784 0.0207277 0.0297147 0.0243271 0.013713 0.0181621 0.0376433
internal_weight=231.979 122.396 59.9471 24.3868 35.5603 14.6288 20.9315 14.4516 109.584 40.7339 11.87 28.8639 12.2219 5.80784 6.41406 6.90695 4.32305 9.75339 4.22007 11.1781 4.96303 7.08886 62.4484 14.5897 47.8587 20.98 10.7322 26.8787 22.6342 15.3112
internal_count=3253 1067 602 278 324 152 172 152 2186 729 166 563 136 70 66 70 51 92 43 80 96 55 465 84 381 146 64 235 186 116
cat_boundaries=0 1 2
cat_threshold=168352 230469
is_linear=0
shrinkage=0.05


Tree=17
num_leaves=31
num_cat=1
split_feature=0 0 4 0 3 0 2 2 4 4 0 0 0 0 1 1 0 2 2 2 1 0 0 4 0 4 4 2 4 2
split_gain=28.373 2.43318 1.63807 1.39736 1.12268 1.16746 1.92834 1.65632 1.38851 1.13122 1.3111 1.10454 1.10119 1.55353 1.64298 1.08854 1.07342 0.902233 1.20363 1.229 1.17014 0.826657 1.20335 0.760838 0.749567 0.861844 1.37831 1.53582 1.10622 1.02004
threshold=0.63796654343605053 0.76528218388557445 6950.5000000000009 0.33095727860927587 0 0.57596841454505932 2274.0000000000005 613.50000000000011 1146.5000000000002 5511.0000000000009 0.53550922870635997 0.62320309877395641 0.89262235164642345 0.78813248872756969 4.5500000000000007 4.6500000000000012 0.60793712735176098 101.00000000000001 596.50000000000011 660.37500000000011 4.6500000000000012 0.51760259270668041 0.53550922870635997 1541.5000000000002 0.8016590178012849 218.50000000000003 3383.5000000000005 300.86500000000007 64.000000000000014 1004.3100000000001
decision_type=2 2 2 2 1 2 2 2 2 2 2 2 2 2 2 2 2 2 2 2 2 2 2 2 2 2 2 2 2 2
left_child=3 2 17 -1 9 7 8 15 11 10 -5 16 13 14 -3 21 -7 -2 20 -20 -19 -6 -23 -22 -15 28 -27 -28 -26 -29
right_child=1 12 -4 4 5 6 -8 -9 -10 -11 -12 -13 -14 24 -16 -17 -18 18 19 -21 23 22 -24 -25 25 26 27 29 -30 -31
leaf_value=-0.038470845946781095 -0.014531824740189679 0.065849337661892438 -0.0073311376344651598 -0.0049140925149817232 -0.012396834397748272 -0.0069506142287007328 0.033079886380493528 -0.031407178287533179 -0.023629876603794203 -0.040100444849552795 0.02716315949731081 -0.036728987222415202 0.045675783693401834 0.0019648784212879023 0.02625013457134287 -0.022165696504685146 0.036171613677102053 0.0019133713893397478 -0.022055871494504675 0.012854969150269109 0.046051390895658149 0.050700917009760309 -0.0077030517563857655 0.021359751763126648 0.017805762484163788 0.00026230875900305496 0.062277506361230806 0.0038248649527295093 0.053833539156058575 0.031434148612044736
leaf_weight=7.9400063836947075 2.6246593724936238 3.5776848942041388 11.209663715213535 8.8695962671190482 6.4391433577984589 3.212285475805408 2.2593114934861651 32.861777571961284 15.814957687631248 1.430331191048025 4.9707788024097672 1.4216140434145925 5.4443322941660872 6.7392398118972769 9.779135484248398 18.306342139840126 2.6203286144882441 3.731397986412051 2.8018728438764837 25.148304438218474 6.3008228540420514 1.5531408842653038 2.0408824887126684 6.1797191612422466 4.7803005408495647 9.2862964393571037 2.3033856377005568 6.4799817353486997 3.8438757136464119 6.9157812222838402
leaf_count=195 39 20 158 176 125 58 22 711 317 32 51 31 29 51 64 382 30 34 34 253 33 13 43 51 36 96 14 74 25 56
internal_value=-3.1395e-11 0.0171134 0.00983613 -0.0182683 -0.0166926 -0.0179571 -0.0110045 -0.0237686 -0.015322 0.00134856 0.00660647 0.00279006 0.0242488 0.0220767 0.036857 -0.0149111 0.0124222 0.0139492 0.0156419 0.00935532 0.0264804 -0.00167448 0.017536 0.0338254 0.0171839 0.0202355 0.0155315 0.0245635 0.0338637 0.0180786
internal_weight=226.887 117.146 57.9964 109.74 101.8 86.5298 25.3285 61.2013 23.0692 15.2707 13.8404 7.25423 59.15 53.7057 13.3568 28.3395 5.83261 46.7868 44.1621 27.9502 16.2119 10.0332 3.59402 12.4805 40.3489 33.6096 24.9854 15.6991 8.62418 13.3958
internal_count=3253 1067 602 2186 1991 1732 458 1274 436 259 227 119 465 436 84 563 88 444 405 287 118 181 56 84 352 301 240 144 61 130
cat_boundaries=0 1
cat_threshold=33797
is_linear=0
shrinkage=0.05


Tree=18
num_leaves=31
num_cat=1
split_feature=0 0 2 2 2 0 3 4 2 2 1 2 2 0 4 1 2 0 2 0 1 2 4 0 4 0 0 2 2 0
split_gain=25.9216 2.30983 1.55223 2.55827 1.61617 1.35762 2.05224 1.30871 1.1561 1.20545 1.33739 1.1416 2.62341 1.1213 0.968783 0.968215 1.2852 1.03386 2.23295 0.913238 1.70936 0.862226 2.28257 0.85208 0.848609 1.32584 1.12363 1.03171 1.58158 1.0339
threshold=0.63796654343605053 0.71582487225532543 101.00000000000001 590.12500000000011 660.37500000000011 0.51574793457984935 0 6918.0000000000009 1568.5000000000002 1074.2950000000003 4.7500000000000009 2274.0000000000005 2459.0000000000005 0.89262235164642345 11.500000000000002 4.7500000000000009 601.72500000000014 0.53377357125282299 368.19000000000005 0.57596841454505932 4.8500000000000005 1395.5500000000002 17159.500000000004 0.31686301529407507 3258.5000000000005 0.72874280810356151 0.74883013963699352 391.50000000000006 698.50000000000011 0.76528218388557445
decision_type=2 2 2 2 2 2 1 2 2 2 2 2 2 2 2 2 2 2 2 2 2 2 2 2 2 2 2 2 2 2
left_child=5 2 -2 -4 -5 14 8 -6 9 10 -7 15 -13 21 -1 16 17 -8 -19 20 -12 24 -23 -16 25 -3 -26 -27 -29 -30
right_child=1 13 3 4 7 6 11 -9 -10 -11 19 12 -14 -15 23 -17 -18 18 -20 -21 -22 22 -24 -25 26 27 -28 28 29 -31
leaf_value=-0.0059870622323324211 -0.034771105640915179 0.049794313474627282 0.025586636484560357 -0.042181428021585352 0.0089087482358958994 -0.023396462248110178 0.036865647060017027 -0.025069213714273869 -0.034562572391890631 0.044115720723778146 -0.039381786558592174 0.057402679527913496 -0.033074664203590912 0.043603150710784515 -0.045094055747465889 -0.029205158030352479 -0.025148827918686285 -0.046267976770964919 0.017728963660277125 0.037794061270006417 0.041885923397451001 0.018431979525724448 0.065100233248553671 -0.023446097221496251 -0.011426344382982519 0.038763572685880113 0.01531583512240638 -0.0093407002662541302 -0.0053143068633917621 0.025617838817561661
leaf_weight=7.1260897601023308 2.1886541340500107 3.8536695428192607 13.531676229089497 2.2674567196518209 15.100051729008557 2.571483111009 1.7041329685598636 3.4886718131601802 1.2448306661099184 2.8810919765382996 1.4092352297157051 1.5090500935912126 1.7079343460500238 5.241606328636407 5.0865280069410792 19.760165200568736 9.409284449182449 2.250893410295248 3.4554178938269615 3.2032827436923981 1.1963544823229311 9.5158230476081354 3.6156606152653685 42.739403922110796 4.8875679224729565 5.3479477465152767 20.006964538246393 5.4402496889233616 3.1857095202431109 17.771725750528276
leaf_count=143 36 28 109 34 163 47 17 64 21 28 34 8 33 29 137 423 200 54 58 40 13 81 21 930 59 35 190 47 31 140
internal_value=1.30973e-10 0.0164425 0.00605711 0.00865567 -0.0023293 -0.0176977 -0.0119317 0.00253187 0.00620229 0.016216 0.00662426 -0.0153354 0.00936721 0.0212589 -0.0231858 -0.0217002 -0.0128832 0.00269089 -0.00751507 0.0199139 -0.00206778 0.0196682 0.0312818 -0.0257485 0.0171472 0.0220994 0.0100655 0.0187375 0.0146804 0.0209159
internal_weight=222.699 115.443 36.5765 34.3879 20.8562 107.255 52.3032 18.5887 12.5063 11.2614 8.38036 39.7969 3.21698 78.8669 54.952 36.5799 16.8197 7.41044 5.70631 5.80887 2.60559 73.6253 13.1315 47.8259 60.4938 35.5993 24.8945 31.7456 26.3977 20.9574
internal_count=3253 1067 406 370 261 2186 976 227 183 162 134 793 41 661 1210 752 329 129 112 87 47 632 102 1067 530 281 249 253 218 171
cat_boundaries=0 1
cat_threshold=99397
is_linear=0
shrinkage=0.05


Tree=19
num_leaves=31
num_cat=1
split_feature=0 0 2 2 4 0 3 2 0 4 0 1 2 2 2 2 2 2 2 4 4 2 4 2 2 2 0 0 2 4
split_gain=24.3086 1.74822 1.55994 2.25936 1.48021 1.16322 1.51147 1.28612 1.00584 0.960889 1.13878 1.70116 1.42802 1.4776 1.19012 0.799715 1.3926 1.181 0.760896 1.0998 0.721423 1.12302 0.720156 0.655809 0.653383 1.97128 0.640465 0.620651 0.593281 0.704732
threshold=0.63796654343605053 0.72033411264419567 101.00000000000001 350.50000000000006 28801.000000000004 0.54835435748100292 0 2274.0000000000005 0.89262235164642345 98.500000000000014 0.68642282485961925 4.5500000000000007 596.50000000000011 1805.0000000000002 1192.6250000000002 1037.5000000000002 677.50000000000011 388.97000000000008 720.82500000000016 3562.5000000000005 5511.0000000000009 599.10000000000014 11.500000000000002 1147.5000000000002 1562.5000000000002 1955.0000000000002 0.6222408413887025 0.68901157379150402 249.50000000000003 3562.5000000000005
decision_type=2 2 2 2 2 2 1 2 2 2 2 2 2 2 2 2 2 2 2 2 2 2 2 2 2 2 2 2 2 2
left_child=5 2 -2 27 9 20 15 22 24 -5 12 -12 -11 14 18 16 17 -7 -14 -20 21 -1 -8 -13 28 -26 -24 -4 -3 -30
right_child=1 8 3 4 -6 6 7 -9 -10 10 11 23 13 -15 -16 -17 -18 -19 19 -21 -22 -23 26 -25 25 -27 -28 -29 29 -31
leaf_value=-0.0088667331596522722 -0.033499259822522297 0.03084155281156158 0.022387416170401006 -0.02350283067593226 -0.034407111284142956 -0.0089540215279767851 0.009351992230679812 0.016471639514241836 0.042108374078935758 0.048002022131456067 0.034990696698648314 -0.036877621180245859 -0.018279293479793873 0.038814740233761899 -0.038596955014864466 0.049707834494658119 -0.035715046160994017 0.048547732192271924 0.031169573242188494 -0.016967538941332523 -0.030691332855286309 -0.024184434655320219 -0.018394854092129504 -0.0012107010523283728 0.055436908260455692 0.012759978654188504 -0.038980064119222946 0.050300642037633174 0.019384313178257673 0.0070829966466333079
leaf_weight=19.264829123392701 2.1870011836290351 6.7546319700777522 5.7628984563052637 2.4083376787602964 2.4194046426564446 1.4943332541733982 2.0000335611403015 2.6873164623975745 5.0784516371786586 3.0329923965036896 1.7957184351980675 2.9684483055025339 2.0364383216947299 3.2687875851988784 1.6617084108293054 1.7115174774080513 1.2441773936152456 2.2188301365822554 4.1079218368977308 1.6685193460434673 15.537523603998123 31.581762788817286 23.507187884300951 2.2777070328593254 4.5573599953204376 6.6602185349911451 4.5022350661456576 3.0429810956120491 33.237755855545402 17.920145744457841
leaf_count=362 39 50 52 29 44 30 28 34 29 20 17 36 28 23 24 15 18 27 49 22 384 711 472 30 27 60 105 19 277 192
internal_value=1.6267e-10 0.0161407 0.00751609 0.00997689 0.00295146 -0.017224 -0.0104142 -0.012763 0.0206313 0.0065344 0.00970466 -0.00701425 0.0171673 0.00982841 -0.000172043 0.00809767 0.0100665 0.0254066 0.00800049 0.0172652 -0.0212622 -0.0183808 -0.019634 -0.0213922 0.0190535 0.0300983 -0.0217037 0.0320332 0.0169142 0.0150753
internal_weight=218.597 112.847 38.6389 36.4519 27.646 105.75 39.3656 32.6968 74.2086 25.2266 22.8182 7.04187 15.7764 12.7434 9.47459 6.66886 4.95734 3.71316 7.81288 5.77644 66.3841 50.8466 30.0095 5.24616 69.1301 11.2176 28.0094 8.80588 57.9125 51.1579
internal_count=3253 1067 432 393 322 2186 729 639 635 278 249 83 166 146 123 90 75 57 99 71 1457 1073 605 66 606 87 577 71 519 469
cat_boundaries=0 1
cat_threshold=66628
is_linear=0
shrinkage=0.05


Tree=20
num_leaves=31
num_cat=1
split_feature=0 0 4 0 0 3 0 4 2 2 0 0 1 0 2 0 1 2 2 0 4 2 4 1 0 0 2 1 4 2
split_gain=22.1509 1.81247 1.4485 1.30407 1.09932 1.41349 0.897744 0.803006 0.782018 2.6385 0.753787 0.740417 0.918999 0.709047 0.656924 0.90595 0.635213 1.3456 0.632435 1.00566 0.626209 1.31009 1.05541 0.871031 1.20299 1.29958 0.875451 1.4201 0.564376 0.548653
threshold=0.63796654343605053 0.76528218388557445 6950.5000000000009 0.77832427620887767 0.49440176784992224 0 0.89262235164642345 11.500000000000002 2720.0000000000005 2274.0000000000005 0.31686301529407507 0.35059049725532537 4.7500000000000009 0.58614489436149608 880.62500000000011 0.69163042306900036 4.6500000000000012 677.50000000000011 731.38000000000011 0.39229638874530798 4440.0000000000009 980.50000000000011 3562.5000000000005 4.8500000000000005 0.73416262865066539 0.70440632104873668 166.70000000000002 4.7500000000000009 6457.0000000000009 183.37500000000003
decision_type=2 2 2 2 2 1 2 2 2 2 2 2 2 2 2 2 2 2 2 2 2 2 2 2 2 2 2 2 2 2
left_child=4 2 20 -3 7 13 -5 18 9 16 -9 12 -12 28 -4 -16 17 29 -1 -20 21 22 23 24 25 26 -2 -28 -6 -7
right_child=1 3 14 6 5 8 -8 10 -10 -11 11 -13 -14 -15 15 -17 -18 -19 19 -21 -22 -23 -24 -25 -26 -27 27 -29 -30 -31
leaf_value=0.008577773690293387 -0.0091151491627512859 0.04043194631467132 0.0026779104579509995 0.016410599972005221 0.014785788864018526 -0.02184302389911048 0.038796496349051336 -0.043728264940589678 -0.053490316649020868 0.036478250471982186 0.02134804418951379 -0.025153973933332543 -0.023294124930724084 0.037413699258940121 -0.054925472117237167 -0.006111037801881645 -0.021728591142799389 -0.025345186054367287 -0.058457852465953766 0.0018583843269311517 0.026910295905136494 -0.005075847203526853 -0.017329010961470017 -0.011273366314986188 -0.0011623582289114287 0.046079886010650703 0.0036502993401184669 0.041408265663462646 -0.022124044774599547 0.012480591804084291
leaf_weight=3.4908191990107289 2.3855730500072374 8.1370372809469682 6.3823819588869792 42.50771005358547 3.9556451346725225 1.4489465933293084 5.0060509033501139 4.6663597766309968 1.3694597203284491 2.3517019152641288 2.0431970609351984 31.118845018558204 2.6454827319830656 2.4897675421088934 1.4408254288136957 2.792966652661562 31.815420872531831 6.5968620842322707 1.1814733501523735 1.6649233000352976 6.9328338075429192 9.8767680767923576 2.1701031699776641 2.1736020967364302 4.5736612556502214 6.2360833194106808 4.4949422813951951 5.5836718790233135 1.4030193574726579 5.9257721807807684
leaf_count=62 28 48 88 388 55 31 29 137 31 23 39 706 57 27 30 40 672 155 33 33 62 111 23 26 46 47 58 43 30 95
internal_value=2.77628e-10 0.0155737 0.00914047 0.0219366 -0.0165494 -0.0119091 0.0187692 -0.0222351 -0.0135051 -0.015173 -0.0248264 -0.0223631 -0.0038403 0.0067568 -0.00745226 -0.0227234 -0.0178259 -0.00893893 -0.00568528 -0.0231775 0.0131054 0.0105528 0.0161421 0.0189964 0.0218233 0.0274451 0.0181218 0.0245687 0.00512196 0.00573687
internal_weight=214.862 110.694 55.0434 55.6508 104.168 57.3566 47.5138 46.8111 49.5082 48.1387 40.4739 35.8075 4.68868 7.84843 10.6162 4.23379 45.787 13.9716 6.33722 2.8464 44.4272 37.4944 27.6176 25.4475 23.2739 18.7003 12.4642 10.0786 5.35866 7.37472
internal_count=3253 1067 602 465 2186 1119 417 1067 1007 976 939 802 96 112 158 70 953 281 128 66 444 382 271 248 222 176 129 101 85 126
cat_boundaries=0 1
cat_threshold=66565
is_linear=0
shrinkage=0.05


Tree=21
num_leaves=31
num_cat=1
split_feature=0 0 0 3 4 0 0 0 1 1 2 4 0 2 4 2 0 2 4 0 4 0 0 2 0 0 2 2 2 2
split_gain=20.2677 1.58531 1.28495 1.4347 1.27882 1.09434 0.996852 0.975449 0.93568 0.931366 0.919889 0.838401 0.78272 1.29848 1.09171 0.975908 1.8258 0.933834 1.16697 1.3362 0.962066 0.730917 0.811711 0.675164 0.582923 0.671545 0.539316 0.53695 1.73956 1.88321
threshold=0.63796654343605053 0.76528218388557445 0.53167670965194713 0 6950.5000000000009 0.77832427620887767 0.53377357125282299 0.57596841454505932 4.8500000000000005 4.7500000000000009 899.50000000000011 11.500000000000002 0.85093042254447948 406.50000000000006 64.000000000000014 601.72500000000014 0.89262235164642345 798.20000000000016 3562.5000000000005 0.78813248872756969 98.500000000000014 0.52414801716804515 0.31686301529407507 344.91500000000002 0.51574793457984935 0.51161044836044323 880.62500000000011 596.50000000000011 530.50000000000011 406.50000000000006
decision_type=2 2 2 1 2 2 2 2 2 2 2 2 2 2 2 2 2 2 2 2 2 2 2 2 2 2 2 2 2 2
left_child=2 4 11 7 27 -3 -5 8 10 -9 -4 23 13 -7 -14 16 -16 18 19 -15 -21 22 -13 -1 25 -24 -26 28 29 -2
right_child=1 5 3 6 -6 12 -8 9 -10 -11 -12 21 14 17 15 -17 -18 -19 -20 20 -22 -23 24 -25 26 -27 -28 -29 -30 -31
leaf_value=0.029936540053455002 0.020162997186687216 0.038144433656380157 -0.044968708086375514 0.029727727353064556 -0.0067407486956286237 0.032378976100043748 -0.018674780094349325 -0.01298548304749794 0.026946888144185884 0.030716226561624621 0.0023917202617269682 -0.042743194285915803 0.0052465638571872353 0.039867990048754465 -0.01059206871357847 0.044085416511061293 0.044513902748223338 0.017055889950385417 -0.032109044494487926 0.017788865038763695 -0.022997296267517665 -0.056642534154230956 -0.020379626543788568 -0.011843608537649885 0.026314107775506308 -0.056192623118332646 -0.023742546626641315 0.008137212526436911 0.060910366911667263 -0.032734649465851279
leaf_weight=1.148629892617463 13.17932082898915 7.8693008087575427 1.8595288097858409 1.1001115906983603 10.585255617275832 6.5278546661138561 32.173341674730182 1.5576497688889501 1.5253813900053499 5.6104504708200693 2.2853555642068386 4.4101259605959049 4.791265498846772 2.1367297768592852 2.9424606636166564 8.1844897037371975 3.0728811658918858 11.275008453056214 2.6823632940649977 2.4574655704200268 3.5122505612671375 1.6033706981688727 39.351930511184037 6.1137768803164363 1.2559354184195393 1.3540215902030457 0.94145398214459408 26.367049392312765 2.2092975825071326 1.928776379674672
leaf_count=17 125 48 40 12 158 53 675 28 17 67 33 137 32 15 32 65 17 111 33 18 41 47 897 135 25 33 23 287 10 22
internal_value=-1.31278e-10 0.0149267 -0.016011 -0.0098255 0.00885149 0.0208724 -0.0131287 0.00503778 -0.00653415 0.0212197 -0.0188557 -0.0210881 0.0180159 0.0127895 0.0258844 0.032848 0.0175583 0.00699369 -0.00352196 0.0059373 -0.00620745 -0.0234416 -0.0223165 -0.00523562 -0.0202168 -0.0215709 0.00486773 0.0126297 0.0194698 0.0134098
internal_weight=212.013 109.722 102.291 46.1118 54.2697 55.4521 33.2735 12.8384 5.67027 7.1681 4.14488 56.1792 47.5828 28.5917 18.9911 14.1998 6.01534 22.0638 10.7888 8.10645 5.96972 48.9168 47.3135 7.26241 42.9033 40.706 2.19739 43.6844 17.3174 15.1081
internal_count=3253 1067 2186 872 602 465 687 185 90 95 73 1314 417 271 146 114 49 218 107 74 59 1162 1115 152 978 930 48 444 157 147
cat_boundaries=0 1
cat_threshold=67141
is_linear=0
shrinkage=0.05


Tree=22
num_leaves=31
num_cat=2
split_feature=0 0 3 0 3 1 2 2 2 2 2 4 4 2 0 0 0 4 0 2 4 0 0 4 2 0 4 2 0 0
split_gain=18.6224 1.49859 1.24064 1.20284 1.20515 1.15941 1.19297 0.98394 1.34953 1.35522 1.58803 0.93547 0.725401 0.968333 0.687011 0.6715 0.767272 0.620336 0.937108 0.833229 0.800343 0.948405 0.6378 0.617573 0.582029 0.579151 0.574051 0.581499 0.729876 1.09872
threshold=0.63796654343605053 0.72033411264419567 0 0.54835435748100292 1 4.7500000000000009 949.50000000000011 980.50000000000011 2607.5000000000005 1505.0000000000002 1163.7950000000003 5887.0000000000009 3858.5000000000005 599.10000000000014 0.89262235164642345 0.87817460298538219 0.85878601670265209 508.00000000000006 0.53167670965194713 498.50000000000006 1146.5000000000002 0.49260698258876806 0.43117178976535803 71.500000000000014 519.87500000000011 0.6336042881011964 11.500000000000002 1305.5000000000002 0.56524911522865307 0.61099040508270275
decision_type=2 2 1 2 1 2 2 2 2 2 2 2 2 2 2 2 2 2 2 2 2 2 2 2 2 2 2 2 2 2
left_child=3 2 24 12 5 6 -5 -4 9 10 -9 -7 13 17 15 16 -3 23 19 20 -19 -22 -21 -1 -2 26 -6 -28 -29 -30
right_child=1 14 7 4 25 11 -8 8 -10 -11 -12 -13 -14 -15 -16 -17 -18 18 -20 22 21 -23 -24 -25 -26 -27 27 28 29 -31
leaf_value=-0.0055527378361874651 -0.034549999318392755 0.017045678039497272 0.019171356314945442 -0.047819621216646853 0.012426562019777569 0.030324057707198399 0.0095691350575359598 -0.030668043404185059 0.031628143785448988 -0.042858961404034106 0.033701737050744182 -0.0050434272205961573 -0.028100530706047747 -0.022484344122375117 0.037414735424468624 0.0003619530307354175 0.03622065639704828 -0.048502198592929521 0.033167783550553567 0.03893211089709718 -0.017166880392840176 0.029251684231615196 -0.0077829921093109673 -0.040049129104367476 -0.0068328340194080024 -0.049985561095848161 -0.021463330122806407 0.032762353194554769 -0.033188949626068262 0.021320471303902244
leaf_weight=2.7285654544830349 2.7197444904595596 55.190302985720336 19.897086776793007 1.557373829185962 1.7609663400799096 5.8238003402948362 2.1636373614892364 1.7255397904664262 2.3025204241275787 2.3784858230501413 2.1544914096593857 2.7536919470876455 18.441507780924439 25.865050367079675 4.568928111344575 5.3366485182195893 5.7616134313866487 1.4585681594908217 1.6933413092046965 1.4992109406739467 5.3743753544986248 1.383713277056813 1.4252643790096042 2.4736105902120471 6.2385730780661106 1.2486958494409908 17.775456119328741 1.1496520768851031 2.4395855600014333 1.4885027483105657
leaf_count=54 40 515 197 33 26 63 31 25 19 30 25 55 482 626 29 46 45 32 23 22 112 21 27 58 96 28 395 19 56 23
internal_value=-3.56495e-11 0.0143872 0.00629231 -0.0154994 -0.00850799 0.00488572 -0.0144501 0.00967365 -0.00110078 -0.0131418 0.005075 0.0189698 -0.0197789 -0.0162833 0.0186617 0.0173692 0.0188582 -0.0073909 -0.00148741 -0.00675465 -0.0149123 -0.00766272 0.0161652 -0.0219556 -0.00720498 -0.0120911 -0.0150809 -0.0172005 -0.00227786 -0.0125332
internal_weight=208.779 108.274 37.4164 100.505 38.1614 12.2985 3.72101 28.4581 8.56104 6.25852 3.88003 8.57749 62.3432 43.9017 70.8575 66.2886 60.9519 18.0366 12.8345 11.1411 8.21666 6.75809 2.92448 5.20218 8.95832 25.8629 24.6142 22.8532 5.07774 3.92809
internal_count=3253 1067 432 2186 729 182 64 296 99 80 50 118 1457 975 635 606 560 349 237 214 165 133 49 112 136 547 519 493 98 79
cat_boundaries=0 1 2
cat_threshold=131456 99909
is_linear=0
shrinkage=0.05


Tree=23
num_leaves=31
num_cat=1
split_feature=0 2 0 0 3 4 0 4 2 0 0 2 2 4 0 1 0 0 4 2 0 0 4 2 2 1 0 4 1 0
split_gain=17.7949 1.19985 1.36679 1.04731 1.30574 0.951971 0.942462 0.882343 0.844052 1.03383 1.06059 0.812659 0.85864 1.02632 0.991616 1.27375 0.871087 0.803498 0.720313 0.693568 0.669805 0.728561 0.668655 0.665304 1.01569 0.756033 0.734968 1.23082 0.735846 1.19968
threshold=0.64725717902183544 77.500000000000014 0.76528218388557445 0.53167670965194713 0 6950.5000000000009 0.53377357125282299 64.000000000000014 249.50000000000003 0.88815596699714672 0.77832427620887767 384.50000000000006 601.72500000000014 28801.000000000004 0.61258515715599071 4.5500000000000007 0.54835435748100292 0.65226745605468761 11.500000000000002 298.50000000000006 0.31686301529407507 0.52414801716804515 11.500000000000002 398.50000000000006 530.50000000000011 4.8500000000000005 0.71582487225532543 273.50000000000006 4.7500000000000009 0.68117517232894909
decision_type=2 2 2 2 1 2 2 2 2 2 2 2 2 2 2 2 2 2 2 2 2 2 2 2 2 2 2 2 2 2
left_child=3 -2 5 18 -5 17 -6 22 -9 10 -10 19 13 14 15 -13 -14 -3 -1 -8 -20 -22 -4 -19 -25 26 28 -28 -26 -30
right_child=1 2 7 4 6 -7 11 8 9 -11 -12 12 16 -15 -16 -17 -18 23 20 -21 21 -23 -24 24 25 -27 27 -29 29 -31
leaf_value=-0.0047315320406606286 -0.022013153875228883 0.035119056323665118 0.019201082120403883 0.0042902743275661974 0.029416556284420265 -0.0047580967693200927 -0.026530439684051194 0.045656469683142652 0.037414631511670571 0.045698550059477434 0.015025066617023936 0.028590804932745323 -0.050931813850743683 -0.044413714901797643 0.037626898450363183 -0.026653622372044408 -0.016082450765320253 0.02223181772689219 -0.041075919962310227 -0.070678103192733585 -0.018690908678199687 -0.054687667978520343 -0.0090289572454622016 -0.024033658658612761 -0.010791018447360618 -0.016211598209967464 0.053972768660583807 0.012461648309144887 0.029365215950419223 -0.014450283989570937
leaf_weight=7.1620847424492231 2.1820529904216519 3.6719835791736832 4.5573518015444261 14.322351581417022 1.0882561523467291 9.552709171548484 5.0550287188962093 4.0314047113060942 6.4285709038376799 4.026224084198474 29.845708119682968 1.7074133660644317 1.9966909131035233 1.0938673894852398 1.9569032583385704 2.6829110737890005 17.588443455286324 9.0201679468154889 4.0942497719079247 1.0796467009931801 41.492967149242759 1.4549444522708643 3.8863110318779945 2.4695014916360405 4.7177151050418669 2.518192194402217 2.4193781036883575 6.817712839692831 4.6801011487841606 2.3450271524488926
leaf_count=152 27 33 29 223 12 143 123 26 41 28 302 28 50 25 23 65 354 79 137 22 978 47 31 26 62 27 15 74 38 33
internal_value=-2.99423e-10 0.0146693 0.0154619 -0.0147256 -0.00939359 0.00937601 -0.0126694 0.0210216 0.0238431 0.021661 0.018993 -0.0178711 -0.014142 0.000316689 0.00802543 -0.00516886 -0.0196353 0.0128685 -0.0195035 -0.0343 -0.0217525 -0.0199104 0.00620782 0.0105333 0.00646968 0.00967539 0.0127826 0.0233342 0.00448247 0.0147394
internal_weight=205.946 103.17 100.988 102.776 48.5715 48.2125 34.2492 52.7756 44.3319 40.3005 36.2743 33.1609 27.0262 7.4411 6.34723 4.39032 19.5851 38.6598 54.2042 6.13468 47.0422 42.9479 8.44366 34.9878 25.9676 23.4981 20.9799 9.23709 11.7428 7.02513
internal_count=3253 1014 987 2239 925 530 702 457 397 371 343 690 545 141 116 93 404 387 1314 145 1162 1025 60 354 275 249 222 89 133 71
cat_boundaries=0 1
cat_threshold=67085
is_linear=0
shrinkage=0.05


Tree=24
num_leaves=31
num_cat=2
split_feature=0 0 3 0 0 0 4 4 3 2 2 1 0 0 0 0 2 2 1 0 0 2 4 4 4 0 0 4 4 1
split_gain=16.2144 1.08784 1.6442 1.48534 1.01877 1.00358 0.849673 0.789729 0.753223 1.06971 0.83756 1.1129 0.950926 0.619611 0.747829 1.05436 0.805764 1.2316 1.44549 1.09405 0.604738 0.673406 0.600835 0.637559 0.59114 0.634367 0.668189 1.56734 0.780386 0.578224
threshold=0.64725717902183544 0.57596841454505932 0 0.59542107582092296 0.76528218388557445 0.57951670885086071 11.500000000000002 6950.5000000000009 1 344.91500000000002 720.82500000000016 4.6500000000000012 0.51760259270668041 0.77832427620887767 0.85093042254447948 0.83945772051811229 601.72500000000014 765.75000000000011 4.2500000000000009 0.89262235164642345 0.62320309877395641 1042.0000000000002 5887.0000000000009 1146.5000000000002 145.00000000000003 0.78463006019592296 0.80848968029022228 5511.0000000000009 3258.5000000000005 4.4500000000000011
decision_type=2 2 1 2 2 2 2 2 1 2 2 2 2 2 2 2 2 2 2 2 2 2 2 2 2 2 2 2 2 2
left_child=1 8 5 -4 7 -3 -7 -2 9 -1 11 12 -10 -6 15 24 19 18 -18 -16 -8 -22 23 -13 -15 -26 28 -28 -27 -11
right_child=4 2 3 -5 13 6 20 -9 10 29 -12 22 -14 14 16 -17 17 -19 -20 -21 21 -23 -24 -25 25 26 27 -29 -30 -31
leaf_value=0.046221608577638941 0.012024217110775984 0.049590789675669045 -0.045280489470761298 -0.011236435218581109 0.03203390899972685 0.041511636339172583 0.0085131930117893252 -0.0041321810880515456 -0.013566712639694355 -0.031810908925161537 -0.028797382791758287 -0.036206423031968429 0.01934969531747464 -0.0011161659579331945 -0.0098971422622186576 -0.013032246291746114 0.02200579121423752 0.014464039917929182 0.070034438066702329 0.030514960162368571 -0.042378392313234176 0.010077900335733971 -0.033878556095383101 -0.010463075428569325 -0.005343230848058554 0.055964551088273855 -0.0039524816771314281 0.037785338035466583 0.02199138274343794 0.00056762357602919609
leaf_weight=1.1902912957593788 38.937102852389216 1.5470871366560448 4.3243618840351763 12.365900283679364 7.7023377306759349 1.519012315198778 7.4312970684841257 9.3870584480464441 6.7475151224061864 1.5642159301787604 25.762511326931417 3.1514711584895876 3.2514053042978048 4.3948219865560594 3.2701571695506599 3.7855261303484431 2.9548323145136219 5.1333490163087845 3.3344344906508923 3.4328346848487854 1.4290307816118004 1.0698631657287476 8.0306135946884734 10.154968037270008 2.3072152324020889 2.5842187404632595 5.3403920438140613 3.8859777040779591 4.8869044817984104 11.636573115363715
leaf_count=19 403 14 96 247 48 18 122 146 152 48 638 74 54 35 35 49 30 38 22 21 30 21 216 232 19 21 59 41 47 258
internal_value=4.93596e-11 -0.0141592 -0.00611367 -0.0125423 0.0141367 0.00666473 0.00668542 0.00888581 -0.0175002 0.000486376 -0.0188222 -0.0166278 -0.0028631 0.0189232 0.0166945 0.0114494 0.0245611 0.0326368 0.0474696 0.0107993 0.00135808 -0.01992 -0.0230782 -0.0165601 0.01541 0.0192316 0.0226273 0.0136267 0.0337425 -0.00326904
internal_weight=202.513 101.176 29.6866 16.6903 101.337 12.9963 11.4492 48.3242 71.4896 14.3911 57.0985 31.336 9.99892 53.013 45.3107 27.1851 18.1256 11.4226 6.28927 6.70299 9.93019 2.49889 21.3371 13.3064 23.3995 19.0047 16.6975 9.22637 7.47112 13.2008
internal_count=3253 2239 548 343 1014 205 191 549 1691 325 1366 728 206 465 417 271 146 90 52 56 173 51 522 306 222 187 168 100 68 306
cat_boundaries=0 1 2
cat_threshold=198222 32781
is_linear=0
shrinkage=0.05


Tree=25
num_leaves=31
num_cat=1
split_feature=0 0 2 2 3 4 0 2 2 4 0 4 0 2 1 0 2 0 0 4 0 2 2 2 2 2 0 2 0 4
split_gain=15.4758 0.99512 1.14058 1.43434 1.2964 0.862003 0.805556 0.845596 1.84641 0.950976 0.926211 1.73756 1.07592 0.996469 0.75114 0.745453 0.722698 0.553023 0.580329 0.513851 1.13913 1.11255 1.15151 0.922491 0.68452 1.66911 0.83796 0.604404 0.544115 0.924652
threshold=0.64725717902183544 0.51574793457984935 2720.0000000000005 2274.0000000000005 0 17159.500000000004 0.71582487225532543 395.50000000000006 119.50000000000001 98.500000000000014 0.68642282485961925 6918.0000000000009 0.69441998004913341 700.62500000000011 4.7500000000000009 0.6708570420742036 1299.5000000000002 0.33095727860927587 0.51161044836044323 999.50000000000011 0.73416262865066539 1059.1250000000002 720.82500000000016 1955.0000000000002 613.50000000000011 500.87500000000006 0.89262235164642345 1562.5000000000002 0.76528218388557445 64.000000000000014
decision_type=2 2 2 2 1 2 2 2 2 2 2 2 2 2 2 2 2 2 2 2 2 2 2 2 2 2 2 2 2 2
left_child=1 17 3 4 5 -3 7 8 -2 -9 11 14 -12 -14 -11 -16 -15 -1 -19 20 -8 22 24 27 25 26 -21 -23 -22 -30
right_child=6 2 -4 -5 -6 -7 19 9 -10 10 12 -13 13 16 15 -17 -18 18 -20 21 28 23 -24 -25 -26 -27 -28 -29 29 -31
leaf_value=-0.033160802077597216 -0.022316271687017039 0.016340204053381085 -0.057580255116186176 0.02883789356273907 -0.012474783520987593 -0.024334428869142825 0.0482829474543389 -0.036227281707766984 0.030932024726679466 -0.0046681868627978761 -0.046623544947523243 -0.030532383608099053 0.03384327815250808 -0.044660297015199885 0.013919943601083241 0.04394563617066858 0.0070943908532654313 -0.015969518926692981 -0.048318223057318699 0.012857168194997895 -0.0027981601592043815 0.025723398373772383 -0.0066973995559969669 0.010141624861517146 0.036644189145826692 -0.021219415833906945 0.045256543989879355 0.053482907274099191 0.007706546654470541 0.030396338835358208
leaf_weight=6.1102868448942891 2.0827346555888671 9.1919326968491095 1.1847342774271954 2.5170597527176133 36.650101751089096 1.5176314208656538 3.6780248284339931 1.561779130250218 7.4566408544778824 2.4313374143093833 1.6299304626882065 2.0348652619868508 1.5046674590557811 1.2571524009108546 4.789650171995163 3.6367326714098454 1.4554391540586946 40.829576425254345 1.4351709429174651 12.363831318914899 2.7057517021894482 5.5942821502685529 9.1249875836074335 6.1840195562690488 3.0093720108270636 3.3065876662731162 2.3798056803643695 3.0190539211034775 7.5519836954772499 11.074689676985143
leaf_count=195 36 143 30 26 792 38 25 20 63 39 25 38 19 22 42 27 22 976 39 122 28 59 119 58 26 36 15 21 60 92
internal_value=8.59427e-11 -0.0139618 -0.00909322 -0.0079415 -0.00989624 0.00546933 0.0139063 0.00702768 0.0193063 0.00125815 0.0043822 0.0118681 -0.0121237 0.00121015 0.0198145 0.0268787 -0.0168914 -0.0191007 -0.017068 0.0168389 0.0225843 0.0136444 0.00813873 0.0248752 0.0145671 0.0108864 0.0180868 0.0354534 0.0181535 0.021197
internal_weight=199.27 99.4365 51.0615 49.8767 47.3597 10.7096 99.8333 29.8409 9.53938 20.3016 18.7398 12.8926 5.84719 4.21726 10.8577 8.42638 2.71259 48.375 42.2647 69.9924 25.0104 44.9819 30.1846 14.7974 21.0596 18.0502 14.7436 8.61334 21.3324 18.6267
internal_count=3253 2239 1029 999 973 181 1014 353 99 254 234 146 88 63 108 69 44 1210 1015 661 205 456 318 138 199 173 137 80 180 152
cat_boundaries=0 1
cat_threshold=82949
is_linear=0
shrinkage=0.05


Tree=26
num_leaves=31
num_cat=2
split_feature=0 0 3 0 0 4 2 0 0 4 0 3 0 2 2 4 2 2 4 0 0 2 2 2 1 2 2 0 4 4
split_gain=14.2512 0.96704 1.28025 1.07986 0.825166 0.824101 1.17802 1.07614 1.61147 0.641052 0.64342 0.627916 0.81748 1.47158 1.18038 1.3042 1.04 1.17355 1.01554 0.816389 0.90467 0.760539 0.618681 0.610779 0.597734 0.671274 0.659188 0.592713 0.667833 0.620535
threshold=0.63796654343605053 0.76528218388557445 0 0.77832427620887767 0.33095727860927587 2299.5000000000005 980.50000000000011 0.65069034695625316 0.65902003645896923 6950.5000000000009 0.66748023033142101 1 0.57596841454505932 2274.0000000000005 1588.5000000000002 1146.5000000000002 322.50000000000006 298.50000000000006 2078.5000000000005 0.61431849002838146 0.61099040508270275 110.87500000000001 1059.1250000000002 183.37500000000003 4.9500000000000011 440.62500000000006 599.10000000000014 0.36045655608177191 5511.0000000000009 1541.5000000000002
decision_type=2 2 1 2 2 2 2 2 2 2 2 1 2 2 2 2 2 2 2 2 2 2 2 2 2 2 2 2 2 2
left_child=4 2 9 -3 -1 6 -4 -7 -9 -2 -11 27 16 14 15 -14 17 18 23 20 -17 -20 -10 -13 25 -18 -27 -6 29 -29
right_child=1 3 5 -5 11 7 -8 8 22 10 -12 12 13 -15 -16 19 24 -19 21 -21 -22 -23 -24 -25 -26 26 -28 28 -30 -31
leaf_value=-0.032118222090626279 0.0023299454257919442 0.035531407559355514 0.037712249547064973 0.014867544128589504 -0.026095863592571791 -0.024454785470885743 -0.001433442114212675 0.053535038224635061 -0.0026783864618708515 -0.046944674884631513 -0.0076957289619782876 -0.0097354636875858856 0.011485036823327632 0.032102558136468361 -0.051630215730547248 -0.014754419062286786 -0.045388705760178671 0.041258395615851477 0.0069278180250253148 -0.036738853555830224 0.033967320886753263 -0.03650987876657151 0.027656004560342291 0.025498333279037506 0.0090701938369147309 -0.0093310556185551962 -0.025434640843197933 0.0052091598126536298 -0.027536474982746313 0.038303035997277371
leaf_weight=5.8653189288452259 21.083859946578745 7.4071716368198386 9.0508262217044848 43.174180639907718 1.6008381638675935 1.8435340579599131 2.4399832077324382 2.3380922358483067 5.6360554248094541 1.3120251968502987 5.1150376740843058 2.9178072111681086 5.8694695103913643 2.1241069901734582 1.6914035202935327 7.8593035945668799 3.2937233988195649 1.1926435735076655 1.3305851053446529 3.7129376959055653 1.0841971039772031 4.1525300797075033 2.3952210769057274 2.126369271427393 1.4355223570018996 8.1940370360389334 28.312096862122416 9.0193295972421748 1.3006704030558456 1.6803851258009661
leaf_count=195 234 48 84 417 36 24 34 20 65 28 84 59 109 22 41 169 90 15 33 97 20 117 29 28 28 184 720 165 32 26
internal_value=1.97586e-10 0.0129898 0.0081467 0.0178936 -0.0139538 0.0139172 0.0294 0.0107455 0.0170036 -0.00138179 -0.015708 -0.0127554 -0.0136897 -0.00748692 -0.0116463 -0.00799584 -0.0188917 -0.00574842 -0.0110739 -0.0170302 -0.00884801 -0.0259689 0.00636844 0.00511732 -0.0226273 -0.0237706 -0.0218201 0.00143026 0.00629406 0.0104065
internal_weight=196.559 101.796 51.2146 50.5814 94.7633 23.7037 11.4908 12.2129 10.3694 27.5109 6.42706 88.898 75.2967 22.3414 20.2173 18.5259 52.9553 11.7199 10.5273 12.6564 8.9435 5.48312 8.03128 5.04418 41.2354 39.7999 36.5061 13.6012 12.0004 10.6997
internal_count=3253 1067 602 465 2186 256 118 138 114 346 112 1991 1732 458 436 395 1274 252 237 286 189 150 94 87 1022 994 904 259 223 191
cat_boundaries=0 1 2
cat_threshold=168354 33797
is_linear=0
shrinkage=0.05


Tree=27
num_leaves=31
num_cat=0
split_feature=0 0 2 2 4 4 0 1 0 4 0 2 4 4 1 1 4 2 2 0 2 2 0 4 4 2 4 0 0 4
split_gain=13.293 1.01069 0.918826 1.02531 0.883127 0.985596 0.763176 0.717574 0.613701 0.649894 0.598518 0.680879 1.89236 1.70059 0.699941 1.07543 0.673202 1.9235 1.45844 1.12102 1.01206 0.915459 0.897328 0.693522 0.664499 0.653476 1.10061 0.85374 0.554243 0.516076
threshold=0.63796654343605053 0.67888760566711437 166.70000000000002 395.50000000000006 5887.0000000000009 999.50000000000011 0.33095727860927587 3.2000000000000006 0.64935567975044262 2299.5000000000005 0.89262235164642345 249.50000000000003 1417.0000000000002 3562.5000000000005 4.2500000000000009 4.0500000000000007 3562.5000000000005 1004.3100000000001 759.31000000000006 0.83316740393638622 880.62500000000011 1059.1250000000002 0.77832427620887767 6950.5000000000009 28801.000000000004 698.50000000000011 199.50000000000003 0.84454342722892772 0.72554281353950512 13066.500000000002
decision_type=2 2 2 2 2 2 2 2 2 2 2 2 2 2 2 2 2 2 2 2 2 2 2 2 2 2 2 2 2 2
left_child=6 2 -2 -4 5 -5 -1 -3 -7 -10 11 12 -9 -14 15 -13 20 18 19 22 25 -22 23 -18 -25 26 -16 -27 -19 -8
right_child=1 7 3 4 -6 8 29 10 9 -11 -12 14 13 -15 16 -17 17 28 -20 -21 21 -23 -24 24 -26 27 -28 -29 -30 -31
leaf_value=-0.031384295125809078 -0.026478180433732096 0.042126210365627581 0.029874567462125037 -0.014902639334097856 -0.024550326628607518 0.03992023966325349 -0.011128615312469711 0.06647413495399622 -0.012098009448225099 0.025391484154585989 0.033476491600558517 0.011739750207177742 -0.011883464968811708 0.040193978214533549 -0.010214600724990822 -0.029874974645040232 -0.017093024362730812 -0.0026512098595887963 -0.039965031491887494 0.025039347282741382 -0.012010008473713783 0.015775948468648226 -0.03625798794921925 0.037977295935916686 -0.0076108414590144021 0.024963597875797761 0.02625269252464852 0.058553855331949622 0.02647309624932332 -0.023281670383784796
leaf_weight=5.7022103015333405 2.4341624993830946 2.3626098670065394 3.6405796632170704 3.4727756790816766 2.8849770966917268 2.151009313762188 77.243260955438018 2.1976138278841955 2.1994539350271225 2.4367548674345016 3.8190416954457751 4.1187715642154208 3.3369680345058441 2.9565143268555403 2.7828573565930155 2.4916912950575352 2.6896328888833541 1.9457001071423281 2.501703079789876 3.6586723253130904 4.1716087870299807 10.243043396621941 2.1201457679271698 1.7615577951073647 1.4633660335093737 6.2390391714870912 8.066115301102398 2.7147348076105118 10.181824339553712 9.8492421172559244
leaf_count=195 34 21 34 53 47 20 1728 16 23 24 28 46 31 32 26 26 21 33 37 44 49 104 24 21 24 57 74 22 96 263
internal_value=1.08296e-10 0.0125479 0.00223003 0.00639316 -0.000110159 0.0067621 -0.0136632 0.0149715 0.0178472 0.00760617 0.0141641 0.0131891 0.0265294 0.0125812 0.0115022 -0.00394615 0.013189 0.00717754 -0.00531553 0.00209746 0.0178135 0.00773468 -0.00834934 0.00165487 0.0172909 0.02515 0.0168985 0.035148 0.0218005 -0.012503
internal_weight=193.838 101.043 19.2197 16.7856 13.145 10.26 92.7947 81.8232 6.78722 4.63621 79.4606 75.6416 8.4911 6.29348 67.1505 6.61046 60.54 26.3226 14.1951 11.6934 34.2174 14.4147 8.0347 5.91456 3.22492 19.8027 10.849 8.95377 12.1275 87.0925
internal_count=3253 1067 235 201 167 120 2186 832 67 47 811 783 79 63 704 72 632 300 171 134 332 153 90 66 45 179 100 79 129 1991
is_linear=0
shrinkage=0.05


Tree=28
num_leaves=31
num_cat=2
split_feature=0 0 3 4 0 2 0 0 2 1 0 3 2 2 2 2 1 1 0 4 0 0 0 0 4 2 4 2 0 0
split_gain=11.8857 1.1526 1.37289 1.22318 1.37243 1.19599 0.951454 1.13536 0.864769 0.801052 0.703447 0.984624 0.855483 1.98772 0.720594 0.842975 0.853675 0.640789 0.639231 0.82362 1.37779 0.666722 1.15426 0.749286 1.39731 0.659902 0.650884 0.675284 1.07816 0.634317
threshold=0.63796654343605053 0.74883013963699352 0 1541.5000000000002 0.68272793292999279 996.50000000000011 0.65069034695625316 0.68272793292999279 519.87500000000011 4.6500000000000012 0.51574793457984935 1 2274.0000000000005 2459.0000000000005 1568.5000000000002 1074.2950000000003 4.7500000000000009 4.6500000000000012 0.77832427620887767 2299.5000000000005 0.76787567138671886 0.85093042254447948 0.84214964509010326 0.8165917992591859 3383.5000000000005 1054.1250000000002 58.500000000000007 601.72500000000014 0.89262235164642345 0.6336042881011964
decision_type=2 2 1 2 2 2 2 2 2 2 2 1 2 2 2 2 2 2 2 2 2 2 2 2 2 2 2 2 2 2
left_child=10 2 5 4 -4 8 -5 -8 -2 -6 -1 14 29 -14 15 16 17 -12 19 20 -3 22 23 -20 -25 -26 -23 28 -28 -13
right_child=1 18 3 6 9 -7 7 -9 -10 -11 11 12 13 -15 -16 -17 -18 -19 21 -21 -22 26 -24 24 25 -27 27 -29 -30 -31
leaf_value=-0.017186926679305142 -0.031913702521919961 -0.011443167585262709 0.0033231738560677185 -0.024143422711794957 0.017237646859328784 -0.046305640655637872 0.023404322793354242 -0.0019620893673619171 0.0035496693334202546 0.049086223132148096 0.007374567197730145 -0.014912892469286218 0.053788452412708444 -0.028828380663186787 -0.029229309945752614 0.038480606931579175 0.01633847018742975 -0.045645180430131813 0.0055237735115604286 0.041576934245234953 0.037549810068965857 0.003545421732516308 -0.021062831591045043 0.003374173841981853 0.024650056980439261 0.061779843619327063 -0.0080465313326727288 0.037010249122252266 0.037730267662457156 -0.052354916262249009
leaf_weight=46.59738329006359 2.2613155338913185 2.7105792751535756 4.7979474598541847 2.4508194644004133 3.201582156121729 2.1467609051614991 7.8056166060268906 10.143663197755812 7.1680716928094625 5.1505410224199295 1.0833029057830554 30.951623397879303 1.4400022327899926 1.4725340362638233 1.1039744280278672 2.4941136352717876 5.026469623669982 1.202404260635376 13.615752898156648 5.4762424230575562 3.0493844673037529 3.6558575369417694 2.8028725143522015 4.3017892464995366 2.4710242580622435 2.3203922994434834 2.726973142474888 7.5528700165450573 2.4346556961536407 1.1740774670615781
leaf_count=1210 31 28 62 36 31 32 84 145 91 42 22 722 8 33 21 28 87 25 135 48 20 30 36 50 30 20 32 67 17 30
internal_value=-3.15116e-11 0.0121123 0.00623659 0.00981773 0.0246351 -0.00677275 0.00507896 0.00906902 -0.00495501 0.0368779 -0.0128582 -0.0084683 -0.0108362 0.0120186 0.00473147 0.0133797 0.00481796 -0.0205167 0.017104 0.0276937 0.0144942 0.014263 0.00920958 0.012946 0.0240596 0.0426313 0.0221384 0.0274845 0.0135456 -0.0162813
internal_weight=190.791 98.2447 45.1263 33.5502 13.1501 11.5761 20.4001 17.9493 9.42939 8.35212 92.5459 45.9485 35.0382 2.91254 10.9103 9.80629 7.31218 2.28571 53.1184 11.2362 5.75996 41.8822 25.5118 22.709 9.09321 4.79142 16.3704 12.7145 5.16163 32.1257
internal_count=3253 1067 554 400 135 154 265 229 122 73 2186 976 793 41 183 162 134 47 513 96 48 417 271 235 100 50 146 116 49 752
cat_boundaries=0 1 2
cat_threshold=164128 99397
is_linear=0
shrinkage=0.05


Tree=29
num_leaves=31
num_cat=1
split_feature=0 0 2 2 2 1 0 3 0 0 2 2 0 2 0 0 0 4 0 0 2 2 4 4 2 4 0 0 2 1
split_gain=11.2008 1.28125 0.865534 1.19776 1.11552 0.86306 0.684511 0.768302 0.874504 1.17864 0.851591 2.22559 0.855349 1.73826 0.800075 0.923656 0.720359 0.902043 0.776422 1.06705 0.612166 0.963033 0.593557 0.679913 0.749275 0.999824 0.596087 0.587701 1.19226 0.586051
threshold=0.63796654343605053 0.71582487225532543 119.50000000000001 590.12500000000011 660.37500000000011 4.7500000000000009 0.33095727860927587 0 0.36045655608177191 0.51574793457984935 2720.0000000000005 2274.0000000000005 0.53377357125282299 362.00000000000006 0.39229638874530798 0.42834345996379858 0.53844299912452709 3562.5000000000005 0.5089654028415681 0.49791330099105841 792.50000000000011 583.73000000000013 5887.0000000000009 199.50000000000003 980.50000000000011 1417.0000000000002 0.66748023033142101 0.68642282485961925 1805.0000000000002 4.7500000000000009
decision_type=2 2 2 2 2 2 2 1 2 2 2 2 2 2 2 2 2 2 2 2 2 2 2 2 2 2 2 2 2 2
left_child=6 2 -2 5 -5 -4 -1 14 -9 -10 11 12 13 -11 20 -16 18 -18 19 -17 21 -8 23 -6 25 -25 -24 28 -26 -15
right_child=1 -3 3 4 22 -7 7 8 9 10 -12 -13 -14 29 15 16 17 -19 -20 -21 -22 -23 26 24 27 -27 -28 -29 -30 -31
leaf_value=-0.029608910149973008 -0.02670738841271671 0.015866988378549638 -0.0031676851477341751 -0.039492507755496786 -0.021702883515724893 0.027754886093495475 -0.02587149983334406 0.01697945966713443 -0.028460667618969107 0.062442365000588834 -0.060429295853200407 0.041150344339039573 -0.017879445220310732 -0.049116842634286118 0.020972623143534465 -0.012648957003885823 0.016150005681516651 -0.011723971751756268 -0.039032332902042978 0.036683066976132675 -0.041030924164373997 0.029582059800179125 -0.043401853717035081 0.0021808830580782113 -0.013982496758897038 0.051734966851643874 -0.00023023722404609526 -0.023408626445934874 0.033115364779511713 0.0026804232213362145
leaf_weight=5.517356068827211 2.1946879960596588 65.224570735357702 3.167065482586624 1.7911091800779129 1.788602340035143 7.8480392098426819 2.2899548318237062 1.7995482180267561 18.650874112732708 1.046664547175179 0.90428268536925216 1.904335219413041 25.251335644163191 0.81613327655941281 4.7635533018037703 7.9603764796629566 7.4444035133346897 4.7572891796007752 2.1799525022506705 1.2711893040686844 2.1130373757332563 1.1896748077124355 1.2845255956053727 1.9124743044376353 2.6487613376230001 2.176124706864357 2.1178197581321001 1.7556845918297765 2.7272640354931355 1.6503844335675237
leaf_count=195 39 661 36 34 28 70 56 35 500 7 24 17 597 27 94 207 110 106 61 22 61 22 28 25 37 20 39 27 23 45
internal_value=1.58125e-10 0.0118716 0.00357555 0.00585027 -0.00202496 0.018864 -0.0125366 -0.0114413 -0.0144837 -0.0184948 -0.0126078 -0.0111977 -0.0146634 0.00845218 -0.0019455 0.00088837 -0.00316328 0.00528229 -0.0121936 -0.00585592 -0.019803 -0.0069121 0.00206421 0.00692715 0.011491 0.0285557 -0.0165293 0.00170785 0.0099103 -0.0144585
internal_weight=188.147 96.6367 31.4122 29.2175 18.2024 11.0151 91.5103 85.993 52.0236 50.224 31.5731 30.6689 28.7645 3.51318 33.9694 28.3768 23.6132 12.2017 11.4115 9.23157 5.59267 3.47963 16.4113 13.0089 11.2203 4.0886 3.40235 7.13171 5.37603 2.46652
internal_count=3253 1067 406 367 261 106 2186 1991 1252 1217 717 693 676 79 739 600 506 216 290 229 139 78 227 160 132 45 67 87 60 72
cat_boundaries=0 1
cat_threshold=103437
is_linear=0
shrinkage=0.05


Tree=30
num_leaves=31
num_cat=2
split_feature=0 0 3 0 2 4 4 2 0 4 3 0 2 0 2 0 2 0 4 0 1 0 1 0 2 2 0 4 1 2
split_gain=10.5549 1.19673 0.941367 0.817588 0.78121 1.0093 1.0148 0.674646 0.598426 0.994566 0.733764 0.940711 0.787943 0.734316 0.685421 0.902385 0.596546 0.584946 0.568195 0.567945 0.564777 0.54336 0.581471 0.523349 0.513394 0.606544 0.673809 1.01672 0.814979 0.778207
threshold=0.63796654343605053 0.76528218388557445 0 0.77079051733016979 840.2600000000001 3185.0000000000005 7856.5000000000009 1147.5000000000002 0.58267506957054149 1146.5000000000002 1 0.54292675852775585 792.50000000000011 0.33095727860927587 720.82500000000016 0.35059049725532537 474.82000000000005 0.51954317092895519 21.500000000000004 0.53550922870635997 4.6500000000000012 0.60190296173095714 4.7500000000000009 0.64935567975044262 2792.0000000000005 1805.0000000000002 0.72033411264419567 1541.5000000000002 4.3500000000000005 298.50000000000006
decision_type=2 2 1 2 2 2 2 2 2 2 1 2 2 2 2 2 2 2 2 2 2 2 2 2 2 2 2 2 2 2
left_child=8 2 18 -3 5 16 -7 -6 10 21 11 12 -1 -12 15 -15 -4 -17 -2 20 -19 -10 -23 -20 25 26 28 -28 -25 -30
right_child=1 3 4 -5 7 6 -8 -9 9 -11 13 -13 -14 14 -16 17 -18 19 23 -21 -22 22 -24 24 -26 -27 27 -29 29 -31
leaf_value=0.017108584463825741 0.023762036390166785 0.040895477451811768 0.022852161243481835 0.015356408755308443 -0.020340429116501101 -0.004727129066288212 0.035913951184026835 0.012186851797908443 -0.0098916347816356952 -0.01246415005905778 -0.038749094757138836 0.036410463438979294 -0.015950663364232173 0.023519656027069083 -0.022267581924141105 -0.018877519285964355 0.049639092429690855 0.042199864710094036 0.020817548341796541 -0.01008014204670094 -0.0081190486577830245 0.0044633181654665831 0.03956575813370921 0.021601340413265318 0.020160899220173299 -0.039149581230989126 -0.022226539275057352 0.018098379660601925 0.00311686476447356 -0.029153284180859093
leaf_weight=3.1242914758622629 1.8293237201869512 3.3713760972023001 5.5537177920341545 44.460811221972108 2.3269748706370583 5.0179877020418635 2.2135748788714409 5.0616516377776861 2.2323757559061077 14.467076187953351 3.9208449469879261 2.0378536116331816 4.2599191544577479 1.7656362038105751 26.064842169173062 17.545347121544186 3.3214875161647797 1.1809968724846824 1.7804718334227825 7.9392057443037629 1.0564943896606562 2.6683681756258011 2.1147487852722406 1.3339196220040417 1.5611642077565182 1.5981623865663994 2.3210581401363006 4.7869029343128204 2.5870885513722879 6.7236869856715202
leaf_count=66 20 24 56 441 39 53 28 65 40 321 143 26 126 32 685 439 29 12 23 185 29 53 29 19 13 22 22 61 33 119
internal_value=-6.96024e-11 0.0115588 0.00598263 0.0171565 0.0108051 0.021579 0.00771307 0.00194271 -0.0122585 -0.00497241 -0.0145304 0.00307397 -0.00196315 -0.0152689 -0.0163603 -0.0111387 0.032877 -0.0133461 -0.00216248 -0.0038095 0.0184404 0.0104768 0.0199831 -0.00520531 -0.00742093 -0.00964614 -0.00699013 0.00493054 -0.0149501 -0.0201867
internal_weight=186.227 95.8494 48.0172 47.8322 23.4954 16.1068 7.23156 7.38863 90.378 21.4826 68.8954 9.42206 7.38421 59.4734 55.5525 29.4877 8.87521 27.722 24.5218 10.1767 2.23749 7.01549 4.78312 22.6925 20.912 19.3508 17.7527 7.10796 10.6447 9.31078
internal_count=3253 1067 602 465 270 166 81 104 2186 443 1743 218 192 1525 1382 697 85 665 332 226 41 122 82 312 289 276 254 83 171 152
cat_boundaries=0 1 2
cat_threshold=164258 32773
is_linear=0
shrinkage=0.05


Tree=31
num_leaves=31
num_cat=1
split_feature=0 0 0 4 2 4 4 2 1 0 0 4 0 3 0 0 0 0 0 0 4 0 0 2 2 2 2 0 2 2
split_gain=9.80942 0.95825 0.83807 0.6212 0.66937 0.696515 0.712802 0.629103 0.61969 0.707926 1.05733 0.696956 0.573652 0.630613 1.00509 0.904626 0.704442 0.636138 0.890721 0.64629 0.899215 0.743336 0.685081 0.629465 0.625633 0.599954 1.90529 0.564495 0.520856 0.508869
threshold=0.63796654343605053 0.76528218388557445 0.77832427620887767 6918.0000000000009 298.50000000000006 13066.500000000002 28801.000000000004 101.00000000000001 4.6500000000000012 0.68642282485961925 0.65902003645896923 218.50000000000003 0.33095727860927587 0 0.36045655608177191 0.48469576239585882 0.6336042881011964 0.39229638874530798 0.41368462145328527 0.53844299912452709 426.50000000000006 0.5089654028415681 0.49791330099105841 1755.0000000000002 2169.0000000000005 2274.0000000000005 2459.0000000000005 0.89262235164642345 1987.5000000000002 1550.8650000000002
decision_type=2 2 2 2 2 2 2 2 2 2 2 2 2 1 2 2 2 2 2 2 2 2 2 2 2 2 2 2 2 2
left_child=12 3 -3 7 -5 -6 -7 -2 9 10 -9 -10 -1 17 -15 23 25 -14 -19 21 -21 22 -20 -16 -25 28 -27 -4 -17 -22
right_child=1 2 27 4 5 6 -8 8 11 -11 -12 -13 13 14 15 16 -18 18 19 20 29 -23 -24 24 -26 26 -28 -29 -30 -31
leaf_value=-0.028028102104042059 -0.017178714356981019 0.033073333771116757 0.011767326630763561 0.01593061114032052 -0.03046424303198994 0.031354418256823224 -0.011416915759567034 0.013624373612607849 0.043251203169326978 0.0092810493868817085 -0.047387159834123872 0.012606490617043935 -0.018483785819560238 0.022378535794333604 -0.035513085601088373 -0.013743849129666547 -0.05342524385242179 0.028093268903566605 -0.009417556863883533 0.023072495000558465 6.5911213904405432e-05 -0.036300416698493473 0.028185346403868779 0.02140088230903836 -0.032772379913574838 0.05640438389084982 -0.024027878897006569 0.032312538304511369 -0.049052607330958932 -0.037699203394406015
leaf_weight=5.1961331497877827 2.1034304872155181 6.4004578292369834 37.179501917213202 3.0222770776599637 3.0590622425079328 1.3195008449256418 3.7212611455470324 1.2650974215939625 2.018967159092429 6.3097658548504114 1.6187134664505718 22.899766642600298 5.6565086143091312 1.5621609333902586 9.867219594307242 28.228707788512114 1.1061945185065258 2.5442004045471576 10.990895105525853 4.5813624169677487 8.4217142332345212 2.2879632078111163 1.3612884376198042 1.0711833108216517 1.0606832252815364 1.2283889763057225 1.837850810959935 3.6736804265528908 1.0845914818346489 0.99766791798174459
leaf_count=195 38 48 388 36 55 19 64 24 17 67 23 259 144 30 278 700 30 56 270 61 175 67 26 23 36 7 43 29 24 21
internal_value=3.1354e-10 0.0112135 0.0162505 0.00618547 -0.00415015 -0.0116429 -0.000220828 0.00935962 0.010996 -9.88544e-05 -0.020622 0.0150894 -0.0119067 -0.0109081 -0.0140663 -0.0184105 -0.0141895 -0.00240437 -0.000258805 -0.00277735 0.00490312 -0.0101224 -0.00527348 -0.03019 -0.00555234 -0.012849 0.00819468 0.0136148 -0.0150503 -0.00393404
internal_weight=183.676 94.5915 47.2536 47.3378 11.1221 8.09982 5.04076 36.2157 34.1123 9.19358 2.88381 24.9187 89.0847 83.8886 47.047 45.4848 33.4857 36.8416 31.1851 28.6409 14.0007 14.6401 12.3522 11.9991 2.13187 32.3795 3.06624 40.8532 29.3133 9.41938
internal_count=3253 1067 465 602 174 138 83 428 390 114 47 276 2186 1991 1171 1141 804 820 676 620 257 363 296 337 59 774 50 417 724 196
cat_boundaries=0 1
cat_threshold=103501
is_linear=0
shrinkage=0.05


Tree=32
num_leaves=31
num_cat=0
split_feature=0 0 2 4 0 1 0 4 1 2 4 2 2 2 4 4 1 2 4 0 2 0 0 2 0 2 0 0 0 2
split_gain=9.24731 1.03252 1.72774 1.01108 0.917345 0.656694 0.62363 0.549952 0.490243 0.569535 0.468918 0.855602 1.54358 0.80758 0.818058 0.574151 0.828703 0.559266 0.54081 0.50911 0.712044 0.672037 0.450876 0.433046 0.490072 0.492826 0.467203 1.4018 0.599056 0.427419
threshold=0.6708570420742036 0.61099040508270275 121.62500000000001 17159.500000000004 0.66247907280921947 4.7500000000000009 0.89262235164642345 11.500000000000002 4.5500000000000007 785.62500000000011 218.50000000000003 1059.1250000000002 720.82500000000016 1180.5200000000002 17159.500000000004 64.000000000000014 4.2500000000000009 650.50000000000011 661.50000000000011 0.75284755229949962 749.62500000000011 0.831712305545807 0.33095727860927587 391.50000000000006 0.831712305545807 322.50000000000006 0.73416262865066539 0.82580557465553295 0.87010300159454357 798.20000000000016
decision_type=2 2 2 2 2 2 2 2 2 2 2 2 2 2 2 2 2 2 2 2 2 2 2 2 2 2 2 2 2 2
left_child=1 22 -3 4 5 7 10 -4 -9 -10 15 12 17 -13 18 -2 -17 23 -15 20 -14 -21 -1 24 25 -12 -25 -28 -29 -23
right_child=6 2 3 -5 -6 -7 -8 8 9 -11 11 13 19 14 -16 16 -18 -19 -20 21 -22 29 -24 26 -26 -27 27 28 -30 -31
leaf_value=-0.027107430845376736 0.011725711485520408 -0.047035952884202717 0.025409890598007696 -0.02878950308400012 -0.022404548979794783 0.016953027124240305 0.034078436925611889 0.0076569560745405121 -0.047448470813068251 -0.0021599309773694111 0.015478389550168099 0.042854982113210191 0.0087557781523704328 -0.016175189359375959 0.03314722438892917 0.01238995176686563 0.048958340546643803 0.034362768422103417 0.012317567488179857 0.010961149644536776 -0.036151724742767295 -0.032784896537451612 -0.01167625166254941 0.016390100540619353 -0.0077098912347709249 0.043447585696265084 -0.025194455503744023 0.037939799738845585 -0.0024751706480955482 0.0027933593873258654
leaf_weight=5.0610589394345871 8.9531723130494338 1.8807487655431057 1.322646195068965 2.2789917020127168 2.451889030635356 12.052896169945596 3.3307469487190238 2.0336697846651077 1.3792630191892388 1.3976549245417116 9.3218595292419248 2.879345120862129 1.249623268842696 1.9548636414110685 4.32810747437179 2.9629352483898392 3.2471585422754288 2.6053024418652049 11.246688740327953 4.5951179228723031 3.0061016976833344 2.0523791611194615 73.180645996704698 4.2273479085415584 1.8287463448941697 1.8951737396419037 3.9079334829002619 1.8439470529556277 1.8237726204097269 1.4339564517140386
leaf_count=195 85 42 19 58 30 158 29 44 27 27 100 33 17 17 49 32 28 27 124 65 49 29 1782 49 21 19 37 23 20 18
internal_value=4.54112e-12 -0.00985666 -0.000966095 0.00281476 0.00630472 0.0101754 0.012906 -0.00314398 -0.0109947 -0.0246542 0.0119702 0.00999082 0.00572184 0.018314 0.014283 0.0198287 0.031511 0.0123234 0.00809841 -0.00896867 -0.0229654 -0.00159794 -0.0126744 0.0100126 0.016291 0.0202039 0.00307322 -0.00435783 0.0178435 -0.0181513
internal_weight=181.734 103.039 24.7978 22.917 20.638 18.1861 78.6943 6.13323 4.81059 2.77692 75.3635 60.2003 39.7913 20.409 17.5297 15.1633 6.21009 27.4541 13.2016 12.3372 4.25572 8.08145 78.2417 24.8488 13.0458 11.217 11.803 7.57565 3.66772 3.48634
internal_count=3253 2382 405 363 305 275 871 117 98 54 842 697 474 223 190 145 60 296 141 178 66 112 1977 269 140 119 129 80 43 47
is_linear=0
shrinkage=0.05


Tree=33
num_leaves=31
num_cat=1
split_feature=0 0 0 4 0 2 3 0 0 2 0 2 0 0 1 1 2 0 1 2 2 2 0 0 2 4 0 0 4 0
split_gain=8.47153 0.927967 0.877737 0.762698 0.863617 1.61388 0.978453 1.09103 0.730849 0.529427 0.460097 0.526363 0.443242 0.441074 0.507117 0.894145 0.440482 0.443394 0.687818 0.437484 1.21765 0.584587 0.475443 0.609042 0.607477 1.25388 0.443263 0.732149 1.20182 0.805418
threshold=0.65069034695625316 0.76528218388557445 0.65226745605468761 5263.0000000000009 0.59270328283309948 298.50000000000006 0 0.49260698258876806 0.77832427620887767 1342.5000000000002 0.44431443512439733 925.00000000000011 0.39559656381607061 0.32418663799762726 3.7500000000000004 4.2500000000000009 492.50000000000006 0.33724573254585272 4.7500000000000009 980.50000000000011 1059.1250000000002 799.50000000000011 0.67528587579727184 0.68642282485961925 1795.5550000000001 4440.0000000000009 0.68901157379150402 0.73416262865066539 1541.5000000000002 0.74883013963699352
decision_type=2 2 2 2 2 2 1 2 2 2 2 2 2 2 2 2 2 2 2 2 2 2 2 2 2 2 2 2 2 2
left_child=3 2 -2 4 6 -6 7 10 -3 -9 11 16 -13 -8 -15 -16 -1 18 -18 21 -21 26 -22 -24 -25 -26 -4 28 -28 -29
right_child=1 8 19 -5 5 -7 13 9 -10 -11 -12 12 -14 14 15 -17 17 -19 -20 20 22 -23 23 24 25 -27 27 29 -30 -31
leaf_value=-0.011491024264021585 0.043190853716810029 0.031930973549736556 -0.0034913659057390642 -0.017776609279229746 -0.048855040232395543 0.0080414835734878391 -0.051236280413393301 0.019879631486363479 0.013542145337887676 -0.011974978298196678 -0.025644466513363742 -0.041268576502720915 -0.0011517294803105045 -0.0043549250779510492 -0.05806137934873834 -0.018912683694535248 0.028389500965371545 0.024130690123965248 -0.040409541397088418 -0.044206486364104319 -0.016990496163790329 0.030196276671680622 0.037450934905564746 0.015094471824704987 -0.05089724015024364 0.016788539707555304 0.035234247208049206 -0.025018877872811741 0.00062476297645580169 0.013554439348114978
leaf_weight=2.9257356710732036 1.4998854473233212 6.2373197302222243 9.0173445250839048 26.028849522583187 1.3713268321007479 13.675893842242656 1.0591900730505575 7.4499719813466054 40.409667979925871 1.5812189215794203 2.9523175656795493 1.4269658075645568 1.3305524960160253 5.2563501410186317 1.5642551751807356 21.578075926750898 0.66378560569137313 3.0859796795994043 0.80247793719172478 1.6106431744992722 2.3891626615077239 2.6139085534960023 1.4739909525960682 3.6747676469385624 1.3275835830718281 1.4119175579398868 5.1744028273969871 2.521319529041647 4.8683440554887056 2.9211742216721177
leaf_count=72 13 48 120 718 35 233 43 134 417 35 79 55 31 113 52 562 14 57 32 31 33 33 15 54 22 19 50 32 70 31
internal_value=-7.81224e-11 0.0111933 0.00565646 -0.0105173 -0.00768544 0.00285623 -0.010755 0.000630052 0.016001 0.0143024 -0.0082552 -0.00323945 -0.0219115 -0.0145999 -0.0183746 -0.0215589 0.00364589 0.0133744 -0.00926383 0.0042131 -0.0037844 0.00771927 0.00255041 0.00846888 0.00180884 -0.0160125 0.00532145 0.0104533 0.0184569 -0.00431525
internal_weight=179.904 87.1514 40.5044 92.7529 66.7241 15.0472 51.6769 22.219 46.647 9.03119 13.1878 10.2355 2.75752 29.4579 28.3987 23.1423 7.47798 4.55224 1.46626 39.0046 11.8881 27.1165 10.2774 7.88826 6.41427 2.7395 24.5026 15.4852 10.0427 5.44249
internal_count=3253 988 523 2265 1547 268 1279 509 465 169 340 261 86 770 727 614 175 103 46 510 174 336 143 110 95 41 303 183 120 63
cat_boundaries=0 1
cat_threshold=118933
is_linear=0
shrinkage=0.05


Tree=34
num_leaves=31
num_cat=2
split_feature=0 0 3 0 4 0 2 2 0 2 2 3 4 0 0 2 4 0 0 0 4 0 1 4 0 0 0 2 4 0
split_gain=7.6058 0.854431 1.25191 0.827733 0.846338 1.30284 0.722875 1.93355 0.70737 0.961844 0.989013 1.29221 0.645813 0.63892 0.565474 0.560456 0.545751 1.21219 1.07113 0.91777 0.655733 0.603611 0.541834 0.725642 0.541829 0.83619 0.531227 0.530755 0.562059 0.5895
threshold=0.65069034695625316 0.76528218388557445 0 0.7448394000530244 3258.5000000000005 0.68272793292999279 348.50000000000006 627.05000000000007 0.51574793457984935 2720.0000000000005 2274.0000000000005 1 17159.500000000004 0.65902003645896923 0.72033411264419567 731.38000000000011 2688.5000000000005 0.55592405796051036 0.59270328283309948 0.54967033863067638 1629.0000000000002 0.60190296173095714 4.6500000000000012 6918.0000000000009 0.62320309877395641 0.63796654343605053 0.77832427620887767 799.50000000000011 526.00000000000011 0.55592405796051036
decision_type=2 2 1 2 2 2 2 2 2 2 2 1 2 2 2 2 2 2 2 2 2 2 2 2 2 2 2 2 2 2
left_child=8 2 6 4 5 -4 -2 14 -1 10 11 12 -10 -6 -8 -7 18 19 27 22 21 -20 -18 -24 -23 -26 -3 28 29 -13
right_child=1 26 3 -5 13 15 7 -9 9 -11 -12 16 -14 -15 -16 -17 17 -19 20 -21 -22 24 23 -25 25 -27 -28 -29 -30 -31
leaf_value=-0.014707700955322454 0.015848377209165623 0.028955855366078947 0.0022782076551522705 -0.012560390942784503 0.036211530604384347 0.055006165102616279 -0.067871687049936263 -0.0028241885180484818 0.019181609534214012 -0.052882843977581806 0.024423653791423541 -0.050314346249822221 -0.017599497560747485 0.0032851265952447174 -0.02313669903765761 0.023437746705413529 0.026960191560868946 -0.026033405685343947 -0.033125654831393035 0.051369132472282635 0.035438767667816604 0.021562835231097116 0.0014064715045313822 -0.055820431721755298 -0.037087101846608822 0.012025102811380932 0.013195112730457655 -0.033200641271964815 0.0072012738874582538 0.0019659503575359719
leaf_weight=42.768809864297509 2.9419142678380039 6.1640146709978572 2.7671574540436321 2.2481346484273663 1.8088316470384578 3.9050725251436234 1.6109788026660674 12.748541010543702 8.5195726864039916 1.0660011256113637 2.719170704483985 1.2075580423697849 1.3878406370058645 7.9431513119488955 1.2580772973597047 2.1969547681510448 0.86323584709316792 13.329237594269214 1.1921189464628676 0.84777037613093842 1.5281996857374904 2.9257514541968703 1.536596284247935 0.86620245035737742 1.4317325837910178 2.1960922721773386 40.310342231765389 3.7254442293196917 2.6834046859294176 0.97419355437159527
leaf_count=1210 35 48 36 30 20 35 27 173 143 30 29 36 38 123 18 26 16 333 27 17 21 49 41 25 38 34 417 95 60 23
internal_value=1.78303e-10 0.0106924 0.0052786 0.0108832 0.019558 0.0307355 -0.00447582 -0.0111702 -0.010009 -0.00590778 -0.00486311 -0.00662437 0.00698201 0.00939243 -0.0482555 0.0436404 -0.00967862 -0.0187108 -0.0062773 0.00501522 0.00550629 -0.000399293 -0.00701695 -0.0192237 0.00555375 -0.00735718 0.0152855 -0.0189981 -0.00812273 -0.0269702
internal_weight=177.672 85.9032 39.4288 20.8693 18.6212 8.86918 18.5595 15.6176 91.7689 49.0001 47.9341 45.215 9.90741 9.75198 2.86906 6.10203 35.3075 17.443 17.8645 4.1138 9.27389 7.7457 3.26603 2.4028 6.55358 3.62782 46.4744 8.5906 4.86516 2.18175
internal_count=3253 988 523 270 240 97 253 218 2265 1055 1025 996 181 143 45 61 815 432 383 99 169 148 82 66 121 72 465 214 119 59
cat_boundaries=0 1 2
cat_threshold=164138 82949
is_linear=0
shrinkage=0.05


Tree=35
num_leaves=31
num_cat=2
split_feature=0 0 3 4 0 1 0 4 2 2 0 2 1 0 0 3 0 2 0 4 0 0 0 0 0 0 2 2 4 2
split_gain=6.92601 0.788445 1.05906 1.47146 0.988692 0.764641 0.709155 0.649928 1.05781 1.45002 1.16914 0.731104 1.04996 0.632977 0.60449 0.871463 0.715857 0.824266 0.673655 0.979214 0.602034 0.949799 1.08535 1.21941 0.593328 0.550744 0.519211 0.494249 0.618509 0.701863
threshold=0.65069034695625316 0.74883013963699352 0 3185.0000000000005 0.68272793292999279 4.7500000000000009 0.73416262865066539 3383.5000000000005 698.50000000000011 458.25000000000006 0.80848968029022228 925.00000000000011 4.4500000000000011 0.68272793292999279 0.53167670965194713 1 0.53550922870635997 401.00000000000006 0.56787371635437023 2688.5000000000005 0.77832427620887767 0.8165917992591859 0.83644822239875805 0.85093042254447948 0.72033411264419567 0.82162606716156017 545.00000000000011 574.00000000000011 1629.0000000000002 1982.5000000000002
decision_type=2 2 1 2 2 2 2 2 2 2 2 2 2 2 2 1 2 2 2 2 2 2 2 2 2 2 2 2 2 2
left_child=14 2 6 4 -4 -5 24 8 9 10 -3 12 25 -7 -1 -16 -17 -18 -19 27 -9 -22 -23 -24 -2 -10 -21 -20 29 -29
right_child=1 7 3 5 -6 13 -8 20 11 -11 -12 -13 -14 -15 15 16 17 18 19 26 21 22 23 -25 -26 -27 -28 28 -30 -31
leaf_value=-0.013644720786280557 -0.0079833058678502201 0.035670481409401378 0.0044491798835906747 -0.019387439805897255 0.044311503492388001 0.0270538806285293 -0.034418555938124124 0.040040387658669935 -0.0070064170153287227 -0.037076618888217498 -0.011010204357175001 0.0039913412580049176 0.04135884012686239 -0.001207404771902973 0.0032172277969140881 0.025349342200775435 -0.033488246058452902 -0.027033868714107304 0.035475369294361361 -0.056277514658739862 0.0012001133588462548 0.050448907878483051 -0.0099273790157266024 0.028765140865182195 0.018861241792868574 0.021963988408195717 -0.014298083056648318 -0.014979152779557884 0.030922766919712054 0.028501937954446773
leaf_weight=45.961870113853365 12.210959693416955 2.2932970263063925 2.2140629775822189 2.7182519305497399 5.2297680899500847 3.5525062195956689 2.1160498000681391 3.3833483941853073 2.6451811362057942 2.5727925337851048 3.2312260940670967 8.3183284867554885 4.7974150143563747 4.4795908890664577 19.101585651747882 1.1503643319010759 4.8429901753552285 4.678882377222183 1.221125403419135 0.84329741075634856 6.2497113030403879 3.1516747176647177 2.975004877895115 6.4533181991428137 2.4756834544241419 4.3193098586052656 5.8196266945451498 4.5898464983329177 1.3950885105878112 1.1633232459425924
leaf_count=1314 168 22 31 47 55 42 34 35 30 22 28 85 44 71 359 18 135 125 19 27 67 32 38 60 27 50 131 103 19 15
internal_value=1.45122e-10 0.0102219 0.00445667 0.00991659 0.032455 0.00353481 -0.00461225 0.014226 0.00918422 -0.00607163 0.00836752 0.0153361 0.0233594 0.0112922 -0.00961599 -0.00548335 -0.00950338 -0.0150066 -0.0104657 -0.00530879 0.0206215 0.0171323 0.0250473 0.0165561 -0.0034582 0.0109607 -0.0196112 0.00607749 0.0010555 -0.00618703
internal_weight=176.155 85.3875 34.9969 18.1942 7.44383 10.7503 16.8027 50.3906 28.1776 8.09732 5.52452 20.0802 11.7619 8.0321 90.768 44.8061 25.7045 24.5542 19.7112 15.0323 22.2131 18.8297 12.58 9.42832 14.6866 6.96449 6.66292 8.36938 7.14826 5.75317
internal_count=3253 988 475 246 86 160 229 513 281 72 50 209 124 113 2265 951 592 574 439 314 232 197 130 98 195 80 158 156 137 118
cat_boundaries=0 1 2
cat_threshold=133418 83533
is_linear=0
shrinkage=0.05


Tree=36
num_leaves=31
num_cat=1
split_feature=0 0 2 2 0 2 0 2 2 4 0 4 4 1 0 2 2 4 0 2 0 3 0 0 1 0 0 0 0 2
split_gain=6.65786 1.27389 1.0411 0.870041 1.12348 0.768947 0.807098 0.656587 0.718637 0.602151 0.934512 0.585685 0.466447 0.445896 0.434307 0.421885 0.417843 0.401405 0.371485 1.27457 0.482563 0.831792 0.789147 0.598087 0.597299 0.537748 0.958738 1.10206 0.701962 0.639244
threshold=0.61099040508270275 0.71582487225532543 101.00000000000001 590.12500000000011 0.62320309877395641 2468.8750000000005 0.63037392497062694 1505.0000000000002 660.37500000000011 2078.5000000000005 0.64540097117424022 6918.0000000000009 426.50000000000006 4.6500000000000012 0.33095727860927587 980.50000000000011 77.500000000000014 13066.500000000002 0.35059049725532537 731.38000000000011 0.39229638874530798 0 0.41368462145328527 0.41368462145328527 4.8500000000000005 0.53844299912452709 0.50386720895767223 0.49791330099105841 0.59793615341186535 601.72500000000014
decision_type=2 2 2 2 2 2 2 2 2 2 2 2 2 2 2 2 2 2 2 2 2 1 2 2 2 2 2 2 2 2
left_child=14 2 16 9 -5 6 -6 8 -8 13 -11 12 -10 -4 -1 -14 -2 -13 19 -16 24 22 -22 -23 -20 26 27 -24 29 -27
right_child=1 -3 3 4 5 -7 7 -9 11 10 -12 17 15 -15 18 -17 -18 -19 20 -21 21 23 25 -25 -26 28 -28 -29 -30 -31
leaf_value=-0.025894422637926726 -0.0059104771483036765 0.013185379683064906 0.0082724494934078921 0.025673998419006736 -0.047848060297779743 0.019378059607680909 -0.03095615758339932 -0.029715202740480669 -0.0077042443548311816 -0.025665815246574814 0.01538944408985838 -0.045949673362579338 0.026629224604712572 0.036937536617588064 0.027067269965211256 -0.0013995651462026663 -0.049021688397776167 -0.0049848493297853123 -0.032541392033239497 -0.038440225314005087 0.025745425569303017 -0.048071572574884591 -0.0077609458823625355 -0.015645039152505178 0.012988892013404058 0.028182837628970076 -0.03497459729088348 0.047800429274097632 -0.029769720947788559 0.00062178240237392691
leaf_weight=4.689084712881594 0.96435870602726881 59.538305934518576 2.1883040461689216 3.1275442084297564 1.3200159128755391 2.5022452911362043 1.9276307560503507 2.6964041199535123 3.0101195033639652 1.9046387951821087 5.0909632295370102 0.88248058501630944 3.7279364168643951 3.5696999114006758 2.3030533473938699 2.0981309674680233 1.3472477486357091 1.8550269799306989 4.5462438296526662 1.0958731379359958 2.6561173042282524 1.4843835346400727 9.574500622227788 33.842910021543503 0.85594952851533879 3.2313539413735253 2.9148369329050174 0.98422675952315408 1.2435855790972699 6.0295078502967954
leaf_count=195 23 661 27 51 35 26 39 51 50 49 59 20 46 32 43 35 30 42 125 35 60 45 253 899 18 57 87 17 24 119
internal_value=2.56671e-12 0.00861259 0.00148784 0.00358202 -0.00219561 -0.00654943 -0.0102529 -0.00718916 -0.00269039 0.0140683 0.00421164 0.00201735 0.00827788 0.0260435 -0.011158 0.0165353 -0.0310365 -0.0181905 -0.0101815 0.00594651 -0.0109953 -0.00974569 -8.2615e-05 -0.0132554 -0.0253274 -0.00297812 -0.00958959 -0.00258182 0.0055021 0.0102385
internal_weight=173.203 97.7511 38.2127 35.9011 23.1475 20.02 17.5177 16.1977 13.5013 12.7536 6.9956 11.5737 8.83619 5.758 75.4516 5.82607 2.31161 2.73751 70.7625 3.39893 67.3636 61.9614 26.6341 35.3273 5.40219 23.978 13.4736 10.5587 10.5044 9.26086
internal_count=3253 1276 615 562 395 344 318 283 232 167 108 193 131 59 1977 81 53 62 1782 78 1704 1561 617 944 143 557 357 270 200 176
cat_boundaries=0 1
cat_threshold=87053
is_linear=0
shrinkage=0.05


Tree=37
num_leaves=31
num_cat=1
split_feature=0 0 0 4 3 2 2 2 1 0 0 0 4 0 0 0 2 2 2 2 4 2 2 4 2 0 2 0 0 4
split_gain=6.28636 0.678126 0.604497 0.680109 0.526614 0.707541 0.8725 0.659397 0.620686 0.574656 0.573201 0.496322 0.560967 0.487578 0.484239 0.606511 0.471354 0.690363 0.548927 0.524717 0.448502 0.445839 0.441776 0.499762 0.471073 0.516797 0.428044 0.405191 0.873862 0.718641
threshold=0.65069034695625316 0.71582487225532543 0.59361654520034801 1541.5000000000002 0 599.10000000000014 574.00000000000011 637.07500000000016 4.3500000000000005 0.57596841454505932 0.5664830505847932 0.33724573254585272 8.0000000000000018 0.89262235164642345 0.87817460298538219 0.86384719610214245 1755.0000000000002 1987.5000000000002 668.00000000000011 3570.0000000000005 11874.000000000002 899.50000000000011 395.50000000000006 199.50000000000003 121.62500000000001 0.66436767578125011 1383.0000000000002 0.73416262865066539 0.74883013963699352 661.50000000000011
decision_type=2 2 2 2 1 2 2 2 2 2 2 2 2 2 2 2 2 2 2 2 2 2 2 2 2 2 2 2 2 2
left_child=2 22 4 -4 8 6 20 -7 -1 10 11 -9 21 14 15 27 18 -18 -14 -19 -6 -13 24 -24 -2 -26 -11 29 -29 -3
right_child=1 13 3 -5 5 7 -8 9 -10 26 -12 12 16 -15 -16 -17 17 19 -20 -21 -22 -23 23 -25 25 -27 -28 28 -30 -31
leaf_value=-0.036018066056161896 -0.010383707520344591 0.047037484928804663 0.0094783792115699997 -0.0090316214402041232 -0.009327845671082342 -0.055403117543686556 0.027809327716673535 -0.045000911975487841 0.00290248733117988 -0.012635400208713829 -0.05210779919191641 0.026617756198525289 0.003562109000807852 0.031983947911484838 -0.0039268714710244193 0.033413894491323003 0.018049784147649735 -0.034700110981919996 -0.0301064467881033 0.015945308227429077 -0.032779324264030345 -0.012565277972762082 -0.02786811715626655 0.00094767420191631832 0.036493540437533348 0.0068813071094766592 0.02756067213369294 -0.011256625550527172 0.012297321210907243 0.012294557166073472
leaf_weight=1.0926715871319199 1.7698216307908321 2.1245262101292601 8.2047804826870578 12.558256920427082 20.000815710052855 1.3285609679296637 1.4894217420369376 1.7988871792331433 16.385708219371736 1.8482712414115661 1.4719777759164561 1.1506034992635279 1.3636825187131787 3.1414585784077635 4.5324011463671914 3.4361233972012988 1.674709878861903 2.1281692842021589 10.78524925932288 0.67321032378822554 2.2701514502987257 1.9671526988968251 1.6925909984856833 13.55261828843504 2.4815741404891014 3.6266418248414993 1.0321811903268097 4.4146381039172402 36.458195079118013 4.9709286838769913
leaf_count=37 33 20 152 279 507 33 34 74 408 37 35 24 35 29 46 33 36 71 346 20 74 47 26 208 22 38 16 61 405 67
internal_value=5.06534e-11 0.00997547 -0.00919029 -0.00171716 -0.0114567 -0.0129962 -0.00924054 -0.0210483 0.00029854 -0.0192856 -0.0219208 -0.0198581 -0.0175671 0.0128166 0.0117402 0.0131216 -0.021217 -0.00734682 -0.0263272 -0.0225293 -0.0117183 0.00189517 0.0027165 -0.00225158 0.0123305 0.0189118 0.00176846 0.011668 0.00975328 0.0226973
internal_weight=171.426 82.2015 89.2245 20.763 68.4614 50.983 23.7604 27.2227 17.4784 25.8941 23.0136 21.5417 19.7428 59.0783 55.9368 51.4044 16.625 4.47609 12.1489 2.80138 22.271 3.11776 23.1232 15.2452 7.87804 6.10822 2.88045 47.9683 40.8728 7.09545
internal_count=3253 988 2265 431 1834 1389 615 774 445 741 688 653 579 661 632 586 508 127 381 91 581 71 327 234 93 60 53 553 466 87
cat_boundaries=0 1
cat_threshold=32909
is_linear=0
shrinkage=0.05


Tree=38
num_leaves=31
num_cat=1
split_feature=0 0 3 0 4 0 2 1 2 1 2 1 2 0 2 2 0 2 2 2 2 4 2 2 2 2 0 0 0 2
split_gain=5.81544 1.0845 0.623679 0.751138 0.690394 0.541495 0.524736 0.636907 0.743424 0.517686 0.700919 0.412682 0.472944 0.428889 0.408778 0.574445 0.378524 0.338663 0.488592 0.885257 0.503164 0.999275 0.430068 0.423543 0.864439 0.417367 0.796774 0.66029 0.838147 1.2678
threshold=0.61099040508270275 0.71582487225532543 0 0.62320309877395641 6950.5000000000009 0.6607116460800172 849.50000000000011 4.3500000000000005 648.50000000000011 4.7500000000000009 1199.5000000000002 4.5500000000000007 398.50000000000006 0.66436767578125011 2607.5000000000005 1342.5000000000002 0.33095727860927587 368.19000000000005 1059.1250000000002 946.6400000000001 1231.2500000000002 17159.500000000004 999.50000000000011 1562.5000000000002 1955.0000000000002 601.72500000000014 0.77436465024948131 0.77832427620887767 0.85093042254447948 747.12500000000011
decision_type=2 2 1 2 2 2 2 2 2 2 2 2 2 2 2 2 2 2 2 2 2 2 2 2 2 2 2 2 2 2
left_child=16 2 3 -2 6 -6 7 -5 -9 10 11 13 -13 -4 15 -11 -1 -3 19 25 -20 23 -21 -22 -25 26 -19 -27 -29 -30
right_child=1 17 9 4 5 -7 -8 8 -10 14 -12 12 -14 -15 -16 -17 -18 18 20 22 21 -23 -24 24 -26 27 -28 28 29 -31
leaf_value=-0.024686444195828994 0.0212310074254911 0.02079246836168705 0.040502141524039914 0.016039689281509961 -0.054797603451285148 -0.016329610915364935 0.014000209975902029 -0.0037792285693058454 -0.043117762003593942 0.015065379337374224 -0.032577220475520662 0.011595162886532475 -0.025927394645462839 0.00058369683271390237 0.037324900179306307 -0.012871864064419328 -0.0096657312200235032 -0.020604418993255266 0.037684057833869612 -0.038499009986602106 -0.010762653224894437 0.03816723867930278 -0.0015423562640584998 0.040863869973177806 0.001385149674080662 0.028020274010221887 0.010439723623857441 -0.0033418188764684042 0.034995896812105486 -0.011620513917999838
leaf_weight=4.4650108898058525 1.8410352915525425 9.8156221918761712 1.2833585385233193 1.4611060712486486 1.4356800345703953 2.521576588973403 2.5451265592128038 2.6479537654668093 2.1978258639574051 11.209417102858422 1.5598050095140932 1.7239567507058384 1.6373847667127845 1.4145409129559992 1.5857107453048218 2.201367635279893 69.161956403404474 2.8932982720434683 2.6775803714990607 1.4054690394550553 2.7496393322944623 3.1759818755090228 1.7895514462143183 1.927096478641033 4.9436969850212336 5.9405257403850582 7.2362111508846283 7.512553019449113 4.7914704065769911 2.09678815305233
leaf_count=195 34 108 24 27 42 55 38 40 39 153 32 25 34 20 12 40 1782 38 32 28 27 33 26 18 54 63 71 96 51 16
internal_value=-1.03218e-11 0.00809307 0.00141647 -0.00513039 -0.0129244 -0.0302857 -0.00516318 -0.0128965 -0.0216214 0.0054959 -0.00268711 0.00500737 -0.00668292 0.0195724 0.0133181 0.0104795 -0.0105766 0.0123134 0.0106197 0.00723955 0.0179736 0.0138493 -0.0177994 0.00582125 0.012458 0.009865 0.00157257 0.0139944 0.0082086 0.0208058
internal_weight=169.848 96.2213 37.2658 14.6503 12.8093 3.95726 8.85201 6.30689 4.84578 22.6155 7.61905 6.05924 3.36134 2.6979 14.9965 13.4108 73.627 58.9555 49.1399 33.6659 15.474 12.7964 3.19502 9.62043 6.87079 30.4708 10.1295 20.3413 14.4008 6.88826
internal_count=3253 1276 615 275 241 97 144 106 79 340 135 103 59 44 205 193 1977 661 553 389 164 132 54 99 72 335 109 226 163 67
cat_boundaries=0 1
cat_threshold=166304
is_linear=0
shrinkage=0.05


Tree=39
num_leaves=31
num_cat=1
split_feature=0 0 0 0 0 0 3 0 2 4 2 2 2 2 4 0 4 2 0 0 1 0 0 2 2 4 2 2 4 1
split_gain=5.3934 0.615905 0.714033 0.636124 0.643144 0.847075 0.605412 0.973714 0.909979 1.21587 0.556707 0.519014 0.505753 0.771744 0.682584 0.503107 0.489074 0.49863 0.467896 0.570484 0.595009 0.551689 0.79859 0.523763 0.964467 0.522492 0.504974 0.645485 0.466231 0.457649
threshold=0.65069034695625316 0.76528218388557445 0.65226745605468761 0.77832427620887767 0.8165917992591859 0.82580557465553295 0 0.39761723577976232 498.50000000000006 5511.0000000000009 564.50000000000011 996.50000000000011 949.50000000000011 1342.5000000000002 1417.0000000000002 0.56787371635437023 6918.0000000000009 298.50000000000006 0.33095727860927587 0.36045655608177191 4.7500000000000009 0.48469576239585882 0.47240266203880316 485.25000000000006 551.00000000000011 508.00000000000006 1755.0000000000002 2169.0000000000005 426.50000000000006 4.4500000000000011
decision_type=2 2 2 2 2 2 1 2 2 2 2 2 2 2 2 2 2 2 2 2 2 2 2 2 2 2 2 2 2 2
left_child=6 2 -2 -3 10 -6 7 11 15 12 -5 28 14 -14 -10 -9 -4 -18 -8 20 -20 22 23 25 -25 -21 29 -28 -1 -26
right_child=1 3 16 4 5 -7 18 8 9 -11 -12 -13 13 -15 -16 -17 17 -19 19 21 -22 -23 -24 24 26 -27 27 -29 -30 -31
leaf_value=0.010410591950950855 0.039121953276340007 0.029432447654829171 0.0065164210210945303 0.017902579457386568 0.04484430441759369 0.012686172146439013 -0.037995817251613301 0.011811763122979831 -0.021447001725627329 -0.024501652932923387 -0.0058781476793796222 -0.042659239510047527 0.023400160662368143 -0.013399783277772769 0.019559402171394309 0.044313881642465351 0.01526430477419341 -0.013553688674986781 0.036944076546788933 0.00093493033165402374 -0.01639247629846147 -0.0097481571000344949 -0.050266139722569214 0.029785804627469898 -0.0073113271277909179 -0.039674239672772546 0.03542733880648273 -0.025387759589631527 -0.020140462671139114 -0.03738193570719496
leaf_weight=1.9186720978468681 1.4417453557252873 5.3982541523873797 27.340007743798196 3.5283808130770913 2.2379463464021709 24.09689543582499 1.7540888269431878 3.5036702351644662 2.807619431056084 4.1095453621819606 8.1354902479797584 1.4997695200145242 5.9396976632997394 1.8742354046553371 1.5892834421247242 1.8035070337355135 1.9324164465069751 6.7240505442023277 1.1967413835227483 1.0315770646557201 0.92865095194429148 40.536063443869352 2.0183101193979374 1.3447952400892953 2.2295769583433867 3.4117866456508636 0.92381761688739039 0.82682894449681044 3.5767622431740165 2.9255100581794977
leaf_count=56 13 48 358 36 24 258 78 79 66 114 99 63 100 50 31 29 29 123 23 28 23 993 69 27 67 100 20 32 120 97
internal_value=-2.49458e-11 0.00931785 0.00461892 0.0133716 0.0110899 0.015419 -0.00858354 -0.000276571 0.00487157 -0.000976981 0.00131564 -0.0165888 0.00694022 0.0145734 -0.00662502 0.0228568 0.00323699 -0.00712054 -0.0107414 -0.0117803 0.0136397 -0.0127582 -0.0210518 -0.0164067 -0.00895331 -0.0302464 -0.0164972 0.00670442 -0.00947389 -0.0243764
internal_weight=168.586 80.8352 37.4382 43.397 37.9987 26.3348 87.7505 28.6228 21.6276 16.3204 11.6639 6.9952 12.2108 7.81393 4.3969 5.30718 35.9965 8.65647 59.1277 57.3737 2.12539 55.2483 14.7122 12.6939 8.25053 4.44336 6.90573 1.75065 5.49543 5.15509
internal_count=3253 988 523 465 417 282 2265 708 469 361 135 239 247 150 97 108 510 152 1557 1479 46 1433 440 371 243 128 216 52 176 164
cat_boundaries=0 1
cat_threshold=99341
is_linear=0
shrinkage=0.05


Tree=40
num_leaves=31
num_cat=1
split_feature=0 0 4 4 2 0 0 0 2 4 0 1 0 1 4 0 0 2 4 0 1 4 4 3 0 4 2 2 0 0
split_gain=5.12487 0.630925 0.592238 0.587083 0.782607 0.562571 0.529671 0.503031 0.564559 0.614682 0.524051 0.522366 0.476769 0.338579 0.679341 0.653783 0.725236 0.45797 0.427546 0.40733 0.316519 0.69285 0.381736 0.591061 0.554436 0.50666 0.439116 0.902866 0.795465 0.510369
threshold=0.64725717902183544 0.76528218388557445 6950.5000000000009 11.500000000000002 458.25000000000006 0.77832427620887767 0.31686301529407507 0.8165917992591859 1737.5000000000002 6950.5000000000009 0.82580557465553295 4.6500000000000012 0.4878168404102326 4.6500000000000012 273.50000000000006 0.73416262865066539 0.68642282485961925 2607.5000000000005 661.50000000000011 0.74314492940902721 4.3500000000000005 526.00000000000011 1541.5000000000002 0 0.60582306981086742 1417.0000000000002 1383.0000000000002 1037.5000000000002 0.54292675852775585 0.57106557488441478
decision_type=2 2 2 2 2 2 2 2 2 2 2 2 2 2 2 2 2 2 2 2 2 2 2 1 2 2 2 2 2 2
left_child=3 2 13 4 12 -3 -5 8 9 11 -9 -7 -1 15 -15 16 -2 19 -18 -16 21 -8 23 24 -22 26 27 29 -29 -25
right_child=1 5 -4 6 -6 7 20 10 -10 -11 -12 -13 -14 14 17 -17 18 -19 -20 -21 22 -23 -24 25 -26 -27 -28 28 -30 -31
leaf_value=0.0045450418653000691 -0.017020853623944052 0.028357257397736924 -0.0080028486546128794 -0.032076046263449634 -0.0062970402278646103 -0.0012650304367235689 -0.034957084976377811 0.038504438504472938 -0.024118942464831636 -0.016846618124336316 0.012673137522477042 0.024779265690136654 0.046456699777821825 0.038172305760632012 0.0081737318877986402 -0.030011996737095727 0.031197284962531394 0.029739134944669399 -0.00073687404932906882 -0.013632225688524971 -0.030443287211543452 0.0005332516139013578 -0.011008164084597122 0.004922636910211115 0.0056767296599648243 0.033621873581505791 -0.024628683082240376 0.0017451977581393744 0.04846011255044929 -0.019430903605627384
leaf_weight=1.3314458262175306 2.3063921667635459 5.2774323709309092 7.8301155408844343 2.6339272051118305 6.1846083197742701 3.4244708865880948 3.3911776924505821 2.138228656724098 1.7230398468673218 2.1431616079062223 24.021215107291937 4.3976592663675547 1.3837369251996277 2.0197769254446056 16.475499049760408 1.6015062499791382 2.4861873872578144 2.1404705736786118 1.8120347261428831 2.4615600928664199 5.3261170303449035 2.3132314505055547 44.491914283484221 6.8774988828226942 1.3271503914147613 1.4190848087891943 1.3691317029297358 1.7308749807998531 1.9244815884158013 3.1305348128080368
leaf_count=33 40 48 146 137 147 43 110 24 15 29 258 48 23 23 214 24 29 20 20 33 148 47 1199 170 23 33 38 48 26 57
internal_value=8.73148e-11 0.00889258 0.00429574 -0.00862254 0.00352712 0.0130639 -0.0100465 0.0109315 0.00230792 0.00687724 0.0147845 0.0133773 0.0259045 0.00737207 0.0104716 -0.00135193 0.00559765 0.00781712 0.0177346 0.00533925 -0.00925492 -0.0205652 -0.00830047 -0.00308639 -0.0092841 0.00314915 0.00236738 0.00507251 0.0263398 -0.0026952
internal_weight=167.094 82.2588 39.1335 84.8349 8.89979 43.1252 75.9351 37.8478 11.6883 9.96529 26.1594 7.82213 2.71518 31.3034 23.0973 8.20612 6.60461 21.0775 4.29822 18.9371 73.3012 5.70441 67.5968 23.1049 6.65327 16.4516 15.0325 13.6634 3.65536 10.008
internal_count=3253 1014 549 2239 203 465 2036 417 135 120 282 91 56 403 290 113 89 267 49 247 1899 157 1742 543 171 372 339 301 74 227
cat_boundaries=0 1
cat_threshold=14848
is_linear=0
shrinkage=0.05


Tree=41
num_leaves=31
num_cat=1
split_feature=0 3 0 0 0 2 2 2 0 2 1 4 2 0 0 4 1 0 4 4 1 0 0 0 0 4 1 1 1 0
split_gain=4.93641 0.684946 1.66041 0.911094 0.604649 0.580697 0.693694 0.627677 0.701475 0.512941 0.466684 0.448741 0.443254 0.894695 0.563267 0.671925 0.965877 1.0932 0.489625 0.527365 0.432717 0.404946 0.384363 0.781556 0.507775 0.380716 0.348437 1.34482 1.08512 0.424071
threshold=0.67888760566711437 0 0.61431849002838146 0.39761723577976232 0.41368462145328527 1505.0000000000002 1074.2950000000003 498.50000000000006 0.57106557488441478 996.50000000000011 4.8500000000000005 6457.0000000000009 121.62500000000001 0.58054697513580333 0.59931325912475597 17159.500000000004 4.7500000000000009 0.66436767578125011 2189.5000000000005 6950.5000000000009 4.8500000000000005 0.61823984980583202 0.64056590199470531 0.65226745605468761 0.62320309877395641 3383.5000000000005 3.2000000000000006 3.5500000000000003 3.9500000000000006 0.74883013963699352
decision_type=2 1 2 2 2 2 2 2 2 2 2 2 2 2 2 2 2 2 2 2 2 2 2 2 2 2 2 2 2 2
left_child=1 2 3 9 -5 6 7 8 11 10 -1 -6 13 -3 -14 16 17 18 -16 -20 22 -17 24 -24 -18 -25 -2 -28 -29 -30
right_child=26 12 -4 4 5 -7 -8 -9 -10 -11 -12 -13 14 -15 15 21 20 -19 19 -21 -22 -23 23 25 -26 -27 27 28 29 -31
leaf_value=-0.021987047722929764 0.032408767057910001 -0.006362851601926592 0.031934377580689691 0.036383328568479825 0.015218827697724955 -0.033247299154586872 0.024644493781678212 -0.011994416692055957 0.049876389441743253 -0.049067991082752171 0.012636587952647584 -0.026434417936071791 -0.012727424103807346 -0.048809225325225636 0.0044309601479139444 -0.0023866121851510986 0.013903381484640473 -0.063550380975147425 -0.051268570265607986 -0.0012500825177640296 -0.013299431168601827 -0.040803605023331649 0.039127402801952878 -0.0074062176353963706 -0.021209244724321966 0.02282008390466387 -0.030795825871043948 0.045694583201936131 0.0038040870564589493 0.012614576072163347
leaf_weight=3.7222023699432674 1.7370954286307085 2.8741068048402658 3.8064324231818309 1.2173760626465107 1.8532048948109139 1.2248738510534156 2.8479008562862864 6.9936984740197659 0.972320420667529 1.2198685370385645 1.3177946601063011 0.99310927558690298 42.864913544617593 2.1854711454361677 3.5685115959495368 1.1326190289109939 2.5796423740684968 1.0000526811927555 1.0415033372119071 1.0666991025209425 2.0393641740083686 1.739346378482878 2.8466138374060392 2.4759358484297991 1.7136096060276029 1.798497265204787 1.9864917155355204 2.1742663085460654 20.198349475860596 42.176906848326325
leaf_count=130 21 82 57 26 39 37 50 161 15 54 42 32 1220 59 77 24 50 18 27 24 36 49 25 25 37 25 18 26 300 467
internal_value=8.56819e-11 -0.00724392 0.0010182 -0.00378891 0.00250367 -0.000267169 0.00269006 -0.00309259 0.0132108 -0.0199756 -0.0129341 0.000685567 -0.00914629 -0.0246974 -0.00934033 -0.00302848 0.000199325 -0.0153475 -0.00685571 -0.0259604 0.00791488 -0.0256531 0.0117052 0.0188294 -0.00011148 0.00531171 0.0103021 0.00972491 0.0109719 0.00976156
internal_weight=165.369 97.0957 26.1688 22.3623 16.1025 14.8851 13.6602 10.8123 3.81863 6.25987 5.04 2.84631 70.9269 5.05958 65.8673 23.0024 20.1304 6.67677 5.67671 2.1082 13.4537 2.87197 11.4143 7.12105 4.29325 4.27443 68.2731 66.536 64.5495 62.3753
internal_count=3253 2421 643 586 360 334 297 247 86 226 172 71 1778 141 1637 417 344 146 128 51 198 73 162 75 87 50 832 811 793 767
cat_boundaries=0 1
cat_threshold=66573
is_linear=0
shrinkage=0.05


Tree=42
num_leaves=31
num_cat=2
split_feature=0 0 3 2 2 2 4 4 4 2 2 2 2 2 4 1 2 2 2 0 4 1 1 4 0 2 2 2 0 3
split_gain=4.47982 0.539259 1.04603 0.710786 0.646354 0.56867 0.540242 0.484894 0.774137 0.65178 0.878446 0.47387 0.595911 0.831923 0.574149 0.43294 0.431006 1.04698 1.35467 0.542998 0.411752 0.410634 0.69213 0.549116 0.400314 0.391163 1.03046 1.17346 0.788986 1.03548
threshold=0.65069034695625316 0.76528218388557445 0 749.62500000000011 2792.0000000000005 530.50000000000011 5887.0000000000009 64.000000000000014 218.50000000000003 1004.3100000000001 649.50000000000011 1955.0000000000002 1395.5500000000002 1231.2500000000002 11874.000000000002 4.2500000000000009 946.6400000000001 650.50000000000011 368.19000000000005 0.69690176844596874 1417.0000000000002 4.6500000000000012 4.3500000000000005 4440.0000000000009 0.68272793292999279 252.07500000000002 322.50000000000006 350.50000000000006 0.56346768140792858 1
decision_type=2 2 1 2 2 2 2 2 2 2 2 2 2 2 2 2 2 2 2 2 2 2 2 2 2 2 2 2 2 1
left_child=25 2 16 5 -5 6 20 -3 15 10 -10 12 13 14 -11 -9 17 18 24 -20 -4 22 -12 -23 -2 -1 -27 -28 -29 -30
right_child=1 7 3 4 -6 -7 -8 8 9 11 21 -13 -14 -15 -16 -17 -18 -19 19 -21 -22 23 -24 -25 -26 26 27 28 29 -31
leaf_value=-0.017233662013955736 0.021671837690598918 2.0797629982962696e-05 0.017079433766854651 -0.0035034405738287758 0.032322596562623131 0.043237418783608934 0.034146588508022657 0.020382437604600644 0.013621642275385735 0.052202057726231516 0.0024907902223607102 0.0073503940084241179 0.046634661576470893 -0.0078801608761175975 0.010892696906276401 0.052522559989299306 -0.020651252445139101 0.012082012658252539 -0.069214090729306427 -0.02527847624382671 -0.012199756687873766 0.024594736981367854 -0.04639204378992158 -0.015881604591896803 -0.012654107360040559 0.014818492821905522 -0.068119666278759025 -0.011854787508669029 0.0073425269503701778 -0.0076174814667869951
leaf_weight=10.047415724955497 1.7569346372038146 6.6938691157847634 3.5285503957420605 6.5627790465950948 1.5578019581735132 2.6170550342649213 2.8246047645807266 2.344521176069974 13.208474744111305 1.8250758741050941 1.3944055773317807 4.2013117168098679 2.8148938156664371 1.9433656074106691 1.5602049324661493 1.8944166973233221 4.5373801840469232 6.1574975894764066 1.0817710030823948 2.0097448397427797 1.8201660476624963 1.553477503359318 1.5064297858625648 1.8191157076507805 1.644267566502094 5.1665953597985199 0.81093855341896315 42.354297667741776 12.167911545373498 14.351987573318185
leaf_count=302 27 60 37 107 15 29 32 26 139 20 25 41 27 16 22 20 83 84 21 35 27 18 25 26 26 114 24 1276 231 318
internal_value=-3.40911e-11 0.00858082 0.00408077 0.00951284 0.0033692 0.0229524 0.0164573 0.0123799 0.0146737 0.0120003 0.00630456 0.020989 0.0280253 0.0181948 0.0331634 0.0347461 -0.00469756 -0.00268872 -0.0166968 -0.0406523 0.00711574 -0.00910129 -0.0228945 0.00276253 0.0050774 -0.00797025 -0.00672681 -0.00832422 -0.00762018 -0.00085718
internal_weight=163.757 78.8581 36.0986 18.911 8.12058 10.7904 8.17332 42.7596 36.0657 31.8268 19.4819 12.3449 8.14354 5.32865 3.38528 4.23894 17.1876 12.6502 6.49272 3.09152 5.34872 6.27343 2.90084 3.37259 3.4012 84.8991 74.8517 69.6851 68.8742 26.5199
internal_count=3253 988 523 247 122 125 96 465 405 359 233 126 85 58 42 46 276 193 109 56 64 94 50 44 53 2265 1963 1849 1825 549
cat_boundaries=0 1 2
cat_threshold=164264 218720
is_linear=0
shrinkage=0.05


Tree=43
num_leaves=31
num_cat=1
split_feature=0 0 2 2 2 0 4 0 0 0 0 2 4 0 2 4 3 0 4 4 2 0 0 0 4 4 4 4 4 0
split_gain=4.21325 0.611303 0.484319 0.716583 0.723206 0.582729 0.659384 0.541433 0.420874 1.22502 1.42313 0.706662 0.786647 0.627103 0.737416 0.402697 0.570826 1.02723 1.21531 0.907743 0.524646 1.55405 0.400833 0.394176 0.621433 0.386037 0.495244 0.423699 0.421866 0.427338
threshold=0.65069034695625316 0.89262235164642345 77.500000000000014 391.50000000000006 530.50000000000011 0.71262529492378246 6918.0000000000009 0.77436465024948131 0.87817460298538219 0.85093042254447948 0.84214964509010326 1562.5000000000002 98.500000000000014 0.8165917992591859 1955.0000000000002 13066.500000000002 0 0.56346768140792858 7856.5000000000009 5511.0000000000009 2274.0000000000005 0.57434237003326427 0.73181319236755382 0.72874280810356151 2688.5000000000005 4440.0000000000009 3185.0000000000005 5887.0000000000009 1541.5000000000002 0.50151029229164135
decision_type=2 2 2 2 2 2 2 2 2 2 2 2 2 2 2 2 1 2 2 2 2 2 2 2 2 2 2 2 2 2
left_child=15 2 -2 -4 7 6 -6 22 9 10 11 12 -7 14 -13 16 17 25 19 -19 -18 -22 -5 24 -14 26 28 -27 -1 -30
right_child=1 -3 3 4 5 8 -8 -9 -10 -11 -12 13 23 -15 -16 -17 20 18 -20 -21 21 -23 -24 -25 -26 27 -28 -29 29 -31
leaf_value=-0.0016225831160766278 -0.017818456177007926 0.031308429960625217 0.018178549818237629 -0.010377344831392691 0.0038768492375663719 0.030048195376113432 -0.025585923443700011 0.0038526150114918528 -0.005143049809403227 0.034917613012084972 -0.032586582160593923 0.03698118377994019 0.042965155205457829 0.049526889590470476 -0.00088843717407790113 -0.017674653876506251 -0.013389422304910867 0.013646911051988184 0.053661250929034635 -0.029468541037389242 -0.025119750735494762 0.038733398755956661 -0.046441263879251633 -0.00055045512908194515 -0.0019758501441122611 -0.055924900279885406 0.024610470767366496 -0.01218859826547726 -0.007837205136859331 -0.056099156391868327
leaf_weight=14.026859082281595 1.8329493328928936 2.813208730891346 14.436853021383284 1.9904272127896541 10.113769466057418 3.1160438163206079 2.3380295932292929 3.582189129665494 3.7573765516281119 5.1808732841163865 1.9611346125602711 2.3281833827495566 1.4473647996783285 1.9173305165022609 2.8703450113534927 9.0577082978561503 38.513995729386806 6.7573813488706929 1.5850940346717823 1.4899507034569976 1.9518971242941909 1.8617675788700578 1.257073115557432 14.845430059358476 1.6417335271835325 0.61931455787271161 1.5913908863440145 5.2306325873360038 1.1834732312709082 0.74893068894743908
leaf_count=384 26 29 171 26 147 31 57 39 39 53 30 24 19 18 35 291 1054 105 24 34 63 20 20 197 27 21 41 170 36 22
internal_value=-3.58048e-11 0.00842816 0.00756553 0.00820479 0.00573698 0.00776379 -0.00165527 -0.00955162 0.010766 0.012459 0.0085969 0.0114644 0.00685977 0.025086 0.0160716 -0.00771222 -0.00651799 2.20399e-06 0.0135642 0.00585774 -0.00941374 0.00605229 -0.0243373 0.00283089 0.0190808 -0.0056953 -0.00198764 -0.0168188 -0.00463989 -0.0265418
internal_weight=162.049 77.4303 74.6171 72.7842 58.3473 51.5176 12.4518 6.82969 39.0658 35.3084 30.1276 28.1664 21.0506 7.11586 5.19853 84.6184 75.5607 33.233 9.83243 8.24733 42.3277 3.81366 3.2475 17.9345 3.0891 23.4006 17.5507 5.84995 15.9593 1.9324
internal_count=3253 988 959 933 762 677 204 85 473 434 381 351 274 77 59 2265 1974 837 163 139 1137 83 46 243 46 674 483 191 442 58
cat_boundaries=0 1
cat_threshold=246797
is_linear=0
shrinkage=0.05


Tree=44
num_leaves=31
num_cat=1
split_feature=0 3 0 0 2 2 0 0 0 2 0 2 0 2 1 1 0 0 0 4 2 2 2 4 4 0 4 4 0 0
split_gain=4.0283 0.607156 1.32199 0.697025 0.55785 0.537838 0.508282 0.512361 0.530599 0.476128 0.694208 0.4586 0.63822 0.453052 0.524738 0.40303 0.389684 0.59415 0.547267 0.752574 0.369224 0.324421 0.626705 0.551713 0.811751 0.586748 0.533267 0.553477 0.872379 0.659532
threshold=0.67888760566711437 0 0.61431849002838146 0.39761723577976232 1505.0000000000002 1264.5000000000002 0.89262235164642345 0.87817460298538219 0.85878601670265209 498.50000000000006 0.57106557488441478 949.50000000000011 0.54395079612731945 996.50000000000011 4.8500000000000005 4.7500000000000009 0.66436767578125011 0.6708570420742036 0.65069034695625316 999.50000000000011 747.12500000000011 406.50000000000006 499.10000000000008 13066.500000000002 5511.0000000000009 0.76528218388557445 1308.0000000000002 4440.0000000000009 0.78463006019592296 0.79974895715713512
decision_type=2 1 2 2 2 2 2 2 2 2 2 2 2 2 2 2 2 2 2 2 2 2 2 2 2 2 2 2 2 2
left_child=1 2 3 13 5 9 7 8 21 10 15 12 -11 14 -1 -5 18 -18 -3 -20 -10 26 -23 24 -24 -25 -2 29 -29 -28
right_child=6 16 -4 4 -6 -7 -8 -9 20 11 -12 -13 -14 -15 -16 -17 17 -19 19 -21 -22 22 23 25 -26 -27 27 28 -30 -31
leaf_value=-0.020747486751453038 0.032051721985220216 -0.010117724884128985 0.029160969634568396 0.02562718117579357 -0.029720311137013886 0.042865945322217269 0.030756017486324533 -0.0072179601863239587 0.01357744921084534 -0.0017881908199508902 0.05104305011178302 0.0083902799897829072 -0.040090669053426349 -0.045634630839127485 0.015492379992786402 -0.01035873147031157 -0.05199468155330416 -0.010022027724695728 -0.025880553142870917 0.016966868855027489 0.042212874927509261 -0.017675002431108876 0.0073675225724851509 0.0037740837962678118 -0.023480032295344715 0.033270028152862147 0.011264622142454455 0.002174383607253911 0.045371304621385118 -0.028125881191469783
leaf_weight=3.6598172783851686 3.5085518918931475 60.106253707315773 3.7128983354195944 1.3455050820484733 1.240224428474902 0.89036181941628534 2.7003997378051272 4.7327220086008301 2.5419533252716056 3.4805360883474332 1.0896084550768135 4.3426151890307665 1.581852165982127 1.1504588830284772 1.3738292343914507 1.8448948450386522 1.3410303927958005 2.2709849998354912 1.3620158787816752 4.1391916191205382 2.0204577967524529 2.5507556889206162 29.172973503358666 2.9337249081581822 2.3008609954267731 3.9644319824874401 2.884755512699483 2.6624996028840542 2.0833676010370255 1.682400658726692
leaf_count=130 37 1641 57 29 40 19 29 46 26 90 15 81 37 54 42 49 24 35 18 60 19 33 377 52 43 51 39 36 27 17
internal_value=6.63034e-11 -0.00658823 0.00112597 -0.0030937 0.00247151 0.00521072 0.00951378 0.00860383 0.00988807 0.00276083 0.0165859 -0.00353063 -0.0137566 -0.0173265 -0.0108566 0.00481781 -0.00840255 -0.0256052 -0.00873619 0.00635849 0.0262586 0.00849836 0.00632393 0.00791924 0.00511245 0.0207257 0.0154385 0.00917973 0.0211372 -0.00324563
internal_weight=160.672 94.9321 25.7126 21.9997 15.8156 14.5754 65.7399 63.0395 58.3067 13.685 4.28001 9.405 5.06239 6.18411 5.03365 3.1904 69.2195 3.61202 65.6075 5.50121 4.56241 53.7443 40.9227 38.372 31.4738 6.89816 12.8216 9.31302 4.74587 4.56716
internal_count=3253 2421 643 586 360 320 832 803 757 301 93 208 127 226 172 78 1778 59 1719 78 45 712 556 523 420 103 156 119 63 56
cat_boundaries=0 1
cat_threshold=66573
is_linear=0
shrinkage=0.05


Tree=45
num_leaves=31
num_cat=2
split_feature=0 0 3 2 2 0 4 0 2 0 2 4 2 0 0 2 0 0 4 3 0 0 4 4 0 2 2 0 0 0
split_gain=3.62381 0.444518 0.586188 0.609504 0.616155 0.576267 0.458872 0.739921 0.436038 0.413584 0.742006 0.595625 0.817683 0.571736 0.761216 0.529657 0.398364 0.480757 0.528365 0.454477 0.857485 1.03717 0.768483 0.712974 0.536244 0.51732 0.62807 0.594943 0.548243 0.446948
threshold=0.63796654343605053 0.76528218388557445 0 951.00000000000011 759.31000000000006 0.77832427620887767 865.50000000000011 0.68901157379150402 1099.5000000000002 0.8165917992591859 564.50000000000011 3383.5000000000005 719.12500000000011 0.83644822239875805 0.85093042254447948 925.00000000000011 0.6336042881011964 0.59361654520034801 1146.5000000000002 1 0.57434237003326427 0.54153561592102062 13066.500000000002 11874.000000000002 0.55839237570762645 599.10000000000014 627.05000000000007 0.57596841454505932 0.5664830505847932 0.5089654028415681
decision_type=2 2 1 2 2 2 2 2 2 2 2 2 2 2 2 2 2 2 2 1 2 2 2 2 2 2 2 2 2 2
left_child=16 2 3 4 6 -3 7 -2 -5 10 -7 12 -11 -13 -15 -14 17 19 -19 20 21 29 -23 25 -24 -21 -27 28 -28 -1
right_child=1 5 -4 8 -6 9 -8 -9 -10 11 -12 13 15 14 -16 -17 -18 18 -20 23 -22 22 24 -25 -26 26 27 -29 -30 -31
leaf_value=-0.0010992472667658315 -0.04580362868258829 0.027046778789058836 0.007610287654664637 -0.048195973308695655 0.029477096604879179 0.020007256726033269 0.0020141622743121853 0.0021373640168663465 -0.0115918478315596 -0.01562380377105292 -0.0078285649709603621 0.041144886454737489 0.023426357903009211 -0.0074091656533017154 0.024637408171843751 -0.00048052353668086843 -0.034114008825072047 0.014838684483450569 -0.0058119027050838618 -0.0063552510665514528 -0.02812111797799572 0.028616802188348958 0.016083232110663974 -0.04940585308072442 -0.051648910378365713 -0.060960700964674298 -0.017672019121174266 0.0067960592162122739 -0.05468747481424549 -0.023923801260624773
leaf_weight=16.26663368660958 1.4703087713569432 5.0138466954231253 20.844539082609117 1.1052433867007483 1.6165307126939286 3.494880758225916 10.211075581610201 1.7782582808285949 3.0831308690831065 3.4426307417452362 7.6009037094190717 2.6768455374985924 5.2425191327929479 2.6849574949592334 5.9805575851351023 4.1514117270708084 1.3914288906380523 4.762724742293357 8.8590769413858634 15.260360506828873 2.6746778385713688 4.8198812808841458 0.60652216989546992 1.4215942686423648 0.56391599029302597 0.83747619576752441 15.757265246007597 2.3578744353726497 1.0681484909728158 2.4705872647464266
leaf_count=482 30 48 295 23 20 36 149 25 60 35 99 32 68 38 60 49 39 94 219 412 65 81 17 52 23 23 527 41 26 85
internal_value=1.84914e-11 0.00747597 0.0037498 -0.00288181 0.00030994 0.0111855 -0.0031931 -0.0195608 -0.0212511 0.00893107 0.000938988 0.0125987 0.0052219 0.0209472 0.014708 0.0128613 -0.00759687 -0.00712217 0.00140837 -0.00893484 -0.000899493 0.0016812 0.0197917 -0.0115437 -0.01655 -0.0132901 -0.018576 -0.0167256 -0.0200219 -0.00410877
internal_weight=159.516 80.3976 40.1091 19.2645 15.0762 40.2886 13.4596 3.24857 4.18837 35.2747 11.0958 24.1789 12.8366 11.3424 8.66552 9.39393 79.1182 77.7267 13.6218 64.1049 27.4022 24.7275 5.99032 36.7027 1.17044 35.2811 20.0208 19.1833 16.8254 18.7372
internal_count=3253 1067 602 307 224 465 204 55 83 417 135 282 152 130 98 117 2186 2147 313 1834 753 688 121 1081 40 1029 617 594 553 567
cat_boundaries=0 1 2
cat_threshold=164272 53389
is_linear=0
shrinkage=0.05


Tree=46
num_leaves=31
num_cat=1
split_feature=0 0 0 3 2 4 4 0 2 2 0 2 2 2 2 0 0 0 0 0 0 2 4 0 2 2 4 0 2 2
split_gain=3.51708 0.41943 0.648739 0.5904 0.468068 0.454859 0.678343 0.52604 0.431693 0.428103 0.371561 0.336982 0.640702 0.477976 0.519326 0.823873 0.381382 0.334558 0.389126 0.579485 0.563836 0.470527 0.448345 0.563675 0.327299 0.803026 0.98038 0.512957 0.380377 0.487104
threshold=0.63796654343605053 0.76528218388557445 0.77832427620887767 0 951.00000000000011 64.000000000000014 218.50000000000003 0.83644822239875805 759.31000000000006 1099.5000000000002 0.78463006019592296 840.2600000000001 1147.5000000000002 530.50000000000011 362.00000000000006 0.68901157379150402 0.6607116460800172 0.6336042881011964 0.61099040508270275 0.62320309877395641 0.63037392497062694 1049.5000000000002 661.50000000000011 0.61431849002838146 999.50000000000011 759.31000000000006 3383.5000000000005 0.831712305545807 1955.0000000000002 1395.5500000000002
decision_type=2 2 2 1 2 2 2 2 2 2 2 2 2 2 2 2 2 2 2 2 2 2 2 2 2 2 2 2 2 2
left_child=17 3 -3 4 8 -4 7 -7 -2 -6 -8 13 -13 14 15 16 -5 18 -1 22 21 -21 -20 -24 25 26 27 -12 29 -26
right_child=1 2 5 11 9 6 10 -9 -10 -11 24 12 -14 -15 -16 -17 -18 -19 19 20 -22 -23 23 -25 28 -27 -28 -29 -30 -31
leaf_value=-0.0082515302998253381 -0.0033124355078693888 0.027769833150238378 -0.0041265208852889106 0.015573084925686135 -0.048533337419151168 0.011803764355864874 -0.01282915271310265 0.049691269696800489 0.024256953343217581 -0.010414679164809369 0.010730832395170233 -0.02053348485238337 0.011194212680050129 0.032316043702138961 -0.011054049526648315 0.03602781158470094 -0.02033888543156652 -0.032015848256813167 0.033643827288029504 -0.051326806141021655 0.016720800067104281 0.0022595391265976118 0.030819049284469005 -0.013920851738507021 0.015735956106111917 -0.025106286816876558 0.02010910948730437 -0.022608324290639758 0.0036648575280940777 0.048400576990340269
leaf_weight=69.521284466609359 13.410906177945437 5.0525937788188449 5.8445130530744782 1.6059333309531232 0.96979863382875819 1.783923141658309 1.9310229420661951 1.883372640237212 1.5880468729883421 3.0627236654981971 2.0174089223146465 2.046869555488227 7.1472279960289598 3.5234417039901009 2.1134639512747526 3.0472254082560539 1.3699787780642507 1.3691233145073045 1.8173267096281041 1.1103811403736474 0.92151451669633377 0.64913991466164578 1.1032141651958229 1.9455550210550425 3.6183298677206022 1.8645546082407225 8.4806574098765832 2.6950238477438688 2.9652216602116823 1.6671966835856435
leaf_count=1977 204 48 56 23 23 19 19 24 20 60 29 39 103 44 33 34 19 39 26 37 26 15 22 44 48 30 102 38 34 18
internal_value=1.36917e-10 0.00739809 0.0110292 0.00377438 -0.00292326 0.00859528 0.0111674 0.0312612 -0.000393466 -0.019582 0.00824781 0.00762977 0.00413072 0.0169323 0.0102706 0.0177533 -0.000959203 -0.00751617 -0.00708093 0.0037022 -0.0149633 -0.0315572 0.0139862 0.00226853 0.00999396 0.00560811 0.00994892 -0.00833571 0.0179982 0.0260393
internal_weight=158.127 79.6894 39.8038 39.8856 19.0315 34.7512 28.9067 3.6673 14.999 4.03252 25.2394 20.8541 9.1941 11.66 8.1366 6.02314 2.97591 78.4375 77.0684 7.54713 2.68104 1.75952 4.8661 3.04877 23.3084 15.0576 13.1931 4.71243 8.25075 5.28553
internal_count=3253 1067 465 602 307 417 361 43 224 83 318 295 142 153 109 76 42 2186 2147 170 78 52 92 66 299 199 169 67 100 66
cat_boundaries=0 1
cat_threshold=164272
is_linear=0
shrinkage=0.05


Tree=47
num_leaves=31
num_cat=1
split_feature=0 3 0 2 2 0 0 0 2 1 2 4 0 0 4 0 1 2 0 0 0 2 0 0 4 0 0 2 2 0
split_gain=3.20935 0.66191 1.26045 1.39885 0.733855 0.866823 0.73445 0.685569 0.38512 1.06024 0.596422 0.472545 0.580475 0.758776 0.51512 0.563728 0.619703 0.66942 0.602562 0.524467 0.60139 0.400342 0.383721 0.60605 0.371856 0.351785 0.394963 0.445397 0.806145 0.387672
threshold=0.67888760566711437 0 0.53844299912452709 398.50000000000006 949.50000000000011 0.57434237003326427 0.56787371635437023 0.59361654520034801 1755.0000000000002 4.7500000000000009 934.57500000000016 28801.000000000004 0.66247907280921947 0.65069034695625316 11.500000000000002 0.49132573604583746 4.8500000000000005 140.87500000000003 0.4795144647359848 0.51161044836044323 0.64363098144531261 999.50000000000011 0.50386720895767223 0.49132573604583746 3383.5000000000005 0.36045655608177191 0.47680957615375524 866.0350000000002 765.75000000000011 0.34624408185482031
decision_type=2 1 2 2 2 2 2 2 2 2 2 2 2 2 2 2 2 2 2 2 2 2 2 2 2 2 2 2 2 2
left_child=1 2 22 -4 5 -5 -6 -8 10 -10 11 12 13 14 -3 18 17 24 -16 -19 -21 -12 23 25 -17 29 27 28 -27 -1
right_child=-2 8 3 4 6 -7 7 -9 9 -11 21 -13 -14 -15 15 16 -18 19 -20 20 -22 -23 -24 -25 -26 26 -28 -29 -30 -31
leaf_value=-0.011773409713899605 0.0086793114757213862 0.011463616345862447 0.046826727723363964 -0.047706107388375163 0.045414296184505626 0.0054357383214767522 -0.0253242842557466 0.025093003457339388 -0.037892909402174504 0.0064315625873301099 -0.044458832402772312 -0.028221024503283468 -0.030851596073305898 0.017788226398152734 -0.014464365095264723 -0.049750423214311335 -0.029212330514157777 0.027659681936865056 -0.0526854195630585 -0.0042530606294931463 0.030785419276584427 -0.017168325804607743 -0.035512397288920243 0.036072677395618834 -0.0096956254704229569 0.0016141875661941443 -0.034179053060801004 -0.013074706853944166 0.054596987312387948 -0.050289548253005162
leaf_weight=3.1697457614354803 63.405722416937351 3.2903320016339412 2.6816773600876314 1.1490560937672856 1.6120214685797689 2.3100237008184195 1.2058605179190638 1.5295017715543506 1.5883500045165391 8.9584146183915436 1.5591914607211936 2.7453115610405794 2.3755441661924115 3.2402682835236183 10.343872322235255 1.0164067279547517 2.3124412782490245 1.7177544711157704 1.1453668409958471 14.971917257644238 1.3337244987487782 9.7296728547662479 1.0867555839940894 0.85688545461744148 1.3477892717346547 4.2049848185852134 0.86038473714143116 3.2392463209107518 0.86574358399957407 0.82291876152157772
leaf_count=142 832 71 36 31 20 40 20 23 46 200 53 87 38 45 339 31 68 43 42 383 15 278 40 21 39 108 29 96 15 22
internal_value=-1.90844e-10 -0.00590019 0.00169334 0.0156715 0.00496906 -0.0122172 0.0186436 0.00286698 -0.00786072 -0.000243733 -0.0106428 -0.00810763 -0.00682634 -0.00542474 -0.0074316 -0.00925005 -0.00468241 -0.00190013 -0.0182746 0.00138128 -0.00138708 -0.0209376 -0.00689039 -0.00467175 -0.0269158 -0.00732413 -0.00193064 0.00140824 0.0106601 -0.0197119
internal_weight=156.677 93.2712 25.5948 10.4881 7.80646 3.45908 4.34738 2.73536 67.6764 10.5468 57.1296 45.8407 43.0954 40.7199 37.4796 34.1893 22.7 20.3876 11.4892 18.0234 16.3056 11.2889 15.1067 14.0199 2.3642 13.163 9.17036 8.30997 5.07073 3.99266
internal_count=3253 2421 643 170 134 71 63 43 1778 246 1532 1201 1114 1076 1031 960 579 511 381 441 398 331 473 433 70 412 248 219 123 164
cat_boundaries=0 1
cat_threshold=66573
is_linear=0
shrinkage=0.05


Tree=48
num_leaves=31
num_cat=1
split_feature=0 4 3 0 4 2 2 2 4 4 0 0 2 0 2 2 0 0 2 1 2 2 0 4 2 0 0 0 1 0
split_gain=3.15806 0.394099 0.554202 0.893338 0.750941 0.651593 0.593938 0.608606 0.634971 0.574746 0.517579 0.480048 0.6424 0.722566 0.482053 0.581565 0.376828 0.568242 0.374942 0.451588 0.374589 0.6739 0.957853 0.470819 0.476344 0.488105 0.678409 0.51716 0.467888 0.414141
threshold=0.65069034695625316 5263.0000000000009 0 0.61627835035324108 4440.0000000000009 2274.0000000000005 218.50000000000003 300.86500000000007 2299.5000000000005 3562.5000000000005 0.36045655608177191 0.59931325912475597 265.00000000000006 0.53550922870635997 1192.6250000000002 506.57500000000005 0.61627835035324108 0.64056590199470531 840.2600000000001 4.7500000000000009 1342.5000000000002 1022.9300000000001 0.54292675852775585 1308.0000000000002 897.00000000000011 0.43117178976535803 0.36045655608177191 0.54835435748100292 4.7500000000000009 0.52414801716804515
decision_type=2 2 1 2 2 2 2 2 2 2 2 2 2 2 2 2 2 2 2 2 2 2 2 2 2 2 2 2 2 2
left_child=1 2 4 6 9 -6 -4 -8 20 10 -1 12 13 -12 15 -13 -17 -18 19 -10 21 23 -23 24 25 26 28 -27 -9 -22
right_child=-2 -3 3 -5 5 -7 7 8 18 -11 11 14 -14 -15 -16 16 17 -19 -20 -21 29 22 -24 -25 -26 27 -28 -29 -30 -31
leaf_value=0.016150329708929552 0.0075338591209230844 -0.012354738081023681 -0.026482505704284322 0.026458318394211745 -0.011908979330453193 0.027485880485445965 0.026220760012370455 0.022373998919702428 0.05641288932360488 -0.048360183864364588 0.021889468598306636 -0.029020247913016325 -0.024352689025519444 -0.03562374038660187 -0.027281828779517587 0.034168172722268596 -0.021143362710129041 0.028436174736810479 0.0015196094635827801 0.0097717618949119105 -0.012024076423981048 -0.0074139584234959258 0.04310172683519245 -0.025930418462144639 -0.019692179684579023 -0.021928392023137188 0.040229339449243992 0.015238435406567691 -0.032639469715437262 -0.065293133885791568
leaf_weight=1.4421791983768439 73.32194618601352 22.716945460531861 2.1919875415042105 3.1838943045586339 2.0457046646624795 2.1557074412703514 2.1308644041419056 0.75517989695073084 0.94171731546521131 1.1987200072035182 1.6994654312729864 1.0080129569396366 12.418656548485158 0.80469664093106974 1.5686685033142564 1.410463457927108 1.2696545571088793 1.0607559289783237 2.3132416345179081 1.1560750883072612 1.2472341451793898 2.0965280616655941 1.6987491538748143 3.0512336306273928 3.1876408541575074 2.5189773524180055 1.6618716437369583 1.489329883828759 0.79166015982627869 0.51574840862303961
leaf_count=39 988 718 59 49 58 37 45 18 19 34 37 30 401 28 37 30 30 16 59 29 47 68 20 90 86 74 32 28 31 16
internal_value=-2.25818e-10 -0.00675868 -0.00460454 0.00103793 -0.00825099 0.00830418 -0.00150483 0.000637554 -0.00168961 -0.0146185 -0.0128354 -0.0148034 -0.0196942 0.00340796 -0.00325077 0.00468726 0.0137701 0.00142424 0.0154016 0.0307094 -0.00565456 -0.00341107 0.0151966 -0.00865943 -0.0035946 0.00351543 0.0180487 -0.00811866 -0.00578145 -0.0276076
internal_weight=155.054 81.7316 59.0146 30.9319 28.0827 4.20141 27.748 25.5561 23.4252 23.8813 22.6826 21.2404 14.9228 2.50416 6.31756 4.74889 3.74087 2.33041 4.41103 2.09779 19.0142 17.2512 3.79528 13.4559 10.4047 7.21702 3.20871 4.00831 1.54684 1.76298
internal_count=3253 2265 1547 770 777 95 721 662 617 682 648 609 466 65 143 106 76 46 107 48 510 447 88 359 269 183 81 102 49 63
cat_boundaries=0 1
cat_threshold=11186
is_linear=0
shrinkage=0.05


Tree=49
num_leaves=31
num_cat=1
split_feature=0 2 0 2 2 2 2 1 1 0 0 2 0 3 0 0 0 4 1 0 2 4 2 4 1 2 0 2 4 0
split_gain=3.02794 0.44163 0.386403 0.571908 0.495471 0.772669 0.525528 0.48603 0.929155 0.724302 0.461598 0.421397 0.381677 0.347691 0.366465 0.48433 0.51999 0.462657 0.339376 0.292759 0.292433 0.591521 0.562957 0.448823 0.601664 1.02308 0.441489 0.422924 0.41386 0.382459
threshold=0.63796654343605053 77.500000000000014 0.71582487225532543 119.50000000000001 590.12500000000011 140.87500000000003 660.37500000000011 4.7500000000000009 4.4500000000000011 0.68642282485961925 0.66748023033142101 951.00000000000011 0.68272793292999279 0 0.33095727860927587 0.35059049725532537 0.40007674694061285 1417.0000000000002 4.7500000000000009 0.40503412485122686 1059.1250000000002 526.00000000000011 880.62500000000011 426.50000000000006 3.5500000000000003 699.50000000000011 0.89262235164642345 1955.0000000000002 3383.5000000000005 0.85093042254447948
decision_type=2 2 2 2 2 2 2 2 2 2 2 2 2 1 2 2 2 2 2 2 2 2 2 2 2 2 2 2 2 2
left_child=13 -2 4 -4 5 -3 -6 8 12 10 11 -9 -8 -1 -15 17 -17 -16 -7 -18 22 -22 23 24 -5 -26 -25 -23 -29 -27
right_child=1 2 3 20 6 18 7 9 -10 -11 -12 -13 -14 14 15 16 19 -19 -20 -21 21 27 -24 26 25 29 -28 28 -30 -31
leaf_value=0.0017958776527191849 -0.018054194866470429 -0.019197268108916712 0.038606091956048971 -0.0028080468658052277 -0.030202146859538787 0.0023372529342446501 -0.010353111023024331 0.022806385179682157 -0.036907943243168748 -0.017596332105442408 0.03360060362527844 -0.0085155961149633828 0.029400757677595365 -0.028227272833178503 0.035878305349845423 -0.025733219922465925 0.021001749505452055 -0.0085845950028398798 0.025066006426594113 -0.0084559715983401097 -0.010412358656375673 0.027728800805072309 -0.0085945505026116843 0.0028120325673840589 0.00090425262116914566 0.027342569259446087 0.028759854990849855 -0.010488390259960971 0.019639187109846856 0.056139043147956952
leaf_weight=13.049189028795807 1.728589798323809 1.6978257540613428 1.6852554455399502 2.6310744304209965 1.6191213410347689 2.3735249042510986 1.3036829186603403 1.9626698847860096 2.1803558450192213 2.2618520595133305 2.2456656713038683 2.3711254075169563 1.1246323660016058 2.4371036961674681 1.1808754177764051 4.470729964785277 0.85709197726100583 1.1595731023699043 5.3315065000206232 52.930177526548505 1.9196610115468491 6.6795998811721784 5.1844132840633383 19.253242604434494 2.7954355236142874 2.8557383855804801 1.7918651159852732 1.8232420962303875 3.0413643904030323 1.9338765051215885
leaf_count=331 29 30 22 30 34 35 29 23 45 49 30 37 14 123 22 143 24 32 65 1511 17 87 81 250 28 32 17 27 33 23
internal_value=1.45426e-12 0.00693625 0.00750415 0.00995843 0.00232974 0.0113363 -0.00329019 -5.05056e-05 -0.0132152 0.0068118 0.0152027 0.00566936 0.00805821 -0.0070922 -0.00795505 -0.0084525 -0.00934845 0.0138492 0.0180644 -0.00798657 0.00899111 0.015288 0.00666487 0.00919552 0.0177943 0.0249408 0.00502133 0.0195617 0.00834745 0.0389696
internal_weight=153.88 77.7953 76.0667 51.5948 24.472 9.40286 15.0691 13.45 4.60867 8.84131 6.57946 4.3338 2.42832 76.0847 63.0356 60.5984 58.258 2.34045 7.70503 53.7873 49.9095 13.4639 36.4456 31.2612 10.2161 7.58505 21.0451 11.5442 4.86461 4.78961
internal_count=3253 1067 1038 647 391 130 261 227 88 139 90 60 43 2186 1855 1732 1678 54 100 1535 625 164 461 380 113 83 267 147 60 55
cat_boundaries=0 1
cat_threshold=33797
is_linear=0
shrinkage=0.05


Tree=50
num_leaves=31
num_cat=1
split_feature=0 3 0 0 0 0 0 0 0 2 2 2 2 2 2 2 2 4 2 2 0 0 2 4 4 0 1 4 0 0
split_gain=2.83094 0.467914 0.705096 0.578731 0.524689 0.491669 0.717062 0.386835 0.802992 0.4988 1.40594 0.634131 0.622532 0.473431 0.748435 0.694908 0.480056 0.458212 0.405946 0.895909 0.640136 0.525645 0.350405 0.38479 0.357043 0.345873 0.334078 0.356986 0.500216 0.329054
threshold=0.6708570420742036 0 0.66436767578125011 0.61431849002838146 0.6607116460800172 0.65902003645896923 0.65706902742385875 0.48598295450210577 0.47240266203880316 2720.0000000000005 2274.0000000000005 1987.5000000000002 1955.0000000000002 946.6400000000001 1099.5000000000002 1163.7950000000003 890.50000000000011 1629.0000000000002 485.25000000000006 551.00000000000011 0.44611087441444403 0.34288971126079565 312.50000000000006 2078.5000000000005 7856.5000000000009 0.36045655608177191 4.8500000000000005 28801.000000000004 0.60047137737274181 0.89262235164642345
decision_type=2 1 2 2 2 2 2 2 2 2 2 2 2 2 2 2 2 2 2 2 2 2 2 2 2 2 2 2 2 2
left_child=1 3 4 -1 5 6 7 8 18 10 11 12 13 16 -15 -16 26 -10 20 -20 22 -21 23 -3 -25 -23 27 -9 -29 -2
right_child=29 2 -4 -5 -6 -7 -8 9 17 -11 -12 -13 -14 14 15 -17 -18 -19 19 21 -22 25 -24 24 -26 -27 -28 28 -30 -31
leaf_value=-0.0020105355617386286 0.0072626250720047528 0.012209164049499559 -0.045878354317069436 0.018503588118777971 0.02358725875206677 -0.048434834905666801 0.037276645757531805 -0.0023071994352112618 -0.069884238289229558 -0.038536389694325719 0.032241946322828167 -0.049601552739432855 0.03737384597051549 -0.048263206283405684 0.033114081014970757 -0.01727098749674864 0.026440075959197784 -0.021495961195207514 0.02989592124517694 -0.042273206508518416 -0.053204254425003206 0.029122198516257254 -0.036478077447527575 -0.050576063295607702 0.0018275389896099687 -0.010041886162587246 -0.022745575821648597 -0.0043650565700507991 -0.059828180683012482 0.025727739227825227
leaf_weight=23.791331104934219 61.724025937728584 1.6653350396081834 1.2643181029707182 4.0187829500064245 1.274843769147991 0.77359611354768176 0.84998155757784744 21.132540390826772 0.96802290156483539 1.1623170422390092 2.3423364264890543 0.88248361274599929 0.78375258576124807 1.6768009224906553 0.79451460391283024 4.9343929039314389 1.1904713623225678 0.98918358888477087 1.5275234431028355 1.2081798641011099 1.2824574476107953 0.61956872232258309 1.1250245585106311 0.64304370200261451 0.65727655403316021 6.2564063174650073 2.6794523876160374 1.0382224759086955 0.66814687009900797 2.5108412355184546
leaf_count=659 842 44 24 66 23 12 12 538 36 35 26 26 16 50 18 150 23 40 32 55 46 12 39 28 23 216 71 36 26 29
internal_value=1.50774e-10 -0.00581491 -0.00766307 0.000701627 -0.00814196 -0.00884117 -0.00830453 -0.00899358 -0.0153088 -0.00627009 -0.00528634 -0.00774307 -0.00668458 -0.00769679 -0.0188827 -0.0102833 -0.0045952 -0.0454285 -0.0113748 -0.00522176 -0.0223817 -0.0118573 -0.0127186 -0.00370544 -0.0240875 -0.00651296 -0.00604304 -0.00408351 -0.0260822 0.0079844
internal_weight=152.435 88.2003 60.3902 27.8101 59.1259 57.851 57.0774 56.2275 16.942 39.2854 38.1231 35.7808 34.8983 34.1145 7.40571 5.72891 26.7088 1.95721 14.9848 9.61168 5.37314 8.08415 4.09068 2.96566 1.30032 6.87598 25.5184 22.8389 1.70637 64.2349
internal_count=3253 2382 1657 725 1633 1610 1598 1586 571 1015 980 954 928 912 218 168 694 76 495 315 180 283 134 95 51 228 671 600 62 871
cat_boundaries=0 1
cat_threshold=99341
is_linear=0
shrinkage=0.05


Tree=51
num_leaves=31
num_cat=1
split_feature=0 0 1 2 2 0 0 2 0 1 2 0 4 2 0 4 0 3 0 4 4 0 2 2 2 2 2 2 4 1
split_gain=2.64924 0.446574 0.503106 0.774181 0.586875 0.524434 1.07781 0.625137 0.749654 0.466046 0.438019 0.417401 0.385682 0.449936 0.370738 0.328715 0.297985 0.390766 0.662124 0.445482 0.540976 0.467974 0.436348 1.12336 0.947421 0.633893 0.496639 0.548055 0.452466 0.407896
threshold=0.61099040508270275 0.71582487225532543 4.7500000000000009 121.62500000000001 1588.5000000000002 0.62320309877395641 0.64056590199470531 590.12500000000011 0.68642282485961925 4.5500000000000007 1054.1250000000002 0.69441998004913341 3077.0000000000005 449.12500000000006 0.66436767578125011 5887.0000000000009 0.60793712735176098 0 0.57596841454505932 4440.0000000000009 5511.0000000000009 0.58267506957054149 256.50000000000006 337.57500000000005 449.12500000000006 132.50000000000003 601.72500000000014 583.73000000000013 5511.0000000000009 4.3500000000000005
decision_type=2 2 2 2 2 2 2 2 2 2 2 2 2 2 2 2 2 1 2 2 2 2 2 2 2 2 2 2 2 2
left_child=16 2 4 -4 9 -5 -7 -8 15 11 -10 14 13 -11 -2 -9 17 22 -19 -20 -21 -22 25 -24 -25 -1 27 -26 29 -28
right_child=1 -3 3 5 -6 6 7 8 10 12 -12 -13 -14 -15 -16 -17 -18 18 19 20 21 -23 23 24 26 -27 28 -29 -30 -31
leaf_value=0.0074898646885724722 0.011781489019465526 0.0087578648621958969 -0.032017099005512792 0.028585229230795334 -0.040354638768999779 -0.025043340391117608 0.023925415877411871 0.016692378575089695 -0.046284991316555064 0.015194584971865566 -0.00398910855519708 0.037240355452644897 -0.030847466525587321 -0.019246638996442678 -0.023386588414668424 -0.0079006904920195051 -0.035770145261616274 -0.014477994325119953 -0.0088354547174454116 0.050027069947894992 -0.028358429495409006 0.017927471655294656 0.036626903685999995 -0.049544780316297693 0.0044666252619098828 -0.040002266587956851 -0.020963494603870404 0.050018601782375362 -0.017694722590255198 0.0059948395108962637
leaf_weight=1.2897422024980216 2.3558173933997737 51.696456042118371 1.2756140744313622 2.7178421746939447 1.1935726217925537 2.5560085545294013 5.2933217361569396 5.6096515450626594 1.009192578494549 1.7493665963411333 1.5557595640420911 1.0025172606110571 1.9406050322577355 2.0707682678475976 1.0989847835153339 1.7930281655862925 0.91785332094877858 33.098358250688761 4.3949093455448738 0.84184394683688912 0.78420644532889161 1.7984785279259083 2.168400312773886 0.96737275412306445 1.9230004725977807 1.5433971956372259 1.6215279363095749 1.0056193554773925 3.6677170824259511 10.41865346720442
leaf_count=37 59 661 38 50 24 69 64 69 23 24 34 13 46 47 23 32 26 1077 104 12 19 49 41 35 49 59 53 17 132 267
internal_value=-9.8748e-11 0.00585118 0.00132811 0.00577881 -0.00717827 0.00812668 0.00500588 0.0100387 0.00266419 -0.00330293 -0.0206306 0.00883662 -0.0126958 -0.00347486 0.000594399 0.0107356 -0.0074784 -0.00708209 -0.00915025 0.00169926 0.0152191 0.00387322 5.40132e-05 0.00247785 -0.0012994 -0.0183822 0.00120489 0.0201081 -0.00231947 0.00236419
internal_weight=151.36 84.9185 33.2221 21.8104 11.4116 20.5348 17.817 15.261 9.96763 10.2181 2.56495 4.45732 5.76074 3.82013 3.4548 7.40268 66.4411 65.5232 40.9178 7.81944 3.42453 2.58268 24.6054 21.7723 19.6039 2.83314 18.6365 2.92862 15.7079 12.0402
internal_count=3253 1276 615 379 236 341 291 222 158 212 57 95 117 71 82 101 1977 1951 1261 184 80 68 690 594 553 96 518 66 452 320
cat_boundaries=0 1
cat_threshold=53261
is_linear=0
shrinkage=0.05


Tree=52
num_leaves=31
num_cat=1
split_feature=0 0 2 0 2 2 2 1 2 2 0 3 0 4 2 0 2 0 0 2 2 2 0 2 0 2 0 0 0 0
split_gain=2.45478 0.312851 0.462701 0.536616 0.566722 0.503525 0.481533 0.367172 0.4218 0.459252 0.411725 0.302737 0.895936 0.766192 0.856653 0.625309 0.623185 0.401553 0.489513 0.35869 0.32273 1.23426 0.494614 0.382203 0.472277 0.316085 0.568657 0.661354 0.606206 0.403199
threshold=0.63796654343605053 0.71582487225532543 99.500000000000014 0.70180112123489391 749.62500000000011 590.12500000000011 660.37500000000011 4.7500000000000009 951.00000000000011 1805.0000000000002 0.6708570420742036 0 0.54292675852775585 3562.5000000000005 1037.5000000000002 0.58054697513580333 648.50000000000011 0.6336042881011964 0.63037392497062694 395.50000000000006 2274.0000000000005 2425.0000000000005 0.62320309877395641 3570.0000000000005 0.57434237003326427 322.50000000000006 0.57743811607360851 0.51954317092895519 0.53550922870635997 0.58267506957054149
decision_type=2 2 2 2 2 2 2 2 2 2 2 1 2 2 2 2 2 2 2 2 2 2 2 2 2 2 2 2 2 2
left_child=11 2 -2 5 -5 -4 -7 -8 -9 10 -10 12 -1 14 15 -14 19 18 20 -15 22 -22 25 24 -23 26 27 -13 -29 -27
right_child=1 -3 3 4 -6 6 7 8 9 -11 -12 17 13 16 -16 -17 -18 -19 -20 -21 21 23 -24 -25 -26 29 -28 28 -30 -31
leaf_value=-0.0067582833606427504 -0.031478908880879529 0.0085339666889075617 0.016662767955579545 0.0028262608554954129 -0.036913186795712802 -0.02818151127667172 -0.010091397279279601 0.025390513522413772 -0.040205367186078075 0.016294799539683758 0.0019445913359452571 -0.0095626214351273164 0.029073021416159861 -0.0065780415663588615 0.049003369148877526 -0.0099631304355194735 -0.037255315142935223 -0.041086796254764704 0.032051373303171975 0.034713400637397404 0.047804355671657167 -0.055170895769286611 -0.043010092939792161 0.0092953632334415778 0.0050635671984670151 -0.015673820070300472 -0.032396323714324771 0.056939020647148911 0.0047343395668781579 -0.0027182195511076005
leaf_weight=19.921559317503128 1.0098506659269357 51.474240629933774 7.39498406834901 2.0542854443192478 1.5927352178841827 1.3363571371883143 3.3843979807570559 2.7409311160445213 0.94856834970414672 2.4180497638881207 1.4885292276740072 2.6925469134002915 2.0255271159112436 1.4970508078113205 2.0311568444594741 2.0787196801975369 1.1401108624413607 1.0328898644074787 0.69602122157812019 0.81079100817441929 1.1105950605124228 0.87592455046251438 1.2064521303400386 0.87998474296182383 0.51779077667742968 24.25828027445823 1.1093394933268426 0.97189153637737069 1.2997740115970371 7.9812899325042954
leaf_count=646 27 661 104 32 29 24 74 35 24 30 27 81 32 44 22 35 32 32 22 17 10 39 42 27 12 804 38 9 39 203
internal_value=-2.4248e-10 0.00632442 0.00165718 0.00308972 -0.0145288 0.00634946 0.000157383 0.00360631 0.00970926 0.00085655 -0.014461 -0.00646989 -0.000534159 0.011847 0.0224453 0.00930198 -0.00701214 -0.00839351 -0.00954413 0.00792847 -0.0102189 0.00459989 -0.0114879 -0.0165035 -0.0327927 -0.0104953 -3.19754e-05 0.0072004 0.0270692 -0.0124665
internal_weight=149.981 75.8429 24.3687 23.3588 3.64702 19.7118 12.3168 10.9805 7.59608 4.85515 2.4371 74.1377 29.5049 9.58336 6.1354 4.10425 3.44795 44.6328 43.5999 2.30784 42.9039 3.3843 39.5196 2.2737 1.39372 38.3131 6.07355 4.96421 2.27167 32.2396
internal_count=3253 1067 406 379 61 318 214 190 116 81 51 2186 828 182 89 67 93 1358 1326 61 1304 88 1216 78 51 1174 167 129 48 1007
cat_boundaries=0 1
cat_threshold=103493
is_linear=0
shrinkage=0.05


Tree=53
num_leaves=31
num_cat=1
split_feature=0 4 3 0 0 2 0 0 0 2 2 2 0 0 2 4 2 2 0 0 2 2 2 2 2 2 2 0 2 0
split_gain=2.47451 0.35639 0.435813 0.571668 0.616043 0.596911 0.469725 0.440711 0.438272 0.511462 0.411944 0.435853 0.434334 0.381635 0.34613 1.29871 0.790111 0.480484 0.396444 0.483783 0.303773 0.606124 0.621735 0.346864 0.33552 0.446414 0.297898 0.412411 0.432832 0.271329
threshold=0.65069034695625316 5263.0000000000009 0 0.59931325912475597 0.58054697513580333 449.12500000000006 0.57596841454505932 0.56346768140792858 0.540065497159958 119.50000000000001 344.91500000000002 218.50000000000003 0.50386720895767223 0.64056590199470531 802.50000000000011 1417.0000000000002 949.50000000000011 458.25000000000006 0.57434237003326427 0.61627835035324108 265.00000000000006 440.62500000000006 599.10000000000014 3625.0000000000005 2361.5000000000005 1755.0000000000002 574.00000000000011 0.61431849002838146 1982.5000000000002 0.4301345050334931
decision_type=2 2 1 2 2 2 2 2 2 2 2 2 2 2 2 2 2 2 2 2 2 2 2 2 2 2 2 2 2 2
left_child=1 2 3 4 6 -5 7 20 9 -4 11 -11 -12 -3 15 17 -16 -10 -18 -20 -1 -22 -23 24 25 -24 -7 -28 -29 -13
right_child=-2 13 8 5 -6 26 -8 -9 14 10 12 29 -14 -15 16 -17 18 -19 19 -21 21 22 23 -25 -26 -27 27 28 -30 -31
leaf_value=0.0048840325981214178 0.0067529148553584252 -0.010337421347280124 -0.042761311221576725 -0.032340896075422745 -0.046389189761028217 0.031504991753044907 0.022819411439575443 -0.043395303480148757 0.021167282115867669 -0.010974501310713761 -0.0015078128438321837 0.010869461828865961 -0.02646967620922875 -0.047149563797799568 -0.034009265791052387 0.050169008549114671 0.026202565314219356 -0.026283108363750814 -0.018701769645867349 0.022575862117485249 -0.048346227646187394 0.01049738340525623 -0.022720788758942616 0.018012342602253772 -0.052946420435174536 0.0064348337427489093 0.023724847277849972 -0.017767520360920198 0.018533788623342873 0.047401004716705754
leaf_weight=2.3342006877064838 71.010739374905825 21.132688817102466 0.78166685719043627 1.107995994389056 1.4127689022570837 1.0678580012172458 0.91427609790116449 1.1838239580392826 0.93759540840983246 1.0503498446196347 12.827764250338076 1.04213606659323 2.0166020411998025 0.72831886913627286 1.2154711121693251 1.9752326430752871 2.3132551852613688 1.2378765344619749 1.7039871327579024 1.2166799921542404 1.2144024893641461 2.5777815943583837 6.5863089901395089 0.65299006458371955 0.70090866368264038 1.6397743243724106 1.6232169931754468 2.6150976913049822 1.1969883022829888 0.99219605233520258
leaf_count=59 988 702 26 34 44 16 14 36 16 29 399 27 67 16 28 32 37 30 28 22 43 72 250 20 35 48 37 67 14 17
internal_value=1.29522e-10 -0.0061478 -0.00403875 -0.00729601 -0.0146088 0.00158199 -0.0120871 -0.0139766 0.0010676 -0.00317007 -0.00144398 0.0151819 -0.00489887 -0.0115639 0.00955487 0.0208173 0.00230657 -0.00583271 0.0107402 -0.0015065 -0.0117592 -0.0146644 -0.0113 -0.0171653 -0.0197385 -0.016909 0.00736171 0.00261835 -0.00636897 0.0286868
internal_weight=149.011 78.0002 56.1392 26.8284 19.2172 7.61116 17.8045 16.8902 29.3108 18.7107 17.929 3.08468 14.8444 21.861 10.6001 4.1507 6.44939 2.17547 5.23392 2.92067 15.7064 13.3722 12.1578 9.57998 8.92699 8.22608 6.50316 5.4353 3.81209 2.03433
internal_count=3253 2265 1547 789 621 168 577 563 758 565 539 73 466 718 193 78 115 46 87 50 527 468 425 353 333 298 134 118 81 44
cat_boundaries=0 1
cat_threshold=11122
is_linear=0
shrinkage=0.05


Tree=54
num_leaves=31
num_cat=2
split_feature=0 0 3 0 0 2 2 0 4 4 1 2 2 2 0 0 4 4 1 0 0 3 0 4 2 2 2 2 2 0
split_gain=2.23403 0.483305 0.438024 0.639834 0.533213 0.495901 0.419626 0.567488 0.449902 0.412271 0.614844 0.437448 0.546917 0.402762 0.460321 0.371423 0.799181 0.597617 0.294109 0.284105 0.276488 0.366721 0.630403 0.44808 0.390662 1.03947 0.807366 0.64206 0.445924 0.486628
threshold=0.61099040508270275 0.71582487225532543 0 0.70180112123489391 0.68901157379150402 677.50000000000011 530.50000000000011 0.62007716298103344 3562.5000000000005 5887.0000000000009 4.7500000000000009 1342.5000000000002 2607.5000000000005 151.50000000000003 0.6607116460800172 0.65069034695625316 218.50000000000003 5887.0000000000009 4.6500000000000012 0.62707296013832103 0.60582306981086742 1 0.58959707617759716 2299.5000000000005 256.50000000000006 337.57500000000005 449.12500000000006 132.50000000000003 613.50000000000011 0.55422189831733715
decision_type=2 2 1 2 2 2 2 2 2 2 2 2 2 2 2 2 2 2 2 2 2 1 2 2 2 2 2 2 2 2
left_child=20 2 3 4 6 15 13 -8 -9 10 -7 -12 -13 14 -2 16 -4 -17 -11 -18 21 24 -23 -24 27 -26 -27 -1 29 -28
right_child=1 -3 5 -5 -6 9 7 8 -10 18 11 12 -14 -15 -16 17 19 -19 -20 -21 -22 22 23 -25 25 26 28 -29 -30 -31
leaf_value=0.0077470510708639072 -0.032628267284591138 0.0084187003686789757 0.037075699390136101 -0.037023046427892593 0.02512894689276329 -0.01784708443016313 0.03152062071126413 0.00040779819956877076 -0.029440748275290998 -0.0019130922148557811 0.033053420729148374 -0.013729162691310271 0.027616253748117658 -0.047338162591240227 0.019033806493638752 0.0073498640261701305 0.0044355721189702456 0.039150872251172267 -0.042862566668681761 -0.02914039010099774 -0.028730958785828511 -0.012894749453829216 -0.012512765034754665 0.021527641782204846 0.035179294579771446 -0.047956177550537646 0.0062764739747077254 -0.041203440640786688 -0.0023312617415853754 0.051244397894609287
leaf_weight=1.2961973273195355 0.94469478540122354 51.117021511308849 1.1439861245453378 1.6786711607128371 1.3837164267897595 2.2795343510806543 1.0965986270457504 4.8679709378629923 1.7044772058725355 0.84564449265599229 1.8202654197812078 2.0254352428019051 1.321845158934593 1.1355449338443575 0.79322141408920288 3.0719690341502428 1.1933441660366955 2.8460298758000135 0.91069331858307123 1.3346820585429666 1.4330589994788159 34.985677074175328 1.6060049552470435 2.4286629324778914 2.2063707737252143 0.87635875353589909 2.158032731153074 1.3863820442929862 14.96186667960137 0.83419588766992081
leaf_count=37 28 661 14 34 26 51 20 91 50 23 26 39 12 24 15 45 31 35 18 33 39 1151 41 59 41 35 56 57 447 14
internal_value=2.26896e-10 0.00539056 0.000612859 -0.00468077 -0.00405321 0.00452689 -0.0078834 -0.00177733 -0.00733303 -0.00135522 0.00378401 0.013326 0.00259819 -0.02418 -0.00904861 0.0148923 0.00240034 0.0226433 -0.0231461 -0.013291 -0.00701535 -0.00651933 -0.00854632 0.00797781 0.000294264 0.00270974 -0.00109472 -0.017551 0.00119263 0.018813
internal_weight=147.688 83.5153 32.3983 13.6049 11.9262 18.7934 10.5425 7.66905 6.57245 9.20342 7.44708 5.16755 3.34728 2.87346 1.73792 9.59001 3.67201 5.918 1.75634 2.52803 64.1728 62.7397 39.0203 4.03467 23.7194 21.0368 18.8305 2.68258 17.9541 2.99223
internal_count=3253 1276 615 288 254 327 228 161 141 169 128 77 51 67 43 158 78 80 41 64 1977 1938 1251 100 687 593 552 94 517 70
cat_boundaries=0 1 2
cat_threshold=47520 53261
is_linear=0
shrinkage=0.05


Tree=55
num_leaves=31
num_cat=2
split_feature=0 3 4 0 4 4 4 0 3 2 4 2 0 1 0 0 0 0 0 0 2 2 2 2 2 4 4 2 2 0
split_gain=1.90187 0.703861 0.76358 0.750817 1.29839 0.793587 0.623879 0.841767 0.597411 0.767938 0.981631 0.821862 0.756194 0.560257 0.525078 0.491458 0.707393 0.728022 0.598234 0.490558 0.452051 0.589281 0.419491 0.589176 0.56696 0.553371 0.403468 0.402973 0.38169 0.616271
threshold=0.71582487225532543 0 28801.000000000004 0.54292675852775585 312.50000000000006 199.50000000000003 4440.0000000000009 0.71069464087486278 1 601.72500000000014 5511.0000000000009 802.50000000000011 0.55721843242645275 4.7500000000000009 0.59361654520034801 0.36045655608177191 0.43874455988407141 0.46189379692077642 0.33724573254585272 0.58959707617759716 2692.0000000000005 1505.0000000000002 201.00000000000003 1037.5000000000002 140.87500000000003 6918.0000000000009 999.50000000000011 980.50000000000011 458.25000000000006 0.53550922870635997
decision_type=2 1 2 2 2 2 2 2 1 2 2 2 2 2 2 2 2 2 2 2 2 2 2 2 2 2 2 2 2 2
left_child=1 2 6 -3 5 -5 7 15 9 -6 27 -12 -10 -14 -8 18 -17 26 -1 28 21 -21 24 -24 -15 -25 -18 -11 29 -19
right_child=-2 3 -4 4 8 -7 14 -9 12 10 11 -13 13 22 -16 16 17 19 -20 20 -22 -23 23 25 -26 -27 -28 -29 -30 -31
leaf_value=-0.014694164297119448 0.0078102998848316009 -0.0054712024975931486 -0.052313456745445408 0.01485802703821118 0.033199230873296202 0.057792821192734482 -0.0091672288297207881 -0.056380900727825624 0.024233663940049208 0.035925173219510102 -0.058650393725004669 -0.00046940596895606002 -0.040523521184823448 -0.018417341226440575 0.013446524524102475 -0.03749550114388283 0.051637040154151805 0.012080876301405209 0.047406204994313909 -0.0052577868569067751 0.023267716940152113 -0.039732400032356056 -0.031660368075798383 0.033483608910883596 0.037039826612049673 -0.014204016630438621 -0.0038545529556667174 0.0065590109536466145 -0.02686357628014048 -0.032497829889315002
leaf_weight=0.76711298339069134 50.951141726225615 26.260132079478353 1.0317521430551995 2.9677080893889096 3.2481420729309285 1.6886578584089873 5.2234126906841976 1.0436766780912865 1.3906758977100295 1.8465022314339874 0.91144959814846549 1.8170654093846677 1.7807453684508781 0.85929790046066024 5.047437293920666 2.5217415746301439 0.72010924061760551 1.9108464457094689 0.78433126304298639 12.926456246525047 1.2097388477995981 1.371018886566161 2.9603910692967474 0.86733382195234332 0.99396148417145014 2.0372217912226915 0.60090108774602413 3.1802005781792104 6.9005857687443495 1.3045749897137282
leaf_count=29 661 873 35 54 53 15 169 12 29 28 30 53 56 27 89 93 23 48 14 271 13 33 72 13 20 59 23 59 259 40
internal_value=1.43619e-10 -0.00413778 -0.00797515 0.00044006 0.00645268 0.0304286 -0.00877846 -0.012214 0.0013533 0.00669992 0.00424038 -0.0199045 -0.0053181 -0.0152432 0.00194592 -0.0107279 -0.0121721 -0.00980202 0.0167006 -0.0116682 -0.00608043 -0.00856364 -0.0094105 -0.015963 0.0113261 3.60586e-05 0.026395 0.0173463 -0.0202338 -0.00600579
internal_weight=147.124 96.1732 43.3637 52.8095 26.5494 4.65637 42.3319 32.0611 21.893 11.0034 7.75522 2.72852 10.8896 9.49895 10.2708 31.0174 29.466 26.9442 1.55144 25.6232 15.5072 14.2975 7.71821 5.86495 1.85326 2.90456 1.32101 5.0267 10.116 3.21542
internal_count=3253 2592 1151 1441 568 69 1116 858 499 223 170 83 276 247 258 846 803 710 43 664 317 304 191 144 47 72 46 87 347 88
cat_boundaries=0 1 2
cat_threshold=142130 82953
is_linear=0
shrinkage=0.05


Tree=56
num_leaves=31
num_cat=1
split_feature=0 4 3 0 2 4 2 0 0 0 2 0 2 2 2 4 2 2 2 2 2 0 4 0 0 0 2 2 0 0
split_gain=1.88383 0.328933 0.455046 1.02551 0.536215 0.662997 0.551997 0.47146 0.512903 0.42021 0.329678 0.82636 0.39665 0.35349 0.346299 0.336471 0.645629 0.553568 0.40716 0.50223 0.425462 0.415877 0.395681 0.380561 0.33747 0.783585 0.407616 0.693192 0.328352 0.327352
threshold=0.67888760566711437 13066.500000000002 0 0.56346768140792858 599.10000000000014 5511.0000000000009 368.19000000000005 0.66247907280921947 0.65069034695625316 0.55721843242645275 2274.0000000000005 0.57434237003326427 1987.5000000000002 1864.6550000000002 3570.0000000000005 3562.5000000000005 322.50000000000006 777.94000000000017 925.00000000000011 849.50000000000011 1049.5000000000002 0.46984145045280462 4207.0000000000009 0.54395079612731945 0.36045655608177191 0.33095727860927587 62.500000000000007 101.00000000000001 0.57743811607360851 0.55422189831733715
decision_type=2 2 1 2 2 2 2 2 2 2 2 2 2 2 2 2 2 2 2 2 2 2 2 2 2 2 2 2 2 2
left_child=1 2 7 9 6 -6 -5 8 10 29 12 14 13 15 -12 18 -17 22 19 24 -20 -22 -18 -23 25 -1 -26 -28 -19 -4
right_child=-2 -3 3 4 5 -7 -8 -9 -10 -11 11 -13 -14 -15 -16 16 17 28 20 -21 21 23 -24 -25 26 -27 27 -29 -30 -31
leaf_value=-0.023597639621248324 0.0067585023489075734 -0.014036121549642858 -0.005075899838724863 0.0082956718147684863 0.010158800381309544 -0.02644240677144475 0.037698486243924995 -0.029361940614537632 0.012778912837054866 -0.041703777959461744 -0.038658693400397667 0.031911928782381936 -0.045872739260525326 0.019306487025844782 0.0067651808435331504 -0.0018207788144448313 -0.084387785468732712 -0.030832378487557946 -0.052430382314677039 0.028483547954133649 0.020351160132725411 -0.054213614495506504 -0.037052588480926053 -0.0096476228326940628 0.031637009683839257 0.046035346323028192 -0.059367781002238509 -0.0081547698163197315 0.016393660742243337 0.029914698041294902
leaf_weight=0.72930545080454823 60.329207310453057 8.6454462772235257 23.004236507229514 3.3288590572774392 6.1662886058911681 1.5478293607011435 3.066849572584033 2.5353817846626034 2.9882046058773986 0.76525669358670612 0.93161607580259376 1.5984342982992528 0.77450069691985746 1.0191998751834024 0.76342252548784018 2.6585461907088748 0.60055014956742603 0.85227056592702843 0.89901365246623699 1.0938920783810306 0.70507430844008956 0.70049755834043059 1.6668367232196031 1.5151016525924204 0.59146158676594396 0.90579970460385084 0.69612733460962672 12.99940395914018 0.64782444294542074 0.68842755630612273
leaf_count=30 832 311 729 63 108 49 47 45 42 22 40 19 27 28 23 89 18 33 31 26 26 28 59 44 16 18 24 397 16 13
internal_value=-2.46811e-10 -0.00479205 -0.00374654 0.000758884 0.01169 0.00281481 0.0223948 -0.00675219 -0.00704077 -0.00523704 -0.00887159 0.00612082 -0.010571 -0.00960423 -0.0182004 -0.0106851 -0.0206874 -0.0340007 -0.00760023 -0.00428866 -0.0223527 -0.0130944 -0.04959 -0.0237379 -0.0065402 0.014977 -0.00900278 -0.0107579 -0.0104375 -0.00405919
internal_weight=145.415 85.0857 76.4402 38.5677 14.1098 7.71412 6.39571 37.8725 35.3371 24.4579 32.3489 3.29347 29.0554 28.2809 1.69504 27.2617 6.42603 3.76748 20.8357 17.016 3.81969 2.92067 2.26739 2.2156 15.9221 1.63511 14.287 13.6955 1.5001 23.6927
internal_count=3253 2421 2110 1031 267 157 110 1079 1034 764 992 82 910 883 63 855 215 126 640 511 129 98 77 72 485 48 437 421 49 742
cat_boundaries=0 1
cat_threshold=15154
is_linear=0
shrinkage=0.05


Tree=57
num_leaves=31
num_cat=1
split_feature=0 3 0 4 4 0 0 2 4 0 4 2 0 2 2 0 0 0 0 1 4 2 0 0 0 2 2 0 0 4
split_gain=1.74118 0.378146 1.39295 1.23261 0.671764 0.897464 1.37752 0.538969 0.436637 0.397379 0.501652 0.978522 0.434201 0.337858 0.733468 0.368245 0.518909 0.332419 0.539802 0.315359 0.308303 0.363926 0.300323 0.342604 0.487644 0.339768 0.484441 0.328657 0.561048 0.42318
threshold=0.65069034695625316 0 0.88262635469436657 11874.000000000002 661.50000000000011 0.73181319236755382 0.69441998004913341 1199.5000000000002 47.000000000000007 0.68901157379150402 999.50000000000011 620.50000000000011 0.66247907280921947 485.25000000000006 564.50000000000011 0.85093042254447948 0.83945772051811229 0.85093042254447948 0.78813248872756969 4.7500000000000009 5887.0000000000009 322.50000000000006 0.8165917992591859 0.8016590178012849 0.76528218388557445 2792.0000000000005 749.62500000000011 0.74314492940902721 0.72554281353950512 1629.0000000000002
decision_type=2 1 2 2 2 2 2 2 2 2 2 2 2 2 2 2 2 2 2 2 2 2 2 2 2 2 2 2 2 2
left_child=-1 2 3 7 5 6 -3 9 -7 12 11 -11 -2 20 -15 16 22 18 -13 -12 21 -6 23 24 25 26 -16 28 29 -28
right_child=1 4 -4 -5 13 8 -8 -9 -10 10 19 17 -14 14 15 -17 -18 -19 -20 -21 -22 -23 -24 -25 -26 -27 27 -29 -30 -31
leaf_value=-0.0052931193840457611 0.0059612788980078204 -0.018563156126301751 0.047580416491639348 -0.037375486132581716 -0.0054106103118083835 -0.0045274023088183691 0.049897244450708186 -0.027793011838509851 -0.035089363642825847 0.048212213171304308 -0.011833670486005464 0.014042113842264503 -0.025735269837326949 -0.021286052854176493 0.025613631996559229 0.031670701702655568 -0.019920146075142336 0.025566632850241446 -0.016584871068482079 0.0063764902575712164 0.027736616835245378 0.023143666757164161 0.028863245545612704 -0.013027936468019303 0.029178972000534705 0.029663978026901162 -0.030067487874353621 -0.028871321677274076 0.026106823372517098 0.0030379696387966256
leaf_weight=74.893539304379374 1.9930168762803209 1.3591658137738698 1.4424954373389471 2.3591591864824286 2.0081442855298501 3.0081181321293116 1.5994970723986623 1.5805331394076336 1.911213833838701 1.6923688426613823 4.6416741870343667 3.2440848415717483 2.3596947155892849 1.7834462635219122 1.9194993926212278 2.159231934696435 1.356457782909273 1.7036825241520999 2.5851435149088502 4.873929288238287 6.0180401839315891 2.5113266296684742 2.3375718649476758 1.505442852154373 3.201795218512415 1.4150268360972393 1.4289954919368026 1.0258125122636554 1.7007780522108076 2.9748960947617888
leaf_count=2265 29 27 21 34 30 35 20 18 18 19 74 40 45 26 31 23 17 19 35 68 83 30 33 23 39 15 30 21 24 61
internal_value=-5.04732e-11 0.0056875 -0.000216606 -0.00284718 0.00790159 -0.0033133 0.0184476 0.000454164 -0.0164011 0.00238741 0.00554832 0.0138565 -0.0112221 0.0129206 0.0094998 0.0121112 0.00987257 0.00613799 0.000459673 -0.00250635 0.0203251 0.0104561 0.0121806 0.00961029 0.012104 0.00687982 0.00331736 -0.00268471 0.00171561 -0.00770425
internal_weight=144.594 69.7002 28.4758 27.0333 41.2245 7.87799 2.95866 24.6741 4.91933 23.0936 18.7409 9.22528 4.35271 33.3465 22.809 21.0255 18.8663 7.53291 5.82923 9.5156 10.5375 4.51947 17.5098 15.1722 13.6668 10.465 9.04998 7.13048 6.10467 4.40389
internal_count=3253 988 402 381 586 100 47 347 53 329 255 113 74 486 343 317 294 94 75 142 143 60 277 244 221 182 167 136 115 91
cat_boundaries=0 1
cat_threshold=170336
is_linear=0
shrinkage=0.05


Tree=58
num_leaves=31
num_cat=2
split_feature=0 0 3 2 2 2 2 0 4 0 4 0 2 2 4 4 0 2 4 4 4 2 3 2 2 0 0 2 0 0
split_gain=1.6751 0.354357 0.804794 0.970166 0.571593 0.707734 0.735341 0.521592 0.682409 0.46483 0.900594 0.438619 0.356717 0.649704 0.360894 1.69304 0.49052 0.378118 0.352924 0.327261 0.318434 0.37686 0.309884 0.404977 0.325452 0.511791 0.316397 0.312895 0.54192 0.637911
threshold=0.71262529492378246 0.54292675852775585 0 2394.0000000000005 388.97000000000008 593.30000000000007 890.50000000000011 0.59361654520034801 508.00000000000006 0.55592405796051036 5511.0000000000009 0.56524911522865307 121.62500000000001 183.37500000000003 3562.5000000000005 4207.0000000000009 0.69163042306900036 395.50000000000006 3562.5000000000005 312.50000000000006 5511.0000000000009 1940.1250000000002 1 934.57500000000016 1755.0000000000002 0.50151029229164135 0.44207651913166052 599.10000000000014 0.39229638874530798 0.46189379692077642
decision_type=2 2 1 2 2 2 2 2 2 2 2 2 2 2 2 2 2 2 2 2 2 2 1 2 2 2 2 2 2 2
left_child=1 20 3 4 -3 -6 -7 8 -4 10 -10 -8 18 -14 16 -16 -15 -17 -9 -13 22 -22 23 -1 25 26 -25 -24 -29 -30
right_child=-2 2 7 -5 5 6 11 12 9 -11 -12 19 13 14 15 17 -18 -19 -20 -21 21 -23 27 24 -26 -27 -28 28 29 -31
leaf_value=0.0124554933774797 0.0073579325527019391 -0.0027406592924889735 -0.050834845633258796 -0.034909981511869879 0.0403244890479178 -0.01069692865026693 0.039358675568472112 -0.047493828997072364 -0.019664875933374973 -0.019204119114829585 0.048713763098952742 -0.013629973295610154 0.039745064851883796 0.0048739546988950944 -0.079105907017781932 0.022471621376056128 -0.023228820335320768 -0.0090327316346938153 0.0012392309797483909 0.018037235946340366 -0.0178138813251414 0.02672791877690861 -0.003419955844265095 -0.027146140021660489 0.010025758708842687 -0.062562017106424908 0.010020062319142818 -0.035010120041748492 0.0060120373974907639 -0.021737848433482074
leaf_weight=6.6291490746662003 50.222178223542869 5.0192137993872228 1.2983841076493243 1.2008103039115656 2.6228912416845551 2.7822003280743939 2.0158215668052435 0.86665289569646364 1.1395580647513268 5.2913042325526476 0.83391931001096953 1.0119719710201023 0.9137768959626581 12.607274773530664 0.83763045258819957 1.1402795948088167 1.7708373479545105 5.7808978953398764 0.65026541240513325 4.2099136961624026 9.0129615534096921 0.50129271298647005 9.0675658429972881 1.0752994492650039 1.7512332587502895 0.51349398773163546 1.2249714434146879 2.7898978982120743 3.6856304053217155 4.7273073084652424
leaf_count=170 674 107 45 26 38 68 28 27 37 167 18 24 16 248 19 22 32 148 21 83 357 17 261 45 59 22 39 116 129 190
internal_value=-1.54775e-10 -0.00397464 -0.00123421 0.00560623 0.011535 0.0172025 0.0111499 -0.00523948 -0.0174473 -0.0114801 0.00922943 0.0195479 -0.00311706 -0.00157149 -0.00327697 -0.0119677 0.00141276 -0.00384232 -0.0266032 0.0119003 -0.00745167 -0.015467 -0.00502798 0.00241036 -0.00689676 -0.017429 -0.00735389 -0.00691397 -0.0159136 -0.00958088
internal_weight=143.195 92.9724 51.9936 18.8628 17.662 12.6428 10.0199 33.1308 8.56317 7.26478 1.97348 7.23771 24.5676 23.0507 22.1369 7.75881 14.3781 6.92118 1.51692 5.22189 40.9788 9.51425 31.4645 11.1941 4.565 2.81376 2.30027 20.2704 11.2028 8.41294
internal_count=3253 2579 1174 374 348 241 203 800 267 222 55 135 533 485 469 189 280 170 48 107 1405 374 1031 335 165 106 84 696 435 319
cat_boundaries=0 1 2
cat_threshold=87621 32910
is_linear=0
shrinkage=0.05


Tree=59
num_leaves=31
num_cat=2
split_feature=0 0 3 2 4 0 0 2 4 2 4 2 2 2 2 0 2 2 0 0 0 3 0 1 0 4 2 2 0 1
split_gain=1.48789 0.479833 0.955444 0.769331 0.709683 0.568597 0.595767 0.717478 0.465283 0.420618 0.369206 0.476735 0.585388 0.425724 0.536915 0.600599 0.426863 0.373423 0.323706 0.660647 0.302948 0.292412 0.612021 0.369318 0.603344 0.303762 0.527142 0.362398 0.571827 0.453616
threshold=0.61099040508270275 0.85093042254447948 0 431.14500000000004 28801.000000000004 0.84214964509010326 0.8165917992591859 925.00000000000011 64.000000000000014 1192.6250000000002 1541.5000000000002 298.50000000000006 1042.0000000000002 1237.2500000000002 720.82500000000016 0.71582487225532543 458.25000000000006 140.87500000000003 0.88815596699714672 0.87010300159454357 0.60793712735176098 1 0.58267506957054149 4.3500000000000005 0.4795144647359848 11874.000000000002 564.50000000000011 599.10000000000014 0.41793826222419744 4.5500000000000007
decision_type=2 2 1 2 2 2 2 2 2 2 2 2 2 2 2 2 2 2 2 2 2 1 2 2 2 2 2 2 2 2
left_child=20 2 4 -3 9 6 10 -8 -5 -2 13 17 -13 14 16 -16 -4 -12 19 -10 21 -1 23 24 -23 27 -27 29 -29 -25
right_child=1 3 5 8 -6 -7 7 -9 18 -11 11 12 -14 -15 15 -17 -18 -19 -20 -21 -22 22 -24 25 -26 26 -28 28 -30 -31
leaf_value=-0.00034021013242966757 -0.0014787771227579847 -0.012664711410725457 0.019700078604843754 0.001016602135336382 -0.04150652734616047 -0.022713103356361109 0.00069130541123707111 0.042145872265052231 0.037073200969427143 -0.022224680583934217 0.0059978943990143668 -0.0096913261979933475 0.0079420022415323151 -0.0048781340774051891 0.010031880678782766 0.053653112471627434 -0.007083661816579598 0.041465603697961873 0.044867694266194025 0.0026955327815451589 -0.03545510533908347 -0.0085810537839334112 0.0056157146660785386 0.037870498858679831 -0.063776395457454657 -0.055768471947070575 -0.007146791369415169 -0.037689994514598389 -0.010183811550385231 -0.0060409642026572974
leaf_weight=31.223922979552299 23.971253923140473 2.2560694683343163 4.4763287156820279 2.4851983804255706 1.2941487673670042 1.4081254377961148 1.6576458252966393 2.8184650335460901 2.844968406483531 2.7205020599067202 1.6253816029056936 7.9462475962936905 11.544907860457895 2.324991835281252 1.3483487619087102 1.9024883285164831 2.228030014783144 1.3656559316441415 1.7423817180097101 2.7468195538967848 0.85104447416961093 1.0567318759858668 4.8650830956175914 0.62693416513503208 0.93157928530126799 1.0299457302317017 1.215137220919132 2.4570353277958921 8.1799757014960033 9.5017823935486359
leaf_count=935 395 30 53 25 30 23 22 34 35 40 40 159 197 39 26 23 28 21 20 36 26 42 129 11 36 46 45 112 289 306
internal_value=9.28175e-11 0.00447351 0.00285639 0.0136647 -0.00393899 0.00682508 0.00962448 0.0267939 0.019714 -0.00359326 0.00741368 0.00360537 0.000753162 0.0143858 0.0188848 0.0355603 0.0107992 0.0221918 0.0260497 0.0201861 -0.00582907 -0.00541634 -0.00794821 -0.0137673 -0.0344416 -0.0119809 -0.0294523 -0.0100919 -0.0165374 -0.00332299
internal_weight=142.647 80.708 68.6325 12.0754 27.9859 40.6466 39.2385 4.47611 9.81937 26.6918 34.7624 22.4822 19.4912 12.2802 9.9552 3.25084 6.70436 2.99104 7.33417 5.59179 61.9392 61.0881 29.8642 24.9991 1.98831 23.0108 2.24508 20.7657 10.637 10.1287
internal_count=3253 1276 1130 146 465 665 642 56 116 435 586 417 356 169 130 49 81 61 91 71 1977 1951 1016 887 78 809 91 718 401 317
cat_boundaries=0 1 2
cat_threshold=170288 54287
is_linear=0
shrinkage=0.05


Tree=60
num_leaves=31
num_cat=1
split_feature=0 0 3 4 2 2 1 4 1 0 0 0 2 2 2 2 1 1 0 0 2 2 0 2 4 4 0 2 2 2
split_gain=1.45556 0.404132 0.666082 0.524121 0.483838 0.606897 0.690521 0.403529 0.748481 0.391423 0.370445 0.602222 0.414263 0.823532 0.715496 0.334126 0.591111 0.638577 0.426866 1.09816 0.313801 0.703507 0.611874 0.817603 0.613938 0.638413 0.429322 0.387153 0.488505 0.346966
threshold=0.61099040508270275 0.85093042254447948 0 11874.000000000002 601.72500000000014 765.75000000000011 4.2500000000000009 273.50000000000006 4.6500000000000012 0.89262235164642345 0.83316740393638622 0.82162606716156017 649.50000000000011 401.00000000000006 668.00000000000011 720.82500000000016 4.5500000000000007 3.6500000000000008 0.66247907280921947 0.7448394000530244 398.50000000000006 1042.0000000000002 0.72874280810356151 851.50000000000011 3077.0000000000005 11874.000000000002 0.72276258468627941 101.00000000000001 218.50000000000003 642.50000000000011
decision_type=2 2 1 2 2 2 2 2 2 2 2 2 2 2 2 2 2 2 2 2 2 2 2 2 2 2 2 2 2 2
left_child=-1 2 3 10 9 6 -6 8 -4 -3 11 12 13 -2 -14 -16 17 -17 -18 -20 26 22 23 24 -22 -26 27 -9 -29 -24
right_child=1 4 7 -5 5 -7 -8 20 -10 -11 -12 -13 14 -15 15 16 18 -19 19 -21 21 -23 29 -25 25 -27 -28 28 -30 -31
leaf_value=-0.0057925163186931215 -0.0075339904330763603 -0.012475241071593552 0.001274289794082081 -0.026678967872979908 0.015026450437683067 0.0058486703800000647 0.057171552015536808 -0.025916978062728496 0.036090269374425617 0.018139782094646655 -0.022546538256251698 0.034908359937287185 -0.043114480582902105 0.026726239973610195 0.020187160144689516 -0.020678658703681279 2.1714831538053975e-05 0.017680642488815294 -0.062317064451930637 -0.0060540564400229577 0.027465309447264143 0.009122102799264049 -0.04073404367923894 -0.03209505745346513 -0.039170875394397821 0.014156175401322121 0.023818571430547737 0.035332242156094477 -0.0096617475701364277 -0.01066405668012943
leaf_weight=61.414820556063205 3.9633554648608103 2.6287463475018722 2.9828085498884311 2.3818756202235809 2.1311862366274004 3.6197093538939953 1.7867104010656474 0.98307066410779809 3.1996039990335703 1.7318806424736974 2.0239852704107753 1.1576013583689917 1.2626532204449166 3.1466310704126954 1.3188534881919611 1.5610649511218051 2.2245272248983383 3.5573499239981174 1.4116093926131728 2.2491202652454376 2.7477226648479718 17.258762964047492 1.5983962304890158 1.3680207841098306 0.94282307196408544 1.3867073990404604 4.7398576848208904 1.1285769138485195 1.2960004620254038 2.3993191346526146
leaf_count=1977 73 35 48 54 30 38 22 31 37 21 30 18 14 47 22 20 39 67 30 24 38 278 26 30 27 34 62 19 23 39
internal_value=-2.74407e-10 0.00443637 0.00295475 -0.00312386 0.0129402 0.0206092 0.0342462 0.00605492 0.0192927 -0.00031608 -0.00208239 -0.000187019 -0.00215011 0.00762839 -0.00726782 -0.00359471 -0.00644511 0.00598144 -0.0172525 -0.0277496 0.00546098 0.00292401 -0.00731936 0.00221241 0.0114563 -0.0074267 0.0140868 0.000550322 0.0112818 -0.0226869
internal_weight=141.603 80.1885 68.2903 26.2586 11.8982 7.53761 3.9179 42.0317 6.18241 4.36063 23.8768 21.8528 20.6952 7.10999 13.5852 12.3225 11.0037 5.11841 5.88526 3.66073 35.8493 27.7018 10.443 6.44527 5.07725 2.32953 8.14751 3.40765 2.42458 3.99772
internal_count=3253 1276 1130 438 146 90 52 692 85 56 384 354 336 120 216 202 180 87 93 54 607 472 194 129 99 61 135 73 42 65
cat_boundaries=0 1
cat_threshold=168240
is_linear=0
shrinkage=0.05


Tree=61
num_leaves=31
num_cat=2
split_feature=0 0 4 1 3 4 0 0 0 2 4 2 2 4 4 0 2 2 2 1 2 0 3 0 2 2 4 2 0 4
split_gain=1.50536 0.371554 0.511269 0.784596 0.420381 1.37501 1.18665 0.825355 1.12385 0.500352 0.640434 0.453775 1.20097 0.539501 0.386211 0.429888 0.421032 0.960924 0.462525 0.384492 0.386518 0.373627 0.347525 0.561725 0.434837 0.613026 0.352103 0.399553 0.341683 0.510969
threshold=0.67888760566711437 0.85093042254447948 3383.5000000000005 4.6500000000000012 0 273.50000000000006 0.68642282485961925 0.7448394000530244 0.77832427620887767 173.25000000000003 526.00000000000011 1462.7600000000002 1955.0000000000002 4440.0000000000009 3185.0000000000005 0.75786092877388012 312.50000000000006 431.14500000000004 642.50000000000011 4.4500000000000011 720.82500000000016 0.88699907064437877 1 0.53844299912452709 2274.0000000000005 2425.0000000000005 13066.500000000002 1163.7950000000003 0.5089654028415681 273.50000000000006
decision_type=2 2 2 2 1 2 2 2 2 2 2 2 2 2 2 2 2 2 2 2 2 2 1 2 2 2 2 2 2 2
left_child=22 4 3 -3 7 -6 -7 19 -9 -8 -11 14 -13 -14 15 -12 -16 -18 -19 -2 -21 -4 23 28 -24 -26 -25 -28 -1 -30
right_child=1 2 21 -5 5 6 9 8 -10 10 11 12 13 -15 16 -17 17 18 -20 20 -22 -23 24 26 25 -27 27 -29 29 -31
leaf_value=-0.0029133065386761632 0.000474529871192325 0.020188621265083223 0.038090347580473735 -0.015241039002778574 0.043887732251520761 0.047248063626899858 0.022283289961775837 0.027755895757425 -0.0061130375358293861 -0.026594079881967398 -0.0022586400492906641 0.039610257617635293 -0.025863120241339427 0.010005228625698382 -0.036618565587042566 0.032122500782463613 0.034054800074508472 -0.040225196119372024 -0.0058625985780504531 -0.015750581227255249 -0.047545282771995274 0.011233953715365827 -0.0097438652322874575 0.010273995882481929 0.039411392330153658 -0.0043609823926782452 0.0014693114514790543 -0.046864896205023265 0.019912793067479284 -0.036294291697837558
leaf_weight=19.959110363386575 1.8094610627740646 3.561797868460415 2.8241105061024427 2.7839960772544146 2.5592900570482042 1.6007925514131809 2.9222687650471952 3.5083402041345826 8.114130971953271 2.016353718936446 2.4758295994251998 2.6705793794244519 1.6110610347241161 3.0015314249321818 1.1570166684687118 1.4368327055126426 1.3489413503557441 1.2100204080343244 5.1352099794894457 2.6691876221448183 1.4891624320298431 2.391871421597898 40.390086345374584 13.719599715434013 1.0938339522108425 2.976287976372987 1.6243488974869245 0.58032239507883776 0.52540295012295191 1.7549028247594831
leaf_count=675 26 52 31 34 29 22 46 37 112 20 36 36 31 37 19 22 22 23 92 45 31 29 1216 273 13 82 51 24 14 73
internal_value=-4.96654e-11 0.00615218 0.0141776 0.00464509 0.00416681 0.00661503 0.00551517 -0.00232727 0.00411058 0.0028414 0.000266347 0.002968 0.0129265 -0.00252267 -0.00271444 0.010367 -0.00849709 -0.0042683 -0.0124155 -0.0187649 -0.0271367 0.0257749 -0.00434085 9.89815e-05 -0.00667323 0.00740272 0.00729359 -0.0112534 -0.00500812 -0.0233437
internal_weight=140.922 58.2978 11.5618 6.34579 46.736 29.1457 26.5864 17.5903 11.6225 24.9856 22.0634 20.047 7.28317 4.61259 12.7639 3.91266 8.85119 7.69417 6.34523 5.96781 4.15835 5.21598 82.6239 38.1637 44.4602 4.07012 15.9243 2.20467 22.2394 2.28031
internal_count=3253 832 146 86 686 435 406 251 149 384 338 318 104 68 214 58 156 137 115 102 76 60 2421 1110 1311 95 348 75 762 87
cat_boundaries=0 1 2
cat_threshold=131368 119821
is_linear=0
shrinkage=0.05


Tree=62
num_leaves=31
num_cat=2
split_feature=0 3 0 3 2 2 4 2 1 2 2 0 0 2 4 2 2 2 2 2 0 4 2 0 2 2 0 0 4 4
split_gain=1.47513 0.35183 0.391615 0.445115 0.561109 1.05448 1.29908 0.943826 0.338999 0.372993 0.862535 0.514759 0.58792 0.453163 0.44261 0.60644 0.597238 0.33848 0.833113 0.47949 0.446678 0.330332 0.721288 0.986245 0.536883 0.533396 0.938082 0.610106 0.439852 0.329812
threshold=0.71262529492378246 0 0.54292675852775585 1 388.97000000000008 599.10000000000014 5887.0000000000009 949.50000000000011 3.9500000000000006 1099.5000000000002 949.50000000000011 0.49132573604583746 0.52158114314079296 849.50000000000011 2299.5000000000005 601.72500000000014 440.62500000000006 368.19000000000005 271.00000000000006 149.12500000000003 0.56787371635437023 3562.5000000000005 677.50000000000011 0.65069034695625316 121.62500000000001 620.50000000000011 0.66247907280921947 0.59270328283309948 2299.5000000000005 3562.5000000000005
decision_type=2 1 2 1 2 2 2 2 2 2 2 2 2 2 2 2 2 2 2 2 2 2 2 2 2 2 2 2 2 2
left_child=1 8 -3 17 -5 -6 7 -7 -1 10 11 14 -13 21 15 16 -10 18 19 -4 -19 24 23 -23 -14 -26 27 -27 -29 -22
right_child=-2 2 3 4 5 6 -8 -9 9 -11 -12 12 13 -15 -16 -17 -18 20 -20 -21 29 22 -24 -25 25 26 -28 28 -30 -31
leaf_value=-0.027846725745009529 0.0070714806195819177 -0.0043804359462418221 0.014647968997517621 -0.0048170021764534568 0.047702343567884539 -0.013086769033324478 -0.027314621103509754 0.036224942888741223 -0.01620266951308284 0.0011691816512778366 -0.05148235161167837 0.021450923149261832 -0.037245574002043057 0.019908634826094895 -0.045936262567756479 -0.035340662903608468 0.042528021506030619 -0.037748969024032769 0.045519159952733722 -0.032537513218565038 0.00050914565088524058 -0.027993794528835166 -0.05595705630169634 0.013233733286843541 0.014558033417936751 -0.02637835535263083 -0.044020870703409924 0.0011969741087900635 0.043408764536256562 -0.021788901221429267
leaf_weight=2.1139974920079103 48.260919447056949 28.144082206301391 1.07135384529829 2.9278335450217154 2.5435160882770997 1.3274975474923847 1.7374761272221801 3.6068387790583074 1.1093455096706812 9.6617671642452461 1.213327377103268 1.92307919636369 1.087426028214401 1.3879958149045695 1.4628313221037386 1.6211005616933105 0.70985923800617445 1.2721846755594004 1.0350305214524267 1.0822912352159617 5.7852863417938334 3.5963962371461085 1.0674203438684342 2.4312577759847045 3.701987097039817 1.242568953894079 1.479214012622833 1.7698446530848744 0.94753175415098656 2.3247060673311353
leaf_count=70 674 950 25 55 35 25 59 52 37 261 43 64 34 30 67 70 16 41 16 25 114 129 31 45 83 53 26 42 15 66
internal_value=1.00973e-10 -0.00373449 -0.00029221 0.00424519 0.00781526 0.0203094 0.00986634 0.0229585 -0.00665421 -0.00725128 -0.0102925 -0.00833554 -0.00487521 -0.00758087 -0.0228982 -0.0131024 0.00671423 -0.0030189 0.00865306 -0.00906459 -0.0102035 -0.00978337 -0.0180734 -0.0113646 -0.00403299 -8.2038e-05 -0.0100463 0.00264466 0.015916 -0.00588253
internal_weight=139.646 91.385 52.8581 24.714 12.1432 9.21533 6.67181 4.93434 38.527 36.413 26.7512 25.5379 20.6347 18.7116 4.90314 3.44031 1.8192 12.5709 3.18868 2.15365 9.38218 17.3236 7.09507 6.02765 10.2286 9.14115 5.43916 3.95995 2.71738 8.10999
internal_count=3253 2579 1463 513 226 171 136 77 1116 1046 785 742 552 488 190 123 53 287 66 50 221 458 205 174 253 219 136 110 57 180
cat_boundaries=0 1 2
cat_threshold=142256 36874
is_linear=0
shrinkage=0.05


Tree=63
num_leaves=31
num_cat=2
split_feature=0 0 0 2 4 0 2 2 0 4 0 0 2 0 4 4 2 0 0 3 2 2 0 1 2 2 4 0 4 3
split_gain=1.52032 0.340144 0.54149 0.414648 0.55715 0.416006 0.420667 0.361094 0.313562 0.302663 0.291917 0.316792 0.405588 0.521831 0.618049 0.262148 0.376635 0.661074 0.394231 0.778556 0.588248 0.814633 0.495793 0.485804 0.484977 0.62002 0.472542 0.441201 0.566968 0.398793
threshold=0.67888760566711437 0.8165917992591859 0.82580557465553295 368.19000000000005 3258.5000000000005 0.68642282485961925 499.10000000000008 322.50000000000006 0.89262235164642345 4440.0000000000009 0.87817460298538219 0.85093042254447948 564.50000000000011 0.84214964509010326 3383.5000000000005 28801.000000000004 110.87500000000001 0.6288963556289674 0.56346768140792858 0 1099.5000000000002 1416.5850000000003 0.6092413365840913 3.9500000000000006 649.50000000000011 749.62500000000011 4207.0000000000009 0.55721843242645275 3258.5000000000005 1
decision_type=2 2 2 2 2 2 2 2 2 2 2 2 2 2 2 2 2 2 2 1 2 2 2 2 2 2 2 2 2 1
left_child=15 3 -3 4 -2 -5 -7 -4 10 -6 11 12 -9 14 -14 16 17 -1 27 20 22 -22 -20 -21 26 -26 -24 29 -29 -18
right_child=1 2 7 5 9 6 -8 8 -10 -11 -12 -13 13 -15 -16 -17 18 -19 19 23 21 -23 24 -25 25 -27 -28 28 -30 -31
leaf_value=-0.0085291237439844413 0.027888555742921275 0.0379150173225343 -0.012004770249490529 0.023752732019959047 -0.019779616124328853 -0.019884063819473469 0.0011426904765389242 0.031928306716785503 0.031389702293363256 0.010019934509332752 -0.0040334319489575996 0.021549204633900976 -0.0093850295968523553 -0.024579070709023633 0.033201144012775533 -0.016688957036660793 0.001175925965801925 -0.061243493217214555 -0.034602917930156761 -0.019230698125934569 0.040917143850400524 -0.013571301776685986 -0.011058029030177788 0.011006815843751417 -0.051260817147727372 -0.0027091283029689207 0.030713353682372463 -0.0037381691927009086 -0.068919088147792379 -0.0082804321393979748
leaf_weight=2.8650714964605863 3.6455208845436564 1.7674346417188669 1.8505704160779739 1.8254828825593019 1.2294336091727016 2.63594154827297 24.371051491238177 1.1391489431262032 1.735807368531822 2.7761150430887938 3.3616904057562342 5.4018624108284712 1.8810973754152658 1.6114210933446882 1.557286813855171 4.0985336657613507 20.833054632414136 0.75055035855621088 3.128222953528164 1.4286890188232124 1.1125365989282721 1.7889616396278141 1.8306603468954565 18.91181995626539 1.225225309841335 1.4192641219124196 1.0744156036525963 0.71021164674311765 0.62918695528060198 19.965644181706008
leaf_count=99 46 24 25 31 19 38 369 18 23 47 45 65 30 30 22 150 646 24 100 36 21 35 34 396 20 26 20 22 23 769
internal_value=2.96474e-11 0.00628467 0.0114715 0.00339777 0.0137454 0.000651888 -0.000909567 0.00895043 0.0112742 0.00087348 0.00893898 0.0127014 0.00497878 -0.00110057 0.00990278 -0.00436464 -0.00371434 -0.0194719 -0.00294503 0.00124644 -0.00652932 0.00732149 -0.0186846 0.00595521 -0.00971168 -0.0252037 0.00439073 -0.00612009 -0.0343571 -0.00519308
internal_weight=138.562 56.7899 20.3063 36.4835 7.65107 28.8325 27.007 18.5389 16.6883 4.00555 14.9525 11.5908 6.18895 5.04981 3.43838 81.772 77.6735 3.61562 74.0579 31.9198 11.5793 2.9015 8.67779 20.3405 5.54957 2.64449 2.90508 42.1381 1.3394 40.7987
internal_count=3253 832 282 550 112 438 407 258 233 66 210 165 100 82 52 2421 2271 123 2148 688 256 56 200 432 100 46 54 1460 45 1415
cat_boundaries=0 1 2
cat_threshold=12566 38031
is_linear=0
shrinkage=0.05


Tree=64
num_leaves=31
num_cat=2
split_feature=0 4 1 0 3 1 0 0 0 0 2 2 0 4 0 3 4 2 2 0 1 1 0 0 4 4 2 2 1 2
split_gain=1.39028 0.369503 0.493722 0.5201 0.454933 0.683884 0.549023 0.546786 0.808266 0.4638 0.561089 0.638043 0.347387 0.314019 0.29017 0.529376 0.628135 0.414 0.771287 0.6031 0.515981 0.460725 0.431646 0.764439 0.493344 0.562724 0.563176 0.546277 0.44383 0.441735
threshold=0.71262529492378246 273.50000000000006 3.5500000000000003 0.78813248872756969 0 4.1500000000000012 0.84214964509010326 0.85878601670265209 0.88262635469436657 0.84214964509010326 1562.5000000000002 1955.0000000000002 0.81078064441680919 2688.5000000000005 0.49440176784992224 1 17159.500000000004 322.50000000000006 140.87500000000003 0.53550922870635997 4.6500000000000012 4.7500000000000009 0.56787371635437023 0.55721843242645275 5263.0000000000009 4207.0000000000009 1180.5200000000002 2599.5000000000005 4.5500000000000007 1049.5000000000002
decision_type=2 2 2 2 1 2 2 2 2 2 2 2 2 2 2 1 2 2 2 2 2 2 2 2 2 2 2 2 2 2
left_child=14 2 -2 -4 5 -3 12 9 -9 10 -6 -12 13 -7 -1 16 -16 18 20 -20 -17 -21 23 -19 25 26 29 -28 -26 -24
right_child=1 4 3 -5 7 6 -8 8 -10 -11 11 -13 -14 -15 15 17 -18 22 19 21 -22 -23 24 -25 28 -27 27 -29 -30 -31
leaf_value=-0.0077130525337933704 -0.0044608750664661004 0.023816915917220155 0.039014657086634631 0.012121072813251003 0.0030910383751210258 -0.034868899280233984 0.0044844031991469833 0.047886272624517952 0.0060236101653365123 -0.018836337506146869 0.046733382697907541 0.0096946296766141828 -0.050334485945794163 -0.0044381975968655774 0.015609799473092299 0.01350026943440092 -0.018316270367211483 -0.010058519022405121 0.047343158913466521 -0.015673992496357342 -0.023350245053905889 0.018467500906314435 -3.766654757986225e-06 -0.049178580493109303 0.020961589464304067 0.023499748273486203 -0.028685557527996498 0.0084150535931390158 -0.018536708222910574 0.035684843605006018
leaf_weight=29.757965953089297 2.4611366167664519 1.2681873850524423 2.7018224298953992 5.3725909218192101 17.563005797564994 1.5485068000853064 2.1666073109954596 2.0271904710680237 2.6738946950063109 1.8179403226822604 1.7146192993968714 3.612340897321701 1.1159342080354688 1.8733609057962892 9.5020461729727668 1.3996104071848074 1.5930958427488793 8.2061237655580026 1.2325319712981579 1.4248419636860488 2.9565042285248637 3.2239851015619934 12.987997250631459 1.4729164987802494 0.79144255537539621 2.304854583926498 3.3169590886682263 1.4156298404559491 7.0160137279890478 0.92906938120722848
leaf_count=1067 30 23 34 69 253 23 28 23 33 29 22 51 22 34 194 36 55 296 18 34 100 69 269 53 24 36 84 22 205 17
internal_value=-1.45468e-11 0.00687375 0.0151443 0.0211201 0.0045428 -0.00437103 -0.0162226 0.00630252 0.0240755 0.00547172 0.00740229 0.0216165 -0.0261093 -0.0182091 -0.00367882 -0.0016704 0.005648 -0.00373205 0.00443644 0.0162476 -0.0115103 0.00800331 -0.00687831 -0.0160116 -0.00380474 0.00019242 -0.00268806 -0.0175879 -0.0145328 0.00237872
internal_weight=137.449 47.9171 10.5355 8.07441 37.3816 7.9726 6.70441 29.409 4.70109 24.7079 22.89 5.32696 4.5378 3.42187 89.5316 59.7736 11.0951 48.6785 10.2375 5.88136 4.35611 4.64883 38.441 9.67904 28.762 20.9545 18.6497 4.73259 7.80746 13.9171
internal_count=3253 674 133 103 541 130 107 411 56 355 326 73 79 57 2579 1512 249 1263 257 121 136 103 1006 349 657 428 392 106 229 286
cat_boundaries=0 1 2
cat_threshold=131168 82949
is_linear=0
shrinkage=0.05


Tree=65
num_leaves=31
num_cat=1
split_feature=0 0 0 4 4 0 2 2 2 1 2 0 4 4 0 0 2 4 0 0 3 2 0 0 0 0 4 4 4 4
split_gain=1.266 0.260477 0.431344 0.580873 0.4938 0.330267 0.334073 0.289075 0.433279 0.429219 0.491817 0.362291 0.448196 0.492113 0.525381 0.373767 0.324217 0.264482 0.251212 0.250766 0.436868 0.547159 0.545581 0.53145 0.43419 0.6502 0.376472 0.498337 0.458255 0.469256
threshold=0.71262529492378246 0.61099040508270275 0.62320309877395641 661.50000000000011 4440.0000000000009 0.63037392497062694 1196.5000000000002 1199.5000000000002 1054.1250000000002 4.7500000000000009 1945.1250000000002 0.70180112123489391 999.50000000000011 1541.5000000000002 0.65069034695625316 0.66247907280921947 549.50000000000011 312.50000000000006 0.60793712735176098 0.8165917992591859 0 660.37500000000011 0.76528218388557445 0.72554281353950512 0.74883013963699352 0.76195248961448681 3383.5000000000005 312.50000000000006 64.000000000000014 11.500000000000002
decision_type=2 2 2 2 2 2 2 2 2 2 2 2 2 2 2 2 2 2 2 2 1 2 2 2 2 2 2 2 2 2
left_child=1 18 3 -3 -5 6 -4 8 11 -9 -11 12 17 -14 16 -16 -15 -7 -1 20 21 22 -2 -22 -25 -26 27 28 29 -21
right_child=19 2 5 4 -6 7 -8 9 -10 10 -12 -13 13 14 15 -17 -18 -19 -20 26 23 -23 -24 24 25 -27 -28 -29 -30 -31
leaf_value=-0.0050108286619070432 -0.049327481016915899 0.036135758791315378 -0.044708163086734337 -0.027661396546666557 0.017307105618903335 -0.0031252325657268199 0.0051140300082044808 -0.040358366557270223 0.031053595266349918 -0.023973333557542498 0.011179079111970844 -0.020445282838863144 0.030715194827796877 -0.041291371418921835 0.025883603266410943 0.00087878516536031136 -0.0033559400754344182 -0.030756448394912969 -0.033433114571122989 0.022385066918868865 0.031110392788312864 -0.0006687985899029125 -0.0048869100083529194 -0.0071063019501176276 0.039997001172007732 0.0064321458510876259 0.018182122783648308 -0.0068790142341501829 0.034640168763021083 -0.014828996766310748
leaf_weight=59.367045767139643 1.3805806189775451 1.8499569417908812 0.87622463284060603 1.0177476508542898 1.5255958726629613 3.0357916513457992 0.54619424976408482 1.0164240682497609 1.2140560830011953 1.7530744560062883 2.301097271963954 1.8990733306854952 1.9766181614249934 0.85133857512846445 2.4908258505165577 3.7362170051783323 1.6642939867451785 1.211705384775996 0.78774728393182059 1.7167182993143817 2.5169905535876813 6.7298946743831038 1.3819046746939418 4.3273363988846532 1.7024273648858059 9.4622883759438974 9.3699560547247511 5.0564223527908325 1.9112357301637528 1.6722752097994087
leaf_count=1951 26 26 38 26 40 56 14 28 23 46 36 38 29 29 39 73 33 28 26 21 37 107 20 67 23 112 130 80 31 20
internal_value=3.63e-12 -0.00350728 0.000388141 0.0148182 -0.000687549 -0.00219176 -0.025577 -0.000754921 0.00220395 -0.0113052 -0.00402126 0.000127268 0.00273763 0.0081842 0.00309021 0.0108807 -0.016194 -0.0110077 -0.00538303 0.00661836 0.00353266 -0.00407107 -0.0270965 0.00630182 0.00633896 0.0115502 0.0109202 0.00435015 0.0150628 0.00402205
internal_weight=136.349 89.121 28.9662 4.3933 2.54334 24.5729 1.42242 23.1505 18.0799 5.0706 4.05417 16.8659 14.9668 10.7193 8.74268 6.22704 2.51563 4.2475 60.1548 47.228 27.5014 9.49238 2.76249 18.009 15.4921 11.1647 19.7266 10.3567 5.30023 3.38899
internal_count=3253 2579 602 92 66 510 52 458 348 110 82 325 287 203 174 112 62 84 1977 674 392 153 46 239 202 135 282 152 72 41
cat_boundaries=0 1
cat_threshold=131248
is_linear=0
shrinkage=0.05


end of trees

feature_importances:
pref_similarity=754
price=649
review_count=370
rating=130
cluster_id=77

parameters:
[boosting: gbdt]
[objective: lambdarank]
[metric: ndcg]
[tree_learner: serial]
[device_type: cpu]
[data_sample_strategy: bagging]
[data: ]
[valid: ]
[num_iterations: 200]
[learning_rate: 0.05]
[num_leaves: 31]
[num_threads: 0]
[seed: 0]
[deterministic: 0]
[force_col_wise: 0]
[force_row_wise: 0]
[histogram_pool_size: -1]
[max_depth: -1]
[min_data_in_leaf: 20]
[min_sum_hessian_in_leaf: 0.001]
[bagging_fraction: 1]
[pos_bagging_fraction: 1]
[neg_bagging_fraction: 1]
[bagging_freq: 0]
[bagging_seed: 3]
[bagging_by_query: 0]
[feature_fraction: 1]
[feature_fraction_bynode: 1]
[feature_fraction_seed: 2]
[extra_trees: 0]
[extra_seed: 6]
[early_stopping_round: 0]
[early_stopping_min_delta: 0]
[first_metric_only: 0]
[max_delta_step: 0]
[lambda_l1: 0]
[lambda_l2: 0]
[linear_lambda: 0]
[min_gain_to_split: 0]
[drop_rate: 0.1]
[max_drop: 50]
[skip_drop: 0.5]
[xgboost_dart_mode: 0]
[uniform_drop: 0]
[drop_seed: 4]
[top_rate: 0.2]
[other_rate: 0.1]
[min_data_per_group: 100]
[max_cat_threshold: 32]
[cat_l2: 10]
[cat_smooth: 10]
[max_cat_to_onehot: 4]
[top_k: 20]
[monotone_constraints: ]
[monotone_constraints_method: basic]
[monotone_penalty: 0]
[feature_contri: ]
[forcedsplits_filename: ]
[refit_decay_rate: 0.9]
[cegb_tradeoff: 1]
[cegb_penalty_split: 0]
[cegb_penalty_feature_lazy: ]
[cegb_penalty_feature_coupled: ]
[path_smooth: 0]
[interaction_constraints: ]
[verbosity: -1]
[saved_feature_importance_type: 0]
[use_quantized_grad: 0]
[num_grad_quant_bins: 4]
[quant_train_renew_leaf: 0]
[stochastic_rounding: 1]
[linear_tree: 0]
[max_bin: 255]
[max_bin_by_feature: ]
[min_data_in_bin: 3]
[bin_construct_sample_cnt: 200000]
[data_random_seed: 1]
[is_enable_sparse: 1]
[enable_bundle: 1]
[use_missing: 1]
[zero_as_missing: 0]
[feature_pre_filter: 1]
[pre_partition: 0]
[two_round: 0]
[header: 0]
[label_column: ]
[weight_column: ]
[group_column: ]
[ignore_column: ]
[categorical_feature: 3]
[forcedbins_filename: ]
[precise_float_parser: 0]
[parser_config_file: ]
[objective_seed: 5]
[num_class: 1]
[is_unbalance: 0]
[scale_pos_weight: 1]
[sigmoid: 1]
[boost_from_average: 1]
[reg_sqrt: 0]
[alpha: 0.9]
[fair_c: 1]
[poisson_max_delta_step: 0.7]
[tweedie_variance_power: 1.5]
[lambdarank_truncation_level: 30]
[lambdarank_norm: 1]
[label_gain: ]
[lambdarank_position_bias_regularization: 0]
[eval_at: 5,10]
[multi_error_top_k: 1]
[auc_mu_weights: ]
[num_machines: 1]
[local_listen_port: 12400]
[time_out: 120]
[machine_list_filename: ]
[machines: ]
[gpu_platform_id: -1]
[gpu_device_id: -1]
[gpu_device_id_list: ]
[gpu_use_dp: 0]
[num_gpu: 1]

end of parameters

pandas_categorical:[]
